X;Result
-10,00000000;1,83816390
-9,99900000;1,84100430
-9,99800000;1,84385533
-9,99700000;1,84671706
-9,99600000;1,84958953
-9,99500000;1,85247281
-9,99400000;1,85536696
-9,99300000;1,85827202
-9,99200000;1,86118806
-9,99100000;1,86411513
-9,99000000;1,86705329
-9,98900000;1,87000260
-9,98800000;1,87296312
-9,98700000;1,87593491
-9,98600000;1,87891803
-9,98500000;1,88191253
-9,98400000;1,88491848
-9,98300000;1,88793594
-9,98200000;1,89096497
-9,98100000;1,89400563
-9,98000000;1,89705799
-9,97900000;1,90012211
-9,97800000;1,90319804
-9,97700000;1,90628767
-9,97600000;1,90938743
-9,97500000;1,91249921
-9,97400000;1,91562307
-9,97300000;1,91875906
-9,97200000;1,92190727
-9,97100000;1,92506776
-9,97000000;1,92824059
-9,96900000;1,93142582
-9,96800000;1,93462354
-9,96700000;1,93783381
-9,96600000;1,94105669
-9,96500000;1,94429225
-9,96400000;1,94754057
-9,96300000;1,95080172
-9,96200000;1,95407577
-9,96100000;1,95736278
-9,96000000;1,96066283
-9,95900000;1,96397600
-9,95800000;1,96730236
-9,95700000;1,97064198
-9,95600000;1,97399493
-9,95500000;1,97736129
-9,95400000;1,98074113
-9,95300000;1,98413454
-9,95200000;1,98754159
-9,95100000;1,99096235
-9,95000000;1,99439691
-9,94900000;1,99784533
-9,94800000;2,00130771
-9,94700000;2,00478412
-9,94600000;2,00827463
-9,94500000;2,01177934
-9,94400000;2,01529832
-9,94300000;2,01883166
-9,94200000;2,02237943
-9,94100000;2,02594173
-9,94000000;2,02951863
-9,93900000;2,03311022
-9,93800000;2,03671658
-9,93700000;2,04033780
-9,93600000;2,04397397
-9,93500000;2,04762518
-9,93400000;2,05129151
-9,93300000;2,05497305
-9,93200000;2,05866989
-9,93100000;2,06238213
-9,93000000;2,06610984
-9,92900000;2,06985313
-9,92800000;2,07361208
-9,92700000;2,07738680
-9,92600000;2,08117736
-9,92500000;2,08498388
-9,92400000;2,08880643
-9,92300000;2,09264513
-9,92200000;2,09650006
-9,92100000;2,10037132
-9,92000000;2,10425901
-9,91900000;2,10816324
-9,91800000;2,11208409
-9,91700000;2,11602168
-9,91600000;2,11997610
-9,91500000;2,12394746
-9,91400000;2,12793586
-9,91300000;2,13194139
-9,91200000;2,13596418
-9,91100000;2,14000432
-9,91000000;2,14406192
-9,90900000;2,14813709
-9,90800000;2,15222994
-9,90700000;2,15634057
-9,90600000;2,16046910
-9,90500000;2,16461564
-9,90400000;2,16878030
-9,90300000;2,17296319
-9,90200000;2,17716443
-9,90100000;2,18138414
-9,90000000;2,18562242
-9,89900000;2,18987940
-9,89800000;2,19415519
-9,89700000;2,19844991
-9,89600000;2,20276368
-9,89500000;2,20709663
-9,89400000;2,21144888
-9,89300000;2,21582054
-9,89200000;2,22021175
-9,89100000;2,22462263
-9,89000000;2,22905329
-9,88900000;2,23350389
-9,88800000;2,23797453
-9,88700000;2,24246535
-9,88600000;2,24697648
-9,88500000;2,25150806
-9,88400000;2,25606021
-9,88300000;2,26063307
-9,88200000;2,26522678
-9,88100000;2,26984146
-9,88000000;2,27447727
-9,87900000;2,27913434
-9,87800000;2,28381280
-9,87700000;2,28851281
-9,87600000;2,29323449
-9,87500000;2,29797801
-9,87400000;2,30274349
-9,87300000;2,30753110
-9,87200000;2,31234097
-9,87100000;2,31717325
-9,87000000;2,32202811
-9,86900000;2,32690568
-9,86800000;2,33180612
-9,86700000;2,33672959
-9,86600000;2,34167624
-9,86500000;2,34664622
-9,86400000;2,35163971
-9,86300000;2,35665686
-9,86200000;2,36169782
-9,86100000;2,36676277
-9,86000000;2,37185187
-9,85900000;2,37696528
-9,85800000;2,38210318
-9,85700000;2,38726572
-9,85600000;2,39245310
-9,85500000;2,39766546
-9,85400000;2,40290300
-9,85300000;2,40816588
-9,85200000;2,41345428
-9,85100000;2,41876839
-9,85000000;2,42410838
-9,84900000;2,42947444
-9,84800000;2,43486674
-9,84700000;2,44028548
-9,84600000;2,44573085
-9,84500000;2,45120303
-9,84400000;2,45670221
-9,84300000;2,46222859
-9,84200000;2,46778236
-9,84100000;2,47336373
-9,84000000;2,47897288
-9,83900000;2,48461002
-9,83800000;2,49027535
-9,83700000;2,49596908
-9,83600000;2,50169141
-9,83500000;2,50744256
-9,83400000;2,51322272
-9,83300000;2,51903213
-9,83200000;2,52487098
-9,83100000;2,53073950
-9,83000000;2,53663790
-9,82900000;2,54256642
-9,82800000;2,54852526
-9,82700000;2,55451466
-9,82600000;2,56053485
-9,82500000;2,56658605
-9,82400000;2,57266850
-9,82300000;2,57878243
-9,82200000;2,58492809
-9,82100000;2,59110570
-9,82000000;2,59731551
-9,81900000;2,60355777
-9,81800000;2,60983272
-9,81700000;2,61614061
-9,81600000;2,62248170
-9,81500000;2,62885624
-9,81400000;2,63526449
-9,81300000;2,64170670
-9,81200000;2,64818314
-9,81100000;2,65469408
-9,81000000;2,66123978
-9,80900000;2,66782051
-9,80800000;2,67443655
-9,80700000;2,68108818
-9,80600000;2,68777567
-9,80500000;2,69449930
-9,80400000;2,70125937
-9,80300000;2,70805615
-9,80200000;2,71488995
-9,80100000;2,72176106
-9,80000000;2,72866976
-9,79900000;2,73561638
-9,79800000;2,74260120
-9,79700000;2,74962454
-9,79600000;2,75668670
-9,79500000;2,76378801
-9,79400000;2,77092878
-9,79300000;2,77810932
-9,79200000;2,78532997
-9,79100000;2,79259106
-9,79000000;2,79989291
-9,78900000;2,80723585
-9,78800000;2,81462024
-9,78700000;2,82204640
-9,78600000;2,82951470
-9,78500000;2,83702547
-9,78400000;2,84457907
-9,78300000;2,85217587
-9,78200000;2,85981621
-9,78100000;2,86750048
-9,78000000;2,87522903
-9,77900000;2,88300225
-9,77800000;2,89082051
-9,77700000;2,89868420
-9,77600000;2,90659370
-9,77500000;2,91454940
-9,77400000;2,92255171
-9,77300000;2,93060102
-9,77200000;2,93869773
-9,77100000;2,94684227
-9,77000000;2,95503504
-9,76900000;2,96327646
-9,76800000;2,97156696
-9,76700000;2,97990697
-9,76600000;2,98829692
-9,76500000;2,99673726
-9,76400000;3,00522842
-9,76300000;3,01377086
-9,76200000;3,02236503
-9,76100000;3,03101140
-9,76000000;3,03971043
-9,75900000;3,04846259
-9,75800000;3,05726837
-9,75700000;3,06612824
-9,75600000;3,07504269
-9,75500000;3,08401223
-9,75400000;3,09303734
-9,75300000;3,10211855
-9,75200000;3,11125635
-9,75100000;3,12045128
-9,75000000;3,12970386
-9,74900000;3,13901462
-9,74800000;3,14838410
-9,74700000;3,15781285
-9,74600000;3,16730142
-9,74500000;3,17685037
-9,74400000;3,18646027
-9,74300000;3,19613169
-9,74200000;3,20586522
-9,74100000;3,21566143
-9,74000000;3,22552094
-9,73900000;3,23544433
-9,73800000;3,24543223
-9,73700000;3,25548525
-9,73600000;3,26560402
-9,73500000;3,27578917
-9,73400000;3,28604136
-9,73300000;3,29636122
-9,73200000;3,30674943
-9,73100000;3,31720664
-9,73000000;3,32773354
-9,72900000;3,33833082
-9,72800000;3,34899916
-9,72700000;3,35973929
-9,72600000;3,37055190
-9,72500000;3,38143772
-9,72400000;3,39239749
-9,72300000;3,40343195
-9,72200000;3,41454186
-9,72100000;3,42572797
-9,72000000;3,43699106
-9,71900000;3,44833192
-9,71800000;3,45975134
-9,71700000;3,47125013
-9,71600000;3,48282910
-9,71500000;3,49448908
-9,71400000;3,50623091
-9,71300000;3,51805545
-9,71200000;3,52996356
-9,71100000;3,54195610
-9,71000000;3,55403398
-9,70900000;3,56619809
-9,70800000;3,57844934
-9,70700000;3,59078865
-9,70600000;3,60321698
-9,70500000;3,61573527
-9,70400000;3,62834448
-9,70300000;3,64104560
-9,70200000;3,65383962
-9,70100000;3,66672755
-9,70000000;3,67971041
-9,69900000;3,69278924
-9,69800000;3,70596509
-9,69700000;3,71923904
-9,69600000;3,73261216
-9,69500000;3,74608556
-9,69400000;3,75966035
-9,69300000;3,77333767
-9,69200000;3,78711867
-9,69100000;3,80100451
-9,69000000;3,81499639
-9,68900000;3,82909550
-9,68800000;3,84330307
-9,68700000;3,85762033
-9,68600000;3,87204855
-9,68500000;3,88658901
-9,68400000;3,90124300
-9,68300000;3,91601184
-9,68200000;3,93089687
-9,68100000;3,94589945
-9,68000000;3,96102097
-9,67900000;3,97626282
-9,67800000;3,99162643
-9,67700000;4,00711325
-9,67600000;4,02272474
-9,67500000;4,03846241
-9,67400000;4,05432778
-9,67300000;4,07032237
-9,67200000;4,08644777
-9,67100000;4,10270556
-9,67000000;4,11909737
-9,66900000;4,13562484
-9,66800000;4,15228964
-9,66700000;4,16909347
-9,66600000;4,18603807
-9,66500000;4,20312519
-9,66400000;4,22035661
-9,66300000;4,23773415
-9,66200000;4,25525967
-9,66100000;4,27293503
-9,66000000;4,29076216
-9,65900000;4,30874299
-9,65800000;4,32687949
-9,65700000;4,34517369
-9,65600000;4,36362763
-9,65500000;4,38224338
-9,65400000;4,40102307
-9,65300000;4,41996884
-9,65200000;4,43908290
-9,65100000;4,45836747
-9,65000000;4,47782482
-9,64900000;4,49745727
-9,64800000;4,51726716
-9,64700000;4,53725690
-9,64600000;4,55742891
-9,64500000;4,57778569
-9,64400000;4,59832976
-9,64300000;4,61906370
-9,64200000;4,63999012
-9,64100000;4,66111171
-9,64000000;4,68243116
-9,63900000;4,70395127
-9,63800000;4,72567485
-9,63700000;4,74760477
-9,63600000;4,76974397
-9,63500000;4,79209543
-9,63400000;4,81466220
-9,63300000;4,83744738
-9,63200000;4,86045412
-9,63100000;4,88368566
-9,63000000;4,90714527
-9,62900000;4,93083631
-9,62800000;4,95476219
-9,62700000;4,97892640
-9,62600000;5,00333249
-9,62500000;5,02798408
-9,62400000;5,05288487
-9,62300000;5,07803863
-9,62200000;5,10344921
-9,62100000;5,12912053
-9,62000000;5,15505660
-9,61900000;5,18126151
-9,61800000;5,20773944
-9,61700000;5,23449463
-9,61600000;5,26153145
-9,61500000;5,28885434
-9,61400000;5,31646782
-9,61300000;5,34437653
-9,61200000;5,37258520
-9,61100000;5,40109866
-9,61000000;5,42992185
-9,60900000;5,45905982
-9,60800000;5,48851770
-9,60700000;5,51830078
-9,60600000;5,54841443
-9,60500000;5,57886416
-9,60400000;5,60965559
-9,60300000;5,64079448
-9,60200000;5,67228669
-9,60100000;5,70413826
-9,60000000;5,73635532
-9,59900000;5,76894419
-9,59800000;5,80191128
-9,59700000;5,83526319
-9,59600000;5,86900667
-9,59500000;5,90314861
-9,59400000;5,93769607
-9,59300000;5,97265630
-9,59200000;6,00803668
-9,59100000;6,04384482
-9,59000000;6,08008846
-9,58900000;6,11677557
-9,58800000;6,15391430
-9,58700000;6,19151299
-9,58600000;6,22958022
-9,58500000;6,26812474
-9,58400000;6,30715556
-9,58300000;6,34668188
-9,58200000;6,38671318
-9,58100000;6,42725913
-9,58000000;6,46832970
-9,57900000;6,50993508
-9,57800000;6,55208575
-9,57700000;6,59479245
-9,57600000;6,63806620
-9,57500000;6,68191835
-9,57400000;6,72636051
-9,57300000;6,77140462
-9,57200000;6,81706295
-9,57100000;6,86334810
-9,57000000;6,91027303
-9,56900000;6,95785103
-9,56800000;7,00609578
-9,56700000;7,05502136
-9,56600000;7,10464222
-9,56500000;7,15497324
-9,56400000;7,20602971
-9,56300000;7,25782740
-9,56200000;7,31038249
-9,56100000;7,36371167
-9,56000000;7,41783211
-9,55900000;7,47276150
-9,55800000;7,52851805
-9,55700000;7,58512053
-9,55600000;7,64258828
-9,55500000;7,70094124
-9,55400000;7,76019995
-9,55300000;7,82038560
-9,55200000;7,88152005
-9,55100000;7,94362586
-9,55000000;8,00672628
-9,54900000;8,07084536
-9,54800000;8,13600787
-9,54700000;8,20223944
-9,54600000;8,26956652
-9,54500000;8,33801644
-9,54400000;8,40761747
-9,54300000;8,47839880
-9,54200000;8,55039066
-9,54100000;8,62362428
-9,54000000;8,69813199
-9,53900000;8,77394726
-9,53800000;8,85110473
-9,53700000;8,92964029
-9,53600000;9,00959110
-9,53500000;9,09099568
-9,53400000;9,17389397
-9,53300000;9,25832736
-9,53200000;9,34433882
-9,53100000;9,43197291
-9,53000000;9,52127589
-9,52900000;9,61229580
-9,52800000;9,70508254
-9,52700000;9,79968796
-9,52600000;9,89616596
-9,52500000;9,99457260
-9,52400000;10,09496618
-9,52300000;10,19740741
-9,52200000;10,30195944
-9,52100000;10,40868811
-9,52000000;10,51766199
-9,51900000;10,62895255
-9,51800000;10,74263435
-9,51700000;10,85878519
-9,51600000;10,97748625
-9,51500000;11,09882234
-9,51400000;11,22288206
-9,51300000;11,34975802
-9,51200000;11,47954709
-9,51100000;11,61235062
-9,51000000;11,74827474
-9,50900000;11,88743058
-9,50800000;12,02993466
-9,50700000;12,17590914
-9,50600000;12,32548220
-9,50500000;12,47878841
-9,50400000;12,63596914
-9,50300000;12,79717299
-9,50200000;12,96255624
-9,50100000;13,13228340
-9,50000000;13,30652771
-9,49900000;13,48547175
-9,49800000;13,66930807
-9,49700000;13,85823989
-9,49600000;14,05248184
-9,49500000;14,25226077
-9,49400000;14,45781666
-9,49300000;14,66940354
-9,49200000;14,88729056
-9,49100000;15,11176313
-9,49000000;15,34312416
-9,48900000;15,58169544
-9,48800000;15,82781910
-9,48700000;16,08185927
-9,48600000;16,34420389
-9,48500000;16,61526663
-9,48400000;16,89548914
-9,48300000;17,18534339
-9,48200000;17,48533434
-9,48100000;17,79600289
-9,48000000;18,11792911
-9,47900000;18,45173586
-9,47800000;18,79809282
-9,47700000;19,15772096
-9,47600000;19,53139756
-9,47500000;19,91996179
-9,47400000;20,32432104
-9,47300000;20,74545795
-9,47200000;21,18443839
-9,47100000;21,64242048
-9,47000000;22,12066478
-9,46900000;22,62054587
-9,46800000;23,14356554
-9,46700000;23,69136785
-9,46600000;24,26575640
-9,46500000;24,86871415
-9,46400000;25,50242629
-9,46300000;26,16930669
-9,46200000;26,87202863
-9,46100000;27,61356061
-9,46000000;28,39720822
-9,45900000;29,22666344
-9,45800000;30,10606277
-9,45700000;31,04005621
-9,45600000;32,03388948
-9,45500000;33,09350262
-9,45400000;34,22564874
-9,45300000;35,43803808
-9,45200000;36,73951385
-9,45100000;38,14026822
-9,45000000;39,65210975
-9,44900000;41,28879705
-9,44800000;43,06645868
-9,44700000;45,00412634
-9,44600000;47,12441891
-9,44500000;49,45442936
-9,44400000;52,02688857
-9,44300000;54,88171236
-9,44200000;58,06808738
-9,44100000;61,64732868
-9,44000000;65,69686351
-9,43900000;70,31589585
-9,43800000;75,63364141
-9,43700000;81,82160542
-9,43600000;89,11242479
-9,43500000;97,82977009
-9,43400000;108,43770228
-9,43300000;121,62604730
-9,43200000;138,46669944
-9,43100000;160,72065061
-9,43000000;191,49779068
-9,42900000;236,85436428
-9,42800000;310,36519215
-9,42700000;450,04203114
-9,42600000;818,31966245
-9,42500000;4504,16406371
-9,42400000;-1285,37512187
-9,42300000;-562,43538626
-9,42200000;-359,97389202
-9,42100000;-264,69215524
-9,42000000;-209,29415169
-9,41900000;-173,07175610
-9,41800000;-147,53766152
-9,41700000;-128,56934643
-9,41600000;-113,92286276
-9,41500000;-102,27222191
-9,41400000;-92,78354537
-9,41300000;-84,90615373
-9,41200000;-78,26175139
-9,41100000;-72,58186889
-9,41000000;-67,67070417
-9,40900000;-63,38209448
-9,40800000;-59,60472340
-9,40700000;-56,25232040
-9,40600000;-53,25699194
-9,40500000;-50,56457556
-9,40400000;-48,13133575
-9,40300000;-45,92156994
-9,40200000;-43,90584523
-9,40100000;-42,05968002
-9,40000000;-40,36254486
-9,39900000;-38,79709586
-9,39800000;-37,34857992
-9,39700000;-36,00436836
-9,39600000;-34,75358784
-9,39500000;-33,58682558
-9,39400000;-32,49589214
-9,39300000;-31,47362889
-9,39200000;-30,51375082
-9,39100000;-29,61071717
-9,39000000;-28,75962444
-9,38900000;-27,95611738
-9,38800000;-27,19631440
-9,38700000;-26,47674489
-9,38600000;-25,79429626
-9,38500000;-25,14616890
-9,38400000;-24,52983783
-9,38300000;-23,94301981
-9,38200000;-23,38364511
-9,38100000;-22,84983310
-9,38000000;-22,33987115
-9,37900000;-21,85219629
-9,37800000;-21,38537918
-9,37700000;-20,93811016
-9,37600000;-20,50918695
-9,37500000;-20,09750390
-9,37400000;-19,70204245
-9,37300000;-19,32186272
-9,37200000;-18,95609607
-9,37100000;-18,60393847
-9,37000000;-18,26464461
-9,36900000;-17,93752260
-9,36800000;-17,62192932
-9,36700000;-17,31726617
-9,36600000;-17,02297528
-9,36500000;-16,73853611
-9,36400000;-16,46346238
-9,36300000;-16,19729929
-9,36200000;-15,93962103
-9,36100000;-15,69002849
-9,36000000;-15,44814720
-9,35900000;-15,21362546
-9,35800000;-14,98613266
-9,35700000;-14,76535768
-9,35600000;-14,55100749
-9,35500000;-14,34280586
-9,35400000;-14,14049220
-9,35300000;-13,94382040
-9,35200000;-13,75255791
-9,35100000;-13,56648476
-9,35000000;-13,38539277
-9,34900000;-13,20908473
-9,34800000;-13,03737373
-9,34700000;-12,87008245
-9,34600000;-12,70704257
-9,34500000;-12,54809423
-9,34400000;-12,39308547
-9,34300000;-12,24187177
-9,34200000;-12,09431559
-9,34100000;-11,95028597
-9,34000000;-11,80972776
-9,33900000;-11,67238069
-9,33800000;-11,53820299
-9,33700000;-11,40708635
-9,33600000;-11,27892731
-9,33500000;-11,15362705
-9,33400000;-11,03109110
-9,33300000;-10,91122909
-9,33200000;-10,79395457
-9,33100000;-10,67918475
-9,33000000;-10,56684036
-9,32900000;-10,45684542
-9,32800000;-10,34912710
-9,32700000;-10,24361556
-9,32600000;-10,14024378
-9,32500000;-10,03894740
-9,32400000;-9,93966466
-9,32300000;-9,84233621
-9,32200000;-9,74690498
-9,32100000;-9,65331615
-9,32000000;-9,56151696
-9,31900000;-9,47145666
-9,31800000;-9,38308638
-9,31700000;-9,29635909
-9,31600000;-9,21122948
-9,31500000;-9,12765388
-9,31400000;-9,04559021
-9,31300000;-8,96499789
-9,31200000;-8,88583778
-9,31100000;-8,80807212
-9,31000000;-8,73166447
-9,30900000;-8,65657963
-9,30800000;-8,58278362
-9,30700000;-8,51024361
-9,30600000;-8,43892789
-9,30500000;-8,36880578
-9,30400000;-8,29984764
-9,30300000;-8,23202479
-9,30200000;-8,16530950
-9,30100000;-8,09967492
-9,30000000;-8,03509507
-9,29900000;-7,97154479
-9,29800000;-7,90899972
-9,29700000;-7,84743626
-9,29600000;-7,78683154
-9,29500000;-7,72716340
-9,29400000;-7,66841035
-9,29300000;-7,61055157
-9,29200000;-7,55356685
-9,29100000;-7,49743658
-9,29000000;-7,44214175
-9,28900000;-7,38766390
-9,28800000;-7,33398511
-9,28700000;-7,28108799
-9,28600000;-7,22895563
-9,28500000;-7,17757162
-9,28400000;-7,12692002
-9,28300000;-7,07698532
-9,28200000;-7,02775247
-9,28100000;-6,97920682
-9,28000000;-6,93133413
-9,27900000;-6,88412056
-9,27800000;-6,83755262
-9,27700000;-6,79161723
-9,27600000;-6,74630161
-9,27500000;-6,70159336
-9,27400000;-6,65748039
-9,27300000;-6,61395094
-9,27200000;-6,57099354
-9,27100000;-6,52859705
-9,27000000;-6,48675059
-9,26900000;-6,44544356
-9,26800000;-6,40466565
-9,26700000;-6,36440679
-9,26600000;-6,32465718
-9,26500000;-6,28540725
-9,26400000;-6,24664769
-9,26300000;-6,20836940
-9,26200000;-6,17056351
-9,26100000;-6,13322136
-9,26000000;-6,09633453
-9,25900000;-6,05989475
-9,25800000;-6,02389401
-9,25700000;-5,98832443
-9,25600000;-5,95317837
-9,25500000;-5,91844834
-9,25400000;-5,88412703
-9,25300000;-5,85020730
-9,25200000;-5,81668218
-9,25100000;-5,78354486
-9,25000000;-5,75078868
-9,24900000;-5,71840714
-9,24800000;-5,68639389
-9,24700000;-5,65474270
-9,24600000;-5,62344750
-9,24500000;-5,59250235
-9,24400000;-5,56190144
-9,24300000;-5,53163910
-9,24200000;-5,50170976
-9,24100000;-5,47210799
-9,24000000;-5,44282847
-9,23900000;-5,41386600
-9,23800000;-5,38521549
-9,23700000;-5,35687195
-9,23600000;-5,32883051
-9,23500000;-5,30108639
-9,23400000;-5,27363491
-9,23300000;-5,24647150
-9,23200000;-5,21959167
-9,23100000;-5,19299104
-9,23000000;-5,16666531
-9,22900000;-5,14061026
-9,22800000;-5,11482177
-9,22700000;-5,08929579
-9,22600000;-5,06402837
-9,22500000;-5,03901561
-9,22400000;-5,01425373
-9,22300000;-4,98973898
-9,22200000;-4,96546771
-9,22100000;-4,94143634
-9,22000000;-4,91764135
-9,21900000;-4,89407930
-9,21800000;-4,87074681
-9,21700000;-4,84764056
-9,21600000;-4,82475730
-9,21500000;-4,80209385
-9,21400000;-4,77964708
-9,21300000;-4,75741392
-9,21200000;-4,73539135
-9,21100000;-4,71357642
-9,21000000;-4,69196624
-9,20900000;-4,67055795
-9,20800000;-4,64934877
-9,20700000;-4,62833595
-9,20600000;-4,60751679
-9,20500000;-4,58688866
-9,20400000;-4,56644896
-9,20300000;-4,54619514
-9,20200000;-4,52612470
-9,20100000;-4,50623518
-9,20000000;-4,48652416
-9,19900000;-4,46698928
-9,19800000;-4,44762821
-9,19700000;-4,42843865
-9,19600000;-4,40941837
-9,19500000;-4,39056514
-9,19400000;-4,37187680
-9,19300000;-4,35335121
-9,19200000;-4,33498628
-9,19100000;-4,31677994
-9,19000000;-4,29873017
-9,18900000;-4,28083498
-9,18800000;-4,26309241
-9,18700000;-4,24550054
-9,18600000;-4,22805747
-9,18500000;-4,21076133
-9,18400000;-4,19361031
-9,18300000;-4,17660260
-9,18200000;-4,15973643
-9,18100000;-4,14301005
-9,18000000;-4,12642176
-9,17900000;-4,10996988
-9,17800000;-4,09365273
-9,17700000;-4,07746870
-9,17600000;-4,06141617
-9,17500000;-4,04549357
-9,17400000;-4,02969934
-9,17300000;-4,01403196
-9,17200000;-3,99848992
-9,17100000;-3,98307174
-9,17000000;-3,96777596
-9,16900000;-3,95260115
-9,16800000;-3,93754589
-9,16700000;-3,92260879
-9,16600000;-3,90778848
-9,16500000;-3,89308362
-9,16400000;-3,87849288
-9,16300000;-3,86401494
-9,16200000;-3,84964853
-9,16100000;-3,83539237
-9,16000000;-3,82124521
-9,15900000;-3,80720584
-9,15800000;-3,79327302
-9,15700000;-3,77944558
-9,15600000;-3,76572233
-9,15500000;-3,75210212
-9,15400000;-3,73858380
-9,15300000;-3,72516626
-9,15200000;-3,71184838
-9,15100000;-3,69862907
-9,15000000;-3,68550726
-9,14900000;-3,67248188
-9,14800000;-3,65955190
-9,14700000;-3,64671628
-9,14600000;-3,63397400
-9,14500000;-3,62132407
-9,14400000;-3,60876550
-9,14300000;-3,59629732
-9,14200000;-3,58391857
-9,14100000;-3,57162830
-9,14000000;-3,55942559
-9,13900000;-3,54730950
-9,13800000;-3,53527915
-9,13700000;-3,52333364
-9,13600000;-3,51147207
-9,13500000;-3,49969360
-9,13400000;-3,48799735
-9,13300000;-3,47638248
-9,13200000;-3,46484817
-9,13100000;-3,45339359
-9,13000000;-3,44201792
-9,12900000;-3,43072037
-9,12800000;-3,41950015
-9,12700000;-3,40835648
-9,12600000;-3,39728859
-9,12500000;-3,38629572
-9,12400000;-3,37537713
-9,12300000;-3,36453208
-9,12200000;-3,35375984
-9,12100000;-3,34305969
-9,12000000;-3,33243092
-9,11900000;-3,32187283
-9,11800000;-3,31138474
-9,11700000;-3,30096595
-9,11600000;-3,29061581
-9,11500000;-3,28033363
-9,11400000;-3,27011878
-9,11300000;-3,25997059
-9,11200000;-3,24988843
-9,11100000;-3,23987168
-9,11000000;-3,22991970
-9,10900000;-3,22003188
-9,10800000;-3,21020762
-9,10700000;-3,20044631
-9,10600000;-3,19074737
-9,10500000;-3,18111021
-9,10400000;-3,17153425
-9,10300000;-3,16201892
-9,10200000;-3,15256366
-9,10100000;-3,14316791
-9,10000000;-3,13383113
-9,09900000;-3,12455277
-9,09800000;-3,11533229
-9,09700000;-3,10616916
-9,09600000;-3,09706287
-9,09500000;-3,08801290
-9,09400000;-3,07901873
-9,09300000;-3,07007987
-9,09200000;-3,06119581
-9,09100000;-3,05236606
-9,09000000;-3,04359013
-9,08900000;-3,03486756
-9,08800000;-3,02619785
-9,08700000;-3,01758054
-9,08600000;-3,00901517
-9,08500000;-3,00050128
-9,08400000;-2,99203842
-9,08300000;-2,98362614
-9,08200000;-2,97526400
-9,08100000;-2,96695155
-9,08000000;-2,95868838
-9,07900000;-2,95047404
-9,07800000;-2,94230813
-9,07700000;-2,93419022
-9,07600000;-2,92611989
-9,07500000;-2,91809676
-9,07400000;-2,91012039
-9,07300000;-2,90219041
-9,07200000;-2,89430642
-9,07100000;-2,88646803
-9,07000000;-2,87867484
-9,06900000;-2,87092649
-9,06800000;-2,86322260
-9,06700000;-2,85556278
-9,06600000;-2,84794668
-9,06500000;-2,84037394
-9,06400000;-2,83284418
-9,06300000;-2,82535706
-9,06200000;-2,81791222
-9,06100000;-2,81050931
-9,06000000;-2,80314799
-9,05900000;-2,79582793
-9,05800000;-2,78854878
-9,05700000;-2,78131020
-9,05600000;-2,77411188
-9,05500000;-2,76695348
-9,05400000;-2,75983468
-9,05300000;-2,75275516
-9,05200000;-2,74571461
-9,05100000;-2,73871271
-9,05000000;-2,73174916
-9,04900000;-2,72482365
-9,04800000;-2,71793588
-9,04700000;-2,71108554
-9,04600000;-2,70427235
-9,04500000;-2,69749600
-9,04400000;-2,69075622
-9,04300000;-2,68405270
-9,04200000;-2,67738518
-9,04100000;-2,67075336
-9,04000000;-2,66415698
-9,03900000;-2,65759575
-9,03800000;-2,65106940
-9,03700000;-2,64457766
-9,03600000;-2,63812028
-9,03500000;-2,63169697
-9,03400000;-2,62530749
-9,03300000;-2,61895157
-9,03200000;-2,61262896
-9,03100000;-2,60633940
-9,03000000;-2,60008265
-9,02900000;-2,59385845
-9,02800000;-2,58766657
-9,02700000;-2,58150674
-9,02600000;-2,57537875
-9,02500000;-2,56928234
-9,02400000;-2,56321729
-9,02300000;-2,55718335
-9,02200000;-2,55118030
-9,02100000;-2,54520791
-9,02000000;-2,53926594
-9,01900000;-2,53335419
-9,01800000;-2,52747242
-9,01700000;-2,52162041
-9,01600000;-2,51579795
-9,01500000;-2,51000482
-9,01400000;-2,50424081
-9,01300000;-2,49850570
-9,01200000;-2,49279929
-9,01100000;-2,48712137
-9,01000000;-2,48147173
-9,00900000;-2,47585017
-9,00800000;-2,47025648
-9,00700000;-2,46469048
-9,00600000;-2,45915195
-9,00500000;-2,45364071
-9,00400000;-2,44815655
-9,00300000;-2,44269930
-9,00200000;-2,43726875
-9,00100000;-2,43186473
-9,00000000;-2,42648703
-8,99900000;-2,42113548
-8,99800000;-2,41580990
-8,99700000;-2,41051010
-8,99600000;-2,40523590
-8,99500000;-2,39998712
-8,99400000;-2,39476360
-8,99300000;-2,38956514
-8,99200000;-2,38439159
-8,99100000;-2,37924276
-8,99000000;-2,37411849
-8,98900000;-2,36901861
-8,98800000;-2,36394295
-8,98700000;-2,35889135
-8,98600000;-2,35386364
-8,98500000;-2,34885966
-8,98400000;-2,34387925
-8,98300000;-2,33892226
-8,98200000;-2,33398851
-8,98100000;-2,32907786
-8,98000000;-2,32419014
-8,97900000;-2,31932522
-8,97800000;-2,31448292
-8,97700000;-2,30966311
-8,97600000;-2,30486563
-8,97500000;-2,30009034
-8,97400000;-2,29533708
-8,97300000;-2,29060571
-8,97200000;-2,28589609
-8,97100000;-2,28120807
-8,97000000;-2,27654152
-8,96900000;-2,27189628
-8,96800000;-2,26727223
-8,96700000;-2,26266922
-8,96600000;-2,25808711
-8,96500000;-2,25352578
-8,96400000;-2,24898508
-8,96300000;-2,24446488
-8,96200000;-2,23996505
-8,96100000;-2,23548546
-8,96000000;-2,23102597
-8,95900000;-2,22658647
-8,95800000;-2,22216681
-8,95700000;-2,21776688
-8,95600000;-2,21338655
-8,95500000;-2,20902569
-8,95400000;-2,20468418
-8,95300000;-2,20036190
-8,95200000;-2,19605873
-8,95100000;-2,19177454
-8,95000000;-2,18750922
-8,94900000;-2,18326265
-8,94800000;-2,17903471
-8,94700000;-2,17482528
-8,94600000;-2,17063425
-8,94500000;-2,16646150
-8,94400000;-2,16230692
-8,94300000;-2,15817041
-8,94200000;-2,15405183
-8,94100000;-2,14995110
-8,94000000;-2,14586809
-8,93900000;-2,14180269
-8,93800000;-2,13775481
-8,93700000;-2,13372432
-8,93600000;-2,12971113
-8,93500000;-2,12571513
-8,93400000;-2,12173622
-8,93300000;-2,11777428
-8,93200000;-2,11382923
-8,93100000;-2,10990095
-8,93000000;-2,10598935
-8,92900000;-2,10209432
-8,92800000;-2,09821577
-8,92700000;-2,09435359
-8,92600000;-2,09050770
-8,92500000;-2,08667798
-8,92400000;-2,08286435
-8,92300000;-2,07906671
-8,92200000;-2,07528497
-8,92100000;-2,07151902
-8,92000000;-2,06776878
-8,91900000;-2,06403416
-8,91800000;-2,06031506
-8,91700000;-2,05661139
-8,91600000;-2,05292306
-8,91500000;-2,04924998
-8,91400000;-2,04559207
-8,91300000;-2,04194922
-8,91200000;-2,03832137
-8,91100000;-2,03470841
-8,91000000;-2,03111027
-8,90900000;-2,02752685
-8,90800000;-2,02395808
-8,90700000;-2,02040386
-8,90600000;-2,01686412
-8,90500000;-2,01333877
-8,90400000;-2,00982773
-8,90300000;-2,00633092
-8,90200000;-2,00284825
-8,90100000;-1,99937965
-8,90000000;-1,99592503
-8,89900000;-1,99248432
-8,89800000;-1,98905744
-8,89700000;-1,98564431
-8,89600000;-1,98224485
-8,89500000;-1,97885899
-8,89400000;-1,97548664
-8,89300000;-1,97212774
-8,89200000;-1,96878221
-8,89100000;-1,96544997
-8,89000000;-1,96213095
-8,88900000;-1,95882507
-8,88800000;-1,95553227
-8,88700000;-1,95225247
-8,88600000;-1,94898560
-8,88500000;-1,94573159
-8,88400000;-1,94249036
-8,88300000;-1,93926186
-8,88200000;-1,93604599
-8,88100000;-1,93284271
-8,88000000;-1,92965193
-8,87900000;-1,92647360
-8,87800000;-1,92330764
-8,87700000;-1,92015398
-8,87600000;-1,91701256
-8,87500000;-1,91388332
-8,87400000;-1,91076618
-8,87300000;-1,90766108
-8,87200000;-1,90456797
-8,87100000;-1,90148676
-8,87000000;-1,89841740
-8,86900000;-1,89535983
-8,86800000;-1,89231398
-8,86700000;-1,88927979
-8,86600000;-1,88625720
-8,86500000;-1,88324615
-8,86400000;-1,88024657
-8,86300000;-1,87725840
-8,86200000;-1,87428159
-8,86100000;-1,87131607
-8,86000000;-1,86836179
-8,85900000;-1,86541868
-8,85800000;-1,86248669
-8,85700000;-1,85956576
-8,85600000;-1,85665583
-8,85500000;-1,85375685
-8,85400000;-1,85086875
-8,85300000;-1,84799148
-8,85200000;-1,84512498
-8,85100000;-1,84226921
-8,85000000;-1,83942409
-8,84900000;-1,83658959
-8,84800000;-1,83376564
-8,84700000;-1,83095218
-8,84600000;-1,82814918
-8,84500000;-1,82535656
-8,84400000;-1,82257428
-8,84300000;-1,81980229
-8,84200000;-1,81704053
-8,84100000;-1,81428896
-8,84000000;-1,81154751
-8,83900000;-1,80881614
-8,83800000;-1,80609480
-8,83700000;-1,80338343
-8,83600000;-1,80068200
-8,83500000;-1,79799043
-8,83400000;-1,79530870
-8,83300000;-1,79263674
-8,83200000;-1,78997452
-8,83100000;-1,78732197
-8,83000000;-1,78467905
-8,82900000;-1,78204572
-8,82800000;-1,77942193
-8,82700000;-1,77680762
-8,82600000;-1,77420276
-8,82500000;-1,77160729
-8,82400000;-1,76902117
-8,82300000;-1,76644435
-8,82200000;-1,76387680
-8,82100000;-1,76131845
-8,82000000;-1,75876927
-8,81900000;-1,75622921
-8,81800000;-1,75369823
-8,81700000;-1,75117628
-8,81600000;-1,74866332
-8,81500000;-1,74615931
-8,81400000;-1,74366420
-8,81300000;-1,74117795
-8,81200000;-1,73870052
-8,81100000;-1,73623185
-8,81000000;-1,73377192
-8,80900000;-1,73132068
-8,80800000;-1,72887809
-8,80700000;-1,72644411
-8,80600000;-1,72401869
-8,80500000;-1,72160179
-8,80400000;-1,71919338
-8,80300000;-1,71679341
-8,80200000;-1,71440184
-8,80100000;-1,71201864
-8,80000000;-1,70964376
-8,79900000;-1,70727717
-8,79800000;-1,70491882
-8,79700000;-1,70256868
-8,79600000;-1,70022671
-8,79500000;-1,69789286
-8,79400000;-1,69556711
-8,79300000;-1,69324941
-8,79200000;-1,69093973
-8,79100000;-1,68863803
-8,79000000;-1,68634427
-8,78900000;-1,68405841
-8,78800000;-1,68178042
-8,78700000;-1,67951026
-8,78600000;-1,67724790
-8,78500000;-1,67499330
-8,78400000;-1,67274642
-8,78300000;-1,67050723
-8,78200000;-1,66827569
-8,78100000;-1,66605177
-8,78000000;-1,66383544
-8,77900000;-1,66162665
-8,77800000;-1,65942538
-8,77700000;-1,65723158
-8,77600000;-1,65504523
-8,77500000;-1,65286630
-8,77400000;-1,65069474
-8,77300000;-1,64853053
-8,77200000;-1,64637362
-8,77100000;-1,64422400
-8,77000000;-1,64208162
-8,76900000;-1,63994646
-8,76800000;-1,63781848
-8,76700000;-1,63569764
-8,76600000;-1,63358393
-8,76500000;-1,63147730
-8,76400000;-1,62937772
-8,76300000;-1,62728516
-8,76200000;-1,62519960
-8,76100000;-1,62312099
-8,76000000;-1,62104932
-8,75900000;-1,61898454
-8,75800000;-1,61692663
-8,75700000;-1,61487556
-8,75600000;-1,61283130
-8,75500000;-1,61079382
-8,75400000;-1,60876308
-8,75300000;-1,60673906
-8,75200000;-1,60472173
-8,75100000;-1,60271106
-8,75000000;-1,60070702
-8,74900000;-1,59870959
-8,74800000;-1,59671873
-8,74700000;-1,59473441
-8,74600000;-1,59275661
-8,74500000;-1,59078529
-8,74400000;-1,58882044
-8,74300000;-1,58686202
-8,74200000;-1,58491001
-8,74100000;-1,58296437
-8,74000000;-1,58102509
-8,73900000;-1,57909212
-8,73800000;-1,57716546
-8,73700000;-1,57524506
-8,73600000;-1,57333090
-8,73500000;-1,57142296
-8,73400000;-1,56952121
-8,73300000;-1,56762562
-8,73200000;-1,56573617
-8,73100000;-1,56385283
-8,73000000;-1,56197558
-8,72900000;-1,56010439
-8,72800000;-1,55823923
-8,72700000;-1,55638008
-8,72600000;-1,55452691
-8,72500000;-1,55267970
-8,72400000;-1,55083723
-8,72300000;-1,54900187
-8,72200000;-1,54717240
-8,72100000;-1,54534879
-8,72000000;-1,54353102
-8,71900000;-1,54171905
-8,71800000;-1,53991287
-8,71700000;-1,53811246
-8,71600000;-1,53631778
-8,71500000;-1,53452883
-8,71400000;-1,53274556
-8,71300000;-1,53096796
-8,71200000;-1,52919601
-8,71100000;-1,52742968
-8,71000000;-1,52566895
-8,70900000;-1,52391380
-8,70800000;-1,52216420
-8,70700000;-1,52042014
-8,70600000;-1,51868158
-8,70500000;-1,51694851
-8,70400000;-1,51522090
-8,70300000;-1,51349873
-8,70200000;-1,51178199
-8,70100000;-1,51007064
-8,70000000;-1,50836467
-8,69900000;-1,50666406
-8,69800000;-1,50496878
-8,69700000;-1,50327881
-8,69600000;-1,50159414
-8,69500000;-1,49991473
-8,69400000;-1,49824057
-8,69300000;-1,49657164
-8,69200000;-1,49490792
-8,69100000;-1,49324938
-8,69000000;-1,49159601
-8,68900000;-1,48994778
-8,68800000;-1,48830468
-8,68700000;-1,48666669
-8,68600000;-1,48503378
-8,68500000;-1,48340594
-8,68400000;-1,48178314
-8,68300000;-1,48016536
-8,68200000;-1,47855259
-8,68100000;-1,47694481
-8,68000000;-1,47534199
-8,67900000;-1,47374412
-8,67800000;-1,47215118
-8,67700000;-1,47056315
-8,67600000;-1,46898000
-8,67500000;-1,46740173
-8,67400000;-1,46582831
-8,67300000;-1,46425972
-8,67200000;-1,46269595
-8,67100000;-1,46113698
-8,67000000;-1,45958278
-8,66900000;-1,45803334
-8,66800000;-1,45648864
-8,66700000;-1,45494866
-8,66600000;-1,45341339
-8,66500000;-1,45188281
-8,66400000;-1,45035690
-8,66300000;-1,44883563
-8,66200000;-1,44731900
-8,66100000;-1,44580699
-8,66000000;-1,44429958
-8,65900000;-1,44279674
-8,65800000;-1,44129847
-8,65700000;-1,43980475
-8,65600000;-1,43831556
-8,65500000;-1,43683088
-8,65400000;-1,43535069
-8,65300000;-1,43387499
-8,65200000;-1,43240375
-8,65100000;-1,43093695
-8,65000000;-1,42947458
-8,64900000;-1,42801662
-8,64800000;-1,42656306
-8,64700000;-1,42511388
-8,64600000;-1,42366907
-8,64500000;-1,42222860
-8,64400000;-1,42079246
-8,64300000;-1,41936064
-8,64200000;-1,41793311
-8,64100000;-1,41650987
-8,64000000;-1,41509090
-8,63900000;-1,41367618
-8,63800000;-1,41226570
-8,63700000;-1,41085944
-8,63600000;-1,40945738
-8,63500000;-1,40805952
-8,63400000;-1,40666583
-8,63300000;-1,40527630
-8,63200000;-1,40389091
-8,63100000;-1,40250966
-8,63000000;-1,40113252
-8,62900000;-1,39975948
-8,62800000;-1,39839052
-8,62700000;-1,39702564
-8,62600000;-1,39566481
-8,62500000;-1,39430802
-8,62400000;-1,39295526
-8,62300000;-1,39160652
-8,62200000;-1,39026177
-8,62100000;-1,38892101
-8,62000000;-1,38758421
-8,61900000;-1,38625137
-8,61800000;-1,38492247
-8,61700000;-1,38359751
-8,61600000;-1,38227645
-8,61500000;-1,38095929
-8,61400000;-1,37964602
-8,61300000;-1,37833663
-8,61200000;-1,37703109
-8,61100000;-1,37572939
-8,61000000;-1,37443153
-8,60900000;-1,37313749
-8,60800000;-1,37184725
-8,60700000;-1,37056080
-8,60600000;-1,36927814
-8,60500000;-1,36799923
-8,60400000;-1,36672408
-8,60300000;-1,36545267
-8,60200000;-1,36418498
-8,60100000;-1,36292101
-8,60000000;-1,36166074
-8,59900000;-1,36040416
-8,59800000;-1,35915125
-8,59700000;-1,35790200
-8,59600000;-1,35665640
-8,59500000;-1,35541444
-8,59400000;-1,35417611
-8,59300000;-1,35294139
-8,59200000;-1,35171026
-8,59100000;-1,35048273
-8,59000000;-1,34925877
-8,58900000;-1,34803837
-8,58800000;-1,34682153
-8,58700000;-1,34560822
-8,58600000;-1,34439845
-8,58500000;-1,34319218
-8,58400000;-1,34198942
-8,58300000;-1,34079016
-8,58200000;-1,33959437
-8,58100000;-1,33840205
-8,58000000;-1,33721319
-8,57900000;-1,33602777
-8,57800000;-1,33484578
-8,57700000;-1,33366722
-8,57600000;-1,33249207
-8,57500000;-1,33132032
-8,57400000;-1,33015195
-8,57300000;-1,32898696
-8,57200000;-1,32782534
-8,57100000;-1,32666707
-8,57000000;-1,32551215
-8,56900000;-1,32436056
-8,56800000;-1,32321229
-8,56700000;-1,32206733
-8,56600000;-1,32092566
-8,56500000;-1,31978729
-8,56400000;-1,31865220
-8,56300000;-1,31752037
-8,56200000;-1,31639180
-8,56100000;-1,31526647
-8,56000000;-1,31414438
-8,55900000;-1,31302552
-8,55800000;-1,31190987
-8,55700000;-1,31079742
-8,55600000;-1,30968817
-8,55500000;-1,30858210
-8,55400000;-1,30747920
-8,55300000;-1,30637947
-8,55200000;-1,30528289
-8,55100000;-1,30418945
-8,55000000;-1,30309914
-8,54900000;-1,30201196
-8,54800000;-1,30092789
-8,54700000;-1,29984692
-8,54600000;-1,29876904
-8,54500000;-1,29769425
-8,54400000;-1,29662253
-8,54300000;-1,29555387
-8,54200000;-1,29448827
-8,54100000;-1,29342571
-8,54000000;-1,29236618
-8,53900000;-1,29130968
-8,53800000;-1,29025619
-8,53700000;-1,28920571
-8,53600000;-1,28815823
-8,53500000;-1,28711373
-8,53400000;-1,28607221
-8,53300000;-1,28503366
-8,53200000;-1,28399807
-8,53100000;-1,28296542
-8,53000000;-1,28193572
-8,52900000;-1,28090895
-8,52800000;-1,27988510
-8,52700000;-1,27886417
-8,52600000;-1,27784614
-8,52500000;-1,27683100
-8,52400000;-1,27581875
-8,52300000;-1,27480938
-8,52200000;-1,27380288
-8,52100000;-1,27279923
-8,52000000;-1,27179844
-8,51900000;-1,27080049
-8,51800000;-1,26980537
-8,51700000;-1,26881308
-8,51600000;-1,26782361
-8,51500000;-1,26683694
-8,51400000;-1,26585307
-8,51300000;-1,26487200
-8,51200000;-1,26389370
-8,51100000;-1,26291818
-8,51000000;-1,26194543
-8,50900000;-1,26097543
-8,50800000;-1,26000818
-8,50700000;-1,25904368
-8,50600000;-1,25808190
-8,50500000;-1,25712285
-8,50400000;-1,25616652
-8,50300000;-1,25521289
-8,50200000;-1,25426197
-8,50100000;-1,25331373
-8,50000000;-1,25236818
-8,49900000;-1,25142531
-8,49800000;-1,25048511
-8,49700000;-1,24954756
-8,49600000;-1,24861267
-8,49500000;-1,24768042
-8,49400000;-1,24675081
-8,49300000;-1,24582383
-8,49200000;-1,24489947
-8,49100000;-1,24397772
-8,49000000;-1,24305858
-8,48900000;-1,24214204
-8,48800000;-1,24122809
-8,48700000;-1,24031672
-8,48600000;-1,23940793
-8,48500000;-1,23850171
-8,48400000;-1,23759804
-8,48300000;-1,23669693
-8,48200000;-1,23579837
-8,48100000;-1,23490235
-8,48000000;-1,23400885
-8,47900000;-1,23311789
-8,47800000;-1,23222944
-8,47700000;-1,23134349
-8,47600000;-1,23046005
-8,47500000;-1,22957911
-8,47400000;-1,22870066
-8,47300000;-1,22782468
-8,47200000;-1,22695118
-8,47100000;-1,22608015
-8,47000000;-1,22521158
-8,46900000;-1,22434546
-8,46800000;-1,22348178
-8,46700000;-1,22262055
-8,46600000;-1,22176175
-8,46500000;-1,22090537
-8,46400000;-1,22005142
-8,46300000;-1,21919987
-8,46200000;-1,21835073
-8,46100000;-1,21750399
-8,46000000;-1,21665965
-8,45900000;-1,21581768
-8,45800000;-1,21497810
-8,45700000;-1,21414089
-8,45600000;-1,21330604
-8,45500000;-1,21247355
-8,45400000;-1,21164342
-8,45300000;-1,21081563
-8,45200000;-1,20999018
-8,45100000;-1,20916706
-8,45000000;-1,20834627
-8,44900000;-1,20752780
-8,44800000;-1,20671164
-8,44700000;-1,20589779
-8,44600000;-1,20508624
-8,44500000;-1,20427699
-8,44400000;-1,20347003
-8,44300000;-1,20266535
-8,44200000;-1,20186294
-8,44100000;-1,20106281
-8,44000000;-1,20026494
-8,43900000;-1,19946933
-8,43800000;-1,19867597
-8,43700000;-1,19788485
-8,43600000;-1,19709598
-8,43500000;-1,19630934
-8,43400000;-1,19552492
-8,43300000;-1,19474273
-8,43200000;-1,19396276
-8,43100000;-1,19318499
-8,43000000;-1,19240943
-8,42900000;-1,19163607
-8,42800000;-1,19086490
-8,42700000;-1,19009592
-8,42600000;-1,18932912
-8,42500000;-1,18856449
-8,42400000;-1,18780203
-8,42300000;-1,18704174
-8,42200000;-1,18628361
-8,42100000;-1,18552763
-8,42000000;-1,18477379
-8,41900000;-1,18402210
-8,41800000;-1,18327254
-8,41700000;-1,18252511
-8,41600000;-1,18177981
-8,41500000;-1,18103662
-8,41400000;-1,18029555
-8,41300000;-1,17955659
-8,41200000;-1,17881973
-8,41100000;-1,17808497
-8,41000000;-1,17735230
-8,40900000;-1,17662172
-8,40800000;-1,17589321
-8,40700000;-1,17516679
-8,40600000;-1,17444243
-8,40500000;-1,17372014
-8,40400000;-1,17299991
-8,40300000;-1,17228174
-8,40200000;-1,17156561
-8,40100000;-1,17085153
-8,40000000;-1,17013949
-8,39900000;-1,16942949
-8,39800000;-1,16872151
-8,39700000;-1,16801555
-8,39600000;-1,16731162
-8,39500000;-1,16660970
-8,39400000;-1,16590979
-8,39300000;-1,16521188
-8,39200000;-1,16451597
-8,39100000;-1,16382205
-8,39000000;-1,16313013
-8,38900000;-1,16244018
-8,38800000;-1,16175222
-8,38700000;-1,16106623
-8,38600000;-1,16038221
-8,38500000;-1,15970015
-8,38400000;-1,15902006
-8,38300000;-1,15834192
-8,38200000;-1,15766573
-8,38100000;-1,15699148
-8,38000000;-1,15631918
-8,37900000;-1,15564881
-8,37800000;-1,15498037
-8,37700000;-1,15431386
-8,37600000;-1,15364927
-8,37500000;-1,15298659
-8,37400000;-1,15232583
-8,37300000;-1,15166698
-8,37200000;-1,15101003
-8,37100000;-1,15035498
-8,37000000;-1,14970183
-8,36900000;-1,14905056
-8,36800000;-1,14840118
-8,36700000;-1,14775368
-8,36600000;-1,14710806
-8,36500000;-1,14646430
-8,36400000;-1,14582242
-8,36300000;-1,14518240
-8,36200000;-1,14454423
-8,36100000;-1,14390792
-8,36000000;-1,14327346
-8,35900000;-1,14264085
-8,35800000;-1,14201008
-8,35700000;-1,14138114
-8,35600000;-1,14075403
-8,35500000;-1,14012876
-8,35400000;-1,13950531
-8,35300000;-1,13888367
-8,35200000;-1,13826386
-8,35100000;-1,13764585
-8,35000000;-1,13702965
-8,34900000;-1,13641526
-8,34800000;-1,13580266
-8,34700000;-1,13519186
-8,34600000;-1,13458285
-8,34500000;-1,13397562
-8,34400000;-1,13337018
-8,34300000;-1,13276652
-8,34200000;-1,13216463
-8,34100000;-1,13156451
-8,34000000;-1,13096616
-8,33900000;-1,13036956
-8,33800000;-1,12977473
-8,33700000;-1,12918165
-8,33600000;-1,12859032
-8,33500000;-1,12800074
-8,33400000;-1,12741290
-8,33300000;-1,12682680
-8,33200000;-1,12624244
-8,33100000;-1,12565980
-8,33000000;-1,12507889
-8,32900000;-1,12449971
-8,32800000;-1,12392224
-8,32700000;-1,12334649
-8,32600000;-1,12277245
-8,32500000;-1,12220012
-8,32400000;-1,12162950
-8,32300000;-1,12106057
-8,32200000;-1,12049334
-8,32100000;-1,11992781
-8,32000000;-1,11936396
-8,31900000;-1,11880180
-8,31800000;-1,11824132
-8,31700000;-1,11768252
-8,31600000;-1,11712540
-8,31500000;-1,11656994
-8,31400000;-1,11601616
-8,31300000;-1,11546403
-8,31200000;-1,11491357
-8,31100000;-1,11436477
-8,31000000;-1,11381761
-8,30900000;-1,11327211
-8,30800000;-1,11272826
-8,30700000;-1,11218604
-8,30600000;-1,11164547
-8,30500000;-1,11110653
-8,30400000;-1,11056922
-8,30300000;-1,11003355
-8,30200000;-1,10949950
-8,30100000;-1,10896707
-8,30000000;-1,10843626
-8,29900000;-1,10790706
-8,29800000;-1,10737948
-8,29700000;-1,10685350
-8,29600000;-1,10632913
-8,29500000;-1,10580636
-8,29400000;-1,10528519
-8,29300000;-1,10476562
-8,29200000;-1,10424764
-8,29100000;-1,10373124
-8,29000000;-1,10321644
-8,28900000;-1,10270321
-8,28800000;-1,10219156
-8,28700000;-1,10168149
-8,28600000;-1,10117299
-8,28500000;-1,10066606
-8,28400000;-1,10016070
-8,28300000;-1,09965690
-8,28200000;-1,09915466
-8,28100000;-1,09865398
-8,28000000;-1,09815485
-8,27900000;-1,09765727
-8,27800000;-1,09716124
-8,27700000;-1,09666675
-8,27600000;-1,09617380
-8,27500000;-1,09568239
-8,27400000;-1,09519252
-8,27300000;-1,09470418
-8,27200000;-1,09421737
-8,27100000;-1,09373208
-8,27000000;-1,09324832
-8,26900000;-1,09276607
-8,26800000;-1,09228535
-8,26700000;-1,09180613
-8,26600000;-1,09132843
-8,26500000;-1,09085224
-8,26400000;-1,09037755
-8,26300000;-1,08990437
-8,26200000;-1,08943268
-8,26100000;-1,08896249
-8,26000000;-1,08849380
-8,25900000;-1,08802659
-8,25800000;-1,08756088
-8,25700000;-1,08709665
-8,25600000;-1,08663390
-8,25500000;-1,08617263
-8,25400000;-1,08571284
-8,25300000;-1,08525452
-8,25200000;-1,08479767
-8,25100000;-1,08434229
-8,25000000;-1,08388838
-8,24900000;-1,08343593
-8,24800000;-1,08298493
-8,24700000;-1,08253540
-8,24600000;-1,08208732
-8,24500000;-1,08164070
-8,24400000;-1,08119552
-8,24300000;-1,08075179
-8,24200000;-1,08030950
-8,24100000;-1,07986865
-8,24000000;-1,07942925
-8,23900000;-1,07899128
-8,23800000;-1,07855474
-8,23700000;-1,07811963
-8,23600000;-1,07768595
-8,23500000;-1,07725370
-8,23400000;-1,07682287
-8,23300000;-1,07639346
-8,23200000;-1,07596547
-8,23100000;-1,07553889
-8,23000000;-1,07511373
-8,22900000;-1,07468997
-8,22800000;-1,07426763
-8,22700000;-1,07384669
-8,22600000;-1,07342715
-8,22500000;-1,07300901
-8,22400000;-1,07259227
-8,22300000;-1,07217693
-8,22200000;-1,07176298
-8,22100000;-1,07135042
-8,22000000;-1,07093924
-8,21900000;-1,07052946
-8,21800000;-1,07012105
-8,21700000;-1,06971403
-8,21600000;-1,06930838
-8,21500000;-1,06890411
-8,21400000;-1,06850122
-8,21300000;-1,06809970
-8,21200000;-1,06769954
-8,21100000;-1,06730075
-8,21000000;-1,06690333
-8,20900000;-1,06650727
-8,20800000;-1,06611256
-8,20700000;-1,06571922
-8,20600000;-1,06532723
-8,20500000;-1,06493659
-8,20400000;-1,06454731
-8,20300000;-1,06415937
-8,20200000;-1,06377277
-8,20100000;-1,06338753
-8,20000000;-1,06300362
-8,19900000;-1,06262105
-8,19800000;-1,06223982
-8,19700000;-1,06185992
-8,19600000;-1,06148136
-8,19500000;-1,06110413
-8,19400000;-1,06072823
-8,19300000;-1,06035365
-8,19200000;-1,05998039
-8,19100000;-1,05960846
-8,19000000;-1,05923785
-8,18900000;-1,05886856
-8,18800000;-1,05850058
-8,18700000;-1,05813391
-8,18600000;-1,05776856
-8,18500000;-1,05740451
-8,18400000;-1,05704178
-8,18300000;-1,05668034
-8,18200000;-1,05632021
-8,18100000;-1,05596139
-8,18000000;-1,05560386
-8,17900000;-1,05524762
-8,17800000;-1,05489269
-8,17700000;-1,05453904
-8,17600000;-1,05418669
-8,17500000;-1,05383562
-8,17400000;-1,05348584
-8,17300000;-1,05313735
-8,17200000;-1,05279014
-8,17100000;-1,05244421
-8,17000000;-1,05209956
-8,16900000;-1,05175619
-8,16800000;-1,05141409
-8,16700000;-1,05107326
-8,16600000;-1,05073371
-8,16500000;-1,05039543
-8,16400000;-1,05005841
-8,16300000;-1,04972266
-8,16200000;-1,04938817
-8,16100000;-1,04905494
-8,16000000;-1,04872298
-8,15900000;-1,04839227
-8,15800000;-1,04806282
-8,15700000;-1,04773462
-8,15600000;-1,04740768
-8,15500000;-1,04708198
-8,15400000;-1,04675754
-8,15300000;-1,04643434
-8,15200000;-1,04611239
-8,15100000;-1,04579168
-8,15000000;-1,04547221
-8,14900000;-1,04515398
-8,14800000;-1,04483700
-8,14700000;-1,04452124
-8,14600000;-1,04420673
-8,14500000;-1,04389344
-8,14400000;-1,04358139
-8,14300000;-1,04327056
-8,14200000;-1,04296097
-8,14100000;-1,04265259
-8,14000000;-1,04234545
-8,13900000;-1,04204006
-8,13800000;-1,04173536
-8,13700000;-1,04143187
-8,13600000;-1,04112960
-8,13500000;-1,04082855
-8,13400000;-1,04052871
-8,13300000;-1,04023008
-8,13200000;-1,03993266
-8,13100000;-1,03963646
-8,13000000;-1,03934146
-8,12900000;-1,03904767
-8,12800000;-1,03875508
-8,12700000;-1,03846369
-8,12600000;-1,03817351
-8,12500000;-1,03788453
-8,12400000;-1,03759674
-8,12300000;-1,03731015
-8,12200000;-1,03702476
-8,12100000;-1,03674056
-8,12000000;-1,03645755
-8,11900000;-1,03617573
-8,11800000;-1,03589510
-8,11700000;-1,03561566
-8,11600000;-1,03533740
-8,11500000;-1,03506033
-8,11400000;-1,03478444
-8,11300000;-1,03450973
-8,11200000;-1,03423620
-8,11100000;-1,03396385
-8,11000000;-1,03369268
-8,10900000;-1,03342268
-8,10800000;-1,03315386
-8,10700000;-1,03288621
-8,10600000;-1,03261972
-8,10500000;-1,03235441
-8,10400000;-1,03209027
-8,10300000;-1,03182730
-8,10200000;-1,03156548
-8,10100000;-1,03130484
-8,10000000;-1,03104535
-8,09900000;-1,03078703
-8,09800000;-1,03052987
-8,09700000;-1,03027386
-8,09600000;-1,03001901
-8,09500000;-1,02976532
-8,09400000;-1,02951278
-8,09300000;-1,02926140
-8,09200000;-1,02901116
-8,09100000;-1,02876208
-8,09000000;-1,02851414
-8,08900000;-1,02826736
-8,08800000;-1,02802171
-8,08700000;-1,02777722
-8,08600000;-1,02753387
-8,08500000;-1,02729165
-8,08400000;-1,02705059
-8,08300000;-1,02681066
-8,08200000;-1,02657186
-8,08100000;-1,02633421
-8,08000000;-1,02609769
-8,07900000;-1,02586231
-8,07800000;-1,02562806
-8,07700000;-1,02539494
-8,07600000;-1,02516295
-8,07500000;-1,02493209
-8,07400000;-1,02470236
-8,07300000;-1,02447376
-8,07200000;-1,02424629
-8,07100000;-1,02401993
-8,07000000;-1,02379471
-8,06900000;-1,02357060
-8,06800000;-1,02334762
-8,06700000;-1,02312575
-8,06600000;-1,02290501
-8,06500000;-1,02268538
-8,06400000;-1,02246687
-8,06300000;-1,02224947
-8,06200000;-1,02203319
-8,06100000;-1,02181802
-8,06000000;-1,02160397
-8,05900000;-1,02139102
-8,05800000;-1,02117919
-8,05700000;-1,02096846
-8,05600000;-1,02075884
-8,05500000;-1,02055033
-8,05400000;-1,02034292
-8,05300000;-1,02013662
-8,05200000;-1,01993142
-8,05100000;-1,01972732
-8,05000000;-1,01952432
-8,04900000;-1,01932242
-8,04800000;-1,01912163
-8,04700000;-1,01892193
-8,04600000;-1,01872332
-8,04500000;-1,01852581
-8,04400000;-1,01832940
-8,04300000;-1,01813408
-8,04200000;-1,01793985
-8,04100000;-1,01774672
-8,04000000;-1,01755467
-8,03900000;-1,01736372
-8,03800000;-1,01717385
-8,03700000;-1,01698507
-8,03600000;-1,01679738
-8,03500000;-1,01661078
-8,03400000;-1,01642525
-8,03300000;-1,01624082
-8,03200000;-1,01605746
-8,03100000;-1,01587519
-8,03000000;-1,01569400
-8,02900000;-1,01551388
-8,02800000;-1,01533485
-8,02700000;-1,01515690
-8,02600000;-1,01498002
-8,02500000;-1,01480422
-8,02400000;-1,01462949
-8,02300000;-1,01445584
-8,02200000;-1,01428326
-8,02100000;-1,01411175
-8,02000000;-1,01394132
-8,01900000;-1,01377196
-8,01800000;-1,01360366
-8,01700000;-1,01343644
-8,01600000;-1,01327028
-8,01500000;-1,01310520
-8,01400000;-1,01294118
-8,01300000;-1,01277822
-8,01200000;-1,01261633
-8,01100000;-1,01245550
-8,01000000;-1,01229574
-8,00900000;-1,01213704
-8,00800000;-1,01197940
-8,00700000;-1,01182282
-8,00600000;-1,01166730
-8,00500000;-1,01151284
-8,00400000;-1,01135944
-8,00300000;-1,01120709
-8,00200000;-1,01105581
-8,00100000;-1,01090558
-8,00000000;-1,01075640
-7,99900000;-1,01060828
-7,99800000;-1,01046121
-7,99700000;-1,01031520
-7,99600000;-1,01017023
-7,99500000;-1,01002632
-7,99400000;-1,00988346
-7,99300000;-1,00974165
-7,99200000;-1,00960089
-7,99100000;-1,00946118
-7,99000000;-1,00932252
-7,98900000;-1,00918490
-7,98800000;-1,00904833
-7,98700000;-1,00891280
-7,98600000;-1,00877832
-7,98500000;-1,00864489
-7,98400000;-1,00851250
-7,98300000;-1,00838115
-7,98200000;-1,00825084
-7,98100000;-1,00812158
-7,98000000;-1,00799335
-7,97900000;-1,00786617
-7,97800000;-1,00774002
-7,97700000;-1,00761492
-7,97600000;-1,00749085
-7,97500000;-1,00736782
-7,97400000;-1,00724583
-7,97300000;-1,00712488
-7,97200000;-1,00700496
-7,97100000;-1,00688608
-7,97000000;-1,00676823
-7,96900000;-1,00665141
-7,96800000;-1,00653563
-7,96700000;-1,00642088
-7,96600000;-1,00630717
-7,96500000;-1,00619448
-7,96400000;-1,00608283
-7,96300000;-1,00597221
-7,96200000;-1,00586262
-7,96100000;-1,00575405
-7,96000000;-1,00564652
-7,95900000;-1,00554002
-7,95800000;-1,00543454
-7,95700000;-1,00533009
-7,95600000;-1,00522666
-7,95500000;-1,00512427
-7,95400000;-1,00502290
-7,95300000;-1,00492255
-7,95200000;-1,00482323
-7,95100000;-1,00472493
-7,95000000;-1,00462766
-7,94900000;-1,00453141
-7,94800000;-1,00443618
-7,94700000;-1,00434198
-7,94600000;-1,00424880
-7,94500000;-1,00415664
-7,94400000;-1,00406550
-7,94300000;-1,00397538
-7,94200000;-1,00388628
-7,94100000;-1,00379819
-7,94000000;-1,00371113
-7,93900000;-1,00362509
-7,93800000;-1,00354007
-7,93700000;-1,00345606
-7,93600000;-1,00337307
-7,93500000;-1,00329110
-7,93400000;-1,00321014
-7,93300000;-1,00313020
-7,93200000;-1,00305128
-7,93100000;-1,00297337
-7,93000000;-1,00289647
-7,92900000;-1,00282059
-7,92800000;-1,00274573
-7,92700000;-1,00267188
-7,92600000;-1,00259904
-7,92500000;-1,00252721
-7,92400000;-1,00245640
-7,92300000;-1,00238660
-7,92200000;-1,00231781
-7,92100000;-1,00225004
-7,92000000;-1,00218327
-7,91900000;-1,00211752
-7,91800000;-1,00205278
-7,91700000;-1,00198904
-7,91600000;-1,00192632
-7,91500000;-1,00186461
-7,91400000;-1,00180390
-7,91300000;-1,00174421
-7,91200000;-1,00168552
-7,91100000;-1,00162784
-7,91000000;-1,00157117
-7,90900000;-1,00151551
-7,90800000;-1,00146086
-7,90700000;-1,00140721
-7,90600000;-1,00135457
-7,90500000;-1,00130294
-7,90400000;-1,00125231
-7,90300000;-1,00120269
-7,90200000;-1,00115407
-7,90100000;-1,00110647
-7,90000000;-1,00105986
-7,89900000;-1,00101426
-7,89800000;-1,00096967
-7,89700000;-1,00092608
-7,89600000;-1,00088350
-7,89500000;-1,00084192
-7,89400000;-1,00080135
-7,89300000;-1,00076178
-7,89200000;-1,00072321
-7,89100000;-1,00068565
-7,89000000;-1,00064909
-7,88900000;-1,00061353
-7,88800000;-1,00057898
-7,88700000;-1,00054543
-7,88600000;-1,00051288
-7,88500000;-1,00048134
-7,88400000;-1,00045079
-7,88300000;-1,00042125
-7,88200000;-1,00039271
-7,88100000;-1,00036518
-7,88000000;-1,00033864
-7,87900000;-1,00031311
-7,87800000;-1,00028858
-7,87700000;-1,00026505
-7,87600000;-1,00024252
-7,87500000;-1,00022099
-7,87400000;-1,00020047
-7,87300000;-1,00018094
-7,87200000;-1,00016242
-7,87100000;-1,00014489
-7,87000000;-1,00012837
-7,86900000;-1,00011285
-7,86800000;-1,00009833
-7,86700000;-1,00008481
-7,86600000;-1,00007229
-7,86500000;-1,00006077
-7,86400000;-1,00005025
-7,86300000;-1,00004073
-7,86200000;-1,00003221
-7,86100000;-1,00002469
-7,86000000;-1,00001817
-7,85900000;-1,00001265
-7,85800000;-1,00000813
-7,85700000;-1,00000461
-7,85600000;-1,00000209
-7,85500000;-1,00000058
-7,85400000;-1,00000006
-7,85300000;-1,00000054
-7,85200000;-1,00000202
-7,85100000;-1,00000450
-7,85000000;-1,00000798
-7,84900000;-1,00001246
-7,84800000;-1,00001794
-7,84700000;-1,00002443
-7,84600000;-1,00003191
-7,84500000;-1,00004039
-7,84400000;-1,00004987
-7,84300000;-1,00006035
-7,84200000;-1,00007184
-7,84100000;-1,00008432
-7,84000000;-1,00009780
-7,83900000;-1,00011228
-7,83800000;-1,00012777
-7,83700000;-1,00014425
-7,83600000;-1,00016174
-7,83500000;-1,00018023
-7,83400000;-1,00019971
-7,83300000;-1,00022020
-7,83200000;-1,00024169
-7,83100000;-1,00026418
-7,83000000;-1,00028767
-7,82900000;-1,00031217
-7,82800000;-1,00033766
-7,82700000;-1,00036416
-7,82600000;-1,00039166
-7,82500000;-1,00042016
-7,82400000;-1,00044966
-7,82300000;-1,00048017
-7,82200000;-1,00051167
-7,82100000;-1,00054418
-7,82000000;-1,00057770
-7,81900000;-1,00061221
-7,81800000;-1,00064773
-7,81700000;-1,00068425
-7,81600000;-1,00072178
-7,81500000;-1,00076031
-7,81400000;-1,00079984
-7,81300000;-1,00084038
-7,81200000;-1,00088192
-7,81100000;-1,00092446
-7,81000000;-1,00096801
-7,80900000;-1,00101257
-7,80800000;-1,00105813
-7,80700000;-1,00110469
-7,80600000;-1,00115226
-7,80500000;-1,00120084
-7,80400000;-1,00125042
-7,80300000;-1,00130101
-7,80200000;-1,00135260
-7,80100000;-1,00140521
-7,80000000;-1,00145882
-7,79900000;-1,00151343
-7,79800000;-1,00156906
-7,79700000;-1,00162569
-7,79600000;-1,00168333
-7,79500000;-1,00174198
-7,79400000;-1,00180163
-7,79300000;-1,00186230
-7,79200000;-1,00192397
-7,79100000;-1,00198666
-7,79000000;-1,00205035
-7,78900000;-1,00211506
-7,78800000;-1,00218078
-7,78700000;-1,00224750
-7,78600000;-1,00231524
-7,78500000;-1,00238399
-7,78400000;-1,00245375
-7,78300000;-1,00252453
-7,78200000;-1,00259631
-7,78100000;-1,00266911
-7,78000000;-1,00274293
-7,77900000;-1,00281775
-7,77800000;-1,00289359
-7,77700000;-1,00297045
-7,77600000;-1,00304832
-7,77500000;-1,00312721
-7,77400000;-1,00320711
-7,77300000;-1,00328802
-7,77200000;-1,00336996
-7,77100000;-1,00345291
-7,77000000;-1,00353688
-7,76900000;-1,00362186
-7,76800000;-1,00370787
-7,76700000;-1,00379489
-7,76600000;-1,00388293
-7,76500000;-1,00397199
-7,76400000;-1,00406208
-7,76300000;-1,00415318
-7,76200000;-1,00424530
-7,76100000;-1,00433844
-7,76000000;-1,00443261
-7,75900000;-1,00452780
-7,75800000;-1,00462401
-7,75700000;-1,00472124
-7,75600000;-1,00481950
-7,75500000;-1,00491878
-7,75400000;-1,00501909
-7,75300000;-1,00512042
-7,75200000;-1,00522278
-7,75100000;-1,00532616
-7,75000000;-1,00543058
-7,74900000;-1,00553601
-7,74800000;-1,00564248
-7,74700000;-1,00574997
-7,74600000;-1,00585850
-7,74500000;-1,00596805
-7,74400000;-1,00607863
-7,74300000;-1,00619025
-7,74200000;-1,00630289
-7,74100000;-1,00641657
-7,74000000;-1,00653128
-7,73900000;-1,00664702
-7,73800000;-1,00676380
-7,73700000;-1,00688161
-7,73600000;-1,00700045
-7,73500000;-1,00712033
-7,73400000;-1,00724124
-7,73300000;-1,00736320
-7,73200000;-1,00748619
-7,73100000;-1,00761021
-7,73000000;-1,00773528
-7,72900000;-1,00786138
-7,72800000;-1,00798853
-7,72700000;-1,00811671
-7,72600000;-1,00824594
-7,72500000;-1,00837620
-7,72400000;-1,00850751
-7,72300000;-1,00863986
-7,72200000;-1,00877326
-7,72100000;-1,00890770
-7,72000000;-1,00904318
-7,71900000;-1,00917972
-7,71800000;-1,00931729
-7,71700000;-1,00945592
-7,71600000;-1,00959559
-7,71500000;-1,00973631
-7,71400000;-1,00987808
-7,71300000;-1,01002090
-7,71200000;-1,01016477
-7,71100000;-1,01030969
-7,71000000;-1,01045567
-7,70900000;-1,01060269
-7,70800000;-1,01075078
-7,70700000;-1,01089991
-7,70600000;-1,01105010
-7,70500000;-1,01120135
-7,70400000;-1,01135365
-7,70300000;-1,01150701
-7,70200000;-1,01166143
-7,70100000;-1,01181691
-7,70000000;-1,01197345
-7,69900000;-1,01213105
-7,69800000;-1,01228971
-7,69700000;-1,01244943
-7,69600000;-1,01261022
-7,69500000;-1,01277207
-7,69400000;-1,01293498
-7,69300000;-1,01309896
-7,69200000;-1,01326401
-7,69100000;-1,01343012
-7,69000000;-1,01359731
-7,68900000;-1,01376556
-7,68800000;-1,01393488
-7,68700000;-1,01410527
-7,68600000;-1,01427674
-7,68500000;-1,01444928
-7,68400000;-1,01462289
-7,68300000;-1,01479757
-7,68200000;-1,01497333
-7,68100000;-1,01515017
-7,68000000;-1,01532808
-7,67900000;-1,01550707
-7,67800000;-1,01568714
-7,67700000;-1,01586829
-7,67600000;-1,01605053
-7,67500000;-1,01623384
-7,67400000;-1,01641824
-7,67300000;-1,01660371
-7,67200000;-1,01679028
-7,67100000;-1,01697793
-7,67000000;-1,01716667
-7,66900000;-1,01735649
-7,66800000;-1,01754740
-7,66700000;-1,01773941
-7,66600000;-1,01793250
-7,66500000;-1,01812668
-7,66400000;-1,01832196
-7,66300000;-1,01851833
-7,66200000;-1,01871580
-7,66100000;-1,01891436
-7,66000000;-1,01911402
-7,65900000;-1,01931477
-7,65800000;-1,01951663
-7,65700000;-1,01971958
-7,65600000;-1,01992364
-7,65500000;-1,02012880
-7,65400000;-1,02033506
-7,65300000;-1,02054242
-7,65200000;-1,02075089
-7,65100000;-1,02096047
-7,65000000;-1,02117115
-7,64900000;-1,02138294
-7,64800000;-1,02159585
-7,64700000;-1,02180986
-7,64600000;-1,02202498
-7,64500000;-1,02224122
-7,64400000;-1,02245857
-7,64300000;-1,02267704
-7,64200000;-1,02289663
-7,64100000;-1,02311733
-7,64000000;-1,02333915
-7,63900000;-1,02356209
-7,63800000;-1,02378615
-7,63700000;-1,02401133
-7,63600000;-1,02423764
-7,63500000;-1,02446507
-7,63400000;-1,02469363
-7,63300000;-1,02492332
-7,63200000;-1,02515413
-7,63100000;-1,02538607
-7,63000000;-1,02561915
-7,62900000;-1,02585335
-7,62800000;-1,02608869
-7,62700000;-1,02632517
-7,62600000;-1,02656278
-7,62500000;-1,02680152
-7,62400000;-1,02704141
-7,62300000;-1,02728244
-7,62200000;-1,02752460
-7,62100000;-1,02776791
-7,62000000;-1,02801236
-7,61900000;-1,02825796
-7,61800000;-1,02850470
-7,61700000;-1,02875259
-7,61600000;-1,02900163
-7,61500000;-1,02925182
-7,61400000;-1,02950316
-7,61300000;-1,02975565
-7,61200000;-1,03000930
-7,61100000;-1,03026410
-7,61000000;-1,03052006
-7,60900000;-1,03077718
-7,60800000;-1,03103546
-7,60700000;-1,03129489
-7,60600000;-1,03155550
-7,60500000;-1,03181726
-7,60400000;-1,03208019
-7,60300000;-1,03234429
-7,60200000;-1,03260955
-7,60100000;-1,03287599
-7,60000000;-1,03314359
-7,59900000;-1,03341237
-7,59800000;-1,03368232
-7,59700000;-1,03395345
-7,59600000;-1,03422575
-7,59500000;-1,03449870
-7,59400000;-1,03477337
-7,59300000;-1,03504921
-7,59200000;-1,03532624
-7,59100000;-1,03560446
-7,59000000;-1,03588386
-7,58900000;-1,03616444
-7,58800000;-1,03644622
-7,58700000;-1,03672918
-7,58600000;-1,03701334
-7,58500000;-1,03729869
-7,58400000;-1,03758524
-7,58300000;-1,03787298
-7,58200000;-1,03816192
-7,58100000;-1,03845206
-7,58000000;-1,03874340
-7,57900000;-1,03903594
-7,57800000;-1,03932969
-7,57700000;-1,03962465
-7,57600000;-1,03992081
-7,57500000;-1,04021818
-7,57400000;-1,04051676
-7,57300000;-1,04081656
-7,57200000;-1,04111756
-7,57100000;-1,04141979
-7,57000000;-1,04172323
-7,56900000;-1,04202789
-7,56800000;-1,04233377
-7,56700000;-1,04264088
-7,56600000;-1,04294921
-7,56500000;-1,04325876
-7,56400000;-1,04356955
-7,56300000;-1,04388156
-7,56200000;-1,04419480
-7,56100000;-1,04450928
-7,56000000;-1,04482499
-7,55900000;-1,04514193
-7,55800000;-1,04546012
-7,55700000;-1,04577954
-7,55600000;-1,04610021
-7,55500000;-1,04642212
-7,55400000;-1,04674528
-7,55300000;-1,04706968
-7,55200000;-1,04739533
-7,55100000;-1,04772223
-7,55000000;-1,04805038
-7,54900000;-1,04837979
-7,54800000;-1,04871046
-7,54700000;-1,04904238
-7,54600000;-1,04937556
-7,54500000;-1,04971001
-7,54400000;-1,05004571
-7,54300000;-1,05038269
-7,54200000;-1,05072093
-7,54100000;-1,05106044
-7,54000000;-1,05140122
-7,53900000;-1,05174327
-7,53800000;-1,05208660
-7,53700000;-1,05243121
-7,53600000;-1,05277709
-7,53500000;-1,05312426
-7,53400000;-1,05347271
-7,53300000;-1,05382244
-7,53200000;-1,05417346
-7,53100000;-1,05452577
-7,53000000;-1,05487937
-7,52900000;-1,05523427
-7,52800000;-1,05559045
-7,52700000;-1,05594794
-7,52600000;-1,05630672
-7,52500000;-1,05666680
-7,52400000;-1,05702819
-7,52300000;-1,05739088
-7,52200000;-1,05775488
-7,52100000;-1,05812019
-7,52000000;-1,05848681
-7,51900000;-1,05885474
-7,51800000;-1,05922399
-7,51700000;-1,05959456
-7,51600000;-1,05996644
-7,51500000;-1,06033965
-7,51400000;-1,06071418
-7,51300000;-1,06109004
-7,51200000;-1,06146723
-7,51100000;-1,06184574
-7,51000000;-1,06222559
-7,50900000;-1,06260678
-7,50800000;-1,06298930
-7,50700000;-1,06337316
-7,50600000;-1,06375836
-7,50500000;-1,06414490
-7,50400000;-1,06453279
-7,50300000;-1,06492203
-7,50200000;-1,06531262
-7,50100000;-1,06570457
-7,50000000;-1,06609786
-7,49900000;-1,06649252
-7,49800000;-1,06688853
-7,49700000;-1,06728591
-7,49600000;-1,06768465
-7,49500000;-1,06808476
-7,49400000;-1,06848623
-7,49300000;-1,06888908
-7,49200000;-1,06929330
-7,49100000;-1,06969889
-7,49000000;-1,07010587
-7,48900000;-1,07051422
-7,48800000;-1,07092396
-7,48700000;-1,07133509
-7,48600000;-1,07174760
-7,48500000;-1,07216150
-7,48400000;-1,07257680
-7,48300000;-1,07299349
-7,48200000;-1,07341157
-7,48100000;-1,07383106
-7,48000000;-1,07425195
-7,47900000;-1,07467425
-7,47800000;-1,07509795
-7,47700000;-1,07552307
-7,47600000;-1,07594959
-7,47500000;-1,07637753
-7,47400000;-1,07680689
-7,47300000;-1,07723767
-7,47200000;-1,07766988
-7,47100000;-1,07810350
-7,47000000;-1,07853856
-7,46900000;-1,07897505
-7,46800000;-1,07941297
-7,46700000;-1,07985232
-7,46600000;-1,08029312
-7,46500000;-1,08073535
-7,46400000;-1,08117903
-7,46300000;-1,08162416
-7,46200000;-1,08207074
-7,46100000;-1,08251876
-7,46000000;-1,08296824
-7,45900000;-1,08341918
-7,45800000;-1,08387158
-7,45700000;-1,08432544
-7,45600000;-1,08478077
-7,45500000;-1,08523757
-7,45400000;-1,08569583
-7,45300000;-1,08615557
-7,45200000;-1,08661679
-7,45100000;-1,08707949
-7,45000000;-1,08754366
-7,44900000;-1,08800933
-7,44800000;-1,08847648
-7,44700000;-1,08894512
-7,44600000;-1,08941526
-7,44500000;-1,08988689
-7,44400000;-1,09036002
-7,44300000;-1,09083465
-7,44200000;-1,09131079
-7,44100000;-1,09178844
-7,44000000;-1,09226760
-7,43900000;-1,09274827
-7,43800000;-1,09323046
-7,43700000;-1,09371417
-7,43600000;-1,09419940
-7,43500000;-1,09468616
-7,43400000;-1,09517444
-7,43300000;-1,09566426
-7,43200000;-1,09615561
-7,43100000;-1,09664851
-7,43000000;-1,09714294
-7,42900000;-1,09763891
-7,42800000;-1,09813644
-7,42700000;-1,09863551
-7,42600000;-1,09913614
-7,42500000;-1,09963833
-7,42400000;-1,10014207
-7,42300000;-1,10064738
-7,42200000;-1,10115425
-7,42100000;-1,10166269
-7,42000000;-1,10217271
-7,41900000;-1,10268430
-7,41800000;-1,10319747
-7,41700000;-1,10371222
-7,41600000;-1,10422855
-7,41500000;-1,10474648
-7,41400000;-1,10526600
-7,41300000;-1,10578711
-7,41200000;-1,10630982
-7,41100000;-1,10683413
-7,41000000;-1,10736005
-7,40900000;-1,10788757
-7,40800000;-1,10841671
-7,40700000;-1,10894746
-7,40600000;-1,10947984
-7,40500000;-1,11001383
-7,40400000;-1,11054945
-7,40300000;-1,11108669
-7,40200000;-1,11162557
-7,40100000;-1,11216609
-7,40000000;-1,11270824
-7,39900000;-1,11325204
-7,39800000;-1,11379748
-7,39700000;-1,11434458
-7,39600000;-1,11489332
-7,39500000;-1,11544372
-7,39400000;-1,11599579
-7,39300000;-1,11654951
-7,39200000;-1,11710491
-7,39100000;-1,11766197
-7,39000000;-1,11822071
-7,38900000;-1,11878113
-7,38800000;-1,11934323
-7,38700000;-1,11990702
-7,38600000;-1,12047249
-7,38500000;-1,12103966
-7,38400000;-1,12160852
-7,38300000;-1,12217909
-7,38200000;-1,12275136
-7,38100000;-1,12332533
-7,38000000;-1,12390102
-7,37900000;-1,12447842
-7,37800000;-1,12505755
-7,37700000;-1,12563839
-7,37600000;-1,12622097
-7,37500000;-1,12680527
-7,37400000;-1,12739131
-7,37300000;-1,12797908
-7,37200000;-1,12856860
-7,37100000;-1,12915987
-7,37000000;-1,12975288
-7,36900000;-1,13034765
-7,36800000;-1,13094418
-7,36700000;-1,13154247
-7,36600000;-1,13214253
-7,36500000;-1,13274435
-7,36400000;-1,13334795
-7,36300000;-1,13395333
-7,36200000;-1,13456049
-7,36100000;-1,13516944
-7,36000000;-1,13578017
-7,35900000;-1,13639271
-7,35800000;-1,13700704
-7,35700000;-1,13762317
-7,35600000;-1,13824111
-7,35500000;-1,13886086
-7,35400000;-1,13948243
-7,35300000;-1,14010581
-7,35200000;-1,14073102
-7,35100000;-1,14135806
-7,35000000;-1,14198693
-7,34900000;-1,14261764
-7,34800000;-1,14325018
-7,34700000;-1,14388458
-7,34600000;-1,14452082
-7,34500000;-1,14515892
-7,34400000;-1,14579887
-7,34300000;-1,14644069
-7,34200000;-1,14708437
-7,34100000;-1,14772993
-7,34000000;-1,14837736
-7,33900000;-1,14902668
-7,33800000;-1,14967787
-7,33700000;-1,15033096
-7,33600000;-1,15098594
-7,33500000;-1,15164282
-7,33400000;-1,15230161
-7,33300000;-1,15296230
-7,33200000;-1,15362490
-7,33100000;-1,15428942
-7,33000000;-1,15495586
-7,32900000;-1,15562423
-7,32800000;-1,15629453
-7,32700000;-1,15696677
-7,32600000;-1,15764094
-7,32500000;-1,15831706
-7,32400000;-1,15899513
-7,32300000;-1,15967516
-7,32200000;-1,16035714
-7,32100000;-1,16104109
-7,32000000;-1,16172701
-7,31900000;-1,16241490
-7,31800000;-1,16310477
-7,31700000;-1,16379663
-7,31600000;-1,16449047
-7,31500000;-1,16518631
-7,31400000;-1,16588414
-7,31300000;-1,16658398
-7,31200000;-1,16728583
-7,31100000;-1,16798969
-7,31000000;-1,16869557
-7,30900000;-1,16940348
-7,30800000;-1,17011341
-7,30700000;-1,17082538
-7,30600000;-1,17153938
-7,30500000;-1,17225544
-7,30400000;-1,17297354
-7,30300000;-1,17369369
-7,30200000;-1,17441591
-7,30100000;-1,17514019
-7,30000000;-1,17586654
-7,29900000;-1,17659496
-7,29800000;-1,17732547
-7,29700000;-1,17805807
-7,29600000;-1,17879275
-7,29500000;-1,17952954
-7,29400000;-1,18026842
-7,29300000;-1,18100942
-7,29200000;-1,18175252
-7,29100000;-1,18249775
-7,29000000;-1,18324510
-7,28900000;-1,18399458
-7,28800000;-1,18474620
-7,28700000;-1,18549995
-7,28600000;-1,18625586
-7,28500000;-1,18701392
-7,28400000;-1,18777413
-7,28300000;-1,18853651
-7,28200000;-1,18930106
-7,28100000;-1,19006778
-7,28000000;-1,19083668
-7,27900000;-1,19160777
-7,27800000;-1,19238105
-7,27700000;-1,19315654
-7,27600000;-1,19393422
-7,27500000;-1,19471411
-7,27400000;-1,19549623
-7,27300000;-1,19628056
-7,27200000;-1,19706712
-7,27100000;-1,19785591
-7,27000000;-1,19864694
-7,26900000;-1,19944022
-7,26800000;-1,20023575
-7,26700000;-1,20103354
-7,26600000;-1,20183359
-7,26500000;-1,20263592
-7,26400000;-1,20344052
-7,26300000;-1,20424740
-7,26200000;-1,20505657
-7,26100000;-1,20586803
-7,26000000;-1,20668180
-7,25900000;-1,20749787
-7,25800000;-1,20831625
-7,25700000;-1,20913696
-7,25600000;-1,20995999
-7,25500000;-1,21078536
-7,25400000;-1,21161306
-7,25300000;-1,21244312
-7,25200000;-1,21327552
-7,25100000;-1,21411028
-7,25000000;-1,21494741
-7,24900000;-1,21578690
-7,24800000;-1,21662878
-7,24700000;-1,21747304
-7,24600000;-1,21831970
-7,24500000;-1,21916875
-7,24400000;-1,22002021
-7,24300000;-1,22087408
-7,24200000;-1,22173036
-7,24100000;-1,22258908
-7,24000000;-1,22345022
-7,23900000;-1,22431381
-7,23800000;-1,22517984
-7,23700000;-1,22604832
-7,23600000;-1,22691926
-7,23500000;-1,22779268
-7,23400000;-1,22866856
-7,23300000;-1,22954693
-7,23200000;-1,23042778
-7,23100000;-1,23131113
-7,23000000;-1,23219698
-7,22900000;-1,23308534
-7,22800000;-1,23397622
-7,22700000;-1,23486962
-7,22600000;-1,23576555
-7,22500000;-1,23666402
-7,22400000;-1,23756504
-7,22300000;-1,23846861
-7,22200000;-1,23937474
-7,22100000;-1,24028344
-7,22000000;-1,24119471
-7,21900000;-1,24210857
-7,21800000;-1,24302502
-7,21700000;-1,24394406
-7,21600000;-1,24486572
-7,21500000;-1,24578998
-7,21400000;-1,24671687
-7,21300000;-1,24764638
-7,21200000;-1,24857854
-7,21100000;-1,24951333
-7,21000000;-1,25045078
-7,20900000;-1,25139089
-7,20800000;-1,25233367
-7,20700000;-1,25327912
-7,20600000;-1,25422726
-7,20500000;-1,25517808
-7,20400000;-1,25613161
-7,20300000;-1,25708785
-7,20200000;-1,25804680
-7,20100000;-1,25900848
-7,20000000;-1,25997288
-7,19900000;-1,26094003
-7,19800000;-1,26190993
-7,19700000;-1,26288259
-7,19600000;-1,26385801
-7,19500000;-1,26483620
-7,19400000;-1,26581718
-7,19300000;-1,26680094
-7,19200000;-1,26778751
-7,19100000;-1,26877688
-7,19000000;-1,26976907
-7,18900000;-1,27076408
-7,18800000;-1,27176193
-7,18700000;-1,27276262
-7,18600000;-1,27376616
-7,18500000;-1,27477256
-7,18400000;-1,27578183
-7,18300000;-1,27679398
-7,18200000;-1,27780901
-7,18100000;-1,27882693
-7,18000000;-1,27984777
-7,17900000;-1,28087151
-7,17800000;-1,28189817
-7,17700000;-1,28292777
-7,17600000;-1,28396031
-7,17500000;-1,28499579
-7,17400000;-1,28603424
-7,17300000;-1,28707565
-7,17200000;-1,28812004
-7,17100000;-1,28916742
-7,17000000;-1,29021779
-7,16900000;-1,29127117
-7,16800000;-1,29232756
-7,16700000;-1,29338698
-7,16600000;-1,29444943
-7,16500000;-1,29551492
-7,16400000;-1,29658347
-7,16300000;-1,29765508
-7,16200000;-1,29872976
-7,16100000;-1,29980753
-7,16000000;-1,30088839
-7,15900000;-1,30197235
-7,15800000;-1,30305942
-7,15700000;-1,30414961
-7,15600000;-1,30524294
-7,15500000;-1,30633940
-7,15400000;-1,30743903
-7,15300000;-1,30854181
-7,15200000;-1,30964776
-7,15100000;-1,31075690
-7,15000000;-1,31186923
-7,14900000;-1,31298477
-7,14800000;-1,31410352
-7,14700000;-1,31522549
-7,14600000;-1,31635070
-7,14500000;-1,31747915
-7,14400000;-1,31861086
-7,14300000;-1,31974584
-7,14200000;-1,32088409
-7,14100000;-1,32202564
-7,14000000;-1,32317048
-7,13900000;-1,32431863
-7,13800000;-1,32547010
-7,13700000;-1,32662491
-7,13600000;-1,32778306
-7,13500000;-1,32894456
-7,13400000;-1,33010943
-7,13300000;-1,33127767
-7,13200000;-1,33244930
-7,13100000;-1,33362433
-7,13000000;-1,33480277
-7,12900000;-1,33598463
-7,12800000;-1,33716993
-7,12700000;-1,33835866
-7,12600000;-1,33955086
-7,12500000;-1,34074652
-7,12400000;-1,34194567
-7,12300000;-1,34314830
-7,12200000;-1,34435444
-7,12100000;-1,34556409
-7,12000000;-1,34677727
-7,11900000;-1,34799399
-7,11800000;-1,34921425
-7,11700000;-1,35043809
-7,11600000;-1,35166549
-7,11500000;-1,35289649
-7,11400000;-1,35413108
-7,11300000;-1,35536928
-7,11200000;-1,35661111
-7,11100000;-1,35785658
-7,11000000;-1,35910662
-7,10900000;-1,36035939
-7,10800000;-1,36161583
-7,10700000;-1,36287596
-7,10600000;-1,36413979
-7,10500000;-1,36540734
-7,10400000;-1,36667861
-7,10300000;-1,36795362
-7,10200000;-1,36923238
-7,10100000;-1,37051490
-7,10000000;-1,37180121
-7,09900000;-1,37309130
-7,09800000;-1,37438520
-7,09700000;-1,37568292
-7,09600000;-1,37698447
-7,09500000;-1,37828986
-7,09400000;-1,37959911
-7,09300000;-1,38091224
-7,09200000;-1,38222925
-7,09100000;-1,38355016
-7,09000000;-1,38487498
-7,08900000;-1,38620373
-7,08800000;-1,38753642
-7,08700000;-1,38887306
-7,08600000;-1,39021368
-7,08500000;-1,39155828
-7,08400000;-1,39290688
-7,08300000;-1,39425949
-7,08200000;-1,39561612
-7,08100000;-1,39697680
-7,08000000;-1,39834153
-7,07900000;-1,39971033
-7,07800000;-1,40108322
-7,07700000;-1,40246021
-7,07600000;-1,40384131
-7,07500000;-1,40522654
-7,07400000;-1,40661592
-7,07300000;-1,40800945
-7,07200000;-1,40940716
-7,07100000;-1,41080906
-7,07000000;-1,41221517
-7,06900000;-1,41362549
-7,06800000;-1,41504006
-7,06700000;-1,41645887
-7,06600000;-1,41788195
-7,06500000;-1,41930932
-7,06400000;-1,42074098
-7,06300000;-1,42217696
-7,06200000;-1,42361727
-7,06100000;-1,42506193
-7,06000000;-1,42651095
-7,05900000;-1,42796434
-7,05800000;-1,42942214
-7,05700000;-1,43088434
-7,05600000;-1,43235098
-7,05500000;-1,43382206
-7,05400000;-1,43529760
-7,05300000;-1,43677762
-7,05200000;-1,43826213
-7,05100000;-1,43975116
-7,05000000;-1,44124472
-7,04900000;-1,44274282
-7,04800000;-1,44424549
-7,04700000;-1,44575273
-7,04600000;-1,44726458
-7,04500000;-1,44878104
-7,04400000;-1,45030213
-7,04300000;-1,45182788
-7,04200000;-1,45335829
-7,04100000;-1,45489339
-7,04000000;-1,45643319
-7,03900000;-1,45797772
-7,03800000;-1,45952698
-7,03700000;-1,46108101
-7,03600000;-1,46263981
-7,03500000;-1,46420341
-7,03400000;-1,46577182
-7,03300000;-1,46734507
-7,03200000;-1,46892316
-7,03100000;-1,47050613
-7,03000000;-1,47209398
-7,02900000;-1,47368675
-7,02800000;-1,47528444
-7,02700000;-1,47688708
-7,02600000;-1,47849468
-7,02500000;-1,48010727
-7,02400000;-1,48172486
-7,02300000;-1,48334748
-7,02200000;-1,48497514
-7,02100000;-1,48660787
-7,02000000;-1,48824568
-7,01900000;-1,48988859
-7,01800000;-1,49153663
-7,01700000;-1,49318982
-7,01600000;-1,49484817
-7,01500000;-1,49651171
-7,01400000;-1,49818045
-7,01300000;-1,49985442
-7,01200000;-1,50153364
-7,01100000;-1,50321812
-7,01000000;-1,50490790
-7,00900000;-1,50660299
-7,00800000;-1,50830341
-7,00700000;-1,51000919
-7,00600000;-1,51172034
-7,00500000;-1,51343689
-7,00400000;-1,51515886
-7,00300000;-1,51688627
-7,00200000;-1,51861915
-7,00100000;-1,52035751
-7,00000000;-1,52210138
-6,99900000;-1,52385078
-6,99800000;-1,52560573
-6,99700000;-1,52736626
-6,99600000;-1,52913239
-6,99500000;-1,53090414
-6,99400000;-1,53268154
-6,99300000;-1,53446460
-6,99200000;-1,53625336
-6,99100000;-1,53804783
-6,99000000;-1,53984804
-6,98900000;-1,54165401
-6,98800000;-1,54346577
-6,98700000;-1,54528334
-6,98600000;-1,54710674
-6,98500000;-1,54893600
-6,98400000;-1,55077115
-6,98300000;-1,55261220
-6,98200000;-1,55445919
-6,98100000;-1,55631213
-6,98000000;-1,55817106
-6,97900000;-1,56003600
-6,97800000;-1,56190697
-6,97700000;-1,56378399
-6,97600000;-1,56566711
-6,97500000;-1,56755633
-6,97400000;-1,56945169
-6,97300000;-1,57135321
-6,97200000;-1,57326092
-6,97100000;-1,57517484
-6,97000000;-1,57709501
-6,96900000;-1,57902144
-6,96800000;-1,58095417
-6,96700000;-1,58289322
-6,96600000;-1,58483862
-6,96500000;-1,58679040
-6,96400000;-1,58874858
-6,96300000;-1,59071319
-6,96200000;-1,59268426
-6,96100000;-1,59466182
-6,96000000;-1,59664590
-6,95900000;-1,59863652
-6,95800000;-1,60063371
-6,95700000;-1,60263750
-6,95600000;-1,60464792
-6,95500000;-1,60666500
-6,95400000;-1,60868877
-6,95300000;-1,61071926
-6,95200000;-1,61275650
-6,95100000;-1,61480051
-6,95000000;-1,61685132
-6,94900000;-1,61890898
-6,94800000;-1,62097350
-6,94700000;-1,62304492
-6,94600000;-1,62512327
-6,94500000;-1,62720857
-6,94400000;-1,62930087
-6,94300000;-1,63140019
-6,94200000;-1,63350655
-6,94100000;-1,63562001
-6,94000000;-1,63774058
-6,93900000;-1,63986829
-6,93800000;-1,64200319
-6,93700000;-1,64414530
-6,93600000;-1,64629465
-6,93500000;-1,64845129
-6,93400000;-1,65061523
-6,93300000;-1,65278651
-6,93200000;-1,65496518
-6,93100000;-1,65715125
-6,93000000;-1,65934477
-6,92900000;-1,66154577
-6,92800000;-1,66375427
-6,92700000;-1,66597033
-6,92600000;-1,66819397
-6,92500000;-1,67042522
-6,92400000;-1,67266413
-6,92300000;-1,67491072
-6,92200000;-1,67716504
-6,92100000;-1,67942711
-6,92000000;-1,68169698
-6,91900000;-1,68397468
-6,91800000;-1,68626024
-6,91700000;-1,68855371
-6,91600000;-1,69085512
-6,91500000;-1,69316451
-6,91400000;-1,69548191
-6,91300000;-1,69780736
-6,91200000;-1,70014091
-6,91100000;-1,70248258
-6,91000000;-1,70483242
-6,90900000;-1,70719046
-6,90800000;-1,70955675
-6,90700000;-1,71193132
-6,90600000;-1,71431422
-6,90500000;-1,71670547
-6,90400000;-1,71910513
-6,90300000;-1,72151323
-6,90200000;-1,72392981
-6,90100000;-1,72635492
-6,90000000;-1,72878858
-6,89900000;-1,73123086
-6,89800000;-1,73368178
-6,89700000;-1,73614139
-6,89600000;-1,73860972
-6,89500000;-1,74108683
-6,89400000;-1,74357276
-6,89300000;-1,74606754
-6,89200000;-1,74857122
-6,89100000;-1,75108385
-6,89000000;-1,75360547
-6,88900000;-1,75613611
-6,88800000;-1,75867583
-6,88700000;-1,76122468
-6,88600000;-1,76378268
-6,88500000;-1,76634990
-6,88400000;-1,76892638
-6,88300000;-1,77151215
-6,88200000;-1,77410727
-6,88100000;-1,77671179
-6,88000000;-1,77932575
-6,87900000;-1,78194919
-6,87800000;-1,78458217
-6,87700000;-1,78722473
-6,87600000;-1,78987692
-6,87500000;-1,79253879
-6,87400000;-1,79521039
-6,87300000;-1,79789176
-6,87200000;-1,80058296
-6,87100000;-1,80328403
-6,87000000;-1,80599503
-6,86900000;-1,80871600
-6,86800000;-1,81144700
-6,86700000;-1,81418807
-6,86600000;-1,81693927
-6,86500000;-1,81970065
-6,86400000;-1,82247227
-6,86300000;-1,82525417
-6,86200000;-1,82804640
-6,86100000;-1,83084902
-6,86000000;-1,83366209
-6,85900000;-1,83648565
-6,85800000;-1,83931977
-6,85700000;-1,84216449
-6,85600000;-1,84501987
-6,85500000;-1,84788597
-6,85400000;-1,85076284
-6,85300000;-1,85365054
-6,85200000;-1,85654912
-6,85100000;-1,85945865
-6,85000000;-1,86237917
-6,84900000;-1,86531075
-6,84800000;-1,86825345
-6,84700000;-1,87120732
-6,84600000;-1,87417242
-6,84500000;-1,87714881
-6,84400000;-1,88013656
-6,84300000;-1,88313572
-6,84200000;-1,88614635
-6,84100000;-1,88916851
-6,84000000;-1,89220227
-6,83900000;-1,89524769
-6,83800000;-1,89830483
-6,83700000;-1,90137375
-6,83600000;-1,90445452
-6,83500000;-1,90754720
-6,83400000;-1,91065185
-6,83300000;-1,91376854
-6,83200000;-1,91689734
-6,83100000;-1,92003831
-6,83000000;-1,92319151
-6,82900000;-1,92635702
-6,82800000;-1,92953490
-6,82700000;-1,93272521
-6,82600000;-1,93592803
-6,82500000;-1,93914343
-6,82400000;-1,94237147
-6,82300000;-1,94561223
-6,82200000;-1,94886577
-6,82100000;-1,95213216
-6,82000000;-1,95541149
-6,81900000;-1,95870381
-6,81800000;-1,96200920
-6,81700000;-1,96532773
-6,81600000;-1,96865948
-6,81500000;-1,97200452
-6,81400000;-1,97536293
-6,81300000;-1,97873478
-6,81200000;-1,98212014
-6,81100000;-1,98551910
-6,81000000;-1,98893173
-6,80900000;-1,99235810
-6,80800000;-1,99579830
-6,80700000;-1,99925240
-6,80600000;-2,00272048
-6,80500000;-2,00620263
-6,80400000;-2,00969892
-6,80300000;-2,01320944
-6,80200000;-2,01673426
-6,80100000;-2,02027347
-6,80000000;-2,02382715
-6,79900000;-2,02739538
-6,79800000;-2,03097826
-6,79700000;-2,03457586
-6,79600000;-2,03818827
-6,79500000;-2,04181557
-6,79400000;-2,04545786
-6,79300000;-2,04911522
-6,79200000;-2,05278773
-6,79100000;-2,05647550
-6,79000000;-2,06017860
-6,78900000;-2,06389713
-6,78800000;-2,06763118
-6,78700000;-2,07138084
-6,78600000;-2,07514621
-6,78500000;-2,07892737
-6,78400000;-2,08272442
-6,78300000;-2,08653746
-6,78200000;-2,09036658
-6,78100000;-2,09421188
-6,78000000;-2,09807345
-6,77900000;-2,10195140
-6,77800000;-2,10584582
-6,77700000;-2,10975681
-6,77600000;-2,11368447
-6,77500000;-2,11762890
-6,77400000;-2,12159021
-6,77300000;-2,12556850
-6,77200000;-2,12956387
-6,77100000;-2,13357642
-6,77000000;-2,13760627
-6,76900000;-2,14165351
-6,76800000;-2,14571826
-6,76700000;-2,14980062
-6,76600000;-2,15390070
-6,76500000;-2,15801861
-6,76400000;-2,16215446
-6,76300000;-2,16630837
-6,76200000;-2,17048045
-6,76100000;-2,17467080
-6,76000000;-2,17887955
-6,75900000;-2,18310681
-6,75800000;-2,18735269
-6,75700000;-2,19161732
-6,75600000;-2,19590081
-6,75500000;-2,20020328
-6,75400000;-2,20452485
-6,75300000;-2,20886565
-6,75200000;-2,21322579
-6,75100000;-2,21760540
-6,75000000;-2,22200461
-6,74900000;-2,22642353
-6,74800000;-2,23086231
-6,74700000;-2,23532105
-6,74600000;-2,23979990
-6,74500000;-2,24429898
-6,74400000;-2,24881843
-6,74300000;-2,25335837
-6,74200000;-2,25791894
-6,74100000;-2,26250028
-6,74000000;-2,26710252
-6,73900000;-2,27172579
-6,73800000;-2,27637024
-6,73700000;-2,28103601
-6,73600000;-2,28572323
-6,73500000;-2,29043205
-6,73400000;-2,29516262
-6,73300000;-2,29991506
-6,73200000;-2,30468954
-6,73100000;-2,30948620
-6,73000000;-2,31430519
-6,72900000;-2,31914665
-6,72800000;-2,32401074
-6,72700000;-2,32889761
-6,72600000;-2,33380741
-6,72500000;-2,33874030
-6,72400000;-2,34369644
-6,72300000;-2,34867599
-6,72200000;-2,35367909
-6,72100000;-2,35870592
-6,72000000;-2,36375664
-6,71900000;-2,36883141
-6,71800000;-2,37393039
-6,71700000;-2,37905376
-6,71600000;-2,38420168
-6,71500000;-2,38937431
-6,71400000;-2,39457185
-6,71300000;-2,39979445
-6,71200000;-2,40504229
-6,71100000;-2,41031555
-6,71000000;-2,41561440
-6,70900000;-2,42093903
-6,70800000;-2,42628670
-6,70700000;-2,43166346
-6,70600000;-2,43706655
-6,70500000;-2,44249615
-6,70400000;-2,44795245
-6,70300000;-2,45343564
-6,70200000;-2,45894591
-6,70100000;-2,46448346
-6,70000000;-2,47004848
-6,69900000;-2,47564117
-6,69800000;-2,48126173
-6,69700000;-2,48691037
-6,69600000;-2,49258727
-6,69500000;-2,49829266
-6,69400000;-2,50402674
-6,69300000;-2,50978971
-6,69200000;-2,51558179
-6,69100000;-2,52140319
-6,69000000;-2,52725413
-6,68900000;-2,53313483
-6,68800000;-2,53904551
-6,68700000;-2,54498638
-6,68600000;-2,55095767
-6,68500000;-2,55695961
-6,68400000;-2,56299243
-6,68300000;-2,56905637
-6,68200000;-2,57515164
-6,68100000;-2,58127849
-6,68000000;-2,58743716
-6,67900000;-2,59362788
-6,67800000;-2,59985091
-6,67700000;-2,60610648
-6,67600000;-2,61239485
-6,67500000;-2,61871626
-6,67400000;-2,62507097
-6,67300000;-2,63145924
-6,67200000;-2,63788131
-6,67100000;-2,64433746
-6,67000000;-2,65082795
-6,66900000;-2,65735303
-6,66800000;-2,66391300
-6,66700000;-2,67050810
-6,66600000;-2,67713863
-6,66500000;-2,68380485
-6,66400000;-2,69050705
-6,66300000;-2,69724551
-6,66200000;-2,70402053
-6,66100000;-2,71083238
-6,66000000;-2,71768136
-6,65900000;-2,72456776
-6,65800000;-2,73149190
-6,65700000;-2,73845406
-6,65600000;-2,74545455
-6,65500000;-2,75249369
-6,65400000;-2,75957179
-6,65300000;-2,76668915
-6,65200000;-2,77384610
-6,65100000;-2,78104296
-6,65000000;-2,78828006
-6,64900000;-2,79555773
-6,64800000;-2,80287630
-6,64700000;-2,81023610
-6,64600000;-2,81763748
-6,64500000;-2,82508079
-6,64400000;-2,83256636
-6,64300000;-2,84009455
-6,64200000;-2,84766572
-6,64100000;-2,85528023
-6,64000000;-2,86293844
-6,63900000;-2,87064072
-6,63800000;-2,87838744
-6,63700000;-2,88617897
-6,63600000;-2,89401571
-6,63500000;-2,90189803
-6,63400000;-2,90982632
-6,63300000;-2,91780097
-6,63200000;-2,92582239
-6,63100000;-2,93389098
-6,63000000;-2,94200714
-6,62900000;-2,95017129
-6,62800000;-2,95838384
-6,62700000;-2,96664522
-6,62600000;-2,97495585
-6,62500000;-2,98331616
-6,62400000;-2,99172660
-6,62300000;-3,00018759
-6,62200000;-3,00869960
-6,62100000;-3,01726307
-6,62000000;-3,02587847
-6,61900000;-3,03454624
-6,61800000;-3,04326687
-6,61700000;-3,05204083
-6,61600000;-3,06086859
-6,61500000;-3,06975065
-6,61400000;-3,07868749
-6,61300000;-3,08767962
-6,61200000;-3,09672753
-6,61100000;-3,10583174
-6,61000000;-3,11499276
-6,60900000;-3,12421112
-6,60800000;-3,13348735
-6,60700000;-3,14282198
-6,60600000;-3,15221554
-6,60500000;-3,16166861
-6,60400000;-3,17118171
-6,60300000;-3,18075543
-6,60200000;-3,19039033
-6,60100000;-3,20008699
-6,60000000;-3,20984599
-6,59900000;-3,21966792
-6,59800000;-3,22955339
-6,59700000;-3,23950299
-6,59600000;-3,24951735
-6,59500000;-3,25959709
-6,59400000;-3,26974283
-6,59300000;-3,27995522
-6,59200000;-3,29023490
-6,59100000;-3,30058253
-6,59000000;-3,31099877
-6,58900000;-3,32148430
-6,58800000;-3,33203979
-6,58700000;-3,34266594
-6,58600000;-3,35336345
-6,58500000;-3,36413302
-6,58400000;-3,37497537
-6,58300000;-3,38589124
-6,58200000;-3,39688135
-6,58100000;-3,40794646
-6,58000000;-3,41908732
-6,57900000;-3,43030470
-6,57800000;-3,44159938
-6,57700000;-3,45297215
-6,57600000;-3,46442381
-6,57500000;-3,47595517
-6,57400000;-3,48756704
-6,57300000;-3,49926027
-6,57200000;-3,51103569
-6,57100000;-3,52289417
-6,57000000;-3,53483657
-6,56900000;-3,54686378
-6,56800000;-3,55897667
-6,56700000;-3,57117617
-6,56600000;-3,58346319
-6,56500000;-3,59583865
-6,56400000;-3,60830351
-6,56300000;-3,62085872
-6,56200000;-3,63350526
-6,56100000;-3,64624410
-6,56000000;-3,65907626
-6,55900000;-3,67200274
-6,55800000;-3,68502457
-6,55700000;-3,69814279
-6,55600000;-3,71135848
-6,55500000;-3,72467270
-6,55400000;-3,73808653
-6,55300000;-3,75160110
-6,55200000;-3,76521752
-6,55100000;-3,77893694
-6,55000000;-3,79276051
-6,54900000;-3,80668940
-6,54800000;-3,82072482
-6,54700000;-3,83486796
-6,54600000;-3,84912007
-6,54500000;-3,86348238
-6,54400000;-3,87795616
-6,54300000;-3,89254271
-6,54200000;-3,90724332
-6,54100000;-3,92205933
-6,54000000;-3,93699209
-6,53900000;-3,95204295
-6,53800000;-3,96721331
-6,53700000;-3,98250459
-6,53600000;-3,99791821
-6,53500000;-4,01345564
-6,53400000;-4,02911835
-6,53300000;-4,04490785
-6,53200000;-4,06082567
-6,53100000;-4,07687336
-6,53000000;-4,09305249
-6,52900000;-4,10936468
-6,52800000;-4,12581155
-6,52700000;-4,14239475
-6,52600000;-4,15911598
-6,52500000;-4,17597694
-6,52400000;-4,19297938
-6,52300000;-4,21012506
-6,52200000;-4,22741578
-6,52100000;-4,24485338
-6,52000000;-4,26243970
-6,51900000;-4,28017665
-6,51800000;-4,29806615
-6,51700000;-4,31611015
-6,51600000;-4,33431065
-6,51500000;-4,35266967
-6,51400000;-4,37118926
-6,51300000;-4,38987153
-6,51200000;-4,40871861
-6,51100000;-4,42773267
-6,51000000;-4,44691591
-6,50900000;-4,46627058
-6,50800000;-4,48579897
-6,50700000;-4,50550341
-6,50600000;-4,52538627
-6,50500000;-4,54544996
-6,50400000;-4,56569693
-6,50300000;-4,58612969
-6,50200000;-4,60675079
-6,50100000;-4,62756281
-6,50000000;-4,64856840
-6,49900000;-4,66977025
-6,49800000;-4,69117110
-6,49700000;-4,71277375
-6,49600000;-4,73458102
-6,49500000;-4,75659583
-6,49400000;-4,77882113
-6,49300000;-4,80125992
-6,49200000;-4,82391527
-6,49100000;-4,84679031
-6,49000000;-4,86988823
-6,48900000;-4,89321226
-6,48800000;-4,91676574
-6,48700000;-4,94055202
-6,48600000;-4,96457455
-6,48500000;-4,98883685
-6,48400000;-5,01334249
-6,48300000;-5,03809514
-6,48200000;-5,06309851
-6,48100000;-5,08835641
-6,48000000;-5,11387272
-6,47900000;-5,13965139
-6,47800000;-5,16569647
-6,47700000;-5,19201207
-6,47600000;-5,21860242
-6,47500000;-5,24547179
-6,47400000;-5,27262459
-6,47300000;-5,30006529
-6,47200000;-5,32779846
-6,47100000;-5,35582877
-6,47000000;-5,38416100
-6,46900000;-5,41280002
-6,46800000;-5,44175081
-6,46700000;-5,47101845
-6,46600000;-5,50060816
-6,46500000;-5,53052523
-6,46400000;-5,56077510
-6,46300000;-5,59136332
-6,46200000;-5,62229557
-6,46100000;-5,65357766
-6,46000000;-5,68521551
-6,45900000;-5,71721520
-6,45800000;-5,74958294
-6,45700000;-5,78232508
-6,45600000;-5,81544811
-6,45500000;-5,84895869
-6,45400000;-5,88286363
-6,45300000;-5,91716988
-6,45200000;-5,95188459
-6,45100000;-5,98701505
-6,45000000;-6,02256874
-6,44900000;-6,05855331
-6,44800000;-6,09497662
-6,44700000;-6,13184668
-6,44600000;-6,16917174
-6,44500000;-6,20696023
-6,44400000;-6,24522080
-6,44300000;-6,28396230
-6,44200000;-6,32319382
-6,44100000;-6,36292467
-6,44000000;-6,40316441
-6,43900000;-6,44392284
-6,43800000;-6,48521000
-6,43700000;-6,52703620
-6,43600000;-6,56941204
-6,43500000;-6,61234836
-6,43400000;-6,65585632
-6,43300000;-6,69994737
-6,43200000;-6,74463325
-6,43100000;-6,78992604
-6,43000000;-6,83583815
-6,42900000;-6,88238231
-6,42800000;-6,92957161
-6,42700000;-6,97741952
-6,42600000;-7,02596431
-6,42500000;-7,07517080
-6,42400000;-7,12507860
-6,42300000;-7,17570274
-6,42200000;-7,22705870
-6,42100000;-7,27916243
-6,42000000;-7,33203030
-6,41900000;-7,38567920
-6,41800000;-7,44012651
-6,41700000;-7,49539014
-6,41600000;-7,55148850
-6,41500000;-7,60844062
-6,41400000;-7,66626605
-6,41300000;-7,72498499
-6,41200000;-7,78461824
-6,41100000;-7,84518726
-6,41000000;-7,90671419
-6,40900000;-7,96922187
-6,40800000;-8,03273387
-6,40700000;-8,09727452
-6,40600000;-8,16286896
-6,40500000;-8,22954313
-6,40400000;-8,29732384
-6,40300000;-8,36623880
-6,40200000;-8,43631664
-6,40100000;-8,50758699
-6,40000000;-8,58008046
-6,39900000;-8,65382873
-6,39800000;-8,72886459
-6,39700000;-8,80522198
-6,39600000;-8,88293605
-6,39500000;-8,96204318
-6,39400000;-9,04258110
-6,39300000;-9,12458889
-6,39200000;-9,20810706
-6,39100000;-9,29317766
-6,39000000;-9,37984428
-6,38900000;-9,46815217
-6,38800000;-9,55814831
-6,38700000;-9,64988147
-6,38600000;-9,74340235
-6,38500000;-9,83876362
-6,38400000;-9,93602004
-6,38300000;-10,03522857
-6,38200000;-10,13644848
-6,38100000;-10,23974146
-6,38000000;-10,34517175
-6,37900000;-10,45280626
-6,37800000;-10,56271473
-6,37700000;-10,67496989
-6,37600000;-10,78964758
-6,37500000;-10,90682695
-6,37400000;-11,02659066
-6,37300000;-11,14902501
-6,37200000;-11,27422022
-6,37100000;-11,40227061
-6,37000000;-11,53327483
-6,36900000;-11,66733616
-6,36800000;-11,80456272
-6,36700000;-11,94506781
-6,36600000;-12,08897020
-6,36500000;-12,23639445
-6,36400000;-12,38747131
-6,36300000;-12,54233806
-6,36200000;-12,70113896
-6,36100000;-12,86402569
-6,36000000;-13,03115781
-6,35900000;-13,20270332
-6,35800000;-13,37883919
-6,35700000;-13,55975198
-6,35600000;-13,74563850
-6,35500000;-13,93670652
-6,35400000;-14,13317556
-6,35300000;-14,33527770
-6,35200000;-14,54325851
-6,35100000;-14,75737806
-6,35000000;-14,97791198
-6,34900000;-15,20515264
-6,34800000;-15,43941049
-6,34700000;-15,68101539
-6,34600000;-15,93031824
-6,34500000;-16,18769265
-6,34400000;-16,45353677
-6,34300000;-16,72827541
-6,34200000;-17,01236226
-6,34100000;-17,30628239
-6,34000000;-17,61055503
-6,33900000;-17,92573662
-6,33800000;-18,25242420
-6,33700000;-18,59125921
-6,33600000;-18,94293162
-6,33500000;-19,30818473
-6,33400000;-19,68782030
-6,33300000;-20,08270449
-6,33200000;-20,49377443
-6,33100000;-20,92204565
-6,33000000;-21,36862046
-6,32900000;-21,83469738
-6,32800000;-22,32158195
-6,32700000;-22,83069885
-6,32600000;-23,36360590
-6,32500000;-23,92200992
-6,32400000;-24,50778501
-6,32300000;-25,12299356
-6,32200000;-25,76991049
-6,32100000;-26,45105136
-6,32000000;-27,16920505
-6,31900000;-27,92747191
-6,31800000;-28,72930853
-6,31700000;-29,57858035
-6,31600000;-30,47962402
-6,31500000;-31,43732142
-6,31400000;-32,45718815
-6,31300000;-33,54547976
-6,31200000;-34,70932022
-6,31100000;-35,95685798
-6,31000000;-37,29745699
-6,30900000;-38,74193219
-6,30800000;-40,30284178
-6,30700000;-41,99485333
-6,30600000;-43,83520598
-6,30500000;-45,84429989
-6,30400000;-48,04645557
-6,30300000;-50,47090310
-6,30200000;-53,15308689
-6,30100000;-56,13640980
-6,30000000;-59,47459970
-6,29900000;-63,23497378
-6,29800000;-67,50302504
-6,29700000;-72,38669820
-6,29600000;-78,03542496
-6,29500000;-84,64037239
-6,29400000;-92,46679647
-6,29300000;-101,88805888
-6,29200000;-113,44694822
-6,29100000;-127,96408290
-6,29000000;-146,74175730
-6,28900000;-171,97813037
-6,28800000;-207,69757016
-6,28700000;-262,14430544
-6,28600000;-355,27855564
-6,28500000;-551,05745086
-6,28400000;-1227,45650175
-6,28300000;5405,51771506
-6,28200000;843,88384415
-6,28100000;457,66651742
-6,28000000;313,97226087
-6,27900000;238,94924141
-6,27800000;192,86479294
-6,27700000;161,68241257
-6,27600000;139,17993889
-6,27500000;122,17597507
-6,27400000;108,87459983
-6,27300000;98,18521227
-6,27200000;89,40723430
-6,27100000;82,07006841
-6,27000000;75,84588467
-6,26900000;70,49929730
-6,26800000;65,85692534
-6,26700000;61,78823763
-6,26600000;58,19308560
-6,26500000;54,99334953
-6,26400000;52,12719735
-6,26300000;49,54505006
-6,26200000;47,20668985
-6,26100000;45,07915022
-6,26000000;43,13515225
-6,25900000;41,35192873
-6,25800000;39,71032844
-6,25700000;38,19412570
-6,25600000;36,78948224
-6,25500000;35,48452376
-6,25400000;34,26900337
-6,25300000;33,13403208
-6,25200000;32,07186106
-6,25100000;31,07570452
-6,25000000;30,13959459
-6,24900000;29,25826172
-6,24800000;28,42703541
-6,24700000;27,64176148
-6,24600000;26,89873257
-6,24500000;26,19462973
-6,24400000;25,52647278
-6,24300000;24,89157817
-6,24200000;24,28752303
-6,24100000;23,71211418
-6,24000000;23,16336162
-6,23900000;22,63945547
-6,23800000;22,13874610
-6,23700000;21,65972673
-6,23600000;21,20101831
-6,23500000;20,76135630
-6,23400000;20,33957897
-6,23300000;19,93461719
-6,23200000;19,54548539
-6,23100000;19,17127354
-6,23000000;18,81114005
-6,22900000;18,46430547
-6,22800000;18,13004683
-6,22700000;17,80769263
-6,22600000;17,49661836
-6,22500000;17,19624242
-6,22400000;16,90602254
-6,22300000;16,62545247
-6,22200000;16,35405906
-6,22100000;16,09139962
-6,22000000;15,83705944
-6,21900000;15,59064969
-6,21800000;15,35180540
-6,21700000;15,12018363
-6,21600000;14,89546188
-6,21500000;14,67733656
-6,21400000;14,46552165
-6,21300000;14,25974740
-6,21200000;14,05975925
-6,21100000;13,86531672
-6,21000000;13,67619249
-6,20900000;13,49217149
-6,20800000;13,31305009
-6,20700000;13,13863536
-6,20600000;12,96874435
-6,20500000;12,80320351
-6,20400000;12,64184800
-6,20300000;12,48452125
-6,20200000;12,33107439
-6,20100000;12,18136578
-6,20000000;12,03526062
-6,19900000;11,89263048
-6,19800000;11,75335298
-6,19700000;11,61731144
-6,19600000;11,48439449
-6,19500000;11,35449585
-6,19400000;11,22751398
-6,19300000;11,10335186
-6,19200000;10,98191671
-6,19100000;10,86311980
-6,19000000;10,74687619
-6,18900000;10,63310455
-6,18800000;10,52172697
-6,18700000;10,41266878
-6,18600000;10,30585838
-6,18500000;10,20122710
-6,18400000;10,09870902
-6,18300000;9,99824087
-6,18200000;9,89976187
-6,18100000;9,80321362
-6,18000000;9,70853998
-6,17900000;9,61568698
-6,17800000;9,52460270
-6,17700000;9,43523715
-6,17600000;9,34754224
-6,17500000;9,26147163
-6,17400000;9,17698071
-6,17300000;9,09402646
-6,17200000;9,01256741
-6,17100000;8,93256359
-6,17000000;8,85397642
-6,16900000;8,77676869
-6,16800000;8,70090446
-6,16700000;8,62634905
-6,16600000;8,55306895
-6,16500000;8,48103179
-6,16400000;8,41020629
-6,16300000;8,34056219
-6,16200000;8,27207026
-6,16100000;8,20470220
-6,16000000;8,13843064
-6,15900000;8,07322910
-6,15800000;8,00907194
-6,15700000;7,94593432
-6,15600000;7,88379220
-6,15500000;7,82262228
-6,15400000;7,76240198
-6,15300000;7,70310942
-6,15200000;7,64472339
-6,15100000;7,58722331
-6,15000000;7,53058922
-6,14900000;7,47480176
-6,14800000;7,41984216
-6,14700000;7,36569216
-6,14600000;7,31233407
-6,14500000;7,25975070
-6,14400000;7,20792534
-6,14300000;7,15684178
-6,14200000;7,10648425
-6,14100000;7,05683743
-6,14000000;7,00788645
-6,13900000;6,95961680
-6,13800000;6,91201443
-6,13700000;6,86506564
-6,13600000;6,81875710
-6,13500000;6,77307585
-6,13400000;6,72800928
-6,13300000;6,68354512
-6,13200000;6,63967140
-6,13100000;6,59637649
-6,13000000;6,55364906
-6,12900000;6,51147806
-6,12800000;6,46985273
-6,12700000;6,42876261
-6,12600000;6,38819746
-6,12500000;6,34814735
-6,12400000;6,30860255
-6,12300000;6,26955361
-6,12200000;6,23099130
-6,12100000;6,19290661
-6,12000000;6,15529078
-6,11900000;6,11813522
-6,11800000;6,08143159
-6,11700000;6,04517172
-6,11600000;6,00934765
-6,11500000;5,97395162
-6,11400000;5,93897602
-6,11300000;5,90441345
-6,11200000;5,87025667
-6,11100000;5,83649861
-6,11000000;5,80313237
-6,10900000;5,77015119
-6,10800000;5,73754849
-6,10700000;5,70531781
-6,10600000;5,67345287
-6,10500000;5,64194750
-6,10400000;5,61079568
-6,10300000;5,57999154
-6,10200000;5,54952930
-6,10100000;5,51940334
-6,10000000;5,48960816
-6,09900000;5,46013837
-6,09800000;5,43098870
-6,09700000;5,40215398
-6,09600000;5,37362918
-6,09500000;5,34540935
-6,09400000;5,31748966
-6,09300000;5,28986537
-6,09200000;5,26253184
-6,09100000;5,23548455
-6,09000000;5,20871904
-6,08900000;5,18223096
-6,08800000;5,15601605
-6,08700000;5,13007014
-6,08600000;5,10438912
-6,08500000;5,07896899
-6,08400000;5,05380583
-6,08300000;5,02889577
-6,08200000;5,00423505
-6,08100000;4,97981997
-6,08000000;4,95564690
-6,07900000;4,93171229
-6,07800000;4,90801265
-6,07700000;4,88454456
-6,07600000;4,86130467
-6,07500000;4,83828969
-6,07400000;4,81549640
-6,07300000;4,79292163
-6,07200000;4,77056228
-6,07100000;4,74841531
-6,07000000;4,72647772
-6,06900000;4,70474658
-6,06800000;4,68321902
-6,06700000;4,66189221
-6,06600000;4,64076338
-6,06500000;4,61982981
-6,06400000;4,59908882
-6,06300000;4,57853779
-6,06200000;4,55817415
-6,06100000;4,53799536
-6,06000000;4,51799895
-6,05900000;4,49818246
-6,05800000;4,47854352
-6,05700000;4,45907975
-6,05600000;4,43978885
-6,05500000;4,42066854
-6,05400000;4,40171660
-6,05300000;4,38293083
-6,05200000;4,36430907
-6,05100000;4,34584920
-6,05000000;4,32754915
-6,04900000;4,30940687
-6,04800000;4,29142033
-6,04700000;4,27358757
-6,04600000;4,25590665
-6,04500000;4,23837564
-6,04400000;4,22099267
-6,04300000;4,20375589
-6,04200000;4,18666349
-6,04100000;4,16971367
-6,04000000;4,15290468
-6,03900000;4,13623478
-6,03800000;4,11970228
-6,03700000;4,10330550
-6,03600000;4,08704279
-6,03500000;4,07091254
-6,03400000;4,05491315
-6,03300000;4,03904305
-6,03200000;4,02330070
-6,03100000;4,00768458
-6,03000000;3,99219319
-6,02900000;3,97682506
-6,02800000;3,96157875
-6,02700000;3,94645283
-6,02600000;3,93144588
-6,02500000;3,91655654
-6,02400000;3,90178344
-6,02300000;3,88712524
-6,02200000;3,87258062
-6,02100000;3,85814829
-6,02000000;3,84382696
-6,01900000;3,82961537
-6,01800000;3,81551228
-6,01700000;3,80151647
-6,01600000;3,78762674
-6,01500000;3,77384190
-6,01400000;3,76016077
-6,01300000;3,74658222
-6,01200000;3,73310511
-6,01100000;3,71972831
-6,01000000;3,70645072
-6,00900000;3,69327127
-6,00800000;3,68018889
-6,00700000;3,66720251
-6,00600000;3,65431110
-6,00500000;3,64151364
-6,00400000;3,62880911
-6,00300000;3,61619653
-6,00200000;3,60367491
-6,00100000;3,59124328
-6,00000000;3,57890070
-5,99900000;3,56664622
-5,99800000;3,55447892
-5,99700000;3,54239788
-5,99600000;3,53040220
-5,99500000;3,51849100
-5,99400000;3,50666340
-5,99300000;3,49491853
-5,99200000;3,48325555
-5,99100000;3,47167361
-5,99000000;3,46017188
-5,98900000;3,44874955
-5,98800000;3,43740581
-5,98700000;3,42613987
-5,98600000;3,41495093
-5,98500000;3,40383823
-5,98400000;3,39280100
-5,98300000;3,38183849
-5,98200000;3,37094995
-5,98100000;3,36013466
-5,98000000;3,34939188
-5,97900000;3,33872090
-5,97800000;3,32812102
-5,97700000;3,31759153
-5,97600000;3,30713176
-5,97500000;3,29674103
-5,97400000;3,28641866
-5,97300000;3,27616399
-5,97200000;3,26597638
-5,97100000;3,25585517
-5,97000000;3,24579974
-5,96900000;3,23580945
-5,96800000;3,22588369
-5,96700000;3,21602184
-5,96600000;3,20622331
-5,96500000;3,19648748
-5,96400000;3,18681379
-5,96300000;3,17720163
-5,96200000;3,16765044
-5,96100000;3,15815966
-5,96000000;3,14872871
-5,95900000;3,13935706
-5,95800000;3,13004414
-5,95700000;3,12078943
-5,95600000;3,11159238
-5,95500000;3,10245248
-5,95400000;3,09336920
-5,95300000;3,08434203
-5,95200000;3,07537045
-5,95100000;3,06645398
-5,95000000;3,05759210
-5,94900000;3,04878434
-5,94800000;3,04003021
-5,94700000;3,03132924
-5,94600000;3,02268093
-5,94500000;3,01408485
-5,94400000;3,00554051
-5,94300000;2,99704746
-5,94200000;2,98860527
-5,94100000;2,98021346
-5,94000000;2,97187162
-5,93900000;2,96357931
-5,93800000;2,95533608
-5,93700000;2,94714153
-5,93600000;2,93899522
-5,93500000;2,93089675
-5,93400000;2,92284570
-5,93300000;2,91484167
-5,93200000;2,90688425
-5,93100000;2,89897306
-5,93000000;2,89110769
-5,92900000;2,88328776
-5,92800000;2,87551289
-5,92700000;2,86778270
-5,92600000;2,86009681
-5,92500000;2,85245485
-5,92400000;2,84485646
-5,92300000;2,83730127
-5,92200000;2,82978892
-5,92100000;2,82231907
-5,92000000;2,81489136
-5,91900000;2,80750544
-5,91800000;2,80016097
-5,91700000;2,79285762
-5,91600000;2,78559504
-5,91500000;2,77837290
-5,91400000;2,77119088
-5,91300000;2,76404866
-5,91200000;2,75694590
-5,91100000;2,74988230
-5,91000000;2,74285753
-5,90900000;2,73587130
-5,90800000;2,72892328
-5,90700000;2,72201318
-5,90600000;2,71514070
-5,90500000;2,70830553
-5,90400000;2,70150738
-5,90300000;2,69474597
-5,90200000;2,68802100
-5,90100000;2,68133218
-5,90000000;2,67467924
-5,89900000;2,66806189
-5,89800000;2,66147986
-5,89700000;2,65493288
-5,89600000;2,64842066
-5,89500000;2,64194295
-5,89400000;2,63549948
-5,89300000;2,62908999
-5,89200000;2,62271422
-5,89100000;2,61637190
-5,89000000;2,61006278
-5,88900000;2,60378662
-5,88800000;2,59754316
-5,88700000;2,59133216
-5,88600000;2,58515336
-5,88500000;2,57900654
-5,88400000;2,57289144
-5,88300000;2,56680784
-5,88200000;2,56075549
-5,88100000;2,55473416
-5,88000000;2,54874363
-5,87900000;2,54278366
-5,87800000;2,53685403
-5,87700000;2,53095452
-5,87600000;2,52508490
-5,87500000;2,51924496
-5,87400000;2,51343448
-5,87300000;2,50765323
-5,87200000;2,50190102
-5,87100000;2,49617763
-5,87000000;2,49048285
-5,86900000;2,48481648
-5,86800000;2,47917830
-5,86700000;2,47356812
-5,86600000;2,46798574
-5,86500000;2,46243095
-5,86400000;2,45690356
-5,86300000;2,45140338
-5,86200000;2,44593021
-5,86100000;2,44048386
-5,86000000;2,43506414
-5,85900000;2,42967086
-5,85800000;2,42430384
-5,85700000;2,41896290
-5,85600000;2,41364784
-5,85500000;2,40835849
-5,85400000;2,40309467
-5,85300000;2,39785620
-5,85200000;2,39264291
-5,85100000;2,38745462
-5,85000000;2,38229116
-5,84900000;2,37715236
-5,84800000;2,37203804
-5,84700000;2,36694805
-5,84600000;2,36188222
-5,84500000;2,35684037
-5,84400000;2,35182235
-5,84300000;2,34682799
-5,84200000;2,34185714
-5,84100000;2,33690963
-5,84000000;2,33198531
-5,83900000;2,32708402
-5,83800000;2,32220561
-5,83700000;2,31734992
-5,83600000;2,31251681
-5,83500000;2,30770611
-5,83400000;2,30291769
-5,83300000;2,29815139
-5,83200000;2,29340707
-5,83100000;2,28868458
-5,83000000;2,28398377
-5,82900000;2,27930452
-5,82800000;2,27464666
-5,82700000;2,27001008
-5,82600000;2,26539461
-5,82500000;2,26080013
-5,82400000;2,25622650
-5,82300000;2,25167359
-5,82200000;2,24714126
-5,82100000;2,24262937
-5,82000000;2,23813781
-5,81900000;2,23366642
-5,81800000;2,22921509
-5,81700000;2,22478369
-5,81600000;2,22037209
-5,81500000;2,21598015
-5,81400000;2,21160777
-5,81300000;2,20725481
-5,81200000;2,20292115
-5,81100000;2,19860667
-5,81000000;2,19431125
-5,80900000;2,19003476
-5,80800000;2,18577709
-5,80700000;2,18153812
-5,80600000;2,17731773
-5,80500000;2,17311581
-5,80400000;2,16893225
-5,80300000;2,16476692
-5,80200000;2,16061971
-5,80100000;2,15649052
-5,80000000;2,15237922
-5,79900000;2,14828572
-5,79800000;2,14420990
-5,79700000;2,14015165
-5,79600000;2,13611087
-5,79500000;2,13208744
-5,79400000;2,12808127
-5,79300000;2,12409224
-5,79200000;2,12012026
-5,79100000;2,11616521
-5,79000000;2,11222700
-5,78900000;2,10830553
-5,78800000;2,10440069
-5,78700000;2,10051239
-5,78600000;2,09664052
-5,78500000;2,09278499
-5,78400000;2,08894570
-5,78300000;2,08512255
-5,78200000;2,08131544
-5,78100000;2,07752429
-5,78000000;2,07374899
-5,77900000;2,06998945
-5,77800000;2,06624559
-5,77700000;2,06251730
-5,77600000;2,05880449
-5,77500000;2,05510709
-5,77400000;2,05142498
-5,77300000;2,04775809
-5,77200000;2,04410633
-5,77100000;2,04046960
-5,77000000;2,03684783
-5,76900000;2,03324091
-5,76800000;2,02964878
-5,76700000;2,02607134
-5,76600000;2,02250851
-5,76500000;2,01896020
-5,76400000;2,01542633
-5,76300000;2,01190682
-5,76200000;2,00840158
-5,76100000;2,00491054
-5,76000000;2,00143361
-5,75900000;1,99797072
-5,75800000;1,99452178
-5,75700000;1,99108671
-5,75600000;1,98766544
-5,75500000;1,98425789
-5,75400000;1,98086398
-5,75300000;1,97748363
-5,75200000;1,97411677
-5,75100000;1,97076332
-5,75000000;1,96742321
-5,74900000;1,96409637
-5,74800000;1,96078271
-5,74700000;1,95748217
-5,74600000;1,95419468
-5,74500000;1,95092015
-5,74400000;1,94765853
-5,74300000;1,94440974
-5,74200000;1,94117370
-5,74100000;1,93795035
-5,74000000;1,93473962
-5,73900000;1,93154144
-5,73800000;1,92835574
-5,73700000;1,92518245
-5,73600000;1,92202151
-5,73500000;1,91887285
-5,73400000;1,91573640
-5,73300000;1,91261209
-5,73200000;1,90949987
-5,73100000;1,90639966
-5,73000000;1,90331140
-5,72900000;1,90023503
-5,72800000;1,89717048
-5,72700000;1,89411769
-5,72600000;1,89107660
-5,72500000;1,88804715
-5,72400000;1,88502926
-5,72300000;1,88202289
-5,72200000;1,87902797
-5,72100000;1,87604443
-5,72000000;1,87307223
-5,71900000;1,87011130
-5,71800000;1,86716157
-5,71700000;1,86422300
-5,71600000;1,86129552
-5,71500000;1,85837908
-5,71400000;1,85547362
-5,71300000;1,85257907
-5,71200000;1,84969539
-5,71100000;1,84682252
-5,71000000;1,84396040
-5,70900000;1,84110897
-5,70800000;1,83826819
-5,70700000;1,83543799
-5,70600000;1,83261832
-5,70500000;1,82980913
-5,70400000;1,82701036
-5,70300000;1,82422196
-5,70200000;1,82144388
-5,70100000;1,81867606
-5,70000000;1,81591846
-5,69900000;1,81317101
-5,69800000;1,81043368
-5,69700000;1,80770640
-5,69600000;1,80498750
-5,69500000;1,80228020
-5,69400000;1,79958280
-5,69300000;1,79689526
-5,69200000;1,79421753
-5,69100000;1,79154955
-5,69000000;1,78889129
-5,68900000;1,78624268
-5,68800000;1,78360368
-5,68700000;1,78097426
-5,68600000;1,77835434
-5,68500000;1,77574390
-5,68400000;1,77314288
-5,68300000;1,77055124
-5,68200000;1,76796892
-5,68100000;1,76539589
-5,68000000;1,76283210
-5,67900000;1,76027751
-5,67800000;1,75773206
-5,67700000;1,75519572
-5,67600000;1,75266843
-5,67500000;1,75015016
-5,67400000;1,74764086
-5,67300000;1,74514049
-5,67200000;1,74264900
-5,67100000;1,74016636
-5,67000000;1,73769251
-5,66900000;1,73522742
-5,66800000;1,73277105
-5,66700000;1,73032335
-5,66600000;1,72788427
-5,66500000;1,72545379
-5,66400000;1,72303186
-5,66300000;1,72061843
-5,66200000;1,71821347
-5,66100000;1,71581694
-5,66000000;1,71342880
-5,65900000;1,71104900
-5,65800000;1,70867751
-5,65700000;1,70631429
-5,65600000;1,70395930
-5,65500000;1,70161250
-5,65400000;1,69927385
-5,65300000;1,69694331
-5,65200000;1,69462085
-5,65100000;1,69230644
-5,65000000;1,69000002
-5,64900000;1,68770156
-5,64800000;1,68541103
-5,64700000;1,68312839
-5,64600000;1,68085361
-5,64500000;1,67858664
-5,64400000;1,67632745
-5,64300000;1,67407601
-5,64200000;1,67183227
-5,64100000;1,66959621
-5,64000000;1,66736779
-5,63900000;1,66514697
-5,63800000;1,66293372
-5,63700000;1,66072801
-5,63600000;1,65852979
-5,63500000;1,65633904
-5,63400000;1,65415572
-5,63300000;1,65197980
-5,63200000;1,64981125
-5,63100000;1,64765002
-5,63000000;1,64549610
-5,62900000;1,64334944
-5,62800000;1,64121001
-5,62700000;1,63907778
-5,62600000;1,63695272
-5,62500000;1,63483480
-5,62400000;1,63272398
-5,62300000;1,63062023
-5,62200000;1,62852353
-5,62100000;1,62643383
-5,62000000;1,62435111
-5,61900000;1,62227534
-5,61800000;1,62020648
-5,61700000;1,61814452
-5,61600000;1,61608940
-5,61500000;1,61404111
-5,61400000;1,61199962
-5,61300000;1,60996490
-5,61200000;1,60793691
-5,61100000;1,60591562
-5,61000000;1,60390102
-5,60900000;1,60189306
-5,60800000;1,59989172
-5,60700000;1,59789697
-5,60600000;1,59590878
-5,60500000;1,59392713
-5,60400000;1,59195198
-5,60300000;1,58998331
-5,60200000;1,58802109
-5,60100000;1,58606529
-5,60000000;1,58411588
-5,59900000;1,58217284
-5,59800000;1,58023614
-5,59700000;1,57830575
-5,59600000;1,57638164
-5,59500000;1,57446379
-5,59400000;1,57255218
-5,59300000;1,57064677
-5,59200000;1,56874754
-5,59100000;1,56685446
-5,59000000;1,56496751
-5,58900000;1,56308665
-5,58800000;1,56121188
-5,58700000;1,55934315
-5,58600000;1,55748044
-5,58500000;1,55562374
-5,58400000;1,55377301
-5,58300000;1,55192822
-5,58200000;1,55008936
-5,58100000;1,54825640
-5,58000000;1,54642932
-5,57900000;1,54460808
-5,57800000;1,54279267
-5,57700000;1,54098306
-5,57600000;1,53917923
-5,57500000;1,53738115
-5,57400000;1,53558880
-5,57300000;1,53380216
-5,57200000;1,53202120
-5,57100000;1,53024590
-5,57000000;1,52847624
-5,56900000;1,52671219
-5,56800000;1,52495373
-5,56700000;1,52320084
-5,56600000;1,52145349
-5,56500000;1,51971167
-5,56400000;1,51797534
-5,56300000;1,51624450
-5,56200000;1,51451910
-5,56100000;1,51279915
-5,56000000;1,51108460
-5,55900000;1,50937544
-5,55800000;1,50767165
-5,55700000;1,50597321
-5,55600000;1,50428009
-5,55500000;1,50259228
-5,55400000;1,50090975
-5,55300000;1,49923248
-5,55200000;1,49756045
-5,55100000;1,49589364
-5,55000000;1,49423202
-5,54900000;1,49257559
-5,54800000;1,49092431
-5,54700000;1,48927818
-5,54600000;1,48763715
-5,54500000;1,48600123
-5,54400000;1,48437038
-5,54300000;1,48274459
-5,54200000;1,48112384
-5,54100000;1,47950810
-5,54000000;1,47789736
-5,53900000;1,47629160
-5,53800000;1,47469080
-5,53700000;1,47309493
-5,53600000;1,47150399
-5,53500000;1,46991795
-5,53400000;1,46833679
-5,53300000;1,46676049
-5,53200000;1,46518904
-5,53100000;1,46362241
-5,53000000;1,46206059
-5,52900000;1,46050356
-5,52800000;1,45895130
-5,52700000;1,45740379
-5,52600000;1,45586102
-5,52500000;1,45432296
-5,52400000;1,45278960
-5,52300000;1,45126091
-5,52200000;1,44973689
-5,52100000;1,44821752
-5,52000000;1,44670277
-5,51900000;1,44519263
-5,51800000;1,44368708
-5,51700000;1,44218610
-5,51600000;1,44068969
-5,51500000;1,43919781
-5,51400000;1,43771045
-5,51300000;1,43622760
-5,51200000;1,43474924
-5,51100000;1,43327536
-5,51000000;1,43180592
-5,50900000;1,43034093
-5,50800000;1,42888036
-5,50700000;1,42742419
-5,50600000;1,42597242
-5,50500000;1,42452501
-5,50400000;1,42308197
-5,50300000;1,42164326
-5,50200000;1,42020888
-5,50100000;1,41877881
-5,50000000;1,41735303
-5,49900000;1,41593153
-5,49800000;1,41451429
-5,49700000;1,41310129
-5,49600000;1,41169253
-5,49500000;1,41028798
-5,49400000;1,40888763
-5,49300000;1,40749147
-5,49200000;1,40609947
-5,49100000;1,40471163
-5,49000000;1,40332793
-5,48900000;1,40194835
-5,48800000;1,40057288
-5,48700000;1,39920150
-5,48600000;1,39783421
-5,48500000;1,39647097
-5,48400000;1,39511179
-5,48300000;1,39375665
-5,48200000;1,39240552
-5,48100000;1,39105840
-5,48000000;1,38971528
-5,47900000;1,38837613
-5,47800000;1,38704095
-5,47700000;1,38570971
-5,47600000;1,38438242
-5,47500000;1,38305904
-5,47400000;1,38173957
-5,47300000;1,38042400
-5,47200000;1,37911231
-5,47100000;1,37780448
-5,47000000;1,37650051
-5,46900000;1,37520038
-5,46800000;1,37390407
-5,46700000;1,37261158
-5,46600000;1,37132288
-5,46500000;1,37003798
-5,46400000;1,36875684
-5,46300000;1,36747947
-5,46200000;1,36620584
-5,46100000;1,36493595
-5,46000000;1,36366977
-5,45900000;1,36240731
-5,45800000;1,36114854
-5,45700000;1,35989345
-5,45600000;1,35864203
-5,45500000;1,35739427
-5,45400000;1,35615016
-5,45300000;1,35490968
-5,45200000;1,35367281
-5,45100000;1,35243956
-5,45000000;1,35120990
-5,44900000;1,34998382
-5,44800000;1,34876131
-5,44700000;1,34754236
-5,44600000;1,34632696
-5,44500000;1,34511509
-5,44400000;1,34390674
-5,44300000;1,34270191
-5,44200000;1,34150057
-5,44100000;1,34030272
-5,44000000;1,33910835
-5,43900000;1,33791743
-5,43800000;1,33672998
-5,43700000;1,33554596
-5,43600000;1,33436537
-5,43500000;1,33318819
-5,43400000;1,33201443
-5,43300000;1,33084405
-5,43200000;1,32967706
-5,43100000;1,32851345
-5,43000000;1,32735319
-5,42900000;1,32619629
-5,42800000;1,32504272
-5,42700000;1,32389248
-5,42600000;1,32274556
-5,42500000;1,32160194
-5,42400000;1,32046162
-5,42300000;1,31932458
-5,42200000;1,31819082
-5,42100000;1,31706032
-5,42000000;1,31593307
-5,41900000;1,31480906
-5,41800000;1,31368829
-5,41700000;1,31257073
-5,41600000;1,31145639
-5,41500000;1,31034524
-5,41400000;1,30923729
-5,41300000;1,30813251
-5,41200000;1,30703090
-5,41100000;1,30593245
-5,41000000;1,30483715
-5,40900000;1,30374499
-5,40800000;1,30265596
-5,40700000;1,30157004
-5,40600000;1,30048723
-5,40500000;1,29940752
-5,40400000;1,29833090
-5,40300000;1,29725736
-5,40200000;1,29618689
-5,40100000;1,29511948
-5,40000000;1,29405511
-5,39900000;1,29299379
-5,39800000;1,29193550
-5,39700000;1,29088022
-5,39600000;1,28982796
-5,39500000;1,28877870
-5,39400000;1,28773244
-5,39300000;1,28668915
-5,39200000;1,28564884
-5,39100000;1,28461150
-5,39000000;1,28357710
-5,38900000;1,28254566
-5,38800000;1,28151715
-5,38700000;1,28049157
-5,38600000;1,27946891
-5,38500000;1,27844916
-5,38400000;1,27743231
-5,38300000;1,27641835
-5,38200000;1,27540727
-5,38100000;1,27439907
-5,38000000;1,27339373
-5,37900000;1,27239125
-5,37800000;1,27139161
-5,37700000;1,27039482
-5,37600000;1,26940085
-5,37500000;1,26840971
-5,37400000;1,26742138
-5,37300000;1,26643585
-5,37200000;1,26545312
-5,37100000;1,26447318
-5,37000000;1,26349602
-5,36900000;1,26252162
-5,36800000;1,26154999
-5,36700000;1,26058112
-5,36600000;1,25961499
-5,36500000;1,25865159
-5,36400000;1,25769093
-5,36300000;1,25673299
-5,36200000;1,25577776
-5,36100000;1,25482523
-5,36000000;1,25387540
-5,35900000;1,25292826
-5,35800000;1,25198380
-5,35700000;1,25104202
-5,35600000;1,25010290
-5,35500000;1,24916643
-5,35400000;1,24823262
-5,35300000;1,24730145
-5,35200000;1,24637291
-5,35100000;1,24544699
-5,35000000;1,24452370
-5,34900000;1,24360301
-5,34800000;1,24268493
-5,34700000;1,24176945
-5,34600000;1,24085655
-5,34500000;1,23994623
-5,34400000;1,23903848
-5,34300000;1,23813330
-5,34200000;1,23723068
-5,34100000;1,23633061
-5,34000000;1,23543308
-5,33900000;1,23453809
-5,33800000;1,23364563
-5,33700000;1,23275568
-5,33600000;1,23186826
-5,33500000;1,23098333
-5,33400000;1,23010091
-5,33300000;1,22922098
-5,33200000;1,22834354
-5,33100000;1,22746857
-5,33000000;1,22659608
-5,32900000;1,22572605
-5,32800000;1,22485848
-5,32700000;1,22399335
-5,32600000;1,22313067
-5,32500000;1,22227043
-5,32400000;1,22141262
-5,32300000;1,22055723
-5,32200000;1,21970426
-5,32100000;1,21885369
-5,32000000;1,21800553
-5,31900000;1,21715977
-5,31800000;1,21631639
-5,31700000;1,21547540
-5,31600000;1,21463678
-5,31500000;1,21380053
-5,31400000;1,21296664
-5,31300000;1,21213511
-5,31200000;1,21130594
-5,31100000;1,21047910
-5,31000000;1,20965460
-5,30900000;1,20883243
-5,30800000;1,20801259
-5,30700000;1,20719506
-5,30600000;1,20637984
-5,30500000;1,20556693
-5,30400000;1,20475632
-5,30300000;1,20394800
-5,30200000;1,20314197
-5,30100000;1,20233821
-5,30000000;1,20153673
-5,29900000;1,20073752
-5,29800000;1,19994057
-5,29700000;1,19914588
-5,29600000;1,19835343
-5,29500000;1,19756323
-5,29400000;1,19677527
-5,29300000;1,19598954
-5,29200000;1,19520603
-5,29100000;1,19442474
-5,29000000;1,19364567
-5,28900000;1,19286880
-5,28800000;1,19209414
-5,28700000;1,19132167
-5,28600000;1,19055139
-5,28500000;1,18978330
-5,28400000;1,18901738
-5,28300000;1,18825364
-5,28200000;1,18749206
-5,28100000;1,18673265
-5,28000000;1,18597539
-5,27900000;1,18522029
-5,27800000;1,18446732
-5,27700000;1,18371650
-5,27600000;1,18296781
-5,27500000;1,18222125
-5,27400000;1,18147681
-5,27300000;1,18073449
-5,27200000;1,17999428
-5,27100000;1,17925617
-5,27000000;1,17852017
-5,26900000;1,17778626
-5,26800000;1,17705444
-5,26700000;1,17632470
-5,26600000;1,17559705
-5,26500000;1,17487147
-5,26400000;1,17414795
-5,26300000;1,17342650
-5,26200000;1,17270711
-5,26100000;1,17198977
-5,26000000;1,17127448
-5,25900000;1,17056123
-5,25800000;1,16985002
-5,25700000;1,16914084
-5,25600000;1,16843369
-5,25500000;1,16772855
-5,25400000;1,16702544
-5,25300000;1,16632434
-5,25200000;1,16562524
-5,25100000;1,16492815
-5,25000000;1,16423305
-5,24900000;1,16353995
-5,24800000;1,16284883
-5,24700000;1,16215969
-5,24600000;1,16147253
-5,24500000;1,16078735
-5,24400000;1,16010413
-5,24300000;1,15942287
-5,24200000;1,15874357
-5,24100000;1,15806623
-5,24000000;1,15739083
-5,23900000;1,15671737
-5,23800000;1,15604586
-5,23700000;1,15537628
-5,23600000;1,15470862
-5,23500000;1,15404289
-5,23400000;1,15337909
-5,23300000;1,15271719
-5,23200000;1,15205721
-5,23100000;1,15139913
-5,23000000;1,15074296
-5,22900000;1,15008868
-5,22800000;1,14943630
-5,22700000;1,14878580
-5,22600000;1,14813718
-5,22500000;1,14749045
-5,22400000;1,14684559
-5,22300000;1,14620260
-5,22200000;1,14556147
-5,22100000;1,14492220
-5,22000000;1,14428480
-5,21900000;1,14364924
-5,21800000;1,14301553
-5,21700000;1,14238367
-5,21600000;1,14175364
-5,21500000;1,14112546
-5,21400000;1,14049910
-5,21300000;1,13987456
-5,21200000;1,13925185
-5,21100000;1,13863096
-5,21000000;1,13801188
-5,20900000;1,13739461
-5,20800000;1,13677915
-5,20700000;1,13616549
-5,20600000;1,13555362
-5,20500000;1,13494355
-5,20400000;1,13433527
-5,20300000;1,13372877
-5,20200000;1,13312405
-5,20100000;1,13252111
-5,20000000;1,13191994
-5,19900000;1,13132054
-5,19800000;1,13072291
-5,19700000;1,13012703
-5,19600000;1,12953292
-5,19500000;1,12894055
-5,19400000;1,12834994
-5,19300000;1,12776106
-5,19200000;1,12717393
-5,19100000;1,12658854
-5,19000000;1,12600488
-5,18900000;1,12542295
-5,18800000;1,12484274
-5,18700000;1,12426426
-5,18600000;1,12368749
-5,18500000;1,12311244
-5,18400000;1,12253910
-5,18300000;1,12196746
-5,18200000;1,12139753
-5,18100000;1,12082929
-5,18000000;1,12026276
-5,17900000;1,11969791
-5,17800000;1,11913475
-5,17700000;1,11857328
-5,17600000;1,11801348
-5,17500000;1,11745536
-5,17400000;1,11689892
-5,17300000;1,11634414
-5,17200000;1,11579104
-5,17100000;1,11523959
-5,17000000;1,11468980
-5,16900000;1,11414167
-5,16800000;1,11359519
-5,16700000;1,11305036
-5,16600000;1,11250717
-5,16500000;1,11196563
-5,16400000;1,11142572
-5,16300000;1,11088745
-5,16200000;1,11035081
-5,16100000;1,10981579
-5,16000000;1,10928240
-5,15900000;1,10875063
-5,15800000;1,10822048
-5,15700000;1,10769194
-5,15600000;1,10716501
-5,15500000;1,10663969
-5,15400000;1,10611597
-5,15300000;1,10559386
-5,15200000;1,10507334
-5,15100000;1,10455441
-5,15000000;1,10403708
-5,14900000;1,10352133
-5,14800000;1,10300717
-5,14700000;1,10249459
-5,14600000;1,10198358
-5,14500000;1,10147415
-5,14400000;1,10096629
-5,14300000;1,10046000
-5,14200000;1,09995528
-5,14100000;1,09945211
-5,14000000;1,09895051
-5,13900000;1,09845046
-5,13800000;1,09795196
-5,13700000;1,09745501
-5,13600000;1,09695961
-5,13500000;1,09646575
-5,13400000;1,09597343
-5,13300000;1,09548264
-5,13200000;1,09499340
-5,13100000;1,09450568
-5,13000000;1,09401949
-5,12900000;1,09353482
-5,12800000;1,09305168
-5,12700000;1,09257005
-5,12600000;1,09208994
-5,12500000;1,09161135
-5,12400000;1,09113426
-5,12300000;1,09065868
-5,12200000;1,09018461
-5,12100000;1,08971203
-5,12000000;1,08924096
-5,11900000;1,08877138
-5,11800000;1,08830329
-5,11700000;1,08783669
-5,11600000;1,08737158
-5,11500000;1,08690795
-5,11400000;1,08644581
-5,11300000;1,08598514
-5,11200000;1,08552595
-5,11100000;1,08506823
-5,11000000;1,08461198
-5,10900000;1,08415720
-5,10800000;1,08370388
-5,10700000;1,08325202
-5,10600000;1,08280163
-5,10500000;1,08235269
-5,10400000;1,08190520
-5,10300000;1,08145916
-5,10200000;1,08101458
-5,10100000;1,08057143
-5,10000000;1,08012973
-5,09900000;1,07968948
-5,09800000;1,07925065
-5,09700000;1,07881327
-5,09600000;1,07837731
-5,09500000;1,07794279
-5,09400000;1,07750969
-5,09300000;1,07707802
-5,09200000;1,07664777
-5,09100000;1,07621893
-5,09000000;1,07579152
-5,08900000;1,07536552
-5,08800000;1,07494093
-5,08700000;1,07451775
-5,08600000;1,07409598
-5,08500000;1,07367561
-5,08400000;1,07325664
-5,08300000;1,07283907
-5,08200000;1,07242290
-5,08100000;1,07200813
-5,08000000;1,07159474
-5,07900000;1,07118275
-5,07800000;1,07077214
-5,07700000;1,07036291
-5,07600000;1,06995507
-5,07500000;1,06954861
-5,07400000;1,06914353
-5,07300000;1,06873982
-5,07200000;1,06833748
-5,07100000;1,06793652
-5,07000000;1,06753692
-5,06900000;1,06713869
-5,06800000;1,06674182
-5,06700000;1,06634631
-5,06600000;1,06595216
-5,06500000;1,06555937
-5,06400000;1,06516793
-5,06300000;1,06477784
-5,06200000;1,06438910
-5,06100000;1,06400171
-5,06000000;1,06361567
-5,05900000;1,06323097
-5,05800000;1,06284761
-5,05700000;1,06246558
-5,05600000;1,06208490
-5,05500000;1,06170554
-5,05400000;1,06132752
-5,05300000;1,06095083
-5,05200000;1,06057547
-5,05100000;1,06020143
-5,05000000;1,05982872
-5,04900000;1,05945732
-5,04800000;1,05908725
-5,04700000;1,05871849
-5,04600000;1,05835105
-5,04500000;1,05798492
-5,04400000;1,05762010
-5,04300000;1,05725658
-5,04200000;1,05689438
-5,04100000;1,05653348
-5,04000000;1,05617388
-5,03900000;1,05581558
-5,03800000;1,05545858
-5,03700000;1,05510287
-5,03600000;1,05474846
-5,03500000;1,05439534
-5,03400000;1,05404351
-5,03300000;1,05369297
-5,03200000;1,05334372
-5,03100000;1,05299575
-5,03000000;1,05264906
-5,02900000;1,05230365
-5,02800000;1,05195952
-5,02700000;1,05161667
-5,02600000;1,05127509
-5,02500000;1,05093478
-5,02400000;1,05059575
-5,02300000;1,05025798
-5,02200000;1,04992148
-5,02100000;1,04958624
-5,02000000;1,04925227
-5,01900000;1,04891956
-5,01800000;1,04858810
-5,01700000;1,04825845
-5,01600000;1,04792951
-5,01500000;1,04760182
-5,01400000;1,04727538
-5,01300000;1,04695020
-5,01200000;1,04662626
-5,01100000;1,04630356
-5,01000000;1,04598212
-5,00900000;1,04566191
-5,00800000;1,04534295
-5,00700000;1,04502522
-5,00600000;1,04470873
-5,00500000;1,04439348
-5,00400000;1,04407946
-5,00300000;1,04376668
-5,00200000;1,04345512
-5,00100000;1,04314479
-5,00000000;1,04283569
-4,99900000;1,04252782
-4,99800000;1,04222117
-4,99700000;1,04191574
-4,99600000;1,04161153
-4,99500000;1,04130854
-4,99400000;1,04100677
-4,99300000;1,04070621
-4,99200000;1,04040687
-4,99100000;1,04010874
-4,99000000;1,03981181
-4,98900000;1,03951610
-4,98800000;1,03922160
-4,98700000;1,03892830
-4,98600000;1,03863620
-4,98500000;1,03834531
-4,98400000;1,03805561
-4,98300000;1,03776712
-4,98200000;1,03747982
-4,98100000;1,03719372
-4,98000000;1,03690881
-4,97900000;1,03662510
-4,97800000;1,03634258
-4,97700000;1,03606124
-4,97600000;1,03578110
-4,97500000;1,03550214
-4,97400000;1,03522437
-4,97300000;1,03494778
-4,97200000;1,03467237
-4,97100000;1,03439815
-4,97000000;1,03412510
-4,96900000;1,03385323
-4,96800000;1,03358254
-4,96700000;1,03331302
-4,96600000;1,03304467
-4,96500000;1,03277750
-4,96400000;1,03251150
-4,96300000;1,03224666
-4,96200000;1,03198300
-4,96100000;1,03172050
-4,96000000;1,03145916
-4,95900000;1,03119899
-4,95800000;1,03093998
-4,95700000;1,03068213
-4,95600000;1,03042544
-4,95500000;1,03016991
-4,95400000;1,02991553
-4,95300000;1,02966231
-4,95200000;1,02941024
-4,95100000;1,02915933
-4,95000000;1,02890956
-4,94900000;1,02866095
-4,94800000;1,02841348
-4,94700000;1,02816716
-4,94600000;1,02792199
-4,94500000;1,02767796
-4,94400000;1,02743507
-4,94300000;1,02719333
-4,94200000;1,02695272
-4,94100000;1,02671326
-4,94000000;1,02647493
-4,93900000;1,02623774
-4,93800000;1,02600168
-4,93700000;1,02576676
-4,93600000;1,02553297
-4,93500000;1,02530032
-4,93400000;1,02506879
-4,93300000;1,02483839
-4,93200000;1,02460912
-4,93100000;1,02438098
-4,93000000;1,02415396
-4,92900000;1,02392807
-4,92800000;1,02370330
-4,92700000;1,02347965
-4,92600000;1,02325713
-4,92500000;1,02303572
-4,92400000;1,02281543
-4,92300000;1,02259626
-4,92200000;1,02237820
-4,92100000;1,02216126
-4,92000000;1,02194544
-4,91900000;1,02173072
-4,91800000;1,02151712
-4,91700000;1,02130463
-4,91600000;1,02109324
-4,91500000;1,02088297
-4,91400000;1,02067380
-4,91300000;1,02046574
-4,91200000;1,02025878
-4,91100000;1,02005293
-4,91000000;1,01984818
-4,90900000;1,01964453
-4,90800000;1,01944198
-4,90700000;1,01924053
-4,90600000;1,01904018
-4,90500000;1,01884093
-4,90400000;1,01864277
-4,90300000;1,01844571
-4,90200000;1,01824974
-4,90100000;1,01805487
-4,90000000;1,01786109
-4,89900000;1,01766840
-4,89800000;1,01747680
-4,89700000;1,01728628
-4,89600000;1,01709686
-4,89500000;1,01690853
-4,89400000;1,01672128
-4,89300000;1,01653511
-4,89200000;1,01635003
-4,89100000;1,01616604
-4,89000000;1,01598312
-4,88900000;1,01580129
-4,88800000;1,01562054
-4,88700000;1,01544087
-4,88600000;1,01526227
-4,88500000;1,01508476
-4,88400000;1,01490832
-4,88300000;1,01473296
-4,88200000;1,01455867
-4,88100000;1,01438545
-4,88000000;1,01421331
-4,87900000;1,01404224
-4,87800000;1,01387225
-4,87700000;1,01370332
-4,87600000;1,01353546
-4,87500000;1,01336868
-4,87400000;1,01320296
-4,87300000;1,01303830
-4,87200000;1,01287472
-4,87100000;1,01271219
-4,87000000;1,01255074
-4,86900000;1,01239034
-4,86800000;1,01223101
-4,86700000;1,01207274
-4,86600000;1,01191554
-4,86500000;1,01175939
-4,86400000;1,01160430
-4,86300000;1,01145027
-4,86200000;1,01129730
-4,86100000;1,01114539
-4,86000000;1,01099454
-4,85900000;1,01084473
-4,85800000;1,01069599
-4,85700000;1,01054830
-4,85600000;1,01040166
-4,85500000;1,01025607
-4,85400000;1,01011154
-4,85300000;1,00996806
-4,85200000;1,00982562
-4,85100000;1,00968424
-4,85000000;1,00954391
-4,84900000;1,00940462
-4,84800000;1,00926639
-4,84700000;1,00912920
-4,84600000;1,00899305
-4,84500000;1,00885795
-4,84400000;1,00872390
-4,84300000;1,00859089
-4,84200000;1,00845892
-4,84100000;1,00832800
-4,84000000;1,00819812
-4,83900000;1,00806927
-4,83800000;1,00794147
-4,83700000;1,00781472
-4,83600000;1,00768899
-4,83500000;1,00756431
-4,83400000;1,00744067
-4,83300000;1,00731806
-4,83200000;1,00719650
-4,83100000;1,00707596
-4,83000000;1,00695647
-4,82900000;1,00683800
-4,82800000;1,00672058
-4,82700000;1,00660418
-4,82600000;1,00648882
-4,82500000;1,00637450
-4,82400000;1,00626120
-4,82300000;1,00614894
-4,82200000;1,00603770
-4,82100000;1,00592750
-4,82000000;1,00581833
-4,81900000;1,00571019
-4,81800000;1,00560307
-4,81700000;1,00549698
-4,81600000;1,00539193
-4,81500000;1,00528789
-4,81400000;1,00518489
-4,81300000;1,00508291
-4,81200000;1,00498196
-4,81100000;1,00488203
-4,81000000;1,00478313
-4,80900000;1,00468525
-4,80800000;1,00458839
-4,80700000;1,00449256
-4,80600000;1,00439775
-4,80500000;1,00430396
-4,80400000;1,00421119
-4,80300000;1,00411945
-4,80200000;1,00402872
-4,80100000;1,00393902
-4,80000000;1,00385033
-4,79900000;1,00376267
-4,79800000;1,00367602
-4,79700000;1,00359039
-4,79600000;1,00350578
-4,79500000;1,00342219
-4,79400000;1,00333962
-4,79300000;1,00325806
-4,79200000;1,00317752
-4,79100000;1,00309799
-4,79000000;1,00301948
-4,78900000;1,00294198
-4,78800000;1,00286550
-4,78700000;1,00279004
-4,78600000;1,00271558
-4,78500000;1,00264215
-4,78400000;1,00256972
-4,78300000;1,00249831
-4,78200000;1,00242791
-4,78100000;1,00235852
-4,78000000;1,00229014
-4,77900000;1,00222278
-4,77800000;1,00215643
-4,77700000;1,00209108
-4,77600000;1,00202675
-4,77500000;1,00196343
-4,77400000;1,00190112
-4,77300000;1,00183982
-4,77200000;1,00177952
-4,77100000;1,00172024
-4,77000000;1,00166196
-4,76900000;1,00160470
-4,76800000;1,00154844
-4,76700000;1,00149319
-4,76600000;1,00143894
-4,76500000;1,00138570
-4,76400000;1,00133347
-4,76300000;1,00128225
-4,76200000;1,00123203
-4,76100000;1,00118282
-4,76000000;1,00113462
-4,75900000;1,00108742
-4,75800000;1,00104123
-4,75700000;1,00099604
-4,75600000;1,00095186
-4,75500000;1,00090868
-4,75400000;1,00086650
-4,75300000;1,00082533
-4,75200000;1,00078517
-4,75100000;1,00074601
-4,75000000;1,00070785
-4,74900000;1,00067069
-4,74800000;1,00063454
-4,74700000;1,00059940
-4,74600000;1,00056525
-4,74500000;1,00053211
-4,74400000;1,00049997
-4,74300000;1,00046883
-4,74200000;1,00043870
-4,74100000;1,00040957
-4,74000000;1,00038144
-4,73900000;1,00035431
-4,73800000;1,00032818
-4,73700000;1,00030306
-4,73600000;1,00027893
-4,73500000;1,00025581
-4,73400000;1,00023369
-4,73300000;1,00021257
-4,73200000;1,00019245
-4,73100000;1,00017333
-4,73000000;1,00015522
-4,72900000;1,00013810
-4,72800000;1,00012199
-4,72700000;1,00010687
-4,72600000;1,00009276
-4,72500000;1,00007965
-4,72400000;1,00006753
-4,72300000;1,00005642
-4,72200000;1,00004631
-4,72100000;1,00003719
-4,72000000;1,00002908
-4,71900000;1,00002197
-4,71800000;1,00001586
-4,71700000;1,00001075
-4,71600000;1,00000664
-4,71500000;1,00000352
-4,71400000;1,00000141
-4,71300000;1,00000030
-4,71200000;1,00000019
-4,71100000;1,00000108
-4,71000000;1,00000297
-4,70900000;1,00000585
-4,70800000;1,00000974
-4,70700000;1,00001463
-4,70600000;1,00002052
-4,70500000;1,00002741
-4,70400000;1,00003530
-4,70300000;1,00004419
-4,70200000;1,00005408
-4,70100000;1,00006497
-4,70000000;1,00007686
-4,69900000;1,00008975
-4,69800000;1,00010364
-4,69700000;1,00011853
-4,69600000;1,00013442
-4,69500000;1,00015131
-4,69400000;1,00016921
-4,69300000;1,00018810
-4,69200000;1,00020799
-4,69100000;1,00022889
-4,69000000;1,00025079
-4,68900000;1,00027369
-4,68800000;1,00029759
-4,68700000;1,00032249
-4,68600000;1,00034839
-4,68500000;1,00037530
-4,68400000;1,00040320
-4,68300000;1,00043211
-4,68200000;1,00046202
-4,68100000;1,00049293
-4,68000000;1,00052485
-4,67900000;1,00055777
-4,67800000;1,00059169
-4,67700000;1,00062661
-4,67600000;1,00066254
-4,67500000;1,00069947
-4,67400000;1,00073740
-4,67300000;1,00077634
-4,67200000;1,00081628
-4,67100000;1,00085723
-4,67000000;1,00089918
-4,66900000;1,00094213
-4,66800000;1,00098609
-4,66700000;1,00103106
-4,66600000;1,00107703
-4,66500000;1,00112400
-4,66400000;1,00117198
-4,66300000;1,00122097
-4,66200000;1,00127096
-4,66100000;1,00132196
-4,66000000;1,00137396
-4,65900000;1,00142697
-4,65800000;1,00148099
-4,65700000;1,00153602
-4,65600000;1,00159205
-4,65500000;1,00164910
-4,65400000;1,00170715
-4,65300000;1,00176621
-4,65200000;1,00182627
-4,65100000;1,00188735
-4,65000000;1,00194944
-4,64900000;1,00201253
-4,64800000;1,00207664
-4,64700000;1,00214176
-4,64600000;1,00220789
-4,64500000;1,00227502
-4,64400000;1,00234317
-4,64300000;1,00241234
-4,64200000;1,00248251
-4,64100000;1,00255370
-4,64000000;1,00262590
-4,63900000;1,00269911
-4,63800000;1,00277333
-4,63700000;1,00284857
-4,63600000;1,00292483
-4,63500000;1,00300210
-4,63400000;1,00308038
-4,63300000;1,00315968
-4,63200000;1,00323999
-4,63100000;1,00332133
-4,63000000;1,00340367
-4,62900000;1,00348704
-4,62800000;1,00357142
-4,62700000;1,00365682
-4,62600000;1,00374324
-4,62500000;1,00383068
-4,62400000;1,00391914
-4,62300000;1,00400861
-4,62200000;1,00409911
-4,62100000;1,00419063
-4,62000000;1,00428317
-4,61900000;1,00437673
-4,61800000;1,00447131
-4,61700000;1,00456691
-4,61600000;1,00466354
-4,61500000;1,00476119
-4,61400000;1,00485987
-4,61300000;1,00495957
-4,61200000;1,00506029
-4,61100000;1,00516204
-4,61000000;1,00526482
-4,60900000;1,00536862
-4,60800000;1,00547345
-4,60700000;1,00557930
-4,60600000;1,00568619
-4,60500000;1,00579410
-4,60400000;1,00590305
-4,60300000;1,00601302
-4,60200000;1,00612402
-4,60100000;1,00623605
-4,60000000;1,00634912
-4,59900000;1,00646322
-4,59800000;1,00657835
-4,59700000;1,00669451
-4,59600000;1,00681170
-4,59500000;1,00692994
-4,59400000;1,00704920
-4,59300000;1,00716950
-4,59200000;1,00729084
-4,59100000;1,00741321
-4,59000000;1,00753663
-4,58900000;1,00766107
-4,58800000;1,00778656
-4,58700000;1,00791309
-4,58600000;1,00804066
-4,58500000;1,00816927
-4,58400000;1,00829892
-4,58300000;1,00842961
-4,58200000;1,00856134
-4,58100000;1,00869412
-4,58000000;1,00882794
-4,57900000;1,00896280
-4,57800000;1,00909872
-4,57700000;1,00923567
-4,57600000;1,00937368
-4,57500000;1,00951273
-4,57400000;1,00965283
-4,57300000;1,00979397
-4,57200000;1,00993617
-4,57100000;1,01007942
-4,57000000;1,01022372
-4,56900000;1,01036907
-4,56800000;1,01051547
-4,56700000;1,01066293
-4,56600000;1,01081144
-4,56500000;1,01096100
-4,56400000;1,01111162
-4,56300000;1,01126330
-4,56200000;1,01141603
-4,56100000;1,01156983
-4,56000000;1,01172468
-4,55900000;1,01188059
-4,55800000;1,01203756
-4,55700000;1,01219559
-4,55600000;1,01235468
-4,55500000;1,01251484
-4,55400000;1,01267606
-4,55300000;1,01283834
-4,55200000;1,01300169
-4,55100000;1,01316610
-4,55000000;1,01333159
-4,54900000;1,01349813
-4,54800000;1,01366575
-4,54700000;1,01383444
-4,54600000;1,01400420
-4,54500000;1,01417503
-4,54400000;1,01434693
-4,54300000;1,01451990
-4,54200000;1,01469395
-4,54100000;1,01486907
-4,54000000;1,01504527
-4,53900000;1,01522255
-4,53800000;1,01540090
-4,53700000;1,01558033
-4,53600000;1,01576084
-4,53500000;1,01594243
-4,53400000;1,01612510
-4,53300000;1,01630886
-4,53200000;1,01649369
-4,53100000;1,01667962
-4,53000000;1,01686662
-4,52900000;1,01705472
-4,52800000;1,01724389
-4,52700000;1,01743416
-4,52600000;1,01762552
-4,52500000;1,01781797
-4,52400000;1,01801150
-4,52300000;1,01820613
-4,52200000;1,01840186
-4,52100000;1,01859867
-4,52000000;1,01879658
-4,51900000;1,01899559
-4,51800000;1,01919570
-4,51700000;1,01939690
-4,51600000;1,01959920
-4,51500000;1,01980261
-4,51400000;1,02000711
-4,51300000;1,02021272
-4,51200000;1,02041943
-4,51100000;1,02062724
-4,51000000;1,02083616
-4,50900000;1,02104619
-4,50800000;1,02125732
-4,50700000;1,02146957
-4,50600000;1,02168292
-4,50500000;1,02189739
-4,50400000;1,02211297
-4,50300000;1,02232966
-4,50200000;1,02254746
-4,50100000;1,02276639
-4,50000000;1,02298643
-4,49900000;1,02320758
-4,49800000;1,02342986
-4,49700000;1,02365326
-4,49600000;1,02387777
-4,49500000;1,02410342
-4,49400000;1,02433018
-4,49300000;1,02455807
-4,49200000;1,02478709
-4,49100000;1,02501723
-4,49000000;1,02524851
-4,48900000;1,02548091
-4,48800000;1,02571445
-4,48700000;1,02594911
-4,48600000;1,02618491
-4,48500000;1,02642185
-4,48400000;1,02665992
-4,48300000;1,02689913
-4,48200000;1,02713948
-4,48100000;1,02738097
-4,48000000;1,02762360
-4,47900000;1,02786738
-4,47800000;1,02811230
-4,47700000;1,02835836
-4,47600000;1,02860557
-4,47500000;1,02885393
-4,47400000;1,02910343
-4,47300000;1,02935409
-4,47200000;1,02960590
-4,47100000;1,02985886
-4,47000000;1,03011298
-4,46900000;1,03036825
-4,46800000;1,03062469
-4,46700000;1,03088228
-4,46600000;1,03114103
-4,46500000;1,03140094
-4,46400000;1,03166201
-4,46300000;1,03192425
-4,46200000;1,03218766
-4,46100000;1,03245223
-4,46000000;1,03271797
-4,45900000;1,03298488
-4,45800000;1,03325296
-4,45700000;1,03352222
-4,45600000;1,03379265
-4,45500000;1,03406425
-4,45400000;1,03433704
-4,45300000;1,03461100
-4,45200000;1,03488614
-4,45100000;1,03516247
-4,45000000;1,03543997
-4,44900000;1,03571867
-4,44800000;1,03599854
-4,44700000;1,03627961
-4,44600000;1,03656187
-4,44500000;1,03684531
-4,44400000;1,03712995
-4,44300000;1,03741579
-4,44200000;1,03770281
-4,44100000;1,03799104
-4,44000000;1,03828046
-4,43900000;1,03857109
-4,43800000;1,03886292
-4,43700000;1,03915595
-4,43600000;1,03945018
-4,43500000;1,03974562
-4,43400000;1,04004228
-4,43300000;1,04034014
-4,43200000;1,04063921
-4,43100000;1,04093949
-4,43000000;1,04124099
-4,42900000;1,04154371
-4,42800000;1,04184765
-4,42700000;1,04215280
-4,42600000;1,04245918
-4,42500000;1,04276678
-4,42400000;1,04307560
-4,42300000;1,04338565
-4,42200000;1,04369693
-4,42100000;1,04400944
-4,42000000;1,04432318
-4,41900000;1,04463816
-4,41800000;1,04495437
-4,41700000;1,04527182
-4,41600000;1,04559050
-4,41500000;1,04591043
-4,41400000;1,04623160
-4,41300000;1,04655401
-4,41200000;1,04687767
-4,41100000;1,04720258
-4,41000000;1,04752874
-4,40900000;1,04785615
-4,40800000;1,04818481
-4,40700000;1,04851473
-4,40600000;1,04884590
-4,40500000;1,04917833
-4,40400000;1,04951203
-4,40300000;1,04984698
-4,40200000;1,05018320
-4,40100000;1,05052069
-4,40000000;1,05085944
-4,39900000;1,05119947
-4,39800000;1,05154076
-4,39700000;1,05188333
-4,39600000;1,05222718
-4,39500000;1,05257230
-4,39400000;1,05291871
-4,39300000;1,05326639
-4,39200000;1,05361536
-4,39100000;1,05396562
-4,39000000;1,05431716
-4,38900000;1,05466999
-4,38800000;1,05502412
-4,38700000;1,05537953
-4,38600000;1,05573625
-4,38500000;1,05609426
-4,38400000;1,05645357
-4,38300000;1,05681418
-4,38200000;1,05717610
-4,38100000;1,05753932
-4,38000000;1,05790385
-4,37900000;1,05826969
-4,37800000;1,05863684
-4,37700000;1,05900531
-4,37600000;1,05937509
-4,37500000;1,05974619
-4,37400000;1,06011861
-4,37300000;1,06049235
-4,37200000;1,06086742
-4,37100000;1,06124382
-4,37000000;1,06162154
-4,36900000;1,06200060
-4,36800000;1,06238099
-4,36700000;1,06276272
-4,36600000;1,06314578
-4,36500000;1,06353019
-4,36400000;1,06391593
-4,36300000;1,06430302
-4,36200000;1,06469146
-4,36100000;1,06508125
-4,36000000;1,06547239
-4,35900000;1,06586488
-4,35800000;1,06625873
-4,35700000;1,06665393
-4,35600000;1,06705050
-4,35500000;1,06744843
-4,35400000;1,06784772
-4,35300000;1,06824838
-4,35200000;1,06865042
-4,35100000;1,06905382
-4,35000000;1,06945860
-4,34900000;1,06986418
-4,34800000;1,07027172
-4,34700000;1,07068064
-4,34600000;1,07109094
-4,34500000;1,07150263
-4,34400000;1,07191571
-4,34300000;1,07233018
-4,34200000;1,07274604
-4,34100000;1,07316330
-4,34000000;1,07358196
-4,33900000;1,07400202
-4,33800000;1,07442348
-4,33700000;1,07484635
-4,33600000;1,07527063
-4,33500000;1,07569632
-4,33400000;1,07612342
-4,33300000;1,07655194
-4,33200000;1,07698188
-4,33100000;1,07741324
-4,33000000;1,07784602
-4,32900000;1,07828023
-4,32800000;1,07871587
-4,32700000;1,07915294
-4,32600000;1,07959145
-4,32500000;1,08003139
-4,32400000;1,08047277
-4,32300000;1,08091560
-4,32200000;1,08135987
-4,32100000;1,08180558
-4,32000000;1,08225275
-4,31900000;1,08270137
-4,31800000;1,08315144
-4,31700000;1,08360298
-4,31600000;1,08405597
-4,31500000;1,08451043
-4,31400000;1,08496636
-4,31300000;1,08542375
-4,31200000;1,08588262
-4,31100000;1,08634296
-4,31000000;1,08680478
-4,30900000;1,08726808
-4,30800000;1,08773286
-4,30700000;1,08819913
-4,30600000;1,08866689
-4,30500000;1,08913614
-4,30400000;1,08960689
-4,30300000;1,09007913
-4,30200000;1,09055287
-4,30100000;1,09102812
-4,30000000;1,09150487
-4,29900000;1,09198314
-4,29800000;1,09246291
-4,29700000;1,09294420
-4,29600000;1,09342701
-4,29500000;1,09391134
-4,29400000;1,09439719
-4,29300000;1,09488457
-4,29200000;1,09537348
-4,29100000;1,09586393
-4,29000000;1,09635591
-4,28900000;1,09684943
-4,28800000;1,09734449
-4,28700000;1,09784110
-4,28600000;1,09833925
-4,28500000;1,09883896
-4,28400000;1,09934022
-4,28300000;1,09984304
-4,28200000;1,10034742
-4,28100000;1,10085337
-4,28000000;1,10136088
-4,27900000;1,10186996
-4,27800000;1,10238062
-4,27700000;1,10289285
-4,27600000;1,10340667
-4,27500000;1,10392206
-4,27400000;1,10443905
-4,27300000;1,10495762
-4,27200000;1,10547779
-4,27100000;1,10599955
-4,27000000;1,10652292
-4,26900000;1,10704788
-4,26800000;1,10757445
-4,26700000;1,10810264
-4,26600000;1,10863243
-4,26500000;1,10916384
-4,26400000;1,10969688
-4,26300000;1,11023153
-4,26200000;1,11076781
-4,26100000;1,11130573
-4,26000000;1,11184527
-4,25900000;1,11238646
-4,25800000;1,11292928
-4,25700000;1,11347375
-4,25600000;1,11401986
-4,25500000;1,11456763
-4,25400000;1,11511705
-4,25300000;1,11566813
-4,25200000;1,11622087
-4,25100000;1,11677528
-4,25000000;1,11733135
-4,24900000;1,11788910
-4,24800000;1,11844852
-4,24700000;1,11900962
-4,24600000;1,11957241
-4,24500000;1,12013688
-4,24400000;1,12070305
-4,24300000;1,12127091
-4,24200000;1,12184047
-4,24100000;1,12241172
-4,24000000;1,12298469
-4,23900000;1,12355936
-4,23800000;1,12413575
-4,23700000;1,12471385
-4,23600000;1,12529368
-4,23500000;1,12587523
-4,23400000;1,12645851
-4,23300000;1,12704352
-4,23200000;1,12763026
-4,23100000;1,12821875
-4,23000000;1,12880898
-4,22900000;1,12940096
-4,22800000;1,12999469
-4,22700000;1,13059017
-4,22600000;1,13118742
-4,22500000;1,13178643
-4,22400000;1,13238720
-4,22300000;1,13298975
-4,22200000;1,13359408
-4,22100000;1,13420018
-4,22000000;1,13480807
-4,21900000;1,13541775
-4,21800000;1,13602921
-4,21700000;1,13664248
-4,21600000;1,13725754
-4,21500000;1,13787441
-4,21400000;1,13849309
-4,21300000;1,13911358
-4,21200000;1,13973589
-4,21100000;1,14036002
-4,21000000;1,14098597
-4,20900000;1,14161376
-4,20800000;1,14224338
-4,20700000;1,14287483
-4,20600000;1,14350813
-4,20500000;1,14414328
-4,20400000;1,14478028
-4,20300000;1,14541913
-4,20200000;1,14605984
-4,20100000;1,14670242
-4,20000000;1,14734687
-4,19900000;1,14799319
-4,19800000;1,14864139
-4,19700000;1,14929147
-4,19600000;1,14994344
-4,19500000;1,15059730
-4,19400000;1,15125305
-4,19300000;1,15191071
-4,19200000;1,15257027
-4,19100000;1,15323174
-4,19000000;1,15389512
-4,18900000;1,15456042
-4,18800000;1,15522765
-4,18700000;1,15589681
-4,18600000;1,15656789
-4,18500000;1,15724092
-4,18400000;1,15791589
-4,18300000;1,15859280
-4,18200000;1,15927167
-4,18100000;1,15995249
-4,18000000;1,16063528
-4,17900000;1,16132003
-4,17800000;1,16200675
-4,17700000;1,16269545
-4,17600000;1,16338613
-4,17500000;1,16407879
-4,17400000;1,16477345
-4,17300000;1,16547010
-4,17200000;1,16616875
-4,17100000;1,16686941
-4,17000000;1,16757208
-4,16900000;1,16827676
-4,16800000;1,16898347
-4,16700000;1,16969220
-4,16600000;1,17040296
-4,16500000;1,17111576
-4,16400000;1,17183060
-4,16300000;1,17254748
-4,16200000;1,17326642
-4,16100000;1,17398741
-4,16000000;1,17471047
-4,15900000;1,17543559
-4,15800000;1,17616279
-4,15700000;1,17689206
-4,15600000;1,17762342
-4,15500000;1,17835687
-4,15400000;1,17909241
-4,15300000;1,17983005
-4,15200000;1,18056979
-4,15100000;1,18131165
-4,15000000;1,18205562
-4,14900000;1,18280171
-4,14800000;1,18354993
-4,14700000;1,18430028
-4,14600000;1,18505277
-4,14500000;1,18580740
-4,14400000;1,18656418
-4,14300000;1,18732312
-4,14200000;1,18808421
-4,14100000;1,18884747
-4,14000000;1,18961291
-4,13900000;1,19038052
-4,13800000;1,19115031
-4,13700000;1,19192229
-4,13600000;1,19269647
-4,13500000;1,19347285
-4,13400000;1,19425144
-4,13300000;1,19503223
-4,13200000;1,19581525
-4,13100000;1,19660049
-4,13000000;1,19738796
-4,12900000;1,19817766
-4,12800000;1,19896961
-4,12700000;1,19976381
-4,12600000;1,20056026
-4,12500000;1,20135897
-4,12400000;1,20215994
-4,12300000;1,20296319
-4,12200000;1,20376872
-4,12100000;1,20457653
-4,12000000;1,20538664
-4,11900000;1,20619904
-4,11800000;1,20701375
-4,11700000;1,20783076
-4,11600000;1,20865009
-4,11500000;1,20947175
-4,11400000;1,21029573
-4,11300000;1,21112205
-4,11200000;1,21195071
-4,11100000;1,21278172
-4,11000000;1,21361508
-4,10900000;1,21445080
-4,10800000;1,21528890
-4,10700000;1,21612936
-4,10600000;1,21697221
-4,10500000;1,21781745
-4,10400000;1,21866508
-4,10300000;1,21951511
-4,10200000;1,22036755
-4,10100000;1,22122240
-4,10000000;1,22207968
-4,09900000;1,22293938
-4,09800000;1,22380152
-4,09700000;1,22466610
-4,09600000;1,22553313
-4,09500000;1,22640262
-4,09400000;1,22727456
-4,09300000;1,22814898
-4,09200000;1,22902588
-4,09100000;1,22990526
-4,09000000;1,23078713
-4,08900000;1,23167149
-4,08800000;1,23255837
-4,08700000;1,23344775
-4,08600000;1,23433966
-4,08500000;1,23523409
-4,08400000;1,23613105
-4,08300000;1,23703056
-4,08200000;1,23793262
-4,08100000;1,23883723
-4,08000000;1,23974441
-4,07900000;1,24065416
-4,07800000;1,24156648
-4,07700000;1,24248139
-4,07600000;1,24339890
-4,07500000;1,24431901
-4,07400000;1,24524172
-4,07300000;1,24616706
-4,07200000;1,24709502
-4,07100000;1,24802560
-4,07000000;1,24895883
-4,06900000;1,24989471
-4,06800000;1,25083324
-4,06700000;1,25177444
-4,06600000;1,25271830
-4,06500000;1,25366485
-4,06400000;1,25461408
-4,06300000;1,25556601
-4,06200000;1,25652064
-4,06100000;1,25747798
-4,06000000;1,25843804
-4,05900000;1,25940083
-4,05800000;1,26036635
-4,05700000;1,26133462
-4,05600000;1,26230564
-4,05500000;1,26327942
-4,05400000;1,26425597
-4,05300000;1,26523530
-4,05200000;1,26621741
-4,05100000;1,26720232
-4,05000000;1,26819003
-4,04900000;1,26918055
-4,04800000;1,27017389
-4,04700000;1,27117005
-4,04600000;1,27216906
-4,04500000;1,27317091
-4,04400000;1,27417561
-4,04300000;1,27518318
-4,04200000;1,27619362
-4,04100000;1,27720694
-4,04000000;1,27822315
-4,03900000;1,27924226
-4,03800000;1,28026428
-4,03700000;1,28128921
-4,03600000;1,28231707
-4,03500000;1,28334786
-4,03400000;1,28438160
-4,03300000;1,28541829
-4,03200000;1,28645794
-4,03100000;1,28750057
-4,03000000;1,28854617
-4,02900000;1,28959477
-4,02800000;1,29064637
-4,02700000;1,29170097
-4,02600000;1,29275860
-4,02500000;1,29381925
-4,02400000;1,29488294
-4,02300000;1,29594967
-4,02200000;1,29701947
-4,02100000;1,29809233
-4,02000000;1,29916827
-4,01900000;1,30024729
-4,01800000;1,30132941
-4,01700000;1,30241464
-4,01600000;1,30350298
-4,01500000;1,30459445
-4,01400000;1,30568906
-4,01300000;1,30678681
-4,01200000;1,30788771
-4,01100000;1,30899179
-4,01000000;1,31009904
-4,00900000;1,31120948
-4,00800000;1,31232311
-4,00700000;1,31343996
-4,00600000;1,31456002
-4,00500000;1,31568331
-4,00400000;1,31680984
-4,00300000;1,31793962
-4,00200000;1,31907266
-4,00100000;1,32020897
-4,00000000;1,32134856
-3,99900000;1,32249145
-3,99800000;1,32363764
-3,99700000;1,32478714
-3,99600000;1,32593997
-3,99500000;1,32709614
-3,99400000;1,32825565
-3,99300000;1,32941852
-3,99200000;1,33058476
-3,99100000;1,33175439
-3,99000000;1,33292740
-3,98900000;1,33410382
-3,98800000;1,33528365
-3,98700000;1,33646691
-3,98600000;1,33765361
-3,98500000;1,33884375
-3,98400000;1,34003736
-3,98300000;1,34123444
-3,98200000;1,34243500
-3,98100000;1,34363906
-3,98000000;1,34484663
-3,97900000;1,34605772
-3,97800000;1,34727234
-3,97700000;1,34849050
-3,97600000;1,34971222
-3,97500000;1,35093751
-3,97400000;1,35216637
-3,97300000;1,35339883
-3,97200000;1,35463489
-3,97100000;1,35587458
-3,97000000;1,35711789
-3,96900000;1,35836484
-3,96800000;1,35961544
-3,96700000;1,36086972
-3,96600000;1,36212767
-3,96500000;1,36338932
-3,96400000;1,36465467
-3,96300000;1,36592374
-3,96200000;1,36719654
-3,96100000;1,36847308
-3,96000000;1,36975338
-3,95900000;1,37103745
-3,95800000;1,37232531
-3,95700000;1,37361696
-3,95600000;1,37491242
-3,95500000;1,37621170
-3,95400000;1,37751482
-3,95300000;1,37882179
-3,95200000;1,38013263
-3,95100000;1,38144734
-3,95000000;1,38276595
-3,94900000;1,38408846
-3,94800000;1,38541488
-3,94700000;1,38674525
-3,94600000;1,38807955
-3,94500000;1,38941782
-3,94400000;1,39076007
-3,94300000;1,39210630
-3,94200000;1,39345654
-3,94100000;1,39481079
-3,94000000;1,39616908
-3,93900000;1,39753141
-3,93800000;1,39889781
-3,93700000;1,40026828
-3,93600000;1,40164284
-3,93500000;1,40302151
-3,93400000;1,40440430
-3,93300000;1,40579122
-3,93200000;1,40718230
-3,93100000;1,40857754
-3,93000000;1,40997696
-3,92900000;1,41138058
-3,92800000;1,41278841
-3,92700000;1,41420046
-3,92600000;1,41561676
-3,92500000;1,41703732
-3,92400000;1,41846215
-3,92300000;1,41989127
-3,92200000;1,42132469
-3,92100000;1,42276244
-3,92000000;1,42420453
-3,91900000;1,42565096
-3,91800000;1,42710177
-3,91700000;1,42855696
-3,91600000;1,43001656
-3,91500000;1,43148057
-3,91400000;1,43294902
-3,91300000;1,43442192
-3,91200000;1,43589929
-3,91100000;1,43738115
-3,91000000;1,43886750
-3,90900000;1,44035838
-3,90800000;1,44185379
-3,90700000;1,44335375
-3,90600000;1,44485829
-3,90500000;1,44636741
-3,90400000;1,44788114
-3,90300000;1,44939949
-3,90200000;1,45092248
-3,90100000;1,45245013
-3,90000000;1,45398246
-3,89900000;1,45551947
-3,89800000;1,45706120
-3,89700000;1,45860766
-3,89600000;1,46015887
-3,89500000;1,46171484
-3,89400000;1,46327560
-3,89300000;1,46484116
-3,89200000;1,46641155
-3,89100000;1,46798677
-3,89000000;1,46956685
-3,88900000;1,47115181
-3,88800000;1,47274167
-3,88700000;1,47433644
-3,88600000;1,47593615
-3,88500000;1,47754081
-3,88400000;1,47915045
-3,88300000;1,48076508
-3,88200000;1,48238472
-3,88100000;1,48400939
-3,88000000;1,48563912
-3,87900000;1,48727392
-3,87800000;1,48891381
-3,87700000;1,49055882
-3,87600000;1,49220896
-3,87500000;1,49386425
-3,87400000;1,49552471
-3,87300000;1,49719037
-3,87200000;1,49886124
-3,87100000;1,50053735
-3,87000000;1,50221872
-3,86900000;1,50390536
-3,86800000;1,50559730
-3,86700000;1,50729457
-3,86600000;1,50899717
-3,86500000;1,51070514
-3,86400000;1,51241849
-3,86300000;1,51413725
-3,86200000;1,51586144
-3,86100000;1,51759108
-3,86000000;1,51932619
-3,85900000;1,52106679
-3,85800000;1,52281292
-3,85700000;1,52456458
-3,85600000;1,52632181
-3,85500000;1,52808462
-3,85400000;1,52985304
-3,85300000;1,53162709
-3,85200000;1,53340679
-3,85100000;1,53519217
-3,85000000;1,53698326
-3,84900000;1,53878007
-3,84800000;1,54058262
-3,84700000;1,54239095
-3,84600000;1,54420508
-3,84500000;1,54602502
-3,84400000;1,54785081
-3,84300000;1,54968247
-3,84200000;1,55152003
-3,84100000;1,55336350
-3,84000000;1,55521291
-3,83900000;1,55706829
-3,83800000;1,55892967
-3,83700000;1,56079706
-3,83600000;1,56267050
-3,83500000;1,56455000
-3,83400000;1,56643560
-3,83300000;1,56832733
-3,83200000;1,57022519
-3,83100000;1,57212924
-3,83000000;1,57403948
-3,82900000;1,57595594
-3,82800000;1,57787866
-3,82700000;1,57980766
-3,82600000;1,58174296
-3,82500000;1,58368460
-3,82400000;1,58563260
-3,82300000;1,58758698
-3,82200000;1,58954778
-3,82100000;1,59151502
-3,82000000;1,59348874
-3,81900000;1,59546895
-3,81800000;1,59745569
-3,81700000;1,59944899
-3,81600000;1,60144886
-3,81500000;1,60345536
-3,81400000;1,60546849
-3,81300000;1,60748830
-3,81200000;1,60951480
-3,81100000;1,61154803
-3,81000000;1,61358803
-3,80900000;1,61563481
-3,80800000;1,61768841
-3,80700000;1,61974886
-3,80600000;1,62181619
-3,80500000;1,62389043
-3,80400000;1,62597161
-3,80300000;1,62805976
-3,80200000;1,63015492
-3,80100000;1,63225711
-3,80000000;1,63436636
-3,79900000;1,63648271
-3,79800000;1,63860619
-3,79700000;1,64073683
-3,79600000;1,64287466
-3,79500000;1,64501972
-3,79400000;1,64717204
-3,79300000;1,64933164
-3,79200000;1,65149858
-3,79100000;1,65367286
-3,79000000;1,65585454
-3,78900000;1,65804365
-3,78800000;1,66024021
-3,78700000;1,66244426
-3,78600000;1,66465585
-3,78500000;1,66687499
-3,78400000;1,66910173
-3,78300000;1,67133610
-3,78200000;1,67357813
-3,78100000;1,67582787
-3,78000000;1,67808534
-3,77900000;1,68035059
-3,77800000;1,68262364
-3,77700000;1,68490454
-3,77600000;1,68719332
-3,77500000;1,68949002
-3,77400000;1,69179468
-3,77300000;1,69410733
-3,77200000;1,69642801
-3,77100000;1,69875675
-3,77000000;1,70109360
-3,76900000;1,70343860
-3,76800000;1,70579178
-3,76700000;1,70815318
-3,76600000;1,71052284
-3,76500000;1,71290080
-3,76400000;1,71528709
-3,76300000;1,71768177
-3,76200000;1,72008486
-3,76100000;1,72249641
-3,76000000;1,72491646
-3,75900000;1,72734505
-3,75800000;1,72978222
-3,75700000;1,73222801
-3,75600000;1,73468247
-3,75500000;1,73714563
-3,75400000;1,73961754
-3,75300000;1,74209823
-3,75200000;1,74458776
-3,75100000;1,74708617
-3,75000000;1,74959349
-3,74900000;1,75210977
-3,74800000;1,75463506
-3,74700000;1,75716940
-3,74600000;1,75971284
-3,74500000;1,76226541
-3,74400000;1,76482716
-3,74300000;1,76739815
-3,74200000;1,76997840
-3,74100000;1,77256798
-3,74000000;1,77516693
-3,73900000;1,77777528
-3,73800000;1,78039310
-3,73700000;1,78302042
-3,73600000;1,78565730
-3,73500000;1,78830378
-3,73400000;1,79095991
-3,73300000;1,79362574
-3,73200000;1,79630131
-3,73100000;1,79898668
-3,73000000;1,80168190
-3,72900000;1,80438701
-3,72800000;1,80710206
-3,72700000;1,80982711
-3,72600000;1,81256221
-3,72500000;1,81530741
-3,72400000;1,81806275
-3,72300000;1,82082829
-3,72200000;1,82360409
-3,72100000;1,82639019
-3,72000000;1,82918665
-3,71900000;1,83199353
-3,71800000;1,83481086
-3,71700000;1,83763872
-3,71600000;1,84047715
-3,71500000;1,84332621
-3,71400000;1,84618595
-3,71300000;1,84905643
-3,71200000;1,85193770
-3,71100000;1,85482983
-3,71000000;1,85773286
-3,70900000;1,86064686
-3,70800000;1,86357189
-3,70700000;1,86650799
-3,70600000;1,86945523
-3,70500000;1,87241367
-3,70400000;1,87538336
-3,70300000;1,87836438
-3,70200000;1,88135676
-3,70100000;1,88436059
-3,70000000;1,88737591
-3,69900000;1,89040279
-3,69800000;1,89344130
-3,69700000;1,89649148
-3,69600000;1,89955341
-3,69500000;1,90262715
-3,69400000;1,90571457
-3,69300000;1,90881212
-3,69200000;1,91192167
-3,69100000;1,91504328
-3,69000000;1,91817702
-3,68900000;1,92132296
-3,68800000;1,92448117
-3,68700000;1,92765170
-3,68600000;1,93083464
-3,68500000;1,93403004
-3,68400000;1,93723797
-3,68300000;1,94045851
-3,68200000;1,94369172
-3,68100000;1,94693767
-3,68000000;1,95019644
-3,67900000;1,95346809
-3,67800000;1,95675269
-3,67700000;1,96005032
-3,67600000;1,96336106
-3,67500000;1,96668496
-3,67400000;1,97002212
-3,67300000;1,97337259
-3,67200000;1,97673646
-3,67100000;1,98011380
-3,67000000;1,98350469
-3,66900000;1,98690921
-3,66800000;1,99032742
-3,66700000;1,99375941
-3,66600000;1,99720526
-3,66500000;2,00066505
-3,66400000;2,00413885
-3,66300000;2,00762675
-3,66200000;2,01112882
-3,66100000;2,01464515
-3,66000000;2,01817582
-3,65900000;2,02172091
-3,65800000;2,02528051
-3,65700000;2,02885470
-3,65600000;2,03244356
-3,65500000;2,03604717
-3,65400000;2,03966564
-3,65300000;2,04329903
-3,65200000;2,04694745
-3,65100000;2,05061097
-3,65000000;2,05428968
-3,64900000;2,05798368
-3,64800000;2,06169306
-3,64700000;2,06541789
-3,64600000;2,06915829
-3,64500000;2,07291433
-3,64400000;2,07668612
-3,64300000;2,08047374
-3,64200000;2,08427729
-3,64100000;2,08809687
-3,64000000;2,09193257
-3,63900000;2,09578448
-3,63800000;2,09965271
-3,63700000;2,10353735
-3,63600000;2,10743851
-3,63500000;2,11135627
-3,63400000;2,11529075
-3,63300000;2,11924205
-3,63200000;2,12321026
-3,63100000;2,12719549
-3,63000000;2,13119784
-3,62900000;2,13521742
-3,62800000;2,13925434
-3,62700000;2,14330870
-3,62600000;2,14738060
-3,62500000;2,15147017
-3,62400000;2,15557750
-3,62300000;2,15970270
-3,62200000;2,16384590
-3,62100000;2,16800719
-3,62000000;2,17218669
-3,61900000;2,17638452
-3,61800000;2,18060080
-3,61700000;2,18483563
-3,61600000;2,18908913
-3,61500000;2,19336143
-3,61400000;2,19765263
-3,61300000;2,20196287
-3,61200000;2,20629225
-3,61100000;2,21064091
-3,61000000;2,21500897
-3,60900000;2,21939655
-3,60800000;2,22380377
-3,60700000;2,22823076
-3,60600000;2,23267765
-3,60500000;2,23714457
-3,60400000;2,24163164
-3,60300000;2,24613900
-3,60200000;2,25066678
-3,60100000;2,25521510
-3,60000000;2,25978412
-3,59900000;2,26437395
-3,59800000;2,26898474
-3,59700000;2,27361662
-3,59600000;2,27826974
-3,59500000;2,28294423
-3,59400000;2,28764023
-3,59300000;2,29235789
-3,59200000;2,29709735
-3,59100000;2,30185875
-3,59000000;2,30664224
-3,58900000;2,31144798
-3,58800000;2,31627610
-3,58700000;2,32112676
-3,58600000;2,32600011
-3,58500000;2,33089630
-3,58400000;2,33581549
-3,58300000;2,34075783
-3,58200000;2,34572348
-3,58100000;2,35071260
-3,58000000;2,35572535
-3,57900000;2,36076189
-3,57800000;2,36582238
-3,57700000;2,37090699
-3,57600000;2,37601589
-3,57500000;2,38114923
-3,57400000;2,38630720
-3,57300000;2,39148996
-3,57200000;2,39669768
-3,57100000;2,40193054
-3,57000000;2,40718871
-3,56900000;2,41247237
-3,56800000;2,41778170
-3,56700000;2,42311688
-3,56600000;2,42847809
-3,56500000;2,43386552
-3,56400000;2,43927935
-3,56300000;2,44471977
-3,56200000;2,45018696
-3,56100000;2,45568112
-3,56000000;2,46120245
-3,55900000;2,46675113
-3,55800000;2,47232737
-3,55700000;2,47793135
-3,55600000;2,48356329
-3,55500000;2,48922339
-3,55400000;2,49491184
-3,55300000;2,50062885
-3,55200000;2,50637464
-3,55100000;2,51214942
-3,55000000;2,51795338
-3,54900000;2,52378676
-3,54800000;2,52964977
-3,54700000;2,53554262
-3,54600000;2,54146554
-3,54500000;2,54741875
-3,54400000;2,55340247
-3,54300000;2,55941693
-3,54200000;2,56546237
-3,54100000;2,57153901
-3,54000000;2,57764709
-3,53900000;2,58378685
-3,53800000;2,58995852
-3,53700000;2,59616234
-3,53600000;2,60239857
-3,53500000;2,60866745
-3,53400000;2,61496922
-3,53300000;2,62130414
-3,53200000;2,62767246
-3,53100000;2,63407444
-3,53000000;2,64051034
-3,52900000;2,64698042
-3,52800000;2,65348494
-3,52700000;2,66002418
-3,52600000;2,66659840
-3,52500000;2,67320787
-3,52400000;2,67985288
-3,52300000;2,68653371
-3,52200000;2,69325062
-3,52100000;2,70000391
-3,52000000;2,70679387
-3,51900000;2,71362079
-3,51800000;2,72048496
-3,51700000;2,72738668
-3,51600000;2,73432624
-3,51500000;2,74130396
-3,51400000;2,74832014
-3,51300000;2,75537509
-3,51200000;2,76246912
-3,51100000;2,76960255
-3,51000000;2,77677570
-3,50900000;2,78398889
-3,50800000;2,79124246
-3,50700000;2,79853673
-3,50600000;2,80587203
-3,50500000;2,81324871
-3,50400000;2,82066711
-3,50300000;2,82812757
-3,50200000;2,83563045
-3,50100000;2,84317609
-3,50000000;2,85076485
-3,49900000;2,85839710
-3,49800000;2,86607320
-3,49700000;2,87379351
-3,49600000;2,88155843
-3,49500000;2,88936831
-3,49400000;2,89722355
-3,49300000;2,90512453
-3,49200000;2,91307165
-3,49100000;2,92106529
-3,49000000;2,92910585
-3,48900000;2,93719376
-3,48800000;2,94532940
-3,48700000;2,95351320
-3,48600000;2,96174557
-3,48500000;2,97002695
-3,48400000;2,97835775
-3,48300000;2,98673841
-3,48200000;2,99516938
-3,48100000;3,00365109
-3,48000000;3,01218399
-3,47900000;3,02076854
-3,47800000;3,02940520
-3,47700000;3,03809444
-3,47600000;3,04683672
-3,47500000;3,05563253
-3,47400000;3,06448233
-3,47300000;3,07338664
-3,47200000;3,08234593
-3,47100000;3,09136070
-3,47000000;3,10043148
-3,46900000;3,10955875
-3,46800000;3,11874306
-3,46700000;3,12798492
-3,46600000;3,13728485
-3,46500000;3,14664341
-3,46400000;3,15606114
-3,46300000;3,16553858
-3,46200000;3,17507630
-3,46100000;3,18467486
-3,46000000;3,19433484
-3,45900000;3,20405681
-3,45800000;3,21384136
-3,45700000;3,22368910
-3,45600000;3,23360060
-3,45500000;3,24357650
-3,45400000;3,25361741
-3,45300000;3,26372395
-3,45200000;3,27389675
-3,45100000;3,28413646
-3,45000000;3,29444374
-3,44900000;3,30481923
-3,44800000;3,31526360
-3,44700000;3,32577754
-3,44600000;3,33636172
-3,44500000;3,34701685
-3,44400000;3,35774361
-3,44300000;3,36854274
-3,44200000;3,37941494
-3,44100000;3,39036095
-3,44000000;3,40138152
-3,43900000;3,41247738
-3,43800000;3,42364932
-3,43700000;3,43489809
-3,43600000;3,44622447
-3,43500000;3,45762927
-3,43400000;3,46911329
-3,43300000;3,48067734
-3,43200000;3,49232225
-3,43100000;3,50404885
-3,43000000;3,51585800
-3,42900000;3,52775055
-3,42800000;3,53972738
-3,42700000;3,55178938
-3,42600000;3,56393744
-3,42500000;3,57617247
-3,42400000;3,58849540
-3,42300000;3,60090716
-3,42200000;3,61340870
-3,42100000;3,62600099
-3,42000000;3,63868501
-3,41900000;3,65146174
-3,41800000;3,66433219
-3,41700000;3,67729738
-3,41600000;3,69035834
-3,41500000;3,70351614
-3,41400000;3,71677182
-3,41300000;3,73012649
-3,41200000;3,74358122
-3,41100000;3,75713714
-3,41000000;3,77079537
-3,40900000;3,78455707
-3,40800000;3,79842340
-3,40700000;3,81239554
-3,40600000;3,82647468
-3,40500000;3,84066206
-3,40400000;3,85495890
-3,40300000;3,86936647
-3,40200000;3,88388603
-3,40100000;3,89851888
-3,40000000;3,91326634
-3,39900000;3,92812974
-3,39800000;3,94311043
-3,39700000;3,95820980
-3,39600000;3,97342925
-3,39500000;3,98877018
-3,39400000;4,00423406
-3,39300000;4,01982234
-3,39200000;4,03553652
-3,39100000;4,05137810
-3,39000000;4,06734863
-3,38900000;4,08344967
-3,38800000;4,09968281
-3,38700000;4,11604966
-3,38600000;4,13255186
-3,38500000;4,14919109
-3,38400000;4,16596903
-3,38300000;4,18288741
-3,38200000;4,19994798
-3,38100000;4,21715253
-3,38000000;4,23450285
-3,37900000;4,25200081
-3,37800000;4,26964826
-3,37700000;4,28744712
-3,37600000;4,30539932
-3,37500000;4,32350683
-3,37400000;4,34177165
-3,37300000;4,36019583
-3,37200000;4,37878144
-3,37100000;4,39753058
-3,37000000;4,41644542
-3,36900000;4,43552812
-3,36800000;4,45478092
-3,36700000;4,47420608
-3,36600000;4,49380591
-3,36500000;4,51358274
-3,36400000;4,53353897
-3,36300000;4,55367702
-3,36200000;4,57399937
-3,36100000;4,59450855
-3,36000000;4,61520710
-3,35900000;4,63609766
-3,35800000;4,65718287
-3,35700000;4,67846545
-3,35600000;4,69994817
-3,35500000;4,72163382
-3,35400000;4,74352529
-3,35300000;4,76562548
-3,35200000;4,78793739
-3,35100000;4,81046402
-3,35000000;4,83320849
-3,34900000;4,85617393
-3,34800000;4,87936357
-3,34700000;4,90278067
-3,34600000;4,92642856
-3,34500000;4,95031067
-3,34400000;4,97443045
-3,34300000;4,99879144
-3,34200000;5,02339726
-3,34100000;5,04825159
-3,34000000;5,07335819
-3,33900000;5,09872088
-3,33800000;5,12434359
-3,33700000;5,15023029
-3,33600000;5,17638507
-3,33500000;5,20281209
-3,33400000;5,22951558
-3,33300000;5,25649988
-3,33200000;5,28376941
-3,33100000;5,31132870
-3,33000000;5,33918235
-3,32900000;5,36733507
-3,32800000;5,39579168
-3,32700000;5,42455710
-3,32600000;5,45363635
-3,32500000;5,48303456
-3,32400000;5,51275697
-3,32300000;5,54280895
-3,32200000;5,57319599
-3,32100000;5,60392367
-3,32000000;5,63499772
-3,31900000;5,66642401
-3,31800000;5,69820853
-3,31700000;5,73035740
-3,31600000;5,76287688
-3,31500000;5,79577339
-3,31400000;5,82905349
-3,31300000;5,86272389
-3,31200000;5,89679146
-3,31100000;5,93126324
-3,31000000;5,96614642
-3,30900000;6,00144838
-3,30800000;6,03717667
-3,30700000;6,07333902
-3,30600000;6,10994334
-3,30500000;6,14699776
-3,30400000;6,18451058
-3,30300000;6,22249032
-3,30200000;6,26094573
-3,30100000;6,29988574
-3,30000000;6,33931954
-3,29900000;6,37925653
-3,29800000;6,41970638
-3,29700000;6,46067897
-3,29600000;6,50218446
-3,29500000;6,54423328
-3,29400000;6,58683612
-3,29300000;6,63000395
-3,29200000;6,67374805
-3,29100000;6,71807998
-3,29000000;6,76301163
-3,28900000;6,80855520
-3,28800000;6,85472323
-3,28700000;6,90152860
-3,28600000;6,94898456
-3,28500000;6,99710472
-3,28400000;7,04590305
-3,28300000;7,09539396
-3,28200000;7,14559224
-3,28100000;7,19651311
-3,28000000;7,24817223
-3,27900000;7,30058572
-3,27800000;7,35377018
-3,27700000;7,40774267
-3,27600000;7,46252080
-3,27500000;7,51812267
-3,27400000;7,57456696
-3,27300000;7,63187288
-3,27200000;7,69006027
-3,27100000;7,74914955
-3,27000000;7,80916181
-3,26900000;7,87011876
-3,26800000;7,93204283
-3,26700000;7,99495716
-3,26600000;8,05888562
-3,26500000;8,12385287
-3,26400000;8,18988436
-3,26300000;8,25700640
-3,26200000;8,32524614
-3,26100000;8,39463169
-3,26000000;8,46519205
-3,25900000;8,53695726
-3,25800000;8,60995837
-3,25700000;8,68422749
-3,25600000;8,75979788
-3,25500000;8,83670396
-3,25400000;8,91498138
-3,25300000;8,99466707
-3,25200000;9,07579929
-3,25100000;9,15841770
-3,25000000;9,24256343
-3,24900000;9,32827915
-3,24800000;9,41560911
-3,24700000;9,50459926
-3,24600000;9,59529730
-3,24500000;9,68775278
-3,24400000;9,78201718
-3,24300000;9,87814401
-3,24200000;9,97618893
-3,24100000;10,07620981
-3,24000000;10,17826690
-3,23900000;10,28242290
-3,23800000;10,38874313
-3,23700000;10,49729564
-3,23600000;10,60815137
-3,23500000;10,72138429
-3,23400000;10,83707157
-3,23300000;10,95529377
-3,23200000;11,07613500
-3,23100000;11,19968314
-3,23000000;11,32603005
-3,22900000;11,45527179
-3,22800000;11,58750885
-3,22700000;11,72284646
-3,22600000;11,86139482
-3,22500000;12,00326940
-3,22400000;12,14859130
-3,22300000;12,29748755
-3,22200000;12,45009152
-3,22100000;12,60654327
-3,22000000;12,76699005
-3,21900000;12,93158666
-3,21800000;13,10049606
-3,21700000;13,27388981
-3,21600000;13,45194873
-3,21500000;13,63486346
-3,21400000;13,82283520
-3,21300000;14,01607639
-3,21200000;14,21481157
-3,21100000;14,41927821
-3,21000000;14,62972765
-3,20900000;14,84642617
-3,20800000;15,06965606
-3,20700000;15,29971690
-3,20600000;15,53692687
-3,20500000;15,78162421
-3,20400000;16,03416885
-3,20300000;16,29494417
-3,20200000;16,56435891
-3,20100000;16,84284936
-3,20000000;17,13088169
-3,19900000;17,42895452
-3,19800000;17,73760186
-3,19700000;18,05739626
-3,19600000;18,38895237
-3,19500000;18,73293085
-3,19400000;19,09004283
-3,19300000;19,46105473
-3,19200000;19,84679381
-3,19100000;20,24815431
-3,19000000;20,66610433
-3,18900000;21,10169370
-3,18800000;21,55606270
-3,18700000;22,03045208
-3,18600000;22,52621434
-3,18500000;23,04482663
-3,18400000;23,58790540
-3,18300000;24,15722329
-3,18200000;24,75472838
-3,18100000;25,38256650
-3,18000000;26,04310699
-3,17900000;26,73897249
-3,17800000;27,47307384
-3,17700000;28,24865069
-3,17600000;29,06931931
-3,17500000;29,93912898
-3,17400000;30,86262876
-3,17300000;31,84494709
-3,17200000;32,89188703
-3,17100000;34,01004098
-3,17000000;35,20692960
-3,16900000;36,49117118
-3,16800000;37,87268943
-3,16700000;39,36297042
-3,16600000;40,97538259
-3,16500000;42,72557890
-3,16400000;44,63200654
-3,16300000;46,71655960
-3,16200000;49,00542361
-3,16100000;51,53018111
-3,16000000;54,32927769
-3,15900000;57,44999330
-3,15800000;60,95113443
-3,15700000;64,90677470
-3,15600000;69,41155330
-3,15500000;74,58834451
-3,15400000;80,59963603
-3,15300000;87,66489221
-3,15200000;96,08792738
-3,15100000;106,30173786
-3,15000000;118,94532914
-3,14900000;135,00277351
-3,14800000;156,07248543
-3,14700000;184,93528636
-3,14600000;226,89581628
-3,14500000;293,48605368
-3,14400000;415,39946680
-3,14300000;710,56876215
-3,14200000;2455,04852709
-3,14100000;-1687,26281753
-3,14000000;-627,87443992
-3,13900000;-385,70235962
-3,13800000;-278,34468859
-3,13700000;-217,73877514
-3,13600000;-178,80623594
-3,13500000;-151,68459290
-3,13400000;-131,70715295
-3,13300000;-116,37962802
-3,13200000;-104,24781023
-3,13100000;-94,40662881
-3,13000000;-86,26330354
-3,12900000;-79,41334783
-3,12800000;-73,57130586
-3,12700000;-68,52996811
-3,12600000;-64,13528067
-3,12500000;-60,27032746
-3,12400000;-56,84477526
-3,12300000;-53,78772504
-3,12200000;-51,04275235
-3,12100000;-48,56439284
-3,12000000;-46,31560433
-3,11900000;-44,26590293
-3,11800000;-42,38997310
-3,11700000;-40,66661687
-3,11600000;-39,07794940
-3,11500000;-37,60877605
-3,11400000;-36,24610489
-3,11300000;-34,97876148
-3,11200000;-33,79708186
-3,11100000;-32,69266558
-3,11000000;-31,65817584
-3,10900000;-30,68717622
-3,10800000;-29,77399672
-3,10700000;-28,91362299
-3,10600000;-28,10160418
-3,10500000;-27,33397598
-3,10400000;-26,60719590
-3,10300000;-25,91808861
-3,10200000;-25,26379959
-3,10100000;-24,64175558
-3,10000000;-24,04963083
-3,09900000;-23,48531798
-3,09800000;-22,94690304
-3,09700000;-22,43264372
-3,09600000;-21,94095058
-3,09500000;-21,47037064
-3,09400000;-21,01957301
-3,09300000;-20,58733640
-3,09200000;-20,17253798
-3,09100000;-19,77414374
-3,09000000;-19,39119979
-3,08900000;-19,02282483
-3,08800000;-18,66820332
-3,08700000;-18,32657946
-3,08600000;-17,99725187
-3,08500000;-17,67956869
-3,08400000;-17,37292339
-3,08300000;-17,07675080
-3,08200000;-16,79052373
-3,08100000;-16,51374974
-3,08000000;-16,24596842
-3,07900000;-15,98674876
-3,07800000;-15,73568685
-3,07700000;-15,49240381
-3,07600000;-15,25654386
-3,07500000;-15,02777260
-3,07400000;-14,80577539
-3,07300000;-14,59025598
-3,07200000;-14,38093510
-3,07100000;-14,17754935
-3,07000000;-13,97985002
-3,06900000;-13,78760211
-3,06800000;-13,60058339
-3,06700000;-13,41858356
-3,06600000;-13,24140343
-3,06500000;-13,06885423
-3,06400000;-12,90075691
-3,06300000;-12,73694152
-3,06200000;-12,57724669
-3,06100000;-12,42151902
-3,06000000;-12,26961266
-3,05900000;-12,12138879
-3,05800000;-11,97671527
-3,05700000;-11,83553622
-3,05600000;-11,69758954
-3,05500000;-11,56283286
-3,05400000;-11,43115693
-3,05300000;-11,30245742
-3,05200000;-11,17663467
-3,05100000;-11,05359341
-3,05000000;-10,93324254
-3,04900000;-10,81549489
-3,04800000;-10,70026702
-3,04700000;-10,58747901
-3,04600000;-10,47705429
-3,04500000;-10,36891946
-3,04400000;-10,26300413
-3,04300000;-10,15924077
-3,04200000;-10,05756454
-3,04100000;-9,95791321
-3,04000000;-9,86022699
-3,03900000;-9,76444840
-3,03800000;-9,67052220
-3,03700000;-9,57839527
-3,03600000;-9,48801648
-3,03500000;-9,39933663
-3,03400000;-9,31230835
-3,03300000;-9,22688602
-3,03200000;-9,14302568
-3,03100000;-9,06068494
-3,03000000;-8,97982297
-3,02900000;-8,90040035
-3,02800000;-8,82237908
-3,02700000;-8,74572247
-3,02600000;-8,67039510
-3,02500000;-8,59636278
-3,02400000;-8,52359245
-3,02300000;-8,45205220
-3,02200000;-8,38171117
-3,02100000;-8,31253953
-3,02000000;-8,24450843
-3,01900000;-8,17758996
-3,01800000;-8,11175710
-3,01700000;-8,04698372
-3,01600000;-7,98324452
-3,01500000;-7,92051498
-3,01400000;-7,85877137
-3,01300000;-7,79799068
-3,01200000;-7,73815063
-3,01100000;-7,67922960
-3,01000000;-7,62120665
-3,00900000;-7,56406145
-3,00800000;-7,50777430
-3,00700000;-7,45232607
-3,00600000;-7,39769819
-3,00500000;-7,34387266
-3,00400000;-7,29083198
-3,00300000;-7,23855916
-3,00200000;-7,18703769
-3,00100000;-7,13625155
-3,00000000;-7,08618516
-2,99900000;-7,03682337
-2,99800000;-6,98815146
-2,99700000;-6,94015513
-2,99600000;-6,89282044
-2,99500000;-6,84613386
-2,99400000;-6,80008222
-2,99300000;-6,75465270
-2,99200000;-6,70983283
-2,99100000;-6,66561044
-2,99000000;-6,62197374
-2,98900000;-6,57891119
-2,98800000;-6,53641159
-2,98700000;-6,49446401
-2,98600000;-6,45305781
-2,98500000;-6,41218261
-2,98400000;-6,37182832
-2,98300000;-6,33198507
-2,98200000;-6,29264326
-2,98100000;-6,25379352
-2,98000000;-6,21542672
-2,97900000;-6,17753395
-2,97800000;-6,14010651
-2,97700000;-6,10313593
-2,97600000;-6,06661393
-2,97500000;-6,03053242
-2,97400000;-5,99488354
-2,97300000;-5,95965957
-2,97200000;-5,92485300
-2,97100000;-5,89045649
-2,97000000;-5,85646287
-2,96900000;-5,82286515
-2,96800000;-5,78965648
-2,96700000;-5,75683017
-2,96600000;-5,72437969
-2,96500000;-5,69229866
-2,96400000;-5,66058084
-2,96300000;-5,62922012
-2,96200000;-5,59821055
-2,96100000;-5,56754628
-2,96000000;-5,53722163
-2,95900000;-5,50723099
-2,95800000;-5,47756893
-2,95700000;-5,44823009
-2,95600000;-5,41920926
-2,95500000;-5,39050132
-2,95400000;-5,36210127
-2,95300000;-5,33400421
-2,95200000;-5,30620534
-2,95100000;-5,27869998
-2,95000000;-5,25148353
-2,94900000;-5,22455149
-2,94800000;-5,19789945
-2,94700000;-5,17152310
-2,94600000;-5,14541821
-2,94500000;-5,11958063
-2,94400000;-5,09400630
-2,94300000;-5,06869126
-2,94200000;-5,04363161
-2,94100000;-5,01882352
-2,94000000;-4,99426325
-2,93900000;-4,96994714
-2,93800000;-4,94587158
-2,93700000;-4,92203305
-2,93600000;-4,89842809
-2,93500000;-4,87505331
-2,93400000;-4,85190538
-2,93300000;-4,82898105
-2,93200000;-4,80627710
-2,93100000;-4,78379041
-2,93000000;-4,76151790
-2,92900000;-4,73945653
-2,92800000;-4,71760335
-2,92700000;-4,69595544
-2,92600000;-4,67450995
-2,92500000;-4,65326408
-2,92400000;-4,63221507
-2,92300000;-4,61136023
-2,92200000;-4,59069690
-2,92100000;-4,57022247
-2,92000000;-4,54993440
-2,91900000;-4,52983016
-2,91800000;-4,50990730
-2,91700000;-4,49016339
-2,91600000;-4,47059605
-2,91500000;-4,45120294
-2,91400000;-4,43198177
-2,91300000;-4,41293029
-2,91200000;-4,39404627
-2,91100000;-4,37532753
-2,91000000;-4,35677194
-2,90900000;-4,33837740
-2,90800000;-4,32014183
-2,90700000;-4,30206320
-2,90600000;-4,28413951
-2,90500000;-4,26636881
-2,90400000;-4,24874915
-2,90300000;-4,23127865
-2,90200000;-4,21395542
-2,90100000;-4,19677765
-2,90000000;-4,17974351
-2,89900000;-4,16285125
-2,89800000;-4,14609910
-2,89700000;-4,12948535
-2,89600000;-4,11300831
-2,89500000;-4,09666632
-2,89400000;-4,08045774
-2,89300000;-4,06438096
-2,89200000;-4,04843440
-2,89100000;-4,03261651
-2,89000000;-4,01692574
-2,88900000;-4,00136058
-2,88800000;-3,98591956
-2,88700000;-3,97060121
-2,88600000;-3,95540408
-2,88500000;-3,94032678
-2,88400000;-3,92536788
-2,88300000;-3,91052604
-2,88200000;-3,89579988
-2,88100000;-3,88118809
-2,88000000;-3,86668935
-2,87900000;-3,85230237
-2,87800000;-3,83802587
-2,87700000;-3,82385861
-2,87600000;-3,80979935
-2,87500000;-3,79584688
-2,87400000;-3,78200000
-2,87300000;-3,76825753
-2,87200000;-3,75461832
-2,87100000;-3,74108120
-2,87000000;-3,72764507
-2,86900000;-3,71430880
-2,86800000;-3,70107131
-2,86700000;-3,68793151
-2,86600000;-3,67488835
-2,86500000;-3,66194076
-2,86400000;-3,64908773
-2,86300000;-3,63632824
-2,86200000;-3,62366127
-2,86100000;-3,61108584
-2,86000000;-3,59860098
-2,85900000;-3,58620573
-2,85800000;-3,57389914
-2,85700000;-3,56168027
-2,85600000;-3,54954820
-2,85500000;-3,53750203
-2,85400000;-3,52554086
-2,85300000;-3,51366381
-2,85200000;-3,50187000
-2,85100000;-3,49015858
-2,85000000;-3,47852870
-2,84900000;-3,46697952
-2,84800000;-3,45551022
-2,84700000;-3,44411999
-2,84600000;-3,43280803
-2,84500000;-3,42157353
-2,84400000;-3,41041574
-2,84300000;-3,39933386
-2,84200000;-3,38832715
-2,84100000;-3,37739485
-2,84000000;-3,36653623
-2,83900000;-3,35575055
-2,83800000;-3,34503709
-2,83700000;-3,33439515
-2,83600000;-3,32382402
-2,83500000;-3,31332301
-2,83400000;-3,30289143
-2,83300000;-3,29252861
-2,83200000;-3,28223389
-2,83100000;-3,27200661
-2,83000000;-3,26184612
-2,82900000;-3,25175177
-2,82800000;-3,24172295
-2,82700000;-3,23175901
-2,82600000;-3,22185935
-2,82500000;-3,21202336
-2,82400000;-3,20225043
-2,82300000;-3,19253998
-2,82200000;-3,18289141
-2,82100000;-3,17330415
-2,82000000;-3,16377763
-2,81900000;-3,15431128
-2,81800000;-3,14490455
-2,81700000;-3,13555688
-2,81600000;-3,12626773
-2,81500000;-3,11703656
-2,81400000;-3,10786285
-2,81300000;-3,09874607
-2,81200000;-3,08968570
-2,81100000;-3,08068123
-2,81000000;-3,07173215
-2,80900000;-3,06283797
-2,80800000;-3,05399820
-2,80700000;-3,04521234
-2,80600000;-3,03647991
-2,80500000;-3,02780044
-2,80400000;-3,01917346
-2,80300000;-3,01059850
-2,80200000;-3,00207510
-2,80100000;-2,99360282
-2,80000000;-2,98518120
-2,79900000;-2,97680980
-2,79800000;-2,96848818
-2,79700000;-2,96021590
-2,79600000;-2,95199255
-2,79500000;-2,94381770
-2,79400000;-2,93569092
-2,79300000;-2,92761181
-2,79200000;-2,91957996
-2,79100000;-2,91159496
-2,79000000;-2,90365641
-2,78900000;-2,89576393
-2,78800000;-2,88791711
-2,78700000;-2,88011558
-2,78600000;-2,87235895
-2,78500000;-2,86464684
-2,78400000;-2,85697889
-2,78300000;-2,84935472
-2,78200000;-2,84177396
-2,78100000;-2,83423627
-2,78000000;-2,82674127
-2,77900000;-2,81928862
-2,77800000;-2,81187797
-2,77700000;-2,80450898
-2,77600000;-2,79718129
-2,77500000;-2,78989458
-2,77400000;-2,78264851
-2,77300000;-2,77544275
-2,77200000;-2,76827698
-2,77100000;-2,76115087
-2,77000000;-2,75406409
-2,76900000;-2,74701635
-2,76800000;-2,74000731
-2,76700000;-2,73303668
-2,76600000;-2,72610414
-2,76500000;-2,71920940
-2,76400000;-2,71235214
-2,76300000;-2,70553209
-2,76200000;-2,69874894
-2,76100000;-2,69200240
-2,76000000;-2,68529219
-2,75900000;-2,67861802
-2,75800000;-2,67197960
-2,75700000;-2,66537667
-2,75600000;-2,65880895
-2,75500000;-2,65227616
-2,75400000;-2,64577803
-2,75300000;-2,63931430
-2,75200000;-2,63288470
-2,75100000;-2,62648897
-2,75000000;-2,62012685
-2,74900000;-2,61379808
-2,74800000;-2,60750242
-2,74700000;-2,60123961
-2,74600000;-2,59500940
-2,74500000;-2,58881154
-2,74400000;-2,58264579
-2,74300000;-2,57651192
-2,74200000;-2,57040968
-2,74100000;-2,56433883
-2,74000000;-2,55829914
-2,73900000;-2,55229039
-2,73800000;-2,54631233
-2,73700000;-2,54036474
-2,73600000;-2,53444741
-2,73500000;-2,52856010
-2,73400000;-2,52270259
-2,73300000;-2,51687467
-2,73200000;-2,51107613
-2,73100000;-2,50530673
-2,73000000;-2,49956629
-2,72900000;-2,49385457
-2,72800000;-2,48817139
-2,72700000;-2,48251652
-2,72600000;-2,47688977
-2,72500000;-2,47129094
-2,72400000;-2,46571982
-2,72300000;-2,46017621
-2,72200000;-2,45465993
-2,72100000;-2,44917077
-2,72000000;-2,44370855
-2,71900000;-2,43827307
-2,71800000;-2,43286414
-2,71700000;-2,42748158
-2,71600000;-2,42212520
-2,71500000;-2,41679482
-2,71400000;-2,41149025
-2,71300000;-2,40621132
-2,71200000;-2,40095785
-2,71100000;-2,39572966
-2,71000000;-2,39052657
-2,70900000;-2,38534841
-2,70800000;-2,38019502
-2,70700000;-2,37506621
-2,70600000;-2,36996182
-2,70500000;-2,36488169
-2,70400000;-2,35982564
-2,70300000;-2,35479352
-2,70200000;-2,34978515
-2,70100000;-2,34480039
-2,70000000;-2,33983906
-2,69900000;-2,33490102
-2,69800000;-2,32998610
-2,69700000;-2,32509415
-2,69600000;-2,32022501
-2,69500000;-2,31537853
-2,69400000;-2,31055457
-2,69300000;-2,30575296
-2,69200000;-2,30097357
-2,69100000;-2,29621623
-2,69000000;-2,29148082
-2,68900000;-2,28676718
-2,68800000;-2,28207517
-2,68700000;-2,27740465
-2,68600000;-2,27275548
-2,68500000;-2,26812751
-2,68400000;-2,26352061
-2,68300000;-2,25893464
-2,68200000;-2,25436946
-2,68100000;-2,24982495
-2,68000000;-2,24530096
-2,67900000;-2,24079737
-2,67800000;-2,23631403
-2,67700000;-2,23185083
-2,67600000;-2,22740764
-2,67500000;-2,22298431
-2,67400000;-2,21858074
-2,67300000;-2,21419678
-2,67200000;-2,20983233
-2,67100000;-2,20548724
-2,67000000;-2,20116141
-2,66900000;-2,19685470
-2,66800000;-2,19256701
-2,66700000;-2,18829820
-2,66600000;-2,18404816
-2,66500000;-2,17981677
-2,66400000;-2,17560392
-2,66300000;-2,17140949
-2,66200000;-2,16723336
-2,66100000;-2,16307543
-2,66000000;-2,15893557
-2,65900000;-2,15481368
-2,65800000;-2,15070965
-2,65700000;-2,14662336
-2,65600000;-2,14255471
-2,65500000;-2,13850359
-2,65400000;-2,13446989
-2,65300000;-2,13045350
-2,65200000;-2,12645433
-2,65100000;-2,12247225
-2,65000000;-2,11850718
-2,64900000;-2,11455901
-2,64800000;-2,11062763
-2,64700000;-2,10671294
-2,64600000;-2,10281485
-2,64500000;-2,09893325
-2,64400000;-2,09506805
-2,64300000;-2,09121915
-2,64200000;-2,08738644
-2,64100000;-2,08356984
-2,64000000;-2,07976924
-2,63900000;-2,07598456
-2,63800000;-2,07221569
-2,63700000;-2,06846255
-2,63600000;-2,06472504
-2,63500000;-2,06100307
-2,63400000;-2,05729654
-2,63300000;-2,05360538
-2,63200000;-2,04992948
-2,63100000;-2,04626876
-2,63000000;-2,04262314
-2,62900000;-2,03899251
-2,62800000;-2,03537680
-2,62700000;-2,03177592
-2,62600000;-2,02818978
-2,62500000;-2,02461830
-2,62400000;-2,02106139
-2,62300000;-2,01751897
-2,62200000;-2,01399096
-2,62100000;-2,01047728
-2,62000000;-2,00697783
-2,61900000;-2,00349255
-2,61800000;-2,00002135
-2,61700000;-1,99656415
-2,61600000;-1,99312087
-2,61500000;-1,98969143
-2,61400000;-1,98627575
-2,61300000;-1,98287377
-2,61200000;-1,97948539
-2,61100000;-1,97611054
-2,61000000;-1,97274916
-2,60900000;-1,96940115
-2,60800000;-1,96606646
-2,60700000;-1,96274499
-2,60600000;-1,95943669
-2,60500000;-1,95614147
-2,60400000;-1,95285927
-2,60300000;-1,94959001
-2,60200000;-1,94633362
-2,60100000;-1,94309003
-2,60000000;-1,93985916
-2,59900000;-1,93664096
-2,59800000;-1,93343535
-2,59700000;-1,93024227
-2,59600000;-1,92706163
-2,59500000;-1,92389338
-2,59400000;-1,92073745
-2,59300000;-1,91759377
-2,59200000;-1,91446227
-2,59100000;-1,91134290
-2,59000000;-1,90823558
-2,58900000;-1,90514024
-2,58800000;-1,90205683
-2,58700000;-1,89898529
-2,58600000;-1,89592554
-2,58500000;-1,89287752
-2,58400000;-1,88984117
-2,58300000;-1,88681644
-2,58200000;-1,88380325
-2,58100000;-1,88080155
-2,58000000;-1,87781127
-2,57900000;-1,87483236
-2,57800000;-1,87186475
-2,57700000;-1,86890839
-2,57600000;-1,86596322
-2,57500000;-1,86302918
-2,57400000;-1,86010620
-2,57300000;-1,85719424
-2,57200000;-1,85429323
-2,57100000;-1,85140311
-2,57000000;-1,84852384
-2,56900000;-1,84565536
-2,56800000;-1,84279760
-2,56700000;-1,83995051
-2,56600000;-1,83711405
-2,56500000;-1,83428814
-2,56400000;-1,83147275
-2,56300000;-1,82866781
-2,56200000;-1,82587327
-2,56100000;-1,82308908
-2,56000000;-1,82031519
-2,55900000;-1,81755154
-2,55800000;-1,81479808
-2,55700000;-1,81205476
-2,55600000;-1,80932152
-2,55500000;-1,80659833
-2,55400000;-1,80388512
-2,55300000;-1,80118184
-2,55200000;-1,79848846
-2,55100000;-1,79580491
-2,55000000;-1,79313114
-2,54900000;-1,79046711
-2,54800000;-1,78781278
-2,54700000;-1,78516808
-2,54600000;-1,78253298
-2,54500000;-1,77990742
-2,54400000;-1,77729136
-2,54300000;-1,77468475
-2,54200000;-1,77208754
-2,54100000;-1,76949969
-2,54000000;-1,76692116
-2,53900000;-1,76435189
-2,53800000;-1,76179184
-2,53700000;-1,75924096
-2,53600000;-1,75669922
-2,53500000;-1,75416656
-2,53400000;-1,75164294
-2,53300000;-1,74912832
-2,53200000;-1,74662265
-2,53100000;-1,74412589
-2,53000000;-1,74163800
-2,52900000;-1,73915894
-2,52800000;-1,73668865
-2,52700000;-1,73422711
-2,52600000;-1,73177426
-2,52500000;-1,72933007
-2,52400000;-1,72689449
-2,52300000;-1,72446749
-2,52200000;-1,72204902
-2,52100000;-1,71963904
-2,52000000;-1,71723750
-2,51900000;-1,71484439
-2,51800000;-1,71245964
-2,51700000;-1,71008322
-2,51600000;-1,70771509
-2,51500000;-1,70535522
-2,51400000;-1,70300356
-2,51300000;-1,70066008
-2,51200000;-1,69832473
-2,51100000;-1,69599748
-2,51000000;-1,69367829
-2,50900000;-1,69136713
-2,50800000;-1,68906395
-2,50700000;-1,68676872
-2,50600000;-1,68448140
-2,50500000;-1,68220196
-2,50400000;-1,67993035
-2,50300000;-1,67766655
-2,50200000;-1,67541051
-2,50100000;-1,67316220
-2,50000000;-1,67092159
-2,49900000;-1,66868864
-2,49800000;-1,66646331
-2,49700000;-1,66424557
-2,49600000;-1,66203539
-2,49500000;-1,65983272
-2,49400000;-1,65763755
-2,49300000;-1,65544982
-2,49200000;-1,65326951
-2,49100000;-1,65109659
-2,49000000;-1,64893102
-2,48900000;-1,64677276
-2,48800000;-1,64462179
-2,48700000;-1,64247808
-2,48600000;-1,64034158
-2,48500000;-1,63821227
-2,48400000;-1,63609011
-2,48300000;-1,63397508
-2,48200000;-1,63186714
-2,48100000;-1,62976625
-2,48000000;-1,62767240
-2,47900000;-1,62558554
-2,47800000;-1,62350565
-2,47700000;-1,62143269
-2,47600000;-1,61936664
-2,47500000;-1,61730746
-2,47400000;-1,61525513
-2,47300000;-1,61320960
-2,47200000;-1,61117087
-2,47100000;-1,60913888
-2,47000000;-1,60711362
-2,46900000;-1,60509505
-2,46800000;-1,60308315
-2,46700000;-1,60107789
-2,46600000;-1,59907923
-2,46500000;-1,59708715
-2,46400000;-1,59510162
-2,46300000;-1,59312262
-2,46200000;-1,59115010
-2,46100000;-1,58918406
-2,46000000;-1,58722445
-2,45900000;-1,58527125
-2,45800000;-1,58332443
-2,45700000;-1,58138397
-2,45600000;-1,57944984
-2,45500000;-1,57752201
-2,45400000;-1,57560045
-2,45300000;-1,57368514
-2,45200000;-1,57177605
-2,45100000;-1,56987315
-2,45000000;-1,56797643
-2,44900000;-1,56608584
-2,44800000;-1,56420137
-2,44700000;-1,56232299
-2,44600000;-1,56045068
-2,44500000;-1,55858440
-2,44400000;-1,55672414
-2,44300000;-1,55486986
-2,44200000;-1,55302155
-2,44100000;-1,55117798
-2,44000000;-1,54934153
-2,43900000;-1,54751097
-2,43800000;-1,54568628
-2,43700000;-1,54386742
-2,43600000;-1,54205438
-2,43500000;-1,54024714
-2,43400000;-1,53844566
-2,43300000;-1,53664992
-2,43200000;-1,53485990
-2,43100000;-1,53307558
-2,43000000;-1,53129694
-2,42900000;-1,52952394
-2,42800000;-1,52775657
-2,42700000;-1,52599481
-2,42600000;-1,52423862
-2,42500000;-1,52248800
-2,42400000;-1,52074291
-2,42300000;-1,51900333
-2,42200000;-1,51726924
-2,42100000;-1,51554063
-2,42000000;-1,51381745
-2,41900000;-1,51209971
-2,41800000;-1,51038736
-2,41700000;-1,50868040
-2,41600000;-1,50697879
-2,41500000;-1,50528253
-2,41400000;-1,50359158
-2,41300000;-1,50190592
-2,41200000;-1,50022554
-2,41100000;-1,49855041
-2,41000000;-1,49688051
-2,40900000;-1,49521582
-2,40800000;-1,49355633
-2,40700000;-1,49190200
-2,40600000;-1,49025282
-2,40500000;-1,48860878
-2,40400000;-1,48696984
-2,40300000;-1,48533599
-2,40200000;-1,48370721
-2,40100000;-1,48208347
-2,40000000;-1,48046477
-2,39900000;-1,47885107
-2,39800000;-1,47724237
-2,39700000;-1,47563863
-2,39600000;-1,47403985
-2,39500000;-1,47244599
-2,39400000;-1,47085705
-2,39300000;-1,46927300
-2,39200000;-1,46769383
-2,39100000;-1,46611951
-2,39000000;-1,46455003
-2,38900000;-1,46298537
-2,38800000;-1,46142550
-2,38700000;-1,45987042
-2,38600000;-1,45832010
-2,38500000;-1,45677453
-2,38400000;-1,45523368
-2,38300000;-1,45369754
-2,38200000;-1,45216609
-2,38100000;-1,45063931
-2,38000000;-1,44911718
-2,37900000;-1,44759970
-2,37800000;-1,44608683
-2,37700000;-1,44457856
-2,37600000;-1,44307488
-2,37500000;-1,44157577
-2,37400000;-1,44008121
-2,37300000;-1,43859118
-2,37200000;-1,43710566
-2,37100000;-1,43562464
-2,37000000;-1,43414811
-2,36900000;-1,43267604
-2,36800000;-1,43120842
-2,36700000;-1,42974523
-2,36600000;-1,42828646
-2,36500000;-1,42683209
-2,36400000;-1,42538210
-2,36300000;-1,42393647
-2,36200000;-1,42249520
-2,36100000;-1,42105826
-2,36000000;-1,41962564
-2,35900000;-1,41819732
-2,35800000;-1,41677329
-2,35700000;-1,41535353
-2,35600000;-1,41393802
-2,35500000;-1,41252675
-2,35400000;-1,41111971
-2,35300000;-1,40971688
-2,35200000;-1,40831823
-2,35100000;-1,40692377
-2,35000000;-1,40553347
-2,34900000;-1,40414732
-2,34800000;-1,40276530
-2,34700000;-1,40138740
-2,34600000;-1,40001360
-2,34500000;-1,39864389
-2,34400000;-1,39727825
-2,34300000;-1,39591668
-2,34200000;-1,39455914
-2,34100000;-1,39320564
-2,34000000;-1,39185615
-2,33900000;-1,39051066
-2,33800000;-1,38916916
-2,33700000;-1,38783163
-2,33600000;-1,38649806
-2,33500000;-1,38516843
-2,33400000;-1,38384274
-2,33300000;-1,38252096
-2,33200000;-1,38120308
-2,33100000;-1,37988909
-2,33000000;-1,37857897
-2,32900000;-1,37727272
-2,32800000;-1,37597032
-2,32700000;-1,37467175
-2,32600000;-1,37337700
-2,32500000;-1,37208605
-2,32400000;-1,37079891
-2,32300000;-1,36951554
-2,32200000;-1,36823594
-2,32100000;-1,36696009
-2,32000000;-1,36568799
-2,31900000;-1,36441962
-2,31800000;-1,36315496
-2,31700000;-1,36189400
-2,31600000;-1,36063673
-2,31500000;-1,35938314
-2,31400000;-1,35813322
-2,31300000;-1,35688695
-2,31200000;-1,35564431
-2,31100000;-1,35440531
-2,31000000;-1,35316992
-2,30900000;-1,35193813
-2,30800000;-1,35070993
-2,30700000;-1,34948531
-2,30600000;-1,34826425
-2,30500000;-1,34704675
-2,30400000;-1,34583279
-2,30300000;-1,34462236
-2,30200000;-1,34341545
-2,30100000;-1,34221204
-2,30000000;-1,34101213
-2,29900000;-1,33981569
-2,29800000;-1,33862273
-2,29700000;-1,33743323
-2,29600000;-1,33624717
-2,29500000;-1,33506455
-2,29400000;-1,33388536
-2,29300000;-1,33270958
-2,29200000;-1,33153719
-2,29100000;-1,33036820
-2,29000000;-1,32920259
-2,28900000;-1,32804035
-2,28800000;-1,32688146
-2,28700000;-1,32572591
-2,28600000;-1,32457370
-2,28500000;-1,32342482
-2,28400000;-1,32227925
-2,28300000;-1,32113697
-2,28200000;-1,31999799
-2,28100000;-1,31886229
-2,28000000;-1,31772986
-2,27900000;-1,31660069
-2,27800000;-1,31547476
-2,27700000;-1,31435207
-2,27600000;-1,31323261
-2,27500000;-1,31211636
-2,27400000;-1,31100333
-2,27300000;-1,30989348
-2,27200000;-1,30878682
-2,27100000;-1,30768334
-2,27000000;-1,30658302
-2,26900000;-1,30548586
-2,26800000;-1,30439184
-2,26700000;-1,30330095
-2,26600000;-1,30221319
-2,26500000;-1,30112854
-2,26400000;-1,30004700
-2,26300000;-1,29896855
-2,26200000;-1,29789318
-2,26100000;-1,29682089
-2,26000000;-1,29575167
-2,25900000;-1,29468550
-2,25800000;-1,29362238
-2,25700000;-1,29256229
-2,25600000;-1,29150523
-2,25500000;-1,29045118
-2,25400000;-1,28940015
-2,25300000;-1,28835211
-2,25200000;-1,28730706
-2,25100000;-1,28626499
-2,25000000;-1,28522589
-2,24900000;-1,28418975
-2,24800000;-1,28315656
-2,24700000;-1,28212631
-2,24600000;-1,28109900
-2,24500000;-1,28007461
-2,24400000;-1,27905313
-2,24300000;-1,27803457
-2,24200000;-1,27701889
-2,24100000;-1,27600611
-2,24000000;-1,27499621
-2,23900000;-1,27398917
-2,23800000;-1,27298500
-2,23700000;-1,27198368
-2,23600000;-1,27098520
-2,23500000;-1,26998956
-2,23400000;-1,26899675
-2,23300000;-1,26800675
-2,23200000;-1,26701957
-2,23100000;-1,26603518
-2,23000000;-1,26505359
-2,22900000;-1,26407478
-2,22800000;-1,26309874
-2,22700000;-1,26212548
-2,22600000;-1,26115497
-2,22500000;-1,26018721
-2,22400000;-1,25922220
-2,22300000;-1,25825992
-2,22200000;-1,25730037
-2,22100000;-1,25634353
-2,22000000;-1,25538940
-2,21900000;-1,25443798
-2,21800000;-1,25348925
-2,21700000;-1,25254320
-2,21600000;-1,25159983
-2,21500000;-1,25065913
-2,21400000;-1,24972109
-2,21300000;-1,24878571
-2,21200000;-1,24785297
-2,21100000;-1,24692288
-2,21000000;-1,24599541
-2,20900000;-1,24507056
-2,20800000;-1,24414833
-2,20700000;-1,24322871
-2,20600000;-1,24231169
-2,20500000;-1,24139726
-2,20400000;-1,24048541
-2,20300000;-1,23957614
-2,20200000;-1,23866944
-2,20100000;-1,23776531
-2,20000000;-1,23686372
-2,19900000;-1,23596469
-2,19800000;-1,23506820
-2,19700000;-1,23417423
-2,19600000;-1,23328280
-2,19500000;-1,23239388
-2,19400000;-1,23150748
-2,19300000;-1,23062357
-2,19200000;-1,22974217
-2,19100000;-1,22886325
-2,19000000;-1,22798682
-2,18900000;-1,22711286
-2,18800000;-1,22624137
-2,18700000;-1,22537234
-2,18600000;-1,22450577
-2,18500000;-1,22364165
-2,18400000;-1,22277996
-2,18300000;-1,22192071
-2,18200000;-1,22106388
-2,18100000;-1,22020948
-2,18000000;-1,21935749
-2,17900000;-1,21850791
-2,17800000;-1,21766072
-2,17700000;-1,21681593
-2,17600000;-1,21597352
-2,17500000;-1,21513350
-2,17400000;-1,21429585
-2,17300000;-1,21346056
-2,17200000;-1,21262764
-2,17100000;-1,21179707
-2,17000000;-1,21096884
-2,16900000;-1,21014296
-2,16800000;-1,20931941
-2,16700000;-1,20849819
-2,16600000;-1,20767929
-2,16500000;-1,20686271
-2,16400000;-1,20604843
-2,16300000;-1,20523646
-2,16200000;-1,20442678
-2,16100000;-1,20361939
-2,16000000;-1,20281429
-2,15900000;-1,20201146
-2,15800000;-1,20121091
-2,15700000;-1,20041262
-2,15600000;-1,19961659
-2,15500000;-1,19882281
-2,15400000;-1,19803128
-2,15300000;-1,19724199
-2,15200000;-1,19645494
-2,15100000;-1,19567011
-2,15000000;-1,19488751
-2,14900000;-1,19410713
-2,14800000;-1,19332895
-2,14700000;-1,19255298
-2,14600000;-1,19177921
-2,14500000;-1,19100764
-2,14400000;-1,19023825
-2,14300000;-1,18947105
-2,14200000;-1,18870602
-2,14100000;-1,18794316
-2,14000000;-1,18718247
-2,13900000;-1,18642393
-2,13800000;-1,18566755
-2,13700000;-1,18491332
-2,13600000;-1,18416123
-2,13500000;-1,18341128
-2,13400000;-1,18266345
-2,13300000;-1,18191776
-2,13200000;-1,18117418
-2,13100000;-1,18043272
-2,13000000;-1,17969337
-2,12900000;-1,17895612
-2,12800000;-1,17822097
-2,12700000;-1,17748791
-2,12600000;-1,17675694
-2,12500000;-1,17602805
-2,12400000;-1,17530124
-2,12300000;-1,17457651
-2,12200000;-1,17385383
-2,12100000;-1,17313322
-2,12000000;-1,17241467
-2,11900000;-1,17169816
-2,11800000;-1,17098370
-2,11700000;-1,17027128
-2,11600000;-1,16956090
-2,11500000;-1,16885255
-2,11400000;-1,16814622
-2,11300000;-1,16744191
-2,11200000;-1,16673962
-2,11100000;-1,16603933
-2,11000000;-1,16534105
-2,10900000;-1,16464477
-2,10800000;-1,16395049
-2,10700000;-1,16325819
-2,10600000;-1,16256788
-2,10500000;-1,16187955
-2,10400000;-1,16119320
-2,10300000;-1,16050882
-2,10200000;-1,15982640
-2,10100000;-1,15914594
-2,10000000;-1,15846743
-2,09900000;-1,15779088
-2,09800000;-1,15711628
-2,09700000;-1,15644361
-2,09600000;-1,15577289
-2,09500000;-1,15510409
-2,09400000;-1,15443722
-2,09300000;-1,15377228
-2,09200000;-1,15310925
-2,09100000;-1,15244813
-2,09000000;-1,15178893
-2,08900000;-1,15113163
-2,08800000;-1,15047623
-2,08700000;-1,14982272
-2,08600000;-1,14917110
-2,08500000;-1,14852137
-2,08400000;-1,14787352
-2,08300000;-1,14722755
-2,08200000;-1,14658345
-2,08100000;-1,14594122
-2,08000000;-1,14530086
-2,07900000;-1,14466235
-2,07800000;-1,14402570
-2,07700000;-1,14339089
-2,07600000;-1,14275794
-2,07500000;-1,14212682
-2,07400000;-1,14149755
-2,07300000;-1,14087010
-2,07200000;-1,14024449
-2,07100000;-1,13962070
-2,07000000;-1,13899873
-2,06900000;-1,13837858
-2,06800000;-1,13776024
-2,06700000;-1,13714370
-2,06600000;-1,13652897
-2,06500000;-1,13591605
-2,06400000;-1,13530491
-2,06300000;-1,13469557
-2,06200000;-1,13408801
-2,06100000;-1,13348224
-2,06000000;-1,13287825
-2,05900000;-1,13227603
-2,05800000;-1,13167558
-2,05700000;-1,13107690
-2,05600000;-1,13047998
-2,05500000;-1,12988483
-2,05400000;-1,12929142
-2,05300000;-1,12869977
-2,05200000;-1,12810986
-2,05100000;-1,12752170
-2,05000000;-1,12693528
-2,04900000;-1,12635059
-2,04800000;-1,12576764
-2,04700000;-1,12518641
-2,04600000;-1,12460691
-2,04500000;-1,12402912
-2,04400000;-1,12345305
-2,04300000;-1,12287870
-2,04200000;-1,12230605
-2,04100000;-1,12173511
-2,04000000;-1,12116587
-2,03900000;-1,12059833
-2,03800000;-1,12003248
-2,03700000;-1,11946832
-2,03600000;-1,11890585
-2,03500000;-1,11834506
-2,03400000;-1,11778595
-2,03300000;-1,11722851
-2,03200000;-1,11667275
-2,03100000;-1,11611865
-2,03000000;-1,11556622
-2,02900000;-1,11501545
-2,02800000;-1,11446634
-2,02700000;-1,11391888
-2,02600000;-1,11337307
-2,02500000;-1,11282891
-2,02400000;-1,11228639
-2,02300000;-1,11174552
-2,02200000;-1,11120628
-2,02100000;-1,11066867
-2,02000000;-1,11013269
-2,01900000;-1,10959834
-2,01800000;-1,10906561
-2,01700000;-1,10853450
-2,01600000;-1,10800500
-2,01500000;-1,10747712
-2,01400000;-1,10695085
-2,01300000;-1,10642618
-2,01200000;-1,10590311
-2,01100000;-1,10538165
-2,01000000;-1,10486178
-2,00900000;-1,10434350
-2,00800000;-1,10382682
-2,00700000;-1,10331171
-2,00600000;-1,10279819
-2,00500000;-1,10228626
-2,00400000;-1,10177589
-2,00300000;-1,10126710
-2,00200000;-1,10075988
-2,00100000;-1,10025423
-2,00000000;-1,09975014
-1,99900000;-1,09924761
-1,99800000;-1,09874664
-1,99700000;-1,09824722
-1,99600000;-1,09774936
-1,99500000;-1,09725304
-1,99400000;-1,09675826
-1,99300000;-1,09626503
-1,99200000;-1,09577334
-1,99100000;-1,09528318
-1,99000000;-1,09479456
-1,98900000;-1,09430746
-1,98800000;-1,09382189
-1,98700000;-1,09333785
-1,98600000;-1,09285532
-1,98500000;-1,09237431
-1,98400000;-1,09189482
-1,98300000;-1,09141684
-1,98200000;-1,09094037
-1,98100000;-1,09046540
-1,98000000;-1,08999194
-1,97900000;-1,08951998
-1,97800000;-1,08904951
-1,97700000;-1,08858054
-1,97600000;-1,08811306
-1,97500000;-1,08764707
-1,97400000;-1,08718256
-1,97300000;-1,08671954
-1,97200000;-1,08625799
-1,97100000;-1,08579793
-1,97000000;-1,08533934
-1,96900000;-1,08488222
-1,96800000;-1,08442656
-1,96700000;-1,08397238
-1,96600000;-1,08351966
-1,96500000;-1,08306840
-1,96400000;-1,08261859
-1,96300000;-1,08217024
-1,96200000;-1,08172335
-1,96100000;-1,08127790
-1,96000000;-1,08083390
-1,95900000;-1,08039135
-1,95800000;-1,07995024
-1,95700000;-1,07951056
-1,95600000;-1,07907233
-1,95500000;-1,07863552
-1,95400000;-1,07820015
-1,95300000;-1,07776621
-1,95200000;-1,07733369
-1,95100000;-1,07690260
-1,95000000;-1,07647293
-1,94900000;-1,07604467
-1,94800000;-1,07561783
-1,94700000;-1,07519241
-1,94600000;-1,07476839
-1,94500000;-1,07434579
-1,94400000;-1,07392459
-1,94300000;-1,07350479
-1,94200000;-1,07308639
-1,94100000;-1,07266939
-1,94000000;-1,07225379
-1,93900000;-1,07183958
-1,93800000;-1,07142676
-1,93700000;-1,07101533
-1,93600000;-1,07060529
-1,93500000;-1,07019663
-1,93400000;-1,06978935
-1,93300000;-1,06938345
-1,93200000;-1,06897893
-1,93100000;-1,06857578
-1,93000000;-1,06817400
-1,92900000;-1,06777359
-1,92800000;-1,06737455
-1,92700000;-1,06697687
-1,92600000;-1,06658056
-1,92500000;-1,06618560
-1,92400000;-1,06579201
-1,92300000;-1,06539977
-1,92200000;-1,06500888
-1,92100000;-1,06461934
-1,92000000;-1,06423115
-1,91900000;-1,06384431
-1,91800000;-1,06345881
-1,91700000;-1,06307466
-1,91600000;-1,06269184
-1,91500000;-1,06231036
-1,91400000;-1,06193022
-1,91300000;-1,06155141
-1,91200000;-1,06117393
-1,91100000;-1,06079778
-1,91000000;-1,06042296
-1,90900000;-1,06004946
-1,90800000;-1,05967728
-1,90700000;-1,05930643
-1,90600000;-1,05893689
-1,90500000;-1,05856867
-1,90400000;-1,05820176
-1,90300000;-1,05783616
-1,90200000;-1,05747187
-1,90100000;-1,05710890
-1,90000000;-1,05674722
-1,89900000;-1,05638685
-1,89800000;-1,05602778
-1,89700000;-1,05567001
-1,89600000;-1,05531354
-1,89500000;-1,05495836
-1,89400000;-1,05460448
-1,89300000;-1,05425188
-1,89200000;-1,05390058
-1,89100000;-1,05355056
-1,89000000;-1,05320183
-1,88900000;-1,05285438
-1,88800000;-1,05250822
-1,88700000;-1,05216333
-1,88600000;-1,05181972
-1,88500000;-1,05147739
-1,88400000;-1,05113632
-1,88300000;-1,05079654
-1,88200000;-1,05045802
-1,88100000;-1,05012076
-1,88000000;-1,04978478
-1,87900000;-1,04945006
-1,87800000;-1,04911660
-1,87700000;-1,04878440
-1,87600000;-1,04845346
-1,87500000;-1,04812377
-1,87400000;-1,04779534
-1,87300000;-1,04746817
-1,87200000;-1,04714224
-1,87100000;-1,04681757
-1,87000000;-1,04649414
-1,86900000;-1,04617195
-1,86800000;-1,04585102
-1,86700000;-1,04553132
-1,86600000;-1,04521286
-1,86500000;-1,04489564
-1,86400000;-1,04457966
-1,86300000;-1,04426491
-1,86200000;-1,04395140
-1,86100000;-1,04363912
-1,86000000;-1,04332807
-1,85900000;-1,04301824
-1,85800000;-1,04270965
-1,85700000;-1,04240227
-1,85600000;-1,04209666
-1,85500000;-1,04179173
-1,85400000;-1,04148802
-1,85300000;-1,04118552
-1,85200000;-1,04088424
-1,85100000;-1,04058418
-1,85000000;-1,04028533
-1,84900000;-1,03998769
-1,84800000;-1,03969126
-1,84700000;-1,03939603
-1,84600000;-1,03910202
-1,84500000;-1,03880921
-1,84400000;-1,03851760
-1,84300000;-1,03822719
-1,84200000;-1,03793799
-1,84100000;-1,03764998
-1,84000000;-1,03736317
-1,83900000;-1,03707755
-1,83800000;-1,03679313
-1,83700000;-1,03650990
-1,83600000;-1,03622786
-1,83500000;-1,03594701
-1,83400000;-1,03566735
-1,83300000;-1,03538887
-1,83200000;-1,03511158
-1,83100000;-1,03483547
-1,83000000;-1,03456055
-1,82900000;-1,03428680
-1,82800000;-1,03401423
-1,82700000;-1,03374284
-1,82600000;-1,03347262
-1,82500000;-1,03320358
-1,82400000;-1,03293571
-1,82300000;-1,03266902
-1,82200000;-1,03240349
-1,82100000;-1,03213913
-1,82000000;-1,03187594
-1,81900000;-1,03161391
-1,81800000;-1,03135305
-1,81700000;-1,03109335
-1,81600000;-1,03083481
-1,81500000;-1,03057743
-1,81400000;-1,03032121
-1,81300000;-1,03006615
-1,81200000;-1,02981224
-1,81100000;-1,02955949
-1,81000000;-1,02930789
-1,80900000;-1,02905745
-1,80800000;-1,02880815
-1,80700000;-1,02856000
-1,80600000;-1,02831300
-1,80500000;-1,02806715
-1,80400000;-1,02782244
-1,80300000;-1,02757887
-1,80200000;-1,02733645
-1,80100000;-1,02709517
-1,80000000;-1,02685503
-1,79900000;-1,02661603
-1,79800000;-1,02637816
-1,79700000;-1,02614143
-1,79600000;-1,02590584
-1,79500000;-1,02567138
-1,79400000;-1,02543805
-1,79300000;-1,02520585
-1,79200000;-1,02497479
-1,79100000;-1,02474485
-1,79000000;-1,02451604
-1,78900000;-1,02428835
-1,78800000;-1,02406179
-1,78700000;-1,02383636
-1,78600000;-1,02361204
-1,78500000;-1,02338885
-1,78400000;-1,02316678
-1,78300000;-1,02294583
-1,78200000;-1,02272599
-1,78100000;-1,02250728
-1,78000000;-1,02228967
-1,77900000;-1,02207319
-1,77800000;-1,02185781
-1,77700000;-1,02164355
-1,77600000;-1,02143040
-1,77500000;-1,02121836
-1,77400000;-1,02100743
-1,77300000;-1,02079760
-1,77200000;-1,02058888
-1,77100000;-1,02038127
-1,77000000;-1,02017476
-1,76900000;-1,01996936
-1,76800000;-1,01976506
-1,76700000;-1,01956186
-1,76600000;-1,01935975
-1,76500000;-1,01915875
-1,76400000;-1,01895885
-1,76300000;-1,01876004
-1,76200000;-1,01856233
-1,76100000;-1,01836572
-1,76000000;-1,01817019
-1,75900000;-1,01797576
-1,75800000;-1,01778243
-1,75700000;-1,01759018
-1,75600000;-1,01739902
-1,75500000;-1,01720895
-1,75400000;-1,01701997
-1,75300000;-1,01683208
-1,75200000;-1,01664527
-1,75100000;-1,01645955
-1,75000000;-1,01627491
-1,74900000;-1,01609136
-1,74800000;-1,01590888
-1,74700000;-1,01572749
-1,74600000;-1,01554718
-1,74500000;-1,01536795
-1,74400000;-1,01518979
-1,74300000;-1,01501271
-1,74200000;-1,01483671
-1,74100000;-1,01466179
-1,74000000;-1,01448794
-1,73900000;-1,01431516
-1,73800000;-1,01414345
-1,73700000;-1,01397282
-1,73600000;-1,01380326
-1,73500000;-1,01363477
-1,73400000;-1,01346735
-1,73300000;-1,01330099
-1,73200000;-1,01313571
-1,73100000;-1,01297149
-1,73000000;-1,01280834
-1,72900000;-1,01264625
-1,72800000;-1,01248522
-1,72700000;-1,01232526
-1,72600000;-1,01216637
-1,72500000;-1,01200853
-1,72400000;-1,01185175
-1,72300000;-1,01169604
-1,72200000;-1,01154138
-1,72100000;-1,01138778
-1,72000000;-1,01123524
-1,71900000;-1,01108376
-1,71800000;-1,01093334
-1,71700000;-1,01078396
-1,71600000;-1,01063565
-1,71500000;-1,01048838
-1,71400000;-1,01034218
-1,71300000;-1,01019702
-1,71200000;-1,01005291
-1,71100000;-1,00990986
-1,71000000;-1,00976785
-1,70900000;-1,00962690
-1,70800000;-1,00948699
-1,70700000;-1,00934813
-1,70600000;-1,00921032
-1,70500000;-1,00907356
-1,70400000;-1,00893784
-1,70300000;-1,00880316
-1,70200000;-1,00866954
-1,70100000;-1,00853695
-1,70000000;-1,00840541
-1,69900000;-1,00827491
-1,69800000;-1,00814545
-1,69700000;-1,00801703
-1,69600000;-1,00788966
-1,69500000;-1,00776332
-1,69400000;-1,00763802
-1,69300000;-1,00751377
-1,69200000;-1,00739054
-1,69100000;-1,00726836
-1,69000000;-1,00714721
-1,68900000;-1,00702710
-1,68800000;-1,00690803
-1,68700000;-1,00678999
-1,68600000;-1,00667298
-1,68500000;-1,00655701
-1,68400000;-1,00644207
-1,68300000;-1,00632816
-1,68200000;-1,00621529
-1,68100000;-1,00610344
-1,68000000;-1,00599263
-1,67900000;-1,00588285
-1,67800000;-1,00577409
-1,67700000;-1,00566637
-1,67600000;-1,00555967
-1,67500000;-1,00545401
-1,67400000;-1,00534937
-1,67300000;-1,00524575
-1,67200000;-1,00514317
-1,67100000;-1,00504160
-1,67000000;-1,00494107
-1,66900000;-1,00484156
-1,66800000;-1,00474307
-1,66700000;-1,00464561
-1,66600000;-1,00454917
-1,66500000;-1,00445375
-1,66400000;-1,00435936
-1,66300000;-1,00426599
-1,66200000;-1,00417364
-1,66100000;-1,00408231
-1,66000000;-1,00399200
-1,65900000;-1,00390271
-1,65800000;-1,00381444
-1,65700000;-1,00372719
-1,65600000;-1,00364096
-1,65500000;-1,00355574
-1,65400000;-1,00347155
-1,65300000;-1,00338837
-1,65200000;-1,00330621
-1,65100000;-1,00322507
-1,65000000;-1,00314494
-1,64900000;-1,00306583
-1,64800000;-1,00298773
-1,64700000;-1,00291065
-1,64600000;-1,00283458
-1,64500000;-1,00275953
-1,64400000;-1,00268549
-1,64300000;-1,00261246
-1,64200000;-1,00254045
-1,64100000;-1,00246945
-1,64000000;-1,00239946
-1,63900000;-1,00233049
-1,63800000;-1,00226252
-1,63700000;-1,00219557
-1,63600000;-1,00212963
-1,63500000;-1,00206470
-1,63400000;-1,00200078
-1,63300000;-1,00193787
-1,63200000;-1,00187597
-1,63100000;-1,00181507
-1,63000000;-1,00175519
-1,62900000;-1,00169632
-1,62800000;-1,00163845
-1,62700000;-1,00158160
-1,62600000;-1,00152575
-1,62500000;-1,00147091
-1,62400000;-1,00141707
-1,62300000;-1,00136425
-1,62200000;-1,00131243
-1,62100000;-1,00126161
-1,62000000;-1,00121181
-1,61900000;-1,00116301
-1,61800000;-1,00111521
-1,61700000;-1,00106842
-1,61600000;-1,00102264
-1,61500000;-1,00097786
-1,61400000;-1,00093409
-1,61300000;-1,00089132
-1,61200000;-1,00084955
-1,61100000;-1,00080879
-1,61000000;-1,00076903
-1,60900000;-1,00073028
-1,60800000;-1,00069253
-1,60700000;-1,00065579
-1,60600000;-1,00062004
-1,60500000;-1,00058531
-1,60400000;-1,00055157
-1,60300000;-1,00051884
-1,60200000;-1,00048710
-1,60100000;-1,00045638
-1,60000000;-1,00042665
-1,59900000;-1,00039793
-1,59800000;-1,00037020
-1,59700000;-1,00034348
-1,59600000;-1,00031777
-1,59500000;-1,00029305
-1,59400000;-1,00026933
-1,59300000;-1,00024662
-1,59200000;-1,00022491
-1,59100000;-1,00020420
-1,59000000;-1,00018448
-1,58900000;-1,00016578
-1,58800000;-1,00014807
-1,58700000;-1,00013136
-1,58600000;-1,00011565
-1,58500000;-1,00010094
-1,58400000;-1,00008724
-1,58300000;-1,00007453
-1,58200000;-1,00006283
-1,58100000;-1,00005212
-1,58000000;-1,00004242
-1,57900000;-1,00003371
-1,57800000;-1,00002601
-1,57700000;-1,00001930
-1,57600000;-1,00001360
-1,57500000;-1,00000889
-1,57400000;-1,00000519
-1,57300000;-1,00000249
-1,57200000;-1,00000078
-1,57100000;-1,00000008
-1,57000000;-1,00000037
-1,56900000;-1,00000167
-1,56800000;-1,00000396
-1,56700000;-1,00000726
-1,56600000;-1,00001156
-1,56500000;-1,00001685
-1,56400000;-1,00002315
-1,56300000;-1,00003044
-1,56200000;-1,00003874
-1,56100000;-1,00004804
-1,56000000;-1,00005833
-1,55900000;-1,00006963
-1,55800000;-1,00008193
-1,55700000;-1,00009523
-1,55600000;-1,00010953
-1,55500000;-1,00012482
-1,55400000;-1,00014112
-1,55300000;-1,00015842
-1,55200000;-1,00017673
-1,55100000;-1,00019603
-1,55000000;-1,00021633
-1,54900000;-1,00023763
-1,54800000;-1,00025994
-1,54700000;-1,00028325
-1,54600000;-1,00030755
-1,54500000;-1,00033286
-1,54400000;-1,00035917
-1,54300000;-1,00038649
-1,54200000;-1,00041480
-1,54100000;-1,00044412
-1,54000000;-1,00047444
-1,53900000;-1,00050576
-1,53800000;-1,00053808
-1,53700000;-1,00057141
-1,53600000;-1,00060574
-1,53500000;-1,00064107
-1,53400000;-1,00067741
-1,53300000;-1,00071475
-1,53200000;-1,00075309
-1,53100000;-1,00079244
-1,53000000;-1,00083279
-1,52900000;-1,00087414
-1,52800000;-1,00091650
-1,52700000;-1,00095987
-1,52600000;-1,00100423
-1,52500000;-1,00104961
-1,52400000;-1,00109599
-1,52300000;-1,00114337
-1,52200000;-1,00119176
-1,52100000;-1,00124116
-1,52000000;-1,00129156
-1,51900000;-1,00134297
-1,51800000;-1,00139538
-1,51700000;-1,00144881
-1,51600000;-1,00150323
-1,51500000;-1,00155867
-1,51400000;-1,00161512
-1,51300000;-1,00167257
-1,51200000;-1,00173103
-1,51100000;-1,00179050
-1,51000000;-1,00185098
-1,50900000;-1,00191247
-1,50800000;-1,00197497
-1,50700000;-1,00203848
-1,50600000;-1,00210299
-1,50500000;-1,00216852
-1,50400000;-1,00223506
-1,50300000;-1,00230261
-1,50200000;-1,00237117
-1,50100000;-1,00244075
-1,50000000;-1,00251134
-1,49900000;-1,00258293
-1,49800000;-1,00265555
-1,49700000;-1,00272917
-1,49600000;-1,00280381
-1,49500000;-1,00287946
-1,49400000;-1,00295613
-1,49300000;-1,00303381
-1,49200000;-1,00311251
-1,49100000;-1,00319222
-1,49000000;-1,00327295
-1,48900000;-1,00335470
-1,48800000;-1,00343746
-1,48700000;-1,00352124
-1,48600000;-1,00360604
-1,48500000;-1,00369185
-1,48400000;-1,00377869
-1,48300000;-1,00386654
-1,48200000;-1,00395541
-1,48100000;-1,00404531
-1,48000000;-1,00413622
-1,47900000;-1,00422815
-1,47800000;-1,00432111
-1,47700000;-1,00441508
-1,47600000;-1,00451008
-1,47500000;-1,00460610
-1,47400000;-1,00470315
-1,47300000;-1,00480122
-1,47200000;-1,00490031
-1,47100000;-1,00500043
-1,47000000;-1,00510157
-1,46900000;-1,00520374
-1,46800000;-1,00530693
-1,46700000;-1,00541115
-1,46600000;-1,00551640
-1,46500000;-1,00562267
-1,46400000;-1,00572998
-1,46300000;-1,00583831
-1,46200000;-1,00594767
-1,46100000;-1,00605806
-1,46000000;-1,00616949
-1,45900000;-1,00628194
-1,45800000;-1,00639543
-1,45700000;-1,00650994
-1,45600000;-1,00662549
-1,45500000;-1,00674208
-1,45400000;-1,00685970
-1,45300000;-1,00697835
-1,45200000;-1,00709804
-1,45100000;-1,00721876
-1,45000000;-1,00734052
-1,44900000;-1,00746332
-1,44800000;-1,00758715
-1,44700000;-1,00771202
-1,44600000;-1,00783794
-1,44500000;-1,00796489
-1,44400000;-1,00809288
-1,44300000;-1,00822191
-1,44200000;-1,00835198
-1,44100000;-1,00848310
-1,44000000;-1,00861526
-1,43900000;-1,00874846
-1,43800000;-1,00888271
-1,43700000;-1,00901800
-1,43600000;-1,00915434
-1,43500000;-1,00929172
-1,43400000;-1,00943015
-1,43300000;-1,00956963
-1,43200000;-1,00971015
-1,43100000;-1,00985173
-1,43000000;-1,00999435
-1,42900000;-1,01013803
-1,42800000;-1,01028276
-1,42700000;-1,01042854
-1,42600000;-1,01057537
-1,42500000;-1,01072326
-1,42400000;-1,01087220
-1,42300000;-1,01102219
-1,42200000;-1,01117324
-1,42100000;-1,01132535
-1,42000000;-1,01147851
-1,41900000;-1,01163274
-1,41800000;-1,01178802
-1,41700000;-1,01194436
-1,41600000;-1,01210176
-1,41500000;-1,01226023
-1,41400000;-1,01241975
-1,41300000;-1,01258034
-1,41200000;-1,01274199
-1,41100000;-1,01290471
-1,41000000;-1,01306850
-1,40900000;-1,01323334
-1,40800000;-1,01339926
-1,40700000;-1,01356625
-1,40600000;-1,01373430
-1,40500000;-1,01390342
-1,40400000;-1,01407362
-1,40300000;-1,01424488
-1,40200000;-1,01441722
-1,40100000;-1,01459063
-1,40000000;-1,01476512
-1,39900000;-1,01494068
-1,39800000;-1,01511732
-1,39700000;-1,01529503
-1,39600000;-1,01547382
-1,39500000;-1,01565369
-1,39400000;-1,01583464
-1,39300000;-1,01601668
-1,39200000;-1,01619979
-1,39100000;-1,01638398
-1,39000000;-1,01656926
-1,38900000;-1,01675563
-1,38800000;-1,01694307
-1,38700000;-1,01713161
-1,38600000;-1,01732123
-1,38500000;-1,01751194
-1,38400000;-1,01770374
-1,38300000;-1,01789664
-1,38200000;-1,01809062
-1,38100000;-1,01828569
-1,38000000;-1,01848186
-1,37900000;-1,01867912
-1,37800000;-1,01887748
-1,37700000;-1,01907694
-1,37600000;-1,01927749
-1,37500000;-1,01947914
-1,37400000;-1,01968189
-1,37300000;-1,01988574
-1,37200000;-1,02009070
-1,37100000;-1,02029675
-1,37000000;-1,02050391
-1,36900000;-1,02071218
-1,36800000;-1,02092155
-1,36700000;-1,02113203
-1,36600000;-1,02134361
-1,36500000;-1,02155631
-1,36400000;-1,02177012
-1,36300000;-1,02198504
-1,36200000;-1,02220107
-1,36100000;-1,02241821
-1,36000000;-1,02263647
-1,35900000;-1,02285585
-1,35800000;-1,02307635
-1,35700000;-1,02329796
-1,35600000;-1,02352069
-1,35500000;-1,02374454
-1,35400000;-1,02396952
-1,35300000;-1,02419562
-1,35200000;-1,02442284
-1,35100000;-1,02465119
-1,35000000;-1,02488067
-1,34900000;-1,02511127
-1,34800000;-1,02534301
-1,34700000;-1,02557587
-1,34600000;-1,02580987
-1,34500000;-1,02604500
-1,34400000;-1,02628126
-1,34300000;-1,02651866
-1,34200000;-1,02675720
-1,34100000;-1,02699687
-1,34000000;-1,02723769
-1,33900000;-1,02747964
-1,33800000;-1,02772274
-1,33700000;-1,02796698
-1,33600000;-1,02821236
-1,33500000;-1,02845889
-1,33400000;-1,02870657
-1,33300000;-1,02895539
-1,33200000;-1,02920537
-1,33100000;-1,02945650
-1,33000000;-1,02970878
-1,32900000;-1,02996221
-1,32800000;-1,03021680
-1,32700000;-1,03047254
-1,32600000;-1,03072945
-1,32500000;-1,03098751
-1,32400000;-1,03124673
-1,32300000;-1,03150712
-1,32200000;-1,03176867
-1,32100000;-1,03203138
-1,32000000;-1,03229526
-1,31900000;-1,03256031
-1,31800000;-1,03282653
-1,31700000;-1,03309391
-1,31600000;-1,03336247
-1,31500000;-1,03363221
-1,31400000;-1,03390312
-1,31300000;-1,03417520
-1,31200000;-1,03444793
-1,31100000;-1,03472238
-1,31000000;-1,03499801
-1,30900000;-1,03527482
-1,30800000;-1,03555281
-1,30700000;-1,03583199
-1,30600000;-1,03611236
-1,30500000;-1,03639391
-1,30400000;-1,03667666
-1,30300000;-1,03696059
-1,30200000;-1,03724572
-1,30100000;-1,03753205
-1,30000000;-1,03781957
-1,29900000;-1,03810829
-1,29800000;-1,03839820
-1,29700000;-1,03868932
-1,29600000;-1,03898164
-1,29500000;-1,03927517
-1,29400000;-1,03956990
-1,29300000;-1,03986584
-1,29200000;-1,04016298
-1,29100000;-1,04046134
-1,29000000;-1,04076091
-1,28900000;-1,04106169
-1,28800000;-1,04136369
-1,28700000;-1,04166691
-1,28600000;-1,04197134
-1,28500000;-1,04227700
-1,28400000;-1,04258388
-1,28300000;-1,04289198
-1,28200000;-1,04320131
-1,28100000;-1,04351186
-1,28000000;-1,04382365
-1,27900000;-1,04413666
-1,27800000;-1,04445091
-1,27700000;-1,04476639
-1,27600000;-1,04508311
-1,27500000;-1,04540106
-1,27400000;-1,04572026
-1,27300000;-1,04604069
-1,27200000;-1,04636237
-1,27100000;-1,04668530
-1,27000000;-1,04700947
-1,26900000;-1,04733489
-1,26800000;-1,04766156
-1,26700000;-1,04798948
-1,26600000;-1,04831866
-1,26500000;-1,04864909
-1,26400000;-1,04898078
-1,26300000;-1,04931373
-1,26200000;-1,04964794
-1,26100000;-1,04998341
-1,26000000;-1,05032015
-1,25900000;-1,05065815
-1,25800000;-1,05099743
-1,25700000;-1,05133797
-1,25600000;-1,05167979
-1,25500000;-1,05202289
-1,25400000;-1,05236725
-1,25300000;-1,05271290
-1,25200000;-1,05305983
-1,25100000;-1,05340804
-1,25000000;-1,05375754
-1,24900000;-1,05410832
-1,24800000;-1,05446039
-1,24700000;-1,05481375
-1,24600000;-1,05516840
-1,24500000;-1,05552435
-1,24400000;-1,05588160
-1,24300000;-1,05624014
-1,24200000;-1,05659998
-1,24100000;-1,05696113
-1,24000000;-1,05732358
-1,23900000;-1,05768733
-1,23800000;-1,05805240
-1,23700000;-1,05841877
-1,23600000;-1,05878646
-1,23500000;-1,05915547
-1,23400000;-1,05952579
-1,23300000;-1,05989743
-1,23200000;-1,06027039
-1,23100000;-1,06064468
-1,23000000;-1,06102029
-1,22900000;-1,06139723
-1,22800000;-1,06177550
-1,22700000;-1,06215510
-1,22600000;-1,06253604
-1,22500000;-1,06291831
-1,22400000;-1,06330192
-1,22300000;-1,06368688
-1,22200000;-1,06407317
-1,22100000;-1,06446081
-1,22000000;-1,06484980
-1,21900000;-1,06524014
-1,21800000;-1,06563183
-1,21700000;-1,06602488
-1,21600000;-1,06641928
-1,21500000;-1,06681505
-1,21400000;-1,06721217
-1,21300000;-1,06761066
-1,21200000;-1,06801051
-1,21100000;-1,06841173
-1,21000000;-1,06881432
-1,20900000;-1,06921829
-1,20800000;-1,06962363
-1,20700000;-1,07003035
-1,20600000;-1,07043845
-1,20500000;-1,07084793
-1,20400000;-1,07125880
-1,20300000;-1,07167105
-1,20200000;-1,07208470
-1,20100000;-1,07249973
-1,20000000;-1,07291617
-1,19900000;-1,07333399
-1,19800000;-1,07375322
-1,19700000;-1,07417385
-1,19600000;-1,07459589
-1,19500000;-1,07501933
-1,19400000;-1,07544418
-1,19300000;-1,07587045
-1,19200000;-1,07629813
-1,19100000;-1,07672722
-1,19000000;-1,07715774
-1,18900000;-1,07758968
-1,18800000;-1,07802304
-1,18700000;-1,07845783
-1,18600000;-1,07889406
-1,18500000;-1,07933171
-1,18400000;-1,07977080
-1,18300000;-1,08021133
-1,18200000;-1,08065330
-1,18100000;-1,08109671
-1,18000000;-1,08154157
-1,17900000;-1,08198787
-1,17800000;-1,08243563
-1,17700000;-1,08288484
-1,17600000;-1,08333551
-1,17500000;-1,08378764
-1,17400000;-1,08424123
-1,17300000;-1,08469628
-1,17200000;-1,08515281
-1,17100000;-1,08561080
-1,17000000;-1,08607027
-1,16900000;-1,08653121
-1,16800000;-1,08699363
-1,16700000;-1,08745754
-1,16600000;-1,08792292
-1,16500000;-1,08838980
-1,16400000;-1,08885816
-1,16300000;-1,08932802
-1,16200000;-1,08979938
-1,16100000;-1,09027223
-1,16000000;-1,09074659
-1,15900000;-1,09122245
-1,15800000;-1,09169981
-1,15700000;-1,09217869
-1,15600000;-1,09265908
-1,15500000;-1,09314099
-1,15400000;-1,09362442
-1,15300000;-1,09410937
-1,15200000;-1,09459584
-1,15100000;-1,09508384
-1,15000000;-1,09557338
-1,14900000;-1,09606445
-1,14800000;-1,09655705
-1,14700000;-1,09705120
-1,14600000;-1,09754689
-1,14500000;-1,09804413
-1,14400000;-1,09854291
-1,14300000;-1,09904325
-1,14200000;-1,09954515
-1,14100000;-1,10004860
-1,14000000;-1,10055362
-1,13900000;-1,10106020
-1,13800000;-1,10156835
-1,13700000;-1,10207808
-1,13600000;-1,10258938
-1,13500000;-1,10310225
-1,13400000;-1,10361671
-1,13300000;-1,10413275
-1,13200000;-1,10465038
-1,13100000;-1,10516960
-1,13000000;-1,10569042
-1,12900000;-1,10621284
-1,12800000;-1,10673685
-1,12700000;-1,10726247
-1,12600000;-1,10778970
-1,12500000;-1,10831854
-1,12400000;-1,10884899
-1,12300000;-1,10938106
-1,12200000;-1,10991475
-1,12100000;-1,11045007
-1,12000000;-1,11098702
-1,11900000;-1,11152559
-1,11800000;-1,11206580
-1,11700000;-1,11260765
-1,11600000;-1,11315115
-1,11500000;-1,11369628
-1,11400000;-1,11424307
-1,11300000;-1,11479151
-1,11200000;-1,11534161
-1,11100000;-1,11589336
-1,11000000;-1,11644678
-1,10900000;-1,11700186
-1,10800000;-1,11755862
-1,10700000;-1,11811705
-1,10600000;-1,11867715
-1,10500000;-1,11923894
-1,10400000;-1,11980242
-1,10300000;-1,12036758
-1,10200000;-1,12093443
-1,10100000;-1,12150298
-1,10000000;-1,12207323
-1,09900000;-1,12264518
-1,09800000;-1,12321884
-1,09700000;-1,12379421
-1,09600000;-1,12437130
-1,09500000;-1,12495010
-1,09400000;-1,12553063
-1,09300000;-1,12611288
-1,09200000;-1,12669686
-1,09100000;-1,12728258
-1,09000000;-1,12787003
-1,08900000;-1,12845923
-1,08800000;-1,12905017
-1,08700000;-1,12964286
-1,08600000;-1,13023731
-1,08500000;-1,13083351
-1,08400000;-1,13143147
-1,08300000;-1,13203120
-1,08200000;-1,13263270
-1,08100000;-1,13323597
-1,08000000;-1,13384101
-1,07900000;-1,13444784
-1,07800000;-1,13505646
-1,07700000;-1,13566686
-1,07600000;-1,13627906
-1,07500000;-1,13689306
-1,07400000;-1,13750886
-1,07300000;-1,13812646
-1,07200000;-1,13874588
-1,07100000;-1,13936711
-1,07000000;-1,13999016
-1,06900000;-1,14061503
-1,06800000;-1,14124173
-1,06700000;-1,14187026
-1,06600000;-1,14250062
-1,06500000;-1,14313283
-1,06400000;-1,14376688
-1,06300000;-1,14440278
-1,06200000;-1,14504053
-1,06100000;-1,14568014
-1,06000000;-1,14632162
-1,05900000;-1,14696495
-1,05800000;-1,14761016
-1,05700000;-1,14825725
-1,05600000;-1,14890621
-1,05500000;-1,14955706
-1,05400000;-1,15020980
-1,05300000;-1,15086443
-1,05200000;-1,15152096
-1,05100000;-1,15217939
-1,05000000;-1,15283972
-1,04900000;-1,15350197
-1,04800000;-1,15416614
-1,04700000;-1,15483222
-1,04600000;-1,15550023
-1,04500000;-1,15617017
-1,04400000;-1,15684205
-1,04300000;-1,15751586
-1,04200000;-1,15819162
-1,04100000;-1,15886933
-1,04000000;-1,15954900
-1,03900000;-1,16023062
-1,03800000;-1,16091420
-1,03700000;-1,16159975
-1,03600000;-1,16228728
-1,03500000;-1,16297678
-1,03400000;-1,16366827
-1,03300000;-1,16436175
-1,03200000;-1,16505721
-1,03100000;-1,16575468
-1,03000000;-1,16645415
-1,02900000;-1,16715562
-1,02800000;-1,16785911
-1,02700000;-1,16856462
-1,02600000;-1,16927214
-1,02500000;-1,16998170
-1,02400000;-1,17069329
-1,02300000;-1,17140692
-1,02200000;-1,17212259
-1,02100000;-1,17284031
-1,02000000;-1,17356009
-1,01900000;-1,17428192
-1,01800000;-1,17500582
-1,01700000;-1,17573178
-1,01600000;-1,17645983
-1,01500000;-1,17718995
-1,01400000;-1,17792215
-1,01300000;-1,17865645
-1,01200000;-1,17939285
-1,01100000;-1,18013134
-1,01000000;-1,18087194
-1,00900000;-1,18161466
-1,00800000;-1,18235949
-1,00700000;-1,18310645
-1,00600000;-1,18385554
-1,00500000;-1,18460676
-1,00400000;-1,18536012
-1,00300000;-1,18611562
-1,00200000;-1,18687328
-1,00100000;-1,18763309
-1,00000000;-1,18839507
-0,99900000;-1,18915922
-0,99800000;-1,18992553
-0,99700000;-1,19069403
-0,99600000;-1,19146472
-0,99500000;-1,19223759
-0,99400000;-1,19301267
-0,99300000;-1,19378994
-0,99200000;-1,19456943
-0,99100000;-1,19535113
-0,99000000;-1,19613505
-0,98900000;-1,19692119
-0,98800000;-1,19770957
-0,98700000;-1,19850019
-0,98600000;-1,19929305
-0,98500000;-1,20008817
-0,98400000;-1,20088554
-0,98300000;-1,20168517
-0,98200000;-1,20248707
-0,98100000;-1,20329125
-0,98000000;-1,20409770
-0,97900000;-1,20490645
-0,97800000;-1,20571749
-0,97700000;-1,20653082
-0,97600000;-1,20734647
-0,97500000;-1,20816443
-0,97400000;-1,20898470
-0,97300000;-1,20980730
-0,97200000;-1,21063224
-0,97100000;-1,21145951
-0,97000000;-1,21228912
-0,96900000;-1,21312109
-0,96800000;-1,21395541
-0,96700000;-1,21479210
-0,96600000;-1,21563116
-0,96500000;-1,21647260
-0,96400000;-1,21731642
-0,96300000;-1,21816263
-0,96200000;-1,21901123
-0,96100000;-1,21986224
-0,96000000;-1,22071567
-0,95900000;-1,22157150
-0,95800000;-1,22242977
-0,95700000;-1,22329046
-0,95600000;-1,22415359
-0,95500000;-1,22501917
-0,95400000;-1,22588720
-0,95300000;-1,22675769
-0,95200000;-1,22763064
-0,95100000;-1,22850606
-0,95000000;-1,22938397
-0,94900000;-1,23026436
-0,94800000;-1,23114725
-0,94700000;-1,23203263
-0,94600000;-1,23292053
-0,94500000;-1,23381094
-0,94400000;-1,23470387
-0,94300000;-1,23559934
-0,94200000;-1,23649734
-0,94100000;-1,23739788
-0,94000000;-1,23830098
-0,93900000;-1,23920663
-0,93800000;-1,24011485
-0,93700000;-1,24102565
-0,93600000;-1,24193903
-0,93500000;-1,24285500
-0,93400000;-1,24377356
-0,93300000;-1,24469473
-0,93200000;-1,24561851
-0,93100000;-1,24654491
-0,93000000;-1,24747394
-0,92900000;-1,24840560
-0,92800000;-1,24933991
-0,92700000;-1,25027687
-0,92600000;-1,25121648
-0,92500000;-1,25215876
-0,92400000;-1,25310372
-0,92300000;-1,25405136
-0,92200000;-1,25500169
-0,92100000;-1,25595471
-0,92000000;-1,25691045
-0,91900000;-1,25786889
-0,91800000;-1,25883006
-0,91700000;-1,25979397
-0,91600000;-1,26076061
-0,91500000;-1,26172999
-0,91400000;-1,26270214
-0,91300000;-1,26367704
-0,91200000;-1,26465472
-0,91100000;-1,26563518
-0,91000000;-1,26661843
-0,90900000;-1,26760448
-0,90800000;-1,26859333
-0,90700000;-1,26958500
-0,90600000;-1,27057949
-0,90500000;-1,27157681
-0,90400000;-1,27257697
-0,90300000;-1,27357998
-0,90200000;-1,27458585
-0,90100000;-1,27559459
-0,90000000;-1,27660620
-0,89900000;-1,27762070
-0,89800000;-1,27863809
-0,89700000;-1,27965838
-0,89600000;-1,28068158
-0,89500000;-1,28170770
-0,89400000;-1,28273676
-0,89300000;-1,28376875
-0,89200000;-1,28480369
-0,89100000;-1,28584158
-0,89000000;-1,28688245
-0,88900000;-1,28792628
-0,88800000;-1,28897311
-0,88700000;-1,29002292
-0,88600000;-1,29107574
-0,88500000;-1,29213158
-0,88400000;-1,29319043
-0,88300000;-1,29425232
-0,88200000;-1,29531725
-0,88100000;-1,29638523
-0,88000000;-1,29745627
-0,87900000;-1,29853038
-0,87800000;-1,29960758
-0,87700000;-1,30068786
-0,87600000;-1,30177125
-0,87500000;-1,30285774
-0,87400000;-1,30394735
-0,87300000;-1,30504010
-0,87200000;-1,30613598
-0,87100000;-1,30723502
-0,87000000;-1,30833722
-0,86900000;-1,30944258
-0,86800000;-1,31055113
-0,86700000;-1,31166287
-0,86600000;-1,31277781
-0,86500000;-1,31389596
-0,86400000;-1,31501734
-0,86300000;-1,31614195
-0,86200000;-1,31726980
-0,86100000;-1,31840090
-0,86000000;-1,31953527
-0,85900000;-1,32067292
-0,85800000;-1,32181385
-0,85700000;-1,32295808
-0,85600000;-1,32410562
-0,85500000;-1,32525648
-0,85400000;-1,32641066
-0,85300000;-1,32756819
-0,85200000;-1,32872907
-0,85100000;-1,32989331
-0,85000000;-1,33106093
-0,84900000;-1,33223193
-0,84800000;-1,33340633
-0,84700000;-1,33458414
-0,84600000;-1,33576536
-0,84500000;-1,33695002
-0,84400000;-1,33813812
-0,84300000;-1,33932968
-0,84200000;-1,34052470
-0,84100000;-1,34172319
-0,84000000;-1,34292518
-0,83900000;-1,34413067
-0,83800000;-1,34533967
-0,83700000;-1,34655219
-0,83600000;-1,34776825
-0,83500000;-1,34898786
-0,83400000;-1,35021103
-0,83300000;-1,35143777
-0,83200000;-1,35266810
-0,83100000;-1,35390203
-0,83000000;-1,35513956
-0,82900000;-1,35638072
-0,82800000;-1,35762551
-0,82700000;-1,35887487
-0,82600000;-1,36012696
-0,82500000;-1,36138272
-0,82400000;-1,36264217
-0,82300000;-1,36390532
-0,82200000;-1,36517217
-0,82100000;-1,36644275
-0,82000000;-1,36771706
-0,81900000;-1,36899513
-0,81800000;-1,37027696
-0,81700000;-1,37156256
-0,81600000;-1,37285195
-0,81500000;-1,37414514
-0,81400000;-1,37544215
-0,81300000;-1,37674299
-0,81200000;-1,37804767
-0,81100000;-1,37935621
-0,81000000;-1,38066861
-0,80900000;-1,38198490
-0,80800000;-1,38330509
-0,80700000;-1,38462918
-0,80600000;-1,38595720
-0,80500000;-1,38728916
-0,80400000;-1,38862508
-0,80300000;-1,38996495
-0,80200000;-1,39130881
-0,80100000;-1,39265667
-0,80000000;-1,39400853
-0,79900000;-1,39536442
-0,79800000;-1,39672435
-0,79700000;-1,39808833
-0,79600000;-1,39945638
-0,79500000;-1,40082851
-0,79400000;-1,40220473
-0,79300000;-1,40358507
-0,79200000;-1,40496954
-0,79100000;-1,40635814
-0,79000000;-1,40775091
-0,78900000;-1,40914784
-0,78800000;-1,41054896
-0,78700000;-1,41195429
-0,78600000;-1,41336383
-0,78500000;-1,41477761
-0,78400000;-1,41619563
-0,78300000;-1,41761792
-0,78200000;-1,41904449
-0,78100000;-1,42047536
-0,78000000;-1,42191054
-0,77900000;-1,42335004
-0,77800000;-1,42479389
-0,77700000;-1,42624210
-0,77600000;-1,42769469
-0,77500000;-1,42915167
-0,77400000;-1,43061305
-0,77300000;-1,43207887
-0,77200000;-1,43354912
-0,77100000;-1,43502383
-0,77000000;-1,43650302
-0,76900000;-1,43798670
-0,76800000;-1,43947489
-0,76700000;-1,44096761
-0,76600000;-1,44246487
-0,76500000;-1,44396669
-0,76400000;-1,44547308
-0,76300000;-1,44698407
-0,76200000;-1,44849968
-0,76100000;-1,45001991
-0,76000000;-1,45154479
-0,75900000;-1,45307434
-0,75800000;-1,45460857
-0,75700000;-1,45614750
-0,75600000;-1,45769115
-0,75500000;-1,45923954
-0,75400000;-1,46079268
-0,75300000;-1,46235059
-0,75200000;-1,46391330
-0,75100000;-1,46548082
-0,75000000;-1,46705317
-0,74900000;-1,46863036
-0,74800000;-1,47021243
-0,74700000;-1,47179937
-0,74600000;-1,47339123
-0,74500000;-1,47498800
-0,74400000;-1,47658972
-0,74300000;-1,47819640
-0,74200000;-1,47980807
-0,74100000;-1,48142473
-0,74000000;-1,48304642
-0,73900000;-1,48467314
-0,73800000;-1,48630493
-0,73700000;-1,48794180
-0,73600000;-1,48958376
-0,73500000;-1,49123085
-0,73400000;-1,49288308
-0,73300000;-1,49454047
-0,73200000;-1,49620305
-0,73100000;-1,49787082
-0,73000000;-1,49954382
-0,72900000;-1,50122207
-0,72800000;-1,50290558
-0,72700000;-1,50459437
-0,72600000;-1,50628848
-0,72500000;-1,50798791
-0,72400000;-1,50969269
-0,72300000;-1,51140285
-0,72200000;-1,51311839
-0,72100000;-1,51483936
-0,72000000;-1,51656576
-0,71900000;-1,51829762
-0,71800000;-1,52003496
-0,71700000;-1,52177781
-0,71600000;-1,52352619
-0,71500000;-1,52528011
-0,71400000;-1,52703960
-0,71300000;-1,52880469
-0,71200000;-1,53057540
-0,71100000;-1,53235175
-0,71000000;-1,53413376
-0,70900000;-1,53592146
-0,70800000;-1,53771487
-0,70700000;-1,53951401
-0,70600000;-1,54131891
-0,70500000;-1,54312960
-0,70400000;-1,54494609
-0,70300000;-1,54676841
-0,70200000;-1,54859658
-0,70100000;-1,55043064
-0,70000000;-1,55227059
-0,69900000;-1,55411648
-0,69800000;-1,55596832
-0,69700000;-1,55782614
-0,69600000;-1,55968996
-0,69500000;-1,56155981
-0,69400000;-1,56343571
-0,69300000;-1,56531769
-0,69200000;-1,56720578
-0,69100000;-1,56910000
-0,69000000;-1,57100038
-0,68900000;-1,57290694
-0,68800000;-1,57481971
-0,68700000;-1,57673872
-0,68600000;-1,57866399
-0,68500000;-1,58059555
-0,68400000;-1,58253342
-0,68300000;-1,58447764
-0,68200000;-1,58642824
-0,68100000;-1,58838523
-0,68000000;-1,59034865
-0,67900000;-1,59231852
-0,67800000;-1,59429488
-0,67700000;-1,59627774
-0,67600000;-1,59826715
-0,67500000;-1,60026312
-0,67400000;-1,60226568
-0,67300000;-1,60427488
-0,67200000;-1,60629072
-0,67100000;-1,60831325
-0,67000000;-1,61034249
-0,66900000;-1,61237847
-0,66800000;-1,61442122
-0,66700000;-1,61647078
-0,66600000;-1,61852716
-0,66500000;-1,62059041
-0,66400000;-1,62266055
-0,66300000;-1,62473761
-0,66200000;-1,62682162
-0,66100000;-1,62891262
-0,66000000;-1,63101064
-0,65900000;-1,63311570
-0,65800000;-1,63522783
-0,65700000;-1,63734708
-0,65600000;-1,63947347
-0,65500000;-1,64160704
-0,65400000;-1,64374781
-0,65300000;-1,64589582
-0,65200000;-1,64805110
-0,65100000;-1,65021368
-0,65000000;-1,65238360
-0,64900000;-1,65456090
-0,64800000;-1,65674559
-0,64700000;-1,65893773
-0,64600000;-1,66113734
-0,64500000;-1,66334445
-0,64400000;-1,66555911
-0,64300000;-1,66778134
-0,64200000;-1,67001118
-0,64100000;-1,67224867
-0,64000000;-1,67449383
-0,63900000;-1,67674671
-0,63800000;-1,67900735
-0,63700000;-1,68127577
-0,63600000;-1,68355201
-0,63500000;-1,68583612
-0,63400000;-1,68812812
-0,63300000;-1,69042805
-0,63200000;-1,69273596
-0,63100000;-1,69505187
-0,63000000;-1,69737583
-0,62900000;-1,69970787
-0,62800000;-1,70204804
-0,62700000;-1,70439636
-0,62600000;-1,70675288
-0,62500000;-1,70911764
-0,62400000;-1,71149067
-0,62300000;-1,71387202
-0,62200000;-1,71626172
-0,62100000;-1,71865982
-0,62000000;-1,72106635
-0,61900000;-1,72348136
-0,61800000;-1,72590488
-0,61700000;-1,72833696
-0,61600000;-1,73077764
-0,61500000;-1,73322695
-0,61400000;-1,73568494
-0,61300000;-1,73815166
-0,61200000;-1,74062714
-0,61100000;-1,74311143
-0,61000000;-1,74560457
-0,60900000;-1,74810660
-0,60800000;-1,75061757
-0,60700000;-1,75313751
-0,60600000;-1,75566648
-0,60500000;-1,75820452
-0,60400000;-1,76075167
-0,60300000;-1,76330797
-0,60200000;-1,76587348
-0,60100000;-1,76844824
-0,60000000;-1,77103228
-0,59900000;-1,77362567
-0,59800000;-1,77622844
-0,59700000;-1,77884065
-0,59600000;-1,78146233
-0,59500000;-1,78409354
-0,59400000;-1,78673432
-0,59300000;-1,78938472
-0,59200000;-1,79204479
-0,59100000;-1,79471458
-0,59000000;-1,79739414
-0,58900000;-1,80008351
-0,58800000;-1,80278275
-0,58700000;-1,80549191
-0,58600000;-1,80821103
-0,58500000;-1,81094016
-0,58400000;-1,81367937
-0,58300000;-1,81642869
-0,58200000;-1,81918818
-0,58100000;-1,82195789
-0,58000000;-1,82473788
-0,57900000;-1,82752820
-0,57800000;-1,83032889
-0,57700000;-1,83314002
-0,57600000;-1,83596163
-0,57500000;-1,83879379
-0,57400000;-1,84163654
-0,57300000;-1,84448994
-0,57200000;-1,84735405
-0,57100000;-1,85022892
-0,57000000;-1,85311461
-0,56900000;-1,85601117
-0,56800000;-1,85891866
-0,56700000;-1,86183714
-0,56600000;-1,86476667
-0,56500000;-1,86770730
-0,56400000;-1,87065910
-0,56300000;-1,87362211
-0,56200000;-1,87659641
-0,56100000;-1,87958205
-0,56000000;-1,88257909
-0,55900000;-1,88558759
-0,55800000;-1,88860761
-0,55700000;-1,89163922
-0,55600000;-1,89468247
-0,55500000;-1,89773743
-0,55400000;-1,90080417
-0,55300000;-1,90388273
-0,55200000;-1,90697320
-0,55100000;-1,91007563
-0,55000000;-1,91319009
-0,54900000;-1,91631663
-0,54800000;-1,91945534
-0,54700000;-1,92260627
-0,54600000;-1,92576949
-0,54500000;-1,92894508
-0,54400000;-1,93213308
-0,54300000;-1,93533358
-0,54200000;-1,93854664
-0,54100000;-1,94177234
-0,54000000;-1,94501073
-0,53900000;-1,94826190
-0,53800000;-1,95152590
-0,53700000;-1,95480283
-0,53600000;-1,95809273
-0,53500000;-1,96139569
-0,53400000;-1,96471179
-0,53300000;-1,96804108
-0,53200000;-1,97138366
-0,53100000;-1,97473958
-0,53000000;-1,97810893
-0,52900000;-1,98149179
-0,52800000;-1,98488822
-0,52700000;-1,98829831
-0,52600000;-1,99172213
-0,52500000;-1,99515976
-0,52400000;-1,99861128
-0,52300000;-2,00207676
-0,52200000;-2,00555630
-0,52100000;-2,00904996
-0,52000000;-2,01255784
-0,51900000;-2,01608000
-0,51800000;-2,01961654
-0,51700000;-2,02316753
-0,51600000;-2,02673306
-0,51500000;-2,03031322
-0,51400000;-2,03390808
-0,51300000;-2,03751774
-0,51200000;-2,04114228
-0,51100000;-2,04478178
-0,51000000;-2,04843634
-0,50900000;-2,05210604
-0,50800000;-2,05579097
-0,50700000;-2,05949123
-0,50600000;-2,06320689
-0,50500000;-2,06693806
-0,50400000;-2,07068482
-0,50300000;-2,07444727
-0,50200000;-2,07822550
-0,50100000;-2,08201960
-0,50000000;-2,08582967
-0,49900000;-2,08965580
-0,49800000;-2,09349809
-0,49700000;-2,09735664
-0,49600000;-2,10123155
-0,49500000;-2,10512291
-0,49400000;-2,10903082
-0,49300000;-2,11295538
-0,49200000;-2,11689670
-0,49100000;-2,12085487
-0,49000000;-2,12483001
-0,48900000;-2,12882220
-0,48800000;-2,13283156
-0,48700000;-2,13685820
-0,48600000;-2,14090221
-0,48500000;-2,14496370
-0,48400000;-2,14904279
-0,48300000;-2,15313958
-0,48200000;-2,15725418
-0,48100000;-2,16138670
-0,48000000;-2,16553725
-0,47900000;-2,16970595
-0,47800000;-2,17389291
-0,47700000;-2,17809824
-0,47600000;-2,18232206
-0,47500000;-2,18656449
-0,47400000;-2,19082563
-0,47300000;-2,19510562
-0,47200000;-2,19940456
-0,47100000;-2,20372259
-0,47000000;-2,20805981
-0,46900000;-2,21241636
-0,46800000;-2,21679236
-0,46700000;-2,22118792
-0,46600000;-2,22560318
-0,46500000;-2,23003827
-0,46400000;-2,23449330
-0,46300000;-2,23896841
-0,46200000;-2,24346373
-0,46100000;-2,24797940
-0,46000000;-2,25251553
-0,45900000;-2,25707227
-0,45800000;-2,26164975
-0,45700000;-2,26624810
-0,45600000;-2,27086747
-0,45500000;-2,27550799
-0,45400000;-2,28016979
-0,45300000;-2,28485303
-0,45200000;-2,28955784
-0,45100000;-2,29428436
-0,45000000;-2,29903274
-0,44900000;-2,30380313
-0,44800000;-2,30859567
-0,44700000;-2,31341050
-0,44600000;-2,31824779
-0,44500000;-2,32310767
-0,44400000;-2,32799031
-0,44300000;-2,33289585
-0,44200000;-2,33782445
-0,44100000;-2,34277627
-0,44000000;-2,34775147
-0,43900000;-2,35275019
-0,43800000;-2,35777262
-0,43700000;-2,36281889
-0,43600000;-2,36788919
-0,43500000;-2,37298368
-0,43400000;-2,37810251
-0,43300000;-2,38324587
-0,43200000;-2,38841391
-0,43100000;-2,39360682
-0,43000000;-2,39882476
-0,42900000;-2,40406791
-0,42800000;-2,40933645
-0,42700000;-2,41463054
-0,42600000;-2,41995038
-0,42500000;-2,42529322
-0,42400000;-2,43066513
-0,42300000;-2,43606332
-0,42200000;-2,44148800
-0,42100000;-2,44693933
-0,42000000;-2,45241752
-0,41900000;-2,45792276
-0,41800000;-2,46345524
-0,41700000;-2,46901516
-0,41600000;-2,47460271
-0,41500000;-2,48021809
-0,41400000;-2,48586151
-0,41300000;-2,49153316
-0,41200000;-2,49723325
-0,41100000;-2,50296200
-0,41000000;-2,50871960
-0,40900000;-2,51450627
-0,40800000;-2,52032222
-0,40700000;-2,52616767
-0,40600000;-2,53204284
-0,40500000;-2,53794794
-0,40400000;-2,54388320
-0,40300000;-2,54984884
-0,40200000;-2,55584509
-0,40100000;-2,56187217
-0,40000000;-2,56793032
-0,39900000;-2,57401976
-0,39800000;-2,58014075
-0,39700000;-2,58629350
-0,39600000;-2,59247827
-0,39500000;-2,59869529
-0,39400000;-2,60494481
-0,39300000;-2,61122708
-0,39200000;-2,61754235
-0,39100000;-2,62389087
-0,39000000;-2,63027290
-0,38900000;-2,63668869
-0,38800000;-2,64313851
-0,38700000;-2,64962261
-0,38600000;-2,65614126
-0,38500000;-2,66269474
-0,38400000;-2,66928332
-0,38300000;-2,67590726
-0,38200000;-2,68256684
-0,38100000;-2,68926236
-0,38000000;-2,69599408
-0,37900000;-2,70276230
-0,37800000;-2,70956730
-0,37700000;-2,71640937
-0,37600000;-2,72328882
-0,37500000;-2,73020594
-0,37400000;-2,73716104
-0,37300000;-2,74415440
-0,37200000;-2,75118636
-0,37100000;-2,75825721
-0,37000000;-2,76536727
-0,36900000;-2,77251686
-0,36800000;-2,77970630
-0,36700000;-2,78693592
-0,36600000;-2,79420605
-0,36500000;-2,80151701
-0,36400000;-2,80886915
-0,36300000;-2,81626280
-0,36200000;-2,82369831
-0,36100000;-2,83117602
-0,36000000;-2,83869629
-0,35900000;-2,84625947
-0,35800000;-2,85386592
-0,35700000;-2,86151600
-0,35600000;-2,86921009
-0,35500000;-2,87694854
-0,35400000;-2,88473175
-0,35300000;-2,89256008
-0,35200000;-2,90043392
-0,35100000;-2,90835366
-0,35000000;-2,91631969
-0,34900000;-2,92433242
-0,34800000;-2,93239223
-0,34700000;-2,94049955
-0,34600000;-2,94865477
-0,34500000;-2,95685832
-0,34400000;-2,96511062
-0,34300000;-2,97341209
-0,34200000;-2,98176316
-0,34100000;-2,99016428
-0,34000000;-2,99861587
-0,33900000;-3,00711840
-0,33800000;-3,01567230
-0,33700000;-3,02427803
-0,33600000;-3,03293607
-0,33500000;-3,04164686
-0,33400000;-3,05041090
-0,33300000;-3,05922866
-0,33200000;-3,06810062
-0,33100000;-3,07702727
-0,33000000;-3,08600912
-0,32900000;-3,09504665
-0,32800000;-3,10414039
-0,32700000;-3,11329085
-0,32600000;-3,12249854
-0,32500000;-3,13176401
-0,32400000;-3,14108777
-0,32300000;-3,15047037
-0,32200000;-3,15991237
-0,32100000;-3,16941431
-0,32000000;-3,17897675
-0,31900000;-3,18860027
-0,31800000;-3,19828544
-0,31700000;-3,20803284
-0,31600000;-3,21784307
-0,31500000;-3,22771672
-0,31400000;-3,23765439
-0,31300000;-3,24765670
-0,31200000;-3,25772428
-0,31100000;-3,26785774
-0,31000000;-3,27805773
-0,30900000;-3,28832489
-0,30800000;-3,29865988
-0,30700000;-3,30906336
-0,30600000;-3,31953600
-0,30500000;-3,33007847
-0,30400000;-3,34069148
-0,30300000;-3,35137571
-0,30200000;-3,36213187
-0,30100000;-3,37296068
-0,30000000;-3,38386287
-0,29900000;-3,39483916
-0,29800000;-3,40589032
-0,29700000;-3,41701708
-0,29600000;-3,42822023
-0,29500000;-3,43950053
-0,29400000;-3,45085877
-0,29300000;-3,46229574
-0,29200000;-3,47381227
-0,29100000;-3,48540916
-0,29000000;-3,49708725
-0,28900000;-3,50884738
-0,28800000;-3,52069040
-0,28700000;-3,53261719
-0,28600000;-3,54462861
-0,28500000;-3,55672556
-0,28400000;-3,56890894
-0,28300000;-3,58117967
-0,28200000;-3,59353867
-0,28100000;-3,60598689
-0,28000000;-3,61852529
-0,27900000;-3,63115483
-0,27800000;-3,64387649
-0,27700000;-3,65669128
-0,27600000;-3,66960020
-0,27500000;-3,68260428
-0,27400000;-3,69570457
-0,27300000;-3,70890211
-0,27200000;-3,72219799
-0,27100000;-3,73559328
-0,27000000;-3,74908910
-0,26900000;-3,76268656
-0,26800000;-3,77638681
-0,26700000;-3,79019099
-0,26600000;-3,80410028
-0,26500000;-3,81811586
-0,26400000;-3,83223895
-0,26300000;-3,84647077
-0,26200000;-3,86081256
-0,26100000;-3,87526559
-0,26000000;-3,88983115
-0,25900000;-3,90451052
-0,25800000;-3,91930505
-0,25700000;-3,93421607
-0,25600000;-3,94924494
-0,25500000;-3,96439305
-0,25400000;-3,97966181
-0,25300000;-3,99505265
-0,25200000;-4,01056703
-0,25100000;-4,02620641
-0,25000000;-4,04197230
-0,24900000;-4,05786623
-0,24800000;-4,07388973
-0,24700000;-4,09004439
-0,24600000;-4,10633179
-0,24500000;-4,12275358
-0,24400000;-4,13931140
-0,24300000;-4,15600692
-0,24200000;-4,17284186
-0,24100000;-4,18981795
-0,24000000;-4,20693695
-0,23900000;-4,22420066
-0,23800000;-4,24161090
-0,23700000;-4,25916952
-0,23600000;-4,27687841
-0,23500000;-4,29473950
-0,23400000;-4,31275472
-0,23300000;-4,33092606
-0,23200000;-4,34925555
-0,23100000;-4,36774523
-0,23000000;-4,38639720
-0,22900000;-4,40521357
-0,22800000;-4,42419652
-0,22700000;-4,44334824
-0,22600000;-4,46267097
-0,22500000;-4,48216700
-0,22400000;-4,50183864
-0,22300000;-4,52168826
-0,22200000;-4,54171825
-0,22100000;-4,56193107
-0,22000000;-4,58232921
-0,21900000;-4,60291522
-0,21800000;-4,62369166
-0,21700000;-4,64466118
-0,21600000;-4,66582646
-0,21500000;-4,68719022
-0,21400000;-4,70875526
-0,21300000;-4,73052440
-0,21200000;-4,75250053
-0,21100000;-4,77468660
-0,21000000;-4,79708560
-0,20900000;-4,81970058
-0,20800000;-4,84253468
-0,20700000;-4,86559105
-0,20600000;-4,88887293
-0,20500000;-4,91238364
-0,20400000;-4,93612652
-0,20300000;-4,96010501
-0,20200000;-4,98432261
-0,20100000;-5,00878289
-0,20000000;-5,03348948
-0,19900000;-5,05844611
-0,19800000;-5,08365655
-0,19700000;-5,10912468
-0,19600000;-5,13485443
-0,19500000;-5,16084983
-0,19400000;-5,18711499
-0,19300000;-5,21365410
-0,19200000;-5,24047144
-0,19100000;-5,26757139
-0,19000000;-5,29495839
-0,18900000;-5,32263701
-0,18800000;-5,35061191
-0,18700000;-5,37888783
-0,18600000;-5,40746962
-0,18500000;-5,43636226
-0,18400000;-5,46557080
-0,18300000;-5,49510042
-0,18200000;-5,52495642
-0,18100000;-5,55514421
-0,18000000;-5,58566931
-0,17900000;-5,61653737
-0,17800000;-5,64775419
-0,17700000;-5,67932566
-0,17600000;-5,71125784
-0,17500000;-5,74355690
-0,17400000;-5,77622917
-0,17300000;-5,80928112
-0,17200000;-5,84271938
-0,17100000;-5,87655071
-0,17000000;-5,91078207
-0,16900000;-5,94542054
-0,16800000;-5,98047340
-0,16700000;-6,01594809
-0,16600000;-6,05185223
-0,16500000;-6,08819363
-0,16400000;-6,12498030
-0,16300000;-6,16222041
-0,16200000;-6,19992238
-0,16100000;-6,23809481
-0,16000000;-6,27674651
-0,15900000;-6,31588653
-0,15800000;-6,35552414
-0,15700000;-6,39566884
-0,15600000;-6,43633040
-0,15500000;-6,47751881
-0,15400000;-6,51924434
-0,15300000;-6,56151751
-0,15200000;-6,60434914
-0,15100000;-6,64775031
-0,15000000;-6,69173243
-0,14900000;-6,73630719
-0,14800000;-6,78148659
-0,14700000;-6,82728298
-0,14600000;-6,87370904
-0,14500000;-6,92077779
-0,14400000;-6,96850262
-0,14300000;-7,01692183
-0,14200000;-7,06599999
-0,14100000;-7,11577671
-0,14000000;-7,16626695
-0,13900000;-7,21748611
-0,13800000;-7,26945005
-0,13700000;-7,32217506
-0,13600000;-7,37567793
-0,13500000;-7,42997596
-0,13400000;-7,48508694
-0,13300000;-7,54102920
-0,13200000;-7,59782165
-0,13100000;-7,65548375
-0,13000000;-7,71403556
-0,12900000;-7,77349778
-0,12800000;-7,83389175
-0,12700000;-7,89523947
-0,12600000;-7,95756365
-0,12500000;-8,02088773
-0,12400000;-8,08523589
-0,12300000;-8,15063312
-0,12200000;-8,21710521
-0,12100000;-8,28467881
-0,12000000;-8,35338145
-0,11900000;-8,42324160
-0,11800000;-8,49428868
-0,11700000;-8,56655314
-0,11600000;-8,64006644
-0,11500000;-8,71486118
-0,11400000;-8,79097107
-0,11300000;-8,86843102
-0,11200000;-8,94727720
-0,11100000;-9,02754708
-0,11000000;-9,10927947
-0,10900000;-9,19251464
-0,10800000;-9,27729432
-0,10700000;-9,36366182
-0,10600000;-9,45166208
-0,10500000;-9,54134174
-0,10400000;-9,63274925
-0,10300000;-9,72593494
-0,10200000;-9,82095110
-0,10100000;-9,91785210
-0,10000000;-10,01669449
-0,09900000;-10,11753710
-0,09800000;-10,22044115
-0,09700000;-10,32547041
-0,09600000;-10,43269128
-0,09500000;-10,54217297
-0,09400000;-10,65398764
-0,09300000;-10,76821055
-0,09200000;-10,88492021
-0,09100000;-11,00419862
-0,09000000;-11,12613139
-0,08900000;-11,25080800
-0,08800000;-11,37832198
-0,08700000;-11,50877119
-0,08600000;-11,64225800
-0,08500000;-11,77888963
-0,08400000;-11,91877839
-0,08300000;-12,06204201
-0,08200000;-12,20880395
-0,08100000;-12,35919379
-0,08000000;-12,51334757
-0,07900000;-12,67140822
-0,07800000;-12,83352602
-0,07700000;-12,99985901
-0,07600000;-13,17057361
-0,07500000;-13,34584506
-0,07400000;-13,52585811
-0,07300000;-13,71080762
-0,07200000;-13,90089927
-0,07100000;-14,09635033
-0,07000000;-14,29739049
-0,06900000;-14,50426276
-0,06800000;-14,71722443
-0,06700000;-14,93654816
-0,06600000;-15,16252314
-0,06500000;-15,39545635
-0,06400000;-15,63567395
-0,06300000;-15,88352282
-0,06200000;-16,13937222
-0,06100000;-16,40361560
-0,06000000;-16,67667267
-0,05900000;-16,95899158
-0,05800000;-17,25105140
-0,05700000;-17,55336480
-0,05600000;-17,86648107
-0,05500000;-18,19098947
-0,05400000;-18,52752289
-0,05300000;-18,87676200
-0,05200000;-19,23943980
-0,05100000;-19,61634682
-0,05000000;-20,00833681
-0,04900000;-20,41633320
-0,04800000;-20,84133641
-0,04700000;-21,28443196
-0,04600000;-21,74679981
-0,04500000;-22,22972475
-0,04400000;-22,73460843
-0,04300000;-23,26298283
-0,04200000;-23,81652587
-0,04100000;-24,39707915
-0,04000000;-25,00666844
-0,03900000;-25,64752729
-0,03800000;-26,32212433
-0,03700000;-27,03319510
-0,03600000;-27,78377907
-0,03500000;-28,57726310
-0,03400000;-29,41743246
-0,03300000;-30,30853130
-0,03200000;-31,25533424
-0,03100000;-32,26323201
-0,03000000;-33,33833408
-0,02900000;-34,48759263
-0,02800000;-35,71895299
-0,02700000;-37,04153758
-0,02600000;-38,46587228
-0,02500000;-40,00416710
-0,02400000;-41,67066705
-0,02300000;-43,48209454
-0,02200000;-45,45821242
-0,02100000;-47,62254788
-0,02000000;-50,00333356
-0,01900000;-52,63474580
-0,01800000;-55,55855572
-0,01700000;-58,82636288
-0,01600000;-62,50266678
-0,01500000;-66,66916676
-0,01400000;-71,42857143
-0,01300000;-76,92307692
-0,01200000;-83,33333333
-0,01100000;-90,90909091
-0,01000000;-100,00000000
-0,00900000;-111,11111111
-0,00800000;-125,00000000
-0,00700000;-142,85714286
-0,00600000;-166,66666666
-0,00500000;-200,00000000
-0,00400000;-249,99999999
-0,00300000;-333,33333332
-0,00200000;-499,99999997
-0,00100000;-999,99999990
-0,00000000;Error
0,00100000;1000,00000010
0,00200000;500,00000003
0,00300000;333,33333334
0,00400000;250,00000001
0,00500000;200,00000000
0,00600000;166,66666667
0,00700000;142,85714286
0,00800000;125,00000000
0,00900000;111,11111111
0,01000000;100,00000000
0,01100000;90,90909091
0,01200000;83,33333333
0,01300000;76,92307692
0,01400000;71,42857143
0,01500000;66,66916676
0,01600000;62,50266678
0,01700000;58,82636288
0,01800000;55,55855572
0,01900000;52,63474580
0,02000000;50,00333356
0,02100000;47,62254788
0,02200000;45,45821242
0,02300000;43,48209454
0,02400000;41,67066705
0,02500000;40,00416710
0,02600000;38,46587228
0,02700000;37,04153758
0,02800000;35,71895299
0,02900000;34,48759263
0,03000000;33,33833408
0,03100000;32,26323201
0,03200000;31,25533424
0,03300000;30,30853130
0,03400000;29,41743246
0,03500000;28,57726310
0,03600000;27,78377907
0,03700000;27,03319510
0,03800000;26,32212433
0,03900000;25,64752729
0,04000000;25,00666844
0,04100000;24,39707915
0,04200000;23,81652587
0,04300000;23,26298283
0,04400000;22,73460843
0,04500000;22,22972475
0,04600000;21,74679981
0,04700000;21,28443196
0,04800000;20,84133641
0,04900000;20,41633320
0,05000000;20,00833681
0,05100000;19,61634682
0,05200000;19,23943981
0,05300000;18,87676200
0,05400000;18,52752289
0,05500000;18,19098947
0,05600000;17,86648107
0,05700000;17,55336480
0,05800000;17,25105140
0,05900000;16,95899158
0,06000000;16,67667267
0,06100000;16,40361560
0,06200000;16,13937222
0,06300000;15,88352282
0,06400000;15,63567395
0,06500000;15,39545635
0,06600000;15,16252314
0,06700000;14,93654816
0,06800000;14,71722443
0,06900000;14,50426276
0,07000000;14,29739049
0,07100000;14,09635033
0,07200000;13,90089927
0,07300000;13,71080762
0,07400000;13,52585811
0,07500000;13,34584506
0,07600000;13,17057361
0,07700000;12,99985901
0,07800000;12,83352602
0,07900000;12,67140822
0,08000000;12,51334757
0,08100000;12,35919379
0,08200000;12,20880395
0,08300000;12,06204201
0,08400000;11,91877839
0,08500000;11,77888963
0,08600000;11,64225800
0,08700000;11,50877119
0,08800000;11,37832198
0,08900000;11,25080800
0,09000000;11,12613139
0,09100000;11,00419862
0,09200000;10,88492021
0,09300000;10,76821055
0,09400000;10,65398764
0,09500000;10,54217297
0,09600000;10,43269128
0,09700000;10,32547041
0,09800000;10,22044115
0,09900000;10,11753710
0,10000000;10,01669449
0,10100000;9,91785210
0,10200000;9,82095110
0,10300000;9,72593494
0,10400000;9,63274925
0,10500000;9,54134174
0,10600000;9,45166208
0,10700000;9,36366182
0,10800000;9,27729432
0,10900000;9,19251464
0,11000000;9,10927947
0,11100000;9,02754708
0,11200000;8,94727720
0,11300000;8,86843102
0,11400000;8,79097107
0,11500000;8,71486118
0,11600000;8,64006644
0,11700000;8,56655314
0,11800000;8,49428868
0,11900000;8,42324160
0,12000000;8,35338145
0,12100000;8,28467881
0,12200000;8,21710521
0,12300000;8,15063312
0,12400000;8,08523589
0,12500000;8,02088773
0,12600000;7,95756365
0,12700000;7,89523947
0,12800000;7,83389175
0,12900000;7,77349778
0,13000000;7,71403556
0,13100000;7,65548375
0,13200000;7,59782165
0,13300000;7,54102920
0,13400000;7,48508694
0,13500000;7,42997596
0,13600000;7,37567793
0,13700000;7,32217506
0,13800000;7,26945005
0,13900000;7,21748611
0,14000000;7,16626695
0,14100000;7,11577671
0,14200000;7,06599999
0,14300000;7,01692183
0,14400000;6,96850262
0,14500000;6,92077779
0,14600000;6,87370904
0,14700000;6,82728298
0,14800000;6,78148659
0,14900000;6,73630719
0,15000000;6,69173243
0,15100000;6,64775031
0,15200000;6,60434914
0,15300000;6,56151751
0,15400000;6,51924434
0,15500000;6,47751881
0,15600000;6,43633040
0,15700000;6,39566884
0,15800000;6,35552414
0,15900000;6,31588653
0,16000000;6,27674651
0,16100000;6,23809481
0,16200000;6,19992238
0,16300000;6,16222041
0,16400000;6,12498030
0,16500000;6,08819363
0,16600000;6,05185223
0,16700000;6,01594809
0,16800000;5,98047340
0,16900000;5,94542054
0,17000000;5,91078207
0,17100000;5,87655071
0,17200000;5,84271938
0,17300000;5,80928112
0,17400000;5,77622917
0,17500000;5,74355690
0,17600000;5,71125784
0,17700000;5,67932566
0,17800000;5,64775419
0,17900000;5,61653737
0,18000000;5,58566931
0,18100000;5,55514421
0,18200000;5,52495642
0,18300000;5,49510042
0,18400000;5,46557080
0,18500000;5,43636226
0,18600000;5,40746962
0,18700000;5,37888783
0,18800000;5,35061191
0,18900000;5,32263701
0,19000000;5,29495839
0,19100000;5,26757139
0,19200000;5,24047144
0,19300000;5,21365410
0,19400000;5,18711499
0,19500000;5,16084983
0,19600000;5,13485443
0,19700000;5,10912468
0,19800000;5,08365655
0,19900000;5,05844611
0,20000000;5,03348948
0,20100000;5,00878289
0,20200000;4,98432261
0,20300000;4,96010501
0,20400000;4,93612652
0,20500000;4,91238364
0,20600000;4,88887293
0,20700000;4,86559105
0,20800000;4,84253468
0,20900000;4,81970058
0,21000000;4,79708560
0,21100000;4,77468660
0,21200000;4,75250053
0,21300000;4,73052440
0,21400000;4,70875526
0,21500000;4,68719022
0,21600000;4,66582646
0,21700000;4,64466118
0,21800000;4,62369166
0,21900000;4,60291522
0,22000000;4,58232921
0,22100000;4,56193107
0,22200000;4,54171825
0,22300000;4,52168826
0,22400000;4,50183864
0,22500000;4,48216700
0,22600000;4,46267097
0,22700000;4,44334824
0,22800000;4,42419652
0,22900000;4,40521357
0,23000000;4,38639720
0,23100000;4,36774523
0,23200000;4,34925555
0,23300000;4,33092606
0,23400000;4,31275472
0,23500000;4,29473950
0,23600000;4,27687841
0,23700000;4,25916952
0,23800000;4,24161090
0,23900000;4,22420066
0,24000000;4,20693695
0,24100000;4,18981795
0,24200000;4,17284186
0,24300000;4,15600692
0,24400000;4,13931140
0,24500000;4,12275358
0,24600000;4,10633179
0,24700000;4,09004439
0,24800000;4,07388973
0,24900000;4,05786623
0,25000000;4,04197230
0,25100000;4,02620641
0,25200000;4,01056703
0,25300000;3,99505265
0,25400000;3,97966181
0,25500000;3,96439305
0,25600000;3,94924494
0,25700000;3,93421607
0,25800000;3,91930505
0,25900000;3,90451052
0,26000000;3,88983115
0,26100000;3,87526559
0,26200000;3,86081256
0,26300000;3,84647077
0,26400000;3,83223895
0,26500000;3,81811586
0,26600000;3,80410028
0,26700000;3,79019099
0,26800000;3,77638681
0,26900000;3,76268656
0,27000000;3,74908910
0,27100000;3,73559328
0,27200000;3,72219799
0,27300000;3,70890211
0,27400000;3,69570457
0,27500000;3,68260428
0,27600000;3,66960020
0,27700000;3,65669128
0,27800000;3,64387649
0,27900000;3,63115483
0,28000000;3,61852529
0,28100000;3,60598689
0,28200000;3,59353867
0,28300000;3,58117967
0,28400000;3,56890894
0,28500000;3,55672556
0,28600000;3,54462861
0,28700000;3,53261719
0,28800000;3,52069040
0,28900000;3,50884738
0,29000000;3,49708725
0,29100000;3,48540916
0,29200000;3,47381227
0,29300000;3,46229574
0,29400000;3,45085877
0,29500000;3,43950053
0,29600000;3,42822023
0,29700000;3,41701708
0,29800000;3,40589032
0,29900000;3,39483916
0,30000000;3,38386287
0,30100000;3,37296068
0,30200000;3,36213187
0,30300000;3,35137571
0,30400000;3,34069148
0,30500000;3,33007847
0,30600000;3,31953600
0,30700000;3,30906336
0,30800000;3,29865988
0,30900000;3,28832489
0,31000000;3,27805773
0,31100000;3,26785774
0,31200000;3,25772428
0,31300000;3,24765670
0,31400000;3,23765439
0,31500000;3,22771672
0,31600000;3,21784307
0,31700000;3,20803284
0,31800000;3,19828544
0,31900000;3,18860027
0,32000000;3,17897675
0,32100000;3,16941431
0,32200000;3,15991237
0,32300000;3,15047037
0,32400000;3,14108777
0,32500000;3,13176401
0,32600000;3,12249854
0,32700000;3,11329085
0,32800000;3,10414039
0,32900000;3,09504665
0,33000000;3,08600912
0,33100000;3,07702727
0,33200000;3,06810062
0,33300000;3,05922866
0,33400000;3,05041090
0,33500000;3,04164686
0,33600000;3,03293607
0,33700000;3,02427803
0,33800000;3,01567230
0,33900000;3,00711840
0,34000000;2,99861587
0,34100000;2,99016428
0,34200000;2,98176316
0,34300000;2,97341209
0,34400000;2,96511062
0,34500000;2,95685832
0,34600000;2,94865477
0,34700000;2,94049955
0,34800000;2,93239223
0,34900000;2,92433242
0,35000000;2,91631969
0,35100000;2,90835366
0,35200000;2,90043392
0,35300000;2,89256008
0,35400000;2,88473175
0,35500000;2,87694854
0,35600000;2,86921009
0,35700000;2,86151600
0,35800000;2,85386592
0,35900000;2,84625947
0,36000000;2,83869629
0,36100000;2,83117602
0,36200000;2,82369831
0,36300000;2,81626280
0,36400000;2,80886915
0,36500000;2,80151701
0,36600000;2,79420605
0,36700000;2,78693592
0,36800000;2,77970630
0,36900000;2,77251686
0,37000000;2,76536727
0,37100000;2,75825721
0,37200000;2,75118636
0,37300000;2,74415440
0,37400000;2,73716104
0,37500000;2,73020594
0,37600000;2,72328882
0,37700000;2,71640937
0,37800000;2,70956730
0,37900000;2,70276230
0,38000000;2,69599408
0,38100000;2,68926236
0,38200000;2,68256684
0,38300000;2,67590726
0,38400000;2,66928332
0,38500000;2,66269474
0,38600000;2,65614126
0,38700000;2,64962261
0,38800000;2,64313851
0,38900000;2,63668869
0,39000000;2,63027290
0,39100000;2,62389087
0,39200000;2,61754235
0,39300000;2,61122708
0,39400000;2,60494481
0,39500000;2,59869529
0,39600000;2,59247827
0,39700000;2,58629350
0,39800000;2,58014075
0,39900000;2,57401976
0,40000000;2,56793032
0,40100000;2,56187217
0,40200000;2,55584509
0,40300000;2,54984884
0,40400000;2,54388320
0,40500000;2,53794794
0,40600000;2,53204284
0,40700000;2,52616767
0,40800000;2,52032222
0,40900000;2,51450627
0,41000000;2,50871960
0,41100000;2,50296200
0,41200000;2,49723325
0,41300000;2,49153316
0,41400000;2,48586151
0,41500000;2,48021809
0,41600000;2,47460271
0,41700000;2,46901516
0,41800000;2,46345524
0,41900000;2,45792276
0,42000000;2,45241752
0,42100000;2,44693933
0,42200000;2,44148800
0,42300000;2,43606332
0,42400000;2,43066513
0,42500000;2,42529322
0,42600000;2,41995038
0,42700000;2,41463054
0,42800000;2,40933645
0,42900000;2,40406791
0,43000000;2,39882476
0,43100000;2,39360682
0,43200000;2,38841391
0,43300000;2,38324587
0,43400000;2,37810251
0,43500000;2,37298368
0,43600000;2,36788919
0,43700000;2,36281889
0,43800000;2,35777262
0,43900000;2,35275019
0,44000000;2,34775147
0,44100000;2,34277627
0,44200000;2,33782445
0,44300000;2,33289585
0,44400000;2,32799031
0,44500000;2,32310767
0,44600000;2,31824779
0,44700000;2,31341050
0,44800000;2,30859567
0,44900000;2,30380313
0,45000000;2,29903274
0,45100000;2,29428436
0,45200000;2,28955784
0,45300000;2,28485303
0,45400000;2,28016979
0,45500000;2,27550799
0,45600000;2,27086747
0,45700000;2,26624810
0,45800000;2,26164975
0,45900000;2,25707227
0,46000000;2,25251553
0,46100000;2,24797940
0,46200000;2,24346373
0,46300000;2,23896841
0,46400000;2,23449330
0,46500000;2,23003827
0,46600000;2,22560318
0,46700000;2,22118792
0,46800000;2,21679236
0,46900000;2,21241636
0,47000000;2,20805981
0,47100000;2,20372259
0,47200000;2,19940456
0,47300000;2,19510562
0,47400000;2,19082563
0,47500000;2,18656449
0,47600000;2,18232206
0,47700000;2,17809824
0,47800000;2,17389291
0,47900000;2,16970595
0,48000000;2,16553725
0,48100000;2,16138670
0,48200000;2,15725418
0,48300000;2,15313958
0,48400000;2,14904279
0,48500000;2,14496370
0,48600000;2,14090221
0,48700000;2,13685820
0,48800000;2,13283156
0,48900000;2,12882220
0,49000000;2,12483001
0,49100000;2,12085487
0,49200000;2,11689670
0,49300000;2,11295538
0,49400000;2,10903082
0,49500000;2,10512291
0,49600000;2,10123155
0,49700000;2,09735664
0,49800000;2,09349809
0,49900000;2,08965580
0,50000000;2,08582967
0,50100000;2,08201960
0,50200000;2,07822550
0,50300000;2,07444727
0,50400000;2,07068482
0,50500000;2,06693806
0,50600000;2,06320689
0,50700000;2,05949123
0,50800000;2,05579097
0,50900000;2,05210604
0,51000000;2,04843634
0,51100000;2,04478178
0,51200000;2,04114228
0,51300000;2,03751774
0,51400000;2,03390808
0,51500000;2,03031322
0,51600000;2,02673306
0,51700000;2,02316753
0,51800000;2,01961654
0,51900000;2,01608000
0,52000000;2,01255784
0,52100000;2,00904996
0,52200000;2,00555630
0,52300000;2,00207676
0,52400000;1,99861128
0,52500000;1,99515976
0,52600000;1,99172213
0,52700000;1,98829831
0,52800000;1,98488822
0,52900000;1,98149179
0,53000000;1,97810893
0,53100000;1,97473958
0,53200000;1,97138366
0,53300000;1,96804108
0,53400000;1,96471179
0,53500000;1,96139569
0,53600000;1,95809273
0,53700000;1,95480283
0,53800000;1,95152590
0,53900000;1,94826190
0,54000000;1,94501073
0,54100000;1,94177234
0,54200000;1,93854664
0,54300000;1,93533358
0,54400000;1,93213308
0,54500000;1,92894508
0,54600000;1,92576949
0,54700000;1,92260627
0,54800000;1,91945534
0,54900000;1,91631663
0,55000000;1,91319009
0,55100000;1,91007563
0,55200000;1,90697320
0,55300000;1,90388273
0,55400000;1,90080417
0,55500000;1,89773743
0,55600000;1,89468247
0,55700000;1,89163922
0,55800000;1,88860761
0,55900000;1,88558759
0,56000000;1,88257909
0,56100000;1,87958205
0,56200000;1,87659641
0,56300000;1,87362211
0,56400000;1,87065910
0,56500000;1,86770730
0,56600000;1,86476667
0,56700000;1,86183714
0,56800000;1,85891866
0,56900000;1,85601117
0,57000000;1,85311461
0,57100000;1,85022892
0,57200000;1,84735405
0,57300000;1,84448994
0,57400000;1,84163654
0,57500000;1,83879379
0,57600000;1,83596163
0,57700000;1,83314002
0,57800000;1,83032889
0,57900000;1,82752820
0,58000000;1,82473788
0,58100000;1,82195789
0,58200000;1,81918818
0,58300000;1,81642869
0,58400000;1,81367937
0,58500000;1,81094016
0,58600000;1,80821103
0,58700000;1,80549191
0,58800000;1,80278275
0,58900000;1,80008351
0,59000000;1,79739414
0,59100000;1,79471458
0,59200000;1,79204479
0,59300000;1,78938472
0,59400000;1,78673432
0,59500000;1,78409354
0,59600000;1,78146233
0,59700000;1,77884065
0,59800000;1,77622844
0,59900000;1,77362567
0,60000000;1,77103228
0,60100000;1,76844824
0,60200000;1,76587348
0,60300000;1,76330797
0,60400000;1,76075167
0,60500000;1,75820452
0,60600000;1,75566648
0,60700000;1,75313751
0,60800000;1,75061757
0,60900000;1,74810660
0,61000000;1,74560457
0,61100000;1,74311143
0,61200000;1,74062714
0,61300000;1,73815166
0,61400000;1,73568494
0,61500000;1,73322695
0,61600000;1,73077764
0,61700000;1,72833696
0,61800000;1,72590488
0,61900000;1,72348136
0,62000000;1,72106635
0,62100000;1,71865982
0,62200000;1,71626172
0,62300000;1,71387202
0,62400000;1,71149067
0,62500000;1,70911764
0,62600000;1,70675288
0,62700000;1,70439636
0,62800000;1,70204804
0,62900000;1,69970787
0,63000000;1,69737583
0,63100000;1,69505187
0,63200000;1,69273596
0,63300000;1,69042805
0,63400000;1,68812812
0,63500000;1,68583612
0,63600000;1,68355201
0,63700000;1,68127577
0,63800000;1,67900735
0,63900000;1,67674671
0,64000000;1,67449383
0,64100000;1,67224867
0,64200000;1,67001118
0,64300000;1,66778134
0,64400000;1,66555911
0,64500000;1,66334445
0,64600000;1,66113734
0,64700000;1,65893773
0,64800000;1,65674559
0,64900000;1,65456090
0,65000000;1,65238360
0,65100000;1,65021368
0,65200000;1,64805110
0,65300000;1,64589582
0,65400000;1,64374781
0,65500000;1,64160704
0,65600000;1,63947347
0,65700000;1,63734708
0,65800000;1,63522783
0,65900000;1,63311570
0,66000000;1,63101064
0,66100000;1,62891262
0,66200000;1,62682162
0,66300000;1,62473761
0,66400000;1,62266055
0,66500000;1,62059041
0,66600000;1,61852716
0,66700000;1,61647078
0,66800000;1,61442122
0,66900000;1,61237847
0,67000000;1,61034249
0,67100000;1,60831325
0,67200000;1,60629072
0,67300000;1,60427488
0,67400000;1,60226568
0,67500000;1,60026312
0,67600000;1,59826715
0,67700000;1,59627774
0,67800000;1,59429488
0,67900000;1,59231852
0,68000000;1,59034865
0,68100000;1,58838523
0,68200000;1,58642824
0,68300000;1,58447764
0,68400000;1,58253342
0,68500000;1,58059555
0,68600000;1,57866399
0,68700000;1,57673872
0,68800000;1,57481971
0,68900000;1,57290694
0,69000000;1,57100038
0,69100000;1,56910000
0,69200000;1,56720578
0,69300000;1,56531769
0,69400000;1,56343571
0,69500000;1,56155981
0,69600000;1,55968996
0,69700000;1,55782614
0,69800000;1,55596832
0,69900000;1,55411648
0,70000000;1,55227059
0,70100000;1,55043064
0,70200000;1,54859658
0,70300000;1,54676841
0,70400000;1,54494609
0,70500000;1,54312960
0,70600000;1,54131891
0,70700000;1,53951401
0,70800000;1,53771487
0,70900000;1,53592146
0,71000000;1,53413376
0,71100000;1,53235175
0,71200000;1,53057540
0,71300000;1,52880469
0,71400000;1,52703960
0,71500000;1,52528011
0,71600000;1,52352619
0,71700000;1,52177781
0,71800000;1,52003496
0,71900000;1,51829762
0,72000000;1,51656576
0,72100000;1,51483936
0,72200000;1,51311839
0,72300000;1,51140285
0,72400000;1,50969269
0,72500000;1,50798791
0,72600000;1,50628848
0,72700000;1,50459437
0,72800000;1,50290558
0,72900000;1,50122207
0,73000000;1,49954382
0,73100000;1,49787082
0,73200000;1,49620305
0,73300000;1,49454047
0,73400000;1,49288308
0,73500000;1,49123085
0,73600000;1,48958376
0,73700000;1,48794180
0,73800000;1,48630493
0,73900000;1,48467314
0,74000000;1,48304642
0,74100000;1,48142473
0,74200000;1,47980807
0,74300000;1,47819640
0,74400000;1,47658972
0,74500000;1,47498800
0,74600000;1,47339123
0,74700000;1,47179937
0,74800000;1,47021243
0,74900000;1,46863036
0,75000000;1,46705317
0,75100000;1,46548082
0,75200000;1,46391330
0,75300000;1,46235059
0,75400000;1,46079268
0,75500000;1,45923954
0,75600000;1,45769115
0,75700000;1,45614750
0,75800000;1,45460857
0,75900000;1,45307434
0,76000000;1,45154479
0,76100000;1,45001991
0,76200000;1,44849968
0,76300000;1,44698407
0,76400000;1,44547308
0,76500000;1,44396669
0,76600000;1,44246487
0,76700000;1,44096761
0,76800000;1,43947489
0,76900000;1,43798670
0,77000000;1,43650302
0,77100000;1,43502383
0,77200000;1,43354912
0,77300000;1,43207887
0,77400000;1,43061305
0,77500000;1,42915167
0,77600000;1,42769469
0,77700000;1,42624210
0,77800000;1,42479389
0,77900000;1,42335004
0,78000000;1,42191054
0,78100000;1,42047536
0,78200000;1,41904449
0,78300000;1,41761792
0,78400000;1,41619563
0,78500000;1,41477761
0,78600000;1,41336383
0,78700000;1,41195429
0,78800000;1,41054896
0,78900000;1,40914784
0,79000000;1,40775091
0,79100000;1,40635814
0,79200000;1,40496954
0,79300000;1,40358507
0,79400000;1,40220473
0,79500000;1,40082851
0,79600000;1,39945638
0,79700000;1,39808833
0,79800000;1,39672435
0,79900000;1,39536442
0,80000000;1,39400853
0,80100000;1,39265667
0,80200000;1,39130881
0,80300000;1,38996495
0,80400000;1,38862508
0,80500000;1,38728916
0,80600000;1,38595720
0,80700000;1,38462918
0,80800000;1,38330509
0,80900000;1,38198490
0,81000000;1,38066861
0,81100000;1,37935621
0,81200000;1,37804767
0,81300000;1,37674299
0,81400000;1,37544215
0,81500000;1,37414514
0,81600000;1,37285195
0,81700000;1,37156256
0,81800000;1,37027696
0,81900000;1,36899513
0,82000000;1,36771706
0,82100000;1,36644275
0,82200000;1,36517217
0,82300000;1,36390532
0,82400000;1,36264217
0,82500000;1,36138272
0,82600000;1,36012696
0,82700000;1,35887487
0,82800000;1,35762551
0,82900000;1,35638072
0,83000000;1,35513956
0,83100000;1,35390203
0,83200000;1,35266810
0,83300000;1,35143777
0,83400000;1,35021103
0,83500000;1,34898786
0,83600000;1,34776825
0,83700000;1,34655219
0,83800000;1,34533967
0,83900000;1,34413067
0,84000000;1,34292518
0,84100000;1,34172319
0,84200000;1,34052470
0,84300000;1,33932968
0,84400000;1,33813812
0,84500000;1,33695002
0,84600000;1,33576536
0,84700000;1,33458414
0,84800000;1,33340633
0,84900000;1,33223193
0,85000000;1,33106093
0,85100000;1,32989331
0,85200000;1,32872907
0,85300000;1,32756819
0,85400000;1,32641066
0,85500000;1,32525648
0,85600000;1,32410562
0,85700000;1,32295808
0,85800000;1,32181385
0,85900000;1,32067292
0,86000000;1,31953527
0,86100000;1,31840090
0,86200000;1,31726980
0,86300000;1,31614195
0,86400000;1,31501734
0,86500000;1,31389596
0,86600000;1,31277781
0,86700000;1,31166287
0,86800000;1,31055113
0,86900000;1,30944258
0,87000000;1,30833722
0,87100000;1,30723502
0,87200000;1,30613598
0,87300000;1,30504010
0,87400000;1,30394735
0,87500000;1,30285774
0,87600000;1,30177125
0,87700000;1,30068786
0,87800000;1,29960758
0,87900000;1,29853038
0,88000000;1,29745627
0,88100000;1,29638523
0,88200000;1,29531725
0,88300000;1,29425232
0,88400000;1,29319043
0,88500000;1,29213158
0,88600000;1,29107574
0,88700000;1,29002292
0,88800000;1,28897311
0,88900000;1,28792628
0,89000000;1,28688245
0,89100000;1,28584158
0,89200000;1,28480369
0,89300000;1,28376875
0,89400000;1,28273676
0,89500000;1,28170770
0,89600000;1,28068158
0,89700000;1,27965838
0,89800000;1,27863809
0,89900000;1,27762070
0,90000000;1,27660620
0,90100000;1,27559459
0,90200000;1,27458585
0,90300000;1,27357998
0,90400000;1,27257697
0,90500000;1,27157681
0,90600000;1,27057949
0,90700000;1,26958500
0,90800000;1,26859333
0,90900000;1,26760448
0,91000000;1,26661843
0,91100000;1,26563518
0,91200000;1,26465472
0,91300000;1,26367704
0,91400000;1,26270214
0,91500000;1,26172999
0,91600000;1,26076061
0,91700000;1,25979397
0,91800000;1,25883006
0,91900000;1,25786889
0,92000000;1,25691045
0,92100000;1,25595471
0,92200000;1,25500169
0,92300000;1,25405136
0,92400000;1,25310372
0,92500000;1,25215876
0,92600000;1,25121648
0,92700000;1,25027687
0,92800000;1,24933991
0,92900000;1,24840560
0,93000000;1,24747394
0,93100000;1,24654491
0,93200000;1,24561851
0,93300000;1,24469473
0,93400000;1,24377356
0,93500000;1,24285500
0,93600000;1,24193903
0,93700000;1,24102565
0,93800000;1,24011485
0,93900000;1,23920663
0,94000000;1,23830098
0,94100000;1,23739788
0,94200000;1,23649734
0,94300000;1,23559934
0,94400000;1,23470387
0,94500000;1,23381094
0,94600000;1,23292053
0,94700000;1,23203263
0,94800000;1,23114725
0,94900000;1,23026436
0,95000000;1,22938397
0,95100000;1,22850606
0,95200000;1,22763064
0,95300000;1,22675769
0,95400000;1,22588720
0,95500000;1,22501917
0,95600000;1,22415359
0,95700000;1,22329046
0,95800000;1,22242977
0,95900000;1,22157150
0,96000000;1,22071567
0,96100000;1,21986224
0,96200000;1,21901123
0,96300000;1,21816263
0,96400000;1,21731642
0,96500000;1,21647260
0,96600000;1,21563116
0,96700000;1,21479210
0,96800000;1,21395541
0,96900000;1,21312109
0,97000000;1,21228912
0,97100000;1,21145951
0,97200000;1,21063224
0,97300000;1,20980730
0,97400000;1,20898470
0,97500000;1,20816443
0,97600000;1,20734647
0,97700000;1,20653082
0,97800000;1,20571749
0,97900000;1,20490645
0,98000000;1,20409770
0,98100000;1,20329125
0,98200000;1,20248707
0,98300000;1,20168517
0,98400000;1,20088554
0,98500000;1,20008817
0,98600000;1,19929305
0,98700000;1,19850019
0,98800000;1,19770957
0,98900000;1,19692119
0,99000000;1,19613505
0,99100000;1,19535113
0,99200000;1,19456943
0,99300000;1,19378994
0,99400000;1,19301267
0,99500000;1,19223759
0,99600000;1,19146472
0,99700000;1,19069403
0,99800000;1,18992553
0,99900000;1,18915922
1,00000000;1,18839507
1,00100000;1,18763309
1,00200000;1,18687328
1,00300000;1,18611562
1,00400000;1,18536012
1,00500000;1,18460676
1,00600000;1,18385554
1,00700000;1,18310645
1,00800000;1,18235949
1,00900000;1,18161466
1,01000000;1,18087194
1,01100000;1,18013134
1,01200000;1,17939285
1,01300000;1,17865645
1,01400000;1,17792215
1,01500000;1,17718995
1,01600000;1,17645983
1,01700000;1,17573178
1,01800000;1,17500582
1,01900000;1,17428192
1,02000000;1,17356009
1,02100000;1,17284031
1,02200000;1,17212259
1,02300000;1,17140692
1,02400000;1,17069329
1,02500000;1,16998170
1,02600000;1,16927214
1,02700000;1,16856462
1,02800000;1,16785911
1,02900000;1,16715562
1,03000000;1,16645415
1,03100000;1,16575468
1,03200000;1,16505721
1,03300000;1,16436175
1,03400000;1,16366827
1,03500000;1,16297678
1,03600000;1,16228728
1,03700000;1,16159975
1,03800000;1,16091420
1,03900000;1,16023062
1,04000000;1,15954900
1,04100000;1,15886933
1,04200000;1,15819162
1,04300000;1,15751586
1,04400000;1,15684205
1,04500000;1,15617017
1,04600000;1,15550023
1,04700000;1,15483222
1,04800000;1,15416614
1,04900000;1,15350197
1,05000000;1,15283972
1,05100000;1,15217939
1,05200000;1,15152096
1,05300000;1,15086443
1,05400000;1,15020980
1,05500000;1,14955706
1,05600000;1,14890621
1,05700000;1,14825725
1,05800000;1,14761016
1,05900000;1,14696495
1,06000000;1,14632162
1,06100000;1,14568014
1,06200000;1,14504053
1,06300000;1,14440278
1,06400000;1,14376688
1,06500000;1,14313283
1,06600000;1,14250062
1,06700000;1,14187026
1,06800000;1,14124173
1,06900000;1,14061503
1,07000000;1,13999016
1,07100000;1,13936711
1,07200000;1,13874588
1,07300000;1,13812646
1,07400000;1,13750886
1,07500000;1,13689306
1,07600000;1,13627906
1,07700000;1,13566686
1,07800000;1,13505646
1,07900000;1,13444784
1,08000000;1,13384101
1,08100000;1,13323597
1,08200000;1,13263270
1,08300000;1,13203120
1,08400000;1,13143147
1,08500000;1,13083351
1,08600000;1,13023731
1,08700000;1,12964286
1,08800000;1,12905017
1,08900000;1,12845923
1,09000000;1,12787003
1,09100000;1,12728258
1,09200000;1,12669686
1,09300000;1,12611288
1,09400000;1,12553063
1,09500000;1,12495010
1,09600000;1,12437130
1,09700000;1,12379421
1,09800000;1,12321884
1,09900000;1,12264518
1,10000000;1,12207323
1,10100000;1,12150298
1,10200000;1,12093443
1,10300000;1,12036758
1,10400000;1,11980242
1,10500000;1,11923894
1,10600000;1,11867715
1,10700000;1,11811705
1,10800000;1,11755862
1,10900000;1,11700186
1,11000000;1,11644678
1,11100000;1,11589336
1,11200000;1,11534161
1,11300000;1,11479151
1,11400000;1,11424307
1,11500000;1,11369628
1,11600000;1,11315115
1,11700000;1,11260765
1,11800000;1,11206580
1,11900000;1,11152559
1,12000000;1,11098702
1,12100000;1,11045007
1,12200000;1,10991475
1,12300000;1,10938106
1,12400000;1,10884899
1,12500000;1,10831854
1,12600000;1,10778970
1,12700000;1,10726247
1,12800000;1,10673685
1,12900000;1,10621284
1,13000000;1,10569042
1,13100000;1,10516960
1,13200000;1,10465038
1,13300000;1,10413275
1,13400000;1,10361671
1,13500000;1,10310225
1,13600000;1,10258938
1,13700000;1,10207808
1,13800000;1,10156835
1,13900000;1,10106020
1,14000000;1,10055362
1,14100000;1,10004860
1,14200000;1,09954515
1,14300000;1,09904325
1,14400000;1,09854291
1,14500000;1,09804413
1,14600000;1,09754689
1,14700000;1,09705120
1,14800000;1,09655705
1,14900000;1,09606445
1,15000000;1,09557338
1,15100000;1,09508384
1,15200000;1,09459584
1,15300000;1,09410937
1,15400000;1,09362442
1,15500000;1,09314099
1,15600000;1,09265908
1,15700000;1,09217869
1,15800000;1,09169981
1,15900000;1,09122245
1,16000000;1,09074659
1,16100000;1,09027223
1,16200000;1,08979938
1,16300000;1,08932802
1,16400000;1,08885816
1,16500000;1,08838980
1,16600000;1,08792292
1,16700000;1,08745754
1,16800000;1,08699363
1,16900000;1,08653121
1,17000000;1,08607027
1,17100000;1,08561080
1,17200000;1,08515281
1,17300000;1,08469628
1,17400000;1,08424123
1,17500000;1,08378764
1,17600000;1,08333551
1,17700000;1,08288484
1,17800000;1,08243563
1,17900000;1,08198787
1,18000000;1,08154157
1,18100000;1,08109671
1,18200000;1,08065330
1,18300000;1,08021133
1,18400000;1,07977080
1,18500000;1,07933171
1,18600000;1,07889406
1,18700000;1,07845783
1,18800000;1,07802304
1,18900000;1,07758968
1,19000000;1,07715774
1,19100000;1,07672722
1,19200000;1,07629813
1,19300000;1,07587045
1,19400000;1,07544418
1,19500000;1,07501933
1,19600000;1,07459589
1,19700000;1,07417385
1,19800000;1,07375322
1,19900000;1,07333399
1,20000000;1,07291617
1,20100000;1,07249973
1,20200000;1,07208470
1,20300000;1,07167105
1,20400000;1,07125880
1,20500000;1,07084793
1,20600000;1,07043845
1,20700000;1,07003035
1,20800000;1,06962363
1,20900000;1,06921829
1,21000000;1,06881432
1,21100000;1,06841173
1,21200000;1,06801051
1,21300000;1,06761066
1,21400000;1,06721217
1,21500000;1,06681505
1,21600000;1,06641928
1,21700000;1,06602488
1,21800000;1,06563183
1,21900000;1,06524014
1,22000000;1,06484980
1,22100000;1,06446081
1,22200000;1,06407317
1,22300000;1,06368688
1,22400000;1,06330192
1,22500000;1,06291831
1,22600000;1,06253604
1,22700000;1,06215510
1,22800000;1,06177550
1,22900000;1,06139723
1,23000000;1,06102029
1,23100000;1,06064468
1,23200000;1,06027039
1,23300000;1,05989743
1,23400000;1,05952579
1,23500000;1,05915547
1,23600000;1,05878646
1,23700000;1,05841877
1,23800000;1,05805240
1,23900000;1,05768733
1,24000000;1,05732358
1,24100000;1,05696113
1,24200000;1,05659998
1,24300000;1,05624014
1,24400000;1,05588160
1,24500000;1,05552435
1,24600000;1,05516840
1,24700000;1,05481375
1,24800000;1,05446039
1,24900000;1,05410832
1,25000000;1,05375754
1,25100000;1,05340804
1,25200000;1,05305983
1,25300000;1,05271290
1,25400000;1,05236725
1,25500000;1,05202289
1,25600000;1,05167979
1,25700000;1,05133797
1,25800000;1,05099743
1,25900000;1,05065815
1,26000000;1,05032015
1,26100000;1,04998341
1,26200000;1,04964794
1,26300000;1,04931373
1,26400000;1,04898078
1,26500000;1,04864909
1,26600000;1,04831866
1,26700000;1,04798948
1,26800000;1,04766156
1,26900000;1,04733489
1,27000000;1,04700947
1,27100000;1,04668530
1,27200000;1,04636237
1,27300000;1,04604069
1,27400000;1,04572026
1,27500000;1,04540106
1,27600000;1,04508311
1,27700000;1,04476639
1,27800000;1,04445091
1,27900000;1,04413666
1,28000000;1,04382365
1,28100000;1,04351186
1,28200000;1,04320131
1,28300000;1,04289198
1,28400000;1,04258388
1,28500000;1,04227700
1,28600000;1,04197134
1,28700000;1,04166691
1,28800000;1,04136369
1,28900000;1,04106169
1,29000000;1,04076091
1,29100000;1,04046134
1,29200000;1,04016298
1,29300000;1,03986584
1,29400000;1,03956990
1,29500000;1,03927517
1,29600000;1,03898164
1,29700000;1,03868932
1,29800000;1,03839820
1,29900000;1,03810829
1,30000000;1,03781957
1,30100000;1,03753205
1,30200000;1,03724572
1,30300000;1,03696059
1,30400000;1,03667666
1,30500000;1,03639391
1,30600000;1,03611236
1,30700000;1,03583199
1,30800000;1,03555281
1,30900000;1,03527482
1,31000000;1,03499801
1,31100000;1,03472238
1,31200000;1,03444793
1,31300000;1,03417520
1,31400000;1,03390312
1,31500000;1,03363221
1,31600000;1,03336247
1,31700000;1,03309391
1,31800000;1,03282653
1,31900000;1,03256031
1,32000000;1,03229526
1,32100000;1,03203138
1,32200000;1,03176867
1,32300000;1,03150712
1,32400000;1,03124673
1,32500000;1,03098751
1,32600000;1,03072945
1,32700000;1,03047254
1,32800000;1,03021680
1,32900000;1,02996221
1,33000000;1,02970878
1,33100000;1,02945650
1,33200000;1,02920537
1,33300000;1,02895539
1,33400000;1,02870657
1,33500000;1,02845889
1,33600000;1,02821236
1,33700000;1,02796698
1,33800000;1,02772274
1,33900000;1,02747964
1,34000000;1,02723769
1,34100000;1,02699687
1,34200000;1,02675720
1,34300000;1,02651866
1,34400000;1,02628126
1,34500000;1,02604500
1,34600000;1,02580987
1,34700000;1,02557587
1,34800000;1,02534301
1,34900000;1,02511127
1,35000000;1,02488067
1,35100000;1,02465119
1,35200000;1,02442284
1,35300000;1,02419562
1,35400000;1,02396952
1,35500000;1,02374454
1,35600000;1,02352069
1,35700000;1,02329796
1,35800000;1,02307635
1,35900000;1,02285585
1,36000000;1,02263647
1,36100000;1,02241821
1,36200000;1,02220107
1,36300000;1,02198504
1,36400000;1,02177012
1,36500000;1,02155631
1,36600000;1,02134361
1,36700000;1,02113203
1,36800000;1,02092155
1,36900000;1,02071218
1,37000000;1,02050391
1,37100000;1,02029675
1,37200000;1,02009070
1,37300000;1,01988574
1,37400000;1,01968189
1,37500000;1,01947914
1,37600000;1,01927749
1,37700000;1,01907694
1,37800000;1,01887748
1,37900000;1,01867912
1,38000000;1,01848186
1,38100000;1,01828569
1,38200000;1,01809062
1,38300000;1,01789664
1,38400000;1,01770374
1,38500000;1,01751194
1,38600000;1,01732123
1,38700000;1,01713161
1,38800000;1,01694307
1,38900000;1,01675563
1,39000000;1,01656926
1,39100000;1,01638398
1,39200000;1,01619979
1,39300000;1,01601668
1,39400000;1,01583464
1,39500000;1,01565369
1,39600000;1,01547382
1,39700000;1,01529503
1,39800000;1,01511732
1,39900000;1,01494068
1,40000000;1,01476512
1,40100000;1,01459063
1,40200000;1,01441722
1,40300000;1,01424488
1,40400000;1,01407362
1,40500000;1,01390342
1,40600000;1,01373430
1,40700000;1,01356625
1,40800000;1,01339926
1,40900000;1,01323334
1,41000000;1,01306850
1,41100000;1,01290471
1,41200000;1,01274199
1,41300000;1,01258034
1,41400000;1,01241975
1,41500000;1,01226023
1,41600000;1,01210176
1,41700000;1,01194436
1,41800000;1,01178802
1,41900000;1,01163274
1,42000000;1,01147851
1,42100000;1,01132535
1,42200000;1,01117324
1,42300000;1,01102219
1,42400000;1,01087220
1,42500000;1,01072326
1,42600000;1,01057537
1,42700000;1,01042854
1,42800000;1,01028276
1,42900000;1,01013803
1,43000000;1,00999435
1,43100000;1,00985173
1,43200000;1,00971015
1,43300000;1,00956963
1,43400000;1,00943015
1,43500000;1,00929172
1,43600000;1,00915434
1,43700000;1,00901800
1,43800000;1,00888271
1,43900000;1,00874846
1,44000000;1,00861526
1,44100000;1,00848310
1,44200000;1,00835198
1,44300000;1,00822191
1,44400000;1,00809288
1,44500000;1,00796489
1,44600000;1,00783794
1,44700000;1,00771202
1,44800000;1,00758715
1,44900000;1,00746332
1,45000000;1,00734052
1,45100000;1,00721876
1,45200000;1,00709804
1,45300000;1,00697835
1,45400000;1,00685970
1,45500000;1,00674208
1,45600000;1,00662549
1,45700000;1,00650994
1,45800000;1,00639543
1,45900000;1,00628194
1,46000000;1,00616949
1,46100000;1,00605806
1,46200000;1,00594767
1,46300000;1,00583831
1,46400000;1,00572998
1,46500000;1,00562267
1,46600000;1,00551640
1,46700000;1,00541115
1,46800000;1,00530693
1,46900000;1,00520374
1,47000000;1,00510157
1,47100000;1,00500043
1,47200000;1,00490031
1,47300000;1,00480122
1,47400000;1,00470315
1,47500000;1,00460610
1,47600000;1,00451008
1,47700000;1,00441508
1,47800000;1,00432111
1,47900000;1,00422815
1,48000000;1,00413622
1,48100000;1,00404531
1,48200000;1,00395541
1,48300000;1,00386654
1,48400000;1,00377869
1,48500000;1,00369185
1,48600000;1,00360604
1,48700000;1,00352124
1,48800000;1,00343746
1,48900000;1,00335470
1,49000000;1,00327295
1,49100000;1,00319222
1,49200000;1,00311251
1,49300000;1,00303381
1,49400000;1,00295613
1,49500000;1,00287946
1,49600000;1,00280381
1,49700000;1,00272917
1,49800000;1,00265555
1,49900000;1,00258293
1,50000000;1,00251134
1,50100000;1,00244075
1,50200000;1,00237117
1,50300000;1,00230261
1,50400000;1,00223506
1,50500000;1,00216852
1,50600000;1,00210299
1,50700000;1,00203848
1,50800000;1,00197497
1,50900000;1,00191247
1,51000000;1,00185098
1,51100000;1,00179050
1,51200000;1,00173103
1,51300000;1,00167257
1,51400000;1,00161512
1,51500000;1,00155867
1,51600000;1,00150323
1,51700000;1,00144881
1,51800000;1,00139538
1,51900000;1,00134297
1,52000000;1,00129156
1,52100000;1,00124116
1,52200000;1,00119176
1,52300000;1,00114337
1,52400000;1,00109599
1,52500000;1,00104961
1,52600000;1,00100423
1,52700000;1,00095987
1,52800000;1,00091650
1,52900000;1,00087414
1,53000000;1,00083279
1,53100000;1,00079244
1,53200000;1,00075309
1,53300000;1,00071475
1,53400000;1,00067741
1,53500000;1,00064107
1,53600000;1,00060574
1,53700000;1,00057141
1,53800000;1,00053808
1,53900000;1,00050576
1,54000000;1,00047444
1,54100000;1,00044412
1,54200000;1,00041480
1,54300000;1,00038649
1,54400000;1,00035917
1,54500000;1,00033286
1,54600000;1,00030755
1,54700000;1,00028325
1,54800000;1,00025994
1,54900000;1,00023763
1,55000000;1,00021633
1,55100000;1,00019603
1,55200000;1,00017673
1,55300000;1,00015842
1,55400000;1,00014112
1,55500000;1,00012482
1,55600000;1,00010953
1,55700000;1,00009523
1,55800000;1,00008193
1,55900000;1,00006963
1,56000000;1,00005833
1,56100000;1,00004804
1,56200000;1,00003874
1,56300000;1,00003044
1,56400000;1,00002315
1,56500000;1,00001685
1,56600000;1,00001156
1,56700000;1,00000726
1,56800000;1,00000396
1,56900000;1,00000167
1,57000000;1,00000037
1,57100000;1,00000008
1,57200000;1,00000078
1,57300000;1,00000249
1,57400000;1,00000519
1,57500000;1,00000889
1,57600000;1,00001360
1,57700000;1,00001930
1,57800000;1,00002601
1,57900000;1,00003371
1,58000000;1,00004242
1,58100000;1,00005212
1,58200000;1,00006283
1,58300000;1,00007453
1,58400000;1,00008724
1,58500000;1,00010094
1,58600000;1,00011565
1,58700000;1,00013136
1,58800000;1,00014807
1,58900000;1,00016578
1,59000000;1,00018448
1,59100000;1,00020420
1,59200000;1,00022491
1,59300000;1,00024662
1,59400000;1,00026933
1,59500000;1,00029305
1,59600000;1,00031777
1,59700000;1,00034348
1,59800000;1,00037020
1,59900000;1,00039793
1,60000000;1,00042665
1,60100000;1,00045638
1,60200000;1,00048710
1,60300000;1,00051884
1,60400000;1,00055157
1,60500000;1,00058531
1,60600000;1,00062004
1,60700000;1,00065579
1,60800000;1,00069253
1,60900000;1,00073028
1,61000000;1,00076903
1,61100000;1,00080879
1,61200000;1,00084955
1,61300000;1,00089132
1,61400000;1,00093409
1,61500000;1,00097786
1,61600000;1,00102264
1,61700000;1,00106842
1,61800000;1,00111521
1,61900000;1,00116301
1,62000000;1,00121181
1,62100000;1,00126161
1,62200000;1,00131243
1,62300000;1,00136425
1,62400000;1,00141707
1,62500000;1,00147091
1,62600000;1,00152575
1,62700000;1,00158160
1,62800000;1,00163845
1,62900000;1,00169632
1,63000000;1,00175519
1,63100000;1,00181507
1,63200000;1,00187597
1,63300000;1,00193787
1,63400000;1,00200078
1,63500000;1,00206470
1,63600000;1,00212963
1,63700000;1,00219557
1,63800000;1,00226252
1,63900000;1,00233049
1,64000000;1,00239946
1,64100000;1,00246945
1,64200000;1,00254045
1,64300000;1,00261246
1,64400000;1,00268549
1,64500000;1,00275953
1,64600000;1,00283458
1,64700000;1,00291065
1,64800000;1,00298773
1,64900000;1,00306583
1,65000000;1,00314494
1,65100000;1,00322507
1,65200000;1,00330621
1,65300000;1,00338837
1,65400000;1,00347155
1,65500000;1,00355574
1,65600000;1,00364096
1,65700000;1,00372719
1,65800000;1,00381444
1,65900000;1,00390271
1,66000000;1,00399200
1,66100000;1,00408231
1,66200000;1,00417364
1,66300000;1,00426599
1,66400000;1,00435936
1,66500000;1,00445375
1,66600000;1,00454917
1,66700000;1,00464561
1,66800000;1,00474307
1,66900000;1,00484156
1,67000000;1,00494107
1,67100000;1,00504160
1,67200000;1,00514317
1,67300000;1,00524575
1,67400000;1,00534937
1,67500000;1,00545401
1,67600000;1,00555967
1,67700000;1,00566637
1,67800000;1,00577409
1,67900000;1,00588285
1,68000000;1,00599263
1,68100000;1,00610344
1,68200000;1,00621529
1,68300000;1,00632816
1,68400000;1,00644207
1,68500000;1,00655701
1,68600000;1,00667298
1,68700000;1,00678999
1,68800000;1,00690803
1,68900000;1,00702710
1,69000000;1,00714721
1,69100000;1,00726836
1,69200000;1,00739054
1,69300000;1,00751377
1,69400000;1,00763802
1,69500000;1,00776332
1,69600000;1,00788966
1,69700000;1,00801703
1,69800000;1,00814545
1,69900000;1,00827491
1,70000000;1,00840541
1,70100000;1,00853695
1,70200000;1,00866954
1,70300000;1,00880316
1,70400000;1,00893784
1,70500000;1,00907356
1,70600000;1,00921032
1,70700000;1,00934813
1,70800000;1,00948699
1,70900000;1,00962690
1,71000000;1,00976785
1,71100000;1,00990986
1,71200000;1,01005291
1,71300000;1,01019702
1,71400000;1,01034218
1,71500000;1,01048838
1,71600000;1,01063565
1,71700000;1,01078396
1,71800000;1,01093334
1,71900000;1,01108376
1,72000000;1,01123524
1,72100000;1,01138778
1,72200000;1,01154138
1,72300000;1,01169604
1,72400000;1,01185175
1,72500000;1,01200853
1,72600000;1,01216637
1,72700000;1,01232526
1,72800000;1,01248522
1,72900000;1,01264625
1,73000000;1,01280834
1,73100000;1,01297149
1,73200000;1,01313571
1,73300000;1,01330099
1,73400000;1,01346735
1,73500000;1,01363477
1,73600000;1,01380326
1,73700000;1,01397282
1,73800000;1,01414345
1,73900000;1,01431516
1,74000000;1,01448794
1,74100000;1,01466179
1,74200000;1,01483671
1,74300000;1,01501271
1,74400000;1,01518979
1,74500000;1,01536795
1,74600000;1,01554718
1,74700000;1,01572749
1,74800000;1,01590888
1,74900000;1,01609136
1,75000000;1,01627491
1,75100000;1,01645955
1,75200000;1,01664527
1,75300000;1,01683208
1,75400000;1,01701997
1,75500000;1,01720895
1,75600000;1,01739902
1,75700000;1,01759018
1,75800000;1,01778243
1,75900000;1,01797576
1,76000000;1,01817019
1,76100000;1,01836572
1,76200000;1,01856233
1,76300000;1,01876004
1,76400000;1,01895885
1,76500000;1,01915875
1,76600000;1,01935975
1,76700000;1,01956186
1,76800000;1,01976506
1,76900000;1,01996936
1,77000000;1,02017476
1,77100000;1,02038127
1,77200000;1,02058888
1,77300000;1,02079760
1,77400000;1,02100743
1,77500000;1,02121836
1,77600000;1,02143040
1,77700000;1,02164355
1,77800000;1,02185781
1,77900000;1,02207319
1,78000000;1,02228967
1,78100000;1,02250728
1,78200000;1,02272599
1,78300000;1,02294583
1,78400000;1,02316678
1,78500000;1,02338885
1,78600000;1,02361204
1,78700000;1,02383636
1,78800000;1,02406179
1,78900000;1,02428835
1,79000000;1,02451604
1,79100000;1,02474485
1,79200000;1,02497479
1,79300000;1,02520585
1,79400000;1,02543805
1,79500000;1,02567138
1,79600000;1,02590584
1,79700000;1,02614143
1,79800000;1,02637816
1,79900000;1,02661603
1,80000000;1,02685503
1,80100000;1,02709517
1,80200000;1,02733645
1,80300000;1,02757887
1,80400000;1,02782244
1,80500000;1,02806715
1,80600000;1,02831300
1,80700000;1,02856000
1,80800000;1,02880815
1,80900000;1,02905745
1,81000000;1,02930789
1,81100000;1,02955949
1,81200000;1,02981224
1,81300000;1,03006615
1,81400000;1,03032121
1,81500000;1,03057743
1,81600000;1,03083481
1,81700000;1,03109335
1,81800000;1,03135305
1,81900000;1,03161391
1,82000000;1,03187594
1,82100000;1,03213913
1,82200000;1,03240349
1,82300000;1,03266902
1,82400000;1,03293571
1,82500000;1,03320358
1,82600000;1,03347262
1,82700000;1,03374284
1,82800000;1,03401423
1,82900000;1,03428680
1,83000000;1,03456055
1,83100000;1,03483547
1,83200000;1,03511158
1,83300000;1,03538887
1,83400000;1,03566735
1,83500000;1,03594701
1,83600000;1,03622786
1,83700000;1,03650990
1,83800000;1,03679313
1,83900000;1,03707755
1,84000000;1,03736317
1,84100000;1,03764998
1,84200000;1,03793799
1,84300000;1,03822719
1,84400000;1,03851760
1,84500000;1,03880921
1,84600000;1,03910202
1,84700000;1,03939603
1,84800000;1,03969126
1,84900000;1,03998769
1,85000000;1,04028533
1,85100000;1,04058418
1,85200000;1,04088424
1,85300000;1,04118552
1,85400000;1,04148802
1,85500000;1,04179173
1,85600000;1,04209666
1,85700000;1,04240227
1,85800000;1,04270965
1,85900000;1,04301824
1,86000000;1,04332807
1,86100000;1,04363912
1,86200000;1,04395140
1,86300000;1,04426491
1,86400000;1,04457966
1,86500000;1,04489564
1,86600000;1,04521286
1,86700000;1,04553132
1,86800000;1,04585102
1,86900000;1,04617195
1,87000000;1,04649414
1,87100000;1,04681757
1,87200000;1,04714224
1,87300000;1,04746817
1,87400000;1,04779534
1,87500000;1,04812377
1,87600000;1,04845346
1,87700000;1,04878440
1,87800000;1,04911660
1,87900000;1,04945006
1,88000000;1,04978478
1,88100000;1,05012076
1,88200000;1,05045802
1,88300000;1,05079654
1,88400000;1,05113632
1,88500000;1,05147739
1,88600000;1,05181972
1,88700000;1,05216333
1,88800000;1,05250822
1,88900000;1,05285438
1,89000000;1,05320183
1,89100000;1,05355056
1,89200000;1,05390058
1,89300000;1,05425188
1,89400000;1,05460448
1,89500000;1,05495836
1,89600000;1,05531354
1,89700000;1,05567001
1,89800000;1,05602778
1,89900000;1,05638685
1,90000000;1,05674722
1,90100000;1,05710890
1,90200000;1,05747187
1,90300000;1,05783616
1,90400000;1,05820176
1,90500000;1,05856867
1,90600000;1,05893689
1,90700000;1,05930643
1,90800000;1,05967728
1,90900000;1,06004946
1,91000000;1,06042296
1,91100000;1,06079778
1,91200000;1,06117393
1,91300000;1,06155141
1,91400000;1,06193022
1,91500000;1,06231036
1,91600000;1,06269184
1,91700000;1,06307466
1,91800000;1,06345881
1,91900000;1,06384431
1,92000000;1,06423115
1,92100000;1,06461934
1,92200000;1,06500888
1,92300000;1,06539977
1,92400000;1,06579201
1,92500000;1,06618560
1,92600000;1,06658056
1,92700000;1,06697687
1,92800000;1,06737455
1,92900000;1,06777359
1,93000000;1,06817400
1,93100000;1,06857578
1,93200000;1,06897893
1,93300000;1,06938345
1,93400000;1,06978935
1,93500000;1,07019663
1,93600000;1,07060529
1,93700000;1,07101533
1,93800000;1,07142676
1,93900000;1,07183958
1,94000000;1,07225379
1,94100000;1,07266939
1,94200000;1,07308639
1,94300000;1,07350479
1,94400000;1,07392459
1,94500000;1,07434579
1,94600000;1,07476839
1,94700000;1,07519241
1,94800000;1,07561783
1,94900000;1,07604467
1,95000000;1,07647293
1,95100000;1,07690260
1,95200000;1,07733369
1,95300000;1,07776621
1,95400000;1,07820015
1,95500000;1,07863552
1,95600000;1,07907233
1,95700000;1,07951056
1,95800000;1,07995024
1,95900000;1,08039135
1,96000000;1,08083390
1,96100000;1,08127790
1,96200000;1,08172335
1,96300000;1,08217024
1,96400000;1,08261859
1,96500000;1,08306840
1,96600000;1,08351966
1,96700000;1,08397238
1,96800000;1,08442656
1,96900000;1,08488222
1,97000000;1,08533934
1,97100000;1,08579793
1,97200000;1,08625799
1,97300000;1,08671954
1,97400000;1,08718256
1,97500000;1,08764707
1,97600000;1,08811306
1,97700000;1,08858054
1,97800000;1,08904951
1,97900000;1,08951998
1,98000000;1,08999194
1,98100000;1,09046540
1,98200000;1,09094037
1,98300000;1,09141684
1,98400000;1,09189482
1,98500000;1,09237431
1,98600000;1,09285532
1,98700000;1,09333785
1,98800000;1,09382189
1,98900000;1,09430746
1,99000000;1,09479456
1,99100000;1,09528318
1,99200000;1,09577334
1,99300000;1,09626503
1,99400000;1,09675826
1,99500000;1,09725304
1,99600000;1,09774936
1,99700000;1,09824722
1,99800000;1,09874664
1,99900000;1,09924761
2,00000000;1,09975014
2,00100000;1,10025423
2,00200000;1,10075988
2,00300000;1,10126710
2,00400000;1,10177589
2,00500000;1,10228626
2,00600000;1,10279819
2,00700000;1,10331171
2,00800000;1,10382682
2,00900000;1,10434350
2,01000000;1,10486178
2,01100000;1,10538165
2,01200000;1,10590311
2,01300000;1,10642618
2,01400000;1,10695085
2,01500000;1,10747712
2,01600000;1,10800500
2,01700000;1,10853450
2,01800000;1,10906561
2,01900000;1,10959834
2,02000000;1,11013269
2,02100000;1,11066867
2,02200000;1,11120628
2,02300000;1,11174552
2,02400000;1,11228639
2,02500000;1,11282891
2,02600000;1,11337307
2,02700000;1,11391888
2,02800000;1,11446634
2,02900000;1,11501545
2,03000000;1,11556622
2,03100000;1,11611865
2,03200000;1,11667275
2,03300000;1,11722851
2,03400000;1,11778595
2,03500000;1,11834506
2,03600000;1,11890585
2,03700000;1,11946832
2,03800000;1,12003248
2,03900000;1,12059833
2,04000000;1,12116587
2,04100000;1,12173511
2,04200000;1,12230605
2,04300000;1,12287870
2,04400000;1,12345305
2,04500000;1,12402912
2,04600000;1,12460691
2,04700000;1,12518641
2,04800000;1,12576764
2,04900000;1,12635059
2,05000000;1,12693528
2,05100000;1,12752170
2,05200000;1,12810986
2,05300000;1,12869977
2,05400000;1,12929142
2,05500000;1,12988483
2,05600000;1,13047998
2,05700000;1,13107690
2,05800000;1,13167558
2,05900000;1,13227603
2,06000000;1,13287825
2,06100000;1,13348224
2,06200000;1,13408801
2,06300000;1,13469557
2,06400000;1,13530491
2,06500000;1,13591605
2,06600000;1,13652897
2,06700000;1,13714370
2,06800000;1,13776024
2,06900000;1,13837858
2,07000000;1,13899873
2,07100000;1,13962070
2,07200000;1,14024449
2,07300000;1,14087010
2,07400000;1,14149755
2,07500000;1,14212682
2,07600000;1,14275794
2,07700000;1,14339089
2,07800000;1,14402570
2,07900000;1,14466235
2,08000000;1,14530086
2,08100000;1,14594122
2,08200000;1,14658345
2,08300000;1,14722755
2,08400000;1,14787352
2,08500000;1,14852137
2,08600000;1,14917110
2,08700000;1,14982272
2,08800000;1,15047623
2,08900000;1,15113163
2,09000000;1,15178893
2,09100000;1,15244813
2,09200000;1,15310925
2,09300000;1,15377228
2,09400000;1,15443722
2,09500000;1,15510409
2,09600000;1,15577289
2,09700000;1,15644361
2,09800000;1,15711628
2,09900000;1,15779088
2,10000000;1,15846743
2,10100000;1,15914594
2,10200000;1,15982640
2,10300000;1,16050882
2,10400000;1,16119320
2,10500000;1,16187955
2,10600000;1,16256788
2,10700000;1,16325819
2,10800000;1,16395049
2,10900000;1,16464477
2,11000000;1,16534105
2,11100000;1,16603933
2,11200000;1,16673962
2,11300000;1,16744191
2,11400000;1,16814622
2,11500000;1,16885255
2,11600000;1,16956090
2,11700000;1,17027128
2,11800000;1,17098370
2,11900000;1,17169816
2,12000000;1,17241467
2,12100000;1,17313322
2,12200000;1,17385383
2,12300000;1,17457651
2,12400000;1,17530124
2,12500000;1,17602805
2,12600000;1,17675694
2,12700000;1,17748791
2,12800000;1,17822097
2,12900000;1,17895612
2,13000000;1,17969337
2,13100000;1,18043272
2,13200000;1,18117418
2,13300000;1,18191776
2,13400000;1,18266345
2,13500000;1,18341128
2,13600000;1,18416123
2,13700000;1,18491332
2,13800000;1,18566755
2,13900000;1,18642393
2,14000000;1,18718247
2,14100000;1,18794316
2,14200000;1,18870602
2,14300000;1,18947105
2,14400000;1,19023825
2,14500000;1,19100764
2,14600000;1,19177921
2,14700000;1,19255298
2,14800000;1,19332895
2,14900000;1,19410713
2,15000000;1,19488751
2,15100000;1,19567011
2,15200000;1,19645494
2,15300000;1,19724199
2,15400000;1,19803128
2,15500000;1,19882281
2,15600000;1,19961659
2,15700000;1,20041262
2,15800000;1,20121091
2,15900000;1,20201146
2,16000000;1,20281429
2,16100000;1,20361939
2,16200000;1,20442678
2,16300000;1,20523646
2,16400000;1,20604843
2,16500000;1,20686271
2,16600000;1,20767929
2,16700000;1,20849819
2,16800000;1,20931941
2,16900000;1,21014296
2,17000000;1,21096884
2,17100000;1,21179707
2,17200000;1,21262764
2,17300000;1,21346056
2,17400000;1,21429585
2,17500000;1,21513350
2,17600000;1,21597352
2,17700000;1,21681593
2,17800000;1,21766072
2,17900000;1,21850791
2,18000000;1,21935749
2,18100000;1,22020948
2,18200000;1,22106388
2,18300000;1,22192071
2,18400000;1,22277996
2,18500000;1,22364165
2,18600000;1,22450577
2,18700000;1,22537234
2,18800000;1,22624137
2,18900000;1,22711286
2,19000000;1,22798682
2,19100000;1,22886325
2,19200000;1,22974217
2,19300000;1,23062357
2,19400000;1,23150748
2,19500000;1,23239388
2,19600000;1,23328280
2,19700000;1,23417423
2,19800000;1,23506820
2,19900000;1,23596469
2,20000000;1,23686372
2,20100000;1,23776531
2,20200000;1,23866944
2,20300000;1,23957614
2,20400000;1,24048541
2,20500000;1,24139726
2,20600000;1,24231169
2,20700000;1,24322871
2,20800000;1,24414833
2,20900000;1,24507056
2,21000000;1,24599541
2,21100000;1,24692288
2,21200000;1,24785297
2,21300000;1,24878571
2,21400000;1,24972109
2,21500000;1,25065913
2,21600000;1,25159983
2,21700000;1,25254320
2,21800000;1,25348925
2,21900000;1,25443798
2,22000000;1,25538940
2,22100000;1,25634353
2,22200000;1,25730037
2,22300000;1,25825992
2,22400000;1,25922220
2,22500000;1,26018721
2,22600000;1,26115497
2,22700000;1,26212548
2,22800000;1,26309874
2,22900000;1,26407478
2,23000000;1,26505359
2,23100000;1,26603518
2,23200000;1,26701957
2,23300000;1,26800675
2,23400000;1,26899675
2,23500000;1,26998956
2,23600000;1,27098520
2,23700000;1,27198368
2,23800000;1,27298500
2,23900000;1,27398917
2,24000000;1,27499621
2,24100000;1,27600611
2,24200000;1,27701889
2,24300000;1,27803457
2,24400000;1,27905313
2,24500000;1,28007461
2,24600000;1,28109900
2,24700000;1,28212631
2,24800000;1,28315656
2,24900000;1,28418975
2,25000000;1,28522589
2,25100000;1,28626499
2,25200000;1,28730706
2,25300000;1,28835211
2,25400000;1,28940015
2,25500000;1,29045118
2,25600000;1,29150523
2,25700000;1,29256229
2,25800000;1,29362238
2,25900000;1,29468550
2,26000000;1,29575167
2,26100000;1,29682089
2,26200000;1,29789318
2,26300000;1,29896855
2,26400000;1,30004700
2,26500000;1,30112854
2,26600000;1,30221319
2,26700000;1,30330095
2,26800000;1,30439184
2,26900000;1,30548586
2,27000000;1,30658302
2,27100000;1,30768334
2,27200000;1,30878682
2,27300000;1,30989348
2,27400000;1,31100333
2,27500000;1,31211636
2,27600000;1,31323261
2,27700000;1,31435207
2,27800000;1,31547476
2,27900000;1,31660069
2,28000000;1,31772986
2,28100000;1,31886229
2,28200000;1,31999799
2,28300000;1,32113697
2,28400000;1,32227925
2,28500000;1,32342482
2,28600000;1,32457370
2,28700000;1,32572591
2,28800000;1,32688146
2,28900000;1,32804035
2,29000000;1,32920259
2,29100000;1,33036820
2,29200000;1,33153719
2,29300000;1,33270958
2,29400000;1,33388536
2,29500000;1,33506455
2,29600000;1,33624717
2,29700000;1,33743323
2,29800000;1,33862273
2,29900000;1,33981569
2,30000000;1,34101213
2,30100000;1,34221204
2,30200000;1,34341545
2,30300000;1,34462236
2,30400000;1,34583279
2,30500000;1,34704675
2,30600000;1,34826425
2,30700000;1,34948531
2,30800000;1,35070993
2,30900000;1,35193813
2,31000000;1,35316992
2,31100000;1,35440531
2,31200000;1,35564431
2,31300000;1,35688695
2,31400000;1,35813322
2,31500000;1,35938314
2,31600000;1,36063673
2,31700000;1,36189400
2,31800000;1,36315496
2,31900000;1,36441962
2,32000000;1,36568799
2,32100000;1,36696009
2,32200000;1,36823594
2,32300000;1,36951554
2,32400000;1,37079891
2,32500000;1,37208605
2,32600000;1,37337700
2,32700000;1,37467175
2,32800000;1,37597032
2,32900000;1,37727272
2,33000000;1,37857897
2,33100000;1,37988909
2,33200000;1,38120308
2,33300000;1,38252096
2,33400000;1,38384274
2,33500000;1,38516843
2,33600000;1,38649806
2,33700000;1,38783163
2,33800000;1,38916916
2,33900000;1,39051066
2,34000000;1,39185615
2,34100000;1,39320564
2,34200000;1,39455914
2,34300000;1,39591668
2,34400000;1,39727825
2,34500000;1,39864389
2,34600000;1,40001360
2,34700000;1,40138740
2,34800000;1,40276530
2,34900000;1,40414732
2,35000000;1,40553347
2,35100000;1,40692377
2,35200000;1,40831823
2,35300000;1,40971688
2,35400000;1,41111971
2,35500000;1,41252675
2,35600000;1,41393802
2,35700000;1,41535353
2,35800000;1,41677329
2,35900000;1,41819732
2,36000000;1,41962564
2,36100000;1,42105826
2,36200000;1,42249520
2,36300000;1,42393647
2,36400000;1,42538210
2,36500000;1,42683209
2,36600000;1,42828646
2,36700000;1,42974523
2,36800000;1,43120842
2,36900000;1,43267604
2,37000000;1,43414811
2,37100000;1,43562464
2,37200000;1,43710566
2,37300000;1,43859118
2,37400000;1,44008121
2,37500000;1,44157577
2,37600000;1,44307488
2,37700000;1,44457856
2,37800000;1,44608683
2,37900000;1,44759970
2,38000000;1,44911718
2,38100000;1,45063931
2,38200000;1,45216609
2,38300000;1,45369754
2,38400000;1,45523368
2,38500000;1,45677453
2,38600000;1,45832010
2,38700000;1,45987042
2,38800000;1,46142550
2,38900000;1,46298537
2,39000000;1,46455003
2,39100000;1,46611951
2,39200000;1,46769383
2,39300000;1,46927300
2,39400000;1,47085705
2,39500000;1,47244599
2,39600000;1,47403985
2,39700000;1,47563863
2,39800000;1,47724237
2,39900000;1,47885107
2,40000000;1,48046477
2,40100000;1,48208347
2,40200000;1,48370721
2,40300000;1,48533599
2,40400000;1,48696984
2,40500000;1,48860878
2,40600000;1,49025282
2,40700000;1,49190200
2,40800000;1,49355633
2,40900000;1,49521582
2,41000000;1,49688051
2,41100000;1,49855041
2,41200000;1,50022554
2,41300000;1,50190592
2,41400000;1,50359158
2,41500000;1,50528253
2,41600000;1,50697879
2,41700000;1,50868040
2,41800000;1,51038736
2,41900000;1,51209971
2,42000000;1,51381745
2,42100000;1,51554063
2,42200000;1,51726924
2,42300000;1,51900333
2,42400000;1,52074291
2,42500000;1,52248800
2,42600000;1,52423862
2,42700000;1,52599481
2,42800000;1,52775657
2,42900000;1,52952394
2,43000000;1,53129694
2,43100000;1,53307558
2,43200000;1,53485990
2,43300000;1,53664992
2,43400000;1,53844566
2,43500000;1,54024714
2,43600000;1,54205438
2,43700000;1,54386742
2,43800000;1,54568628
2,43900000;1,54751097
2,44000000;1,54934153
2,44100000;1,55117798
2,44200000;1,55302155
2,44300000;1,55486986
2,44400000;1,55672414
2,44500000;1,55858440
2,44600000;1,56045068
2,44700000;1,56232299
2,44800000;1,56420137
2,44900000;1,56608584
2,45000000;1,56797643
2,45100000;1,56987315
2,45200000;1,57177605
2,45300000;1,57368514
2,45400000;1,57560045
2,45500000;1,57752201
2,45600000;1,57944984
2,45700000;1,58138397
2,45800000;1,58332443
2,45900000;1,58527125
2,46000000;1,58722445
2,46100000;1,58918406
2,46200000;1,59115010
2,46300000;1,59312262
2,46400000;1,59510162
2,46500000;1,59708715
2,46600000;1,59907923
2,46700000;1,60107789
2,46800000;1,60308315
2,46900000;1,60509505
2,47000000;1,60711362
2,47100000;1,60913888
2,47200000;1,61117087
2,47300000;1,61320960
2,47400000;1,61525513
2,47500000;1,61730746
2,47600000;1,61936664
2,47700000;1,62143269
2,47800000;1,62350565
2,47900000;1,62558554
2,48000000;1,62767240
2,48100000;1,62976625
2,48200000;1,63186714
2,48300000;1,63397508
2,48400000;1,63609011
2,48500000;1,63821227
2,48600000;1,64034158
2,48700000;1,64247808
2,48800000;1,64462179
2,48900000;1,64677276
2,49000000;1,64893102
2,49100000;1,65109659
2,49200000;1,65326951
2,49300000;1,65544982
2,49400000;1,65763755
2,49500000;1,65983272
2,49600000;1,66203539
2,49700000;1,66424557
2,49800000;1,66646331
2,49900000;1,66868864
2,50000000;1,67092159
2,50100000;1,67316220
2,50200000;1,67541051
2,50300000;1,67766655
2,50400000;1,67993035
2,50500000;1,68220196
2,50600000;1,68448140
2,50700000;1,68676872
2,50800000;1,68906395
2,50900000;1,69136713
2,51000000;1,69367829
2,51100000;1,69599748
2,51200000;1,69832473
2,51300000;1,70066008
2,51400000;1,70300356
2,51500000;1,70535522
2,51600000;1,70771509
2,51700000;1,71008322
2,51800000;1,71245964
2,51900000;1,71484439
2,52000000;1,71723750
2,52100000;1,71963904
2,52200000;1,72204902
2,52300000;1,72446749
2,52400000;1,72689449
2,52500000;1,72933007
2,52600000;1,73177426
2,52700000;1,73422711
2,52800000;1,73668865
2,52900000;1,73915894
2,53000000;1,74163800
2,53100000;1,74412589
2,53200000;1,74662265
2,53300000;1,74912832
2,53400000;1,75164294
2,53500000;1,75416656
2,53600000;1,75669922
2,53700000;1,75924096
2,53800000;1,76179184
2,53900000;1,76435189
2,54000000;1,76692116
2,54100000;1,76949969
2,54200000;1,77208754
2,54300000;1,77468475
2,54400000;1,77729136
2,54500000;1,77990742
2,54600000;1,78253298
2,54700000;1,78516808
2,54800000;1,78781278
2,54900000;1,79046711
2,55000000;1,79313114
2,55100000;1,79580491
2,55200000;1,79848846
2,55300000;1,80118184
2,55400000;1,80388512
2,55500000;1,80659833
2,55600000;1,80932152
2,55700000;1,81205476
2,55800000;1,81479808
2,55900000;1,81755154
2,56000000;1,82031519
2,56100000;1,82308908
2,56200000;1,82587327
2,56300000;1,82866781
2,56400000;1,83147275
2,56500000;1,83428814
2,56600000;1,83711405
2,56700000;1,83995051
2,56800000;1,84279760
2,56900000;1,84565536
2,57000000;1,84852384
2,57100000;1,85140311
2,57200000;1,85429323
2,57300000;1,85719424
2,57400000;1,86010620
2,57500000;1,86302918
2,57600000;1,86596322
2,57700000;1,86890839
2,57800000;1,87186475
2,57900000;1,87483236
2,58000000;1,87781127
2,58100000;1,88080155
2,58200000;1,88380325
2,58300000;1,88681644
2,58400000;1,88984117
2,58500000;1,89287752
2,58600000;1,89592554
2,58700000;1,89898529
2,58800000;1,90205683
2,58900000;1,90514024
2,59000000;1,90823558
2,59100000;1,91134290
2,59200000;1,91446227
2,59300000;1,91759377
2,59400000;1,92073745
2,59500000;1,92389338
2,59600000;1,92706163
2,59700000;1,93024227
2,59800000;1,93343535
2,59900000;1,93664096
2,60000000;1,93985916
2,60100000;1,94309003
2,60200000;1,94633362
2,60300000;1,94959001
2,60400000;1,95285927
2,60500000;1,95614147
2,60600000;1,95943669
2,60700000;1,96274499
2,60800000;1,96606646
2,60900000;1,96940115
2,61000000;1,97274916
2,61100000;1,97611054
2,61200000;1,97948539
2,61300000;1,98287377
2,61400000;1,98627575
2,61500000;1,98969143
2,61600000;1,99312087
2,61700000;1,99656415
2,61800000;2,00002135
2,61900000;2,00349255
2,62000000;2,00697783
2,62100000;2,01047728
2,62200000;2,01399096
2,62300000;2,01751897
2,62400000;2,02106139
2,62500000;2,02461830
2,62600000;2,02818978
2,62700000;2,03177592
2,62800000;2,03537680
2,62900000;2,03899251
2,63000000;2,04262314
2,63100000;2,04626876
2,63200000;2,04992948
2,63300000;2,05360538
2,63400000;2,05729654
2,63500000;2,06100307
2,63600000;2,06472504
2,63700000;2,06846255
2,63800000;2,07221569
2,63900000;2,07598456
2,64000000;2,07976924
2,64100000;2,08356984
2,64200000;2,08738644
2,64300000;2,09121915
2,64400000;2,09506805
2,64500000;2,09893325
2,64600000;2,10281485
2,64700000;2,10671294
2,64800000;2,11062763
2,64900000;2,11455901
2,65000000;2,11850718
2,65100000;2,12247225
2,65200000;2,12645433
2,65300000;2,13045350
2,65400000;2,13446989
2,65500000;2,13850359
2,65600000;2,14255471
2,65700000;2,14662336
2,65800000;2,15070965
2,65900000;2,15481368
2,66000000;2,15893557
2,66100000;2,16307543
2,66200000;2,16723336
2,66300000;2,17140949
2,66400000;2,17560392
2,66500000;2,17981677
2,66600000;2,18404816
2,66700000;2,18829820
2,66800000;2,19256701
2,66900000;2,19685470
2,67000000;2,20116141
2,67100000;2,20548724
2,67200000;2,20983233
2,67300000;2,21419678
2,67400000;2,21858074
2,67500000;2,22298431
2,67600000;2,22740764
2,67700000;2,23185083
2,67800000;2,23631403
2,67900000;2,24079737
2,68000000;2,24530096
2,68100000;2,24982495
2,68200000;2,25436946
2,68300000;2,25893464
2,68400000;2,26352061
2,68500000;2,26812751
2,68600000;2,27275548
2,68700000;2,27740465
2,68800000;2,28207517
2,68900000;2,28676718
2,69000000;2,29148082
2,69100000;2,29621623
2,69200000;2,30097357
2,69300000;2,30575296
2,69400000;2,31055457
2,69500000;2,31537853
2,69600000;2,32022501
2,69700000;2,32509415
2,69800000;2,32998610
2,69900000;2,33490102
2,70000000;2,33983906
2,70100000;2,34480039
2,70200000;2,34978515
2,70300000;2,35479352
2,70400000;2,35982564
2,70500000;2,36488169
2,70600000;2,36996182
2,70700000;2,37506621
2,70800000;2,38019502
2,70900000;2,38534841
2,71000000;2,39052657
2,71100000;2,39572966
2,71200000;2,40095785
2,71300000;2,40621132
2,71400000;2,41149025
2,71500000;2,41679482
2,71600000;2,42212520
2,71700000;2,42748158
2,71800000;2,43286414
2,71900000;2,43827307
2,72000000;2,44370855
2,72100000;2,44917077
2,72200000;2,45465993
2,72300000;2,46017621
2,72400000;2,46571982
2,72500000;2,47129094
2,72600000;2,47688977
2,72700000;2,48251652
2,72800000;2,48817139
2,72900000;2,49385457
2,73000000;2,49956629
2,73100000;2,50530673
2,73200000;2,51107613
2,73300000;2,51687467
2,73400000;2,52270259
2,73500000;2,52856010
2,73600000;2,53444741
2,73700000;2,54036474
2,73800000;2,54631233
2,73900000;2,55229039
2,74000000;2,55829914
2,74100000;2,56433883
2,74200000;2,57040968
2,74300000;2,57651192
2,74400000;2,58264579
2,74500000;2,58881154
2,74600000;2,59500940
2,74700000;2,60123961
2,74800000;2,60750242
2,74900000;2,61379808
2,75000000;2,62012685
2,75100000;2,62648897
2,75200000;2,63288470
2,75300000;2,63931430
2,75400000;2,64577803
2,75500000;2,65227616
2,75600000;2,65880895
2,75700000;2,66537667
2,75800000;2,67197960
2,75900000;2,67861802
2,76000000;2,68529219
2,76100000;2,69200240
2,76200000;2,69874894
2,76300000;2,70553209
2,76400000;2,71235214
2,76500000;2,71920940
2,76600000;2,72610414
2,76700000;2,73303668
2,76800000;2,74000731
2,76900000;2,74701635
2,77000000;2,75406409
2,77100000;2,76115087
2,77200000;2,76827698
2,77300000;2,77544275
2,77400000;2,78264851
2,77500000;2,78989458
2,77600000;2,79718129
2,77700000;2,80450898
2,77800000;2,81187797
2,77900000;2,81928862
2,78000000;2,82674127
2,78100000;2,83423627
2,78200000;2,84177396
2,78300000;2,84935472
2,78400000;2,85697889
2,78500000;2,86464684
2,78600000;2,87235895
2,78700000;2,88011558
2,78800000;2,88791711
2,78900000;2,89576393
2,79000000;2,90365641
2,79100000;2,91159496
2,79200000;2,91957996
2,79300000;2,92761181
2,79400000;2,93569092
2,79500000;2,94381770
2,79600000;2,95199255
2,79700000;2,96021590
2,79800000;2,96848818
2,79900000;2,97680980
2,80000000;2,98518120
2,80100000;2,99360282
2,80200000;3,00207510
2,80300000;3,01059850
2,80400000;3,01917346
2,80500000;3,02780044
2,80600000;3,03647991
2,80700000;3,04521234
2,80800000;3,05399820
2,80900000;3,06283797
2,81000000;3,07173215
2,81100000;3,08068123
2,81200000;3,08968570
2,81300000;3,09874607
2,81400000;3,10786285
2,81500000;3,11703656
2,81600000;3,12626773
2,81700000;3,13555688
2,81800000;3,14490455
2,81900000;3,15431128
2,82000000;3,16377763
2,82100000;3,17330415
2,82200000;3,18289141
2,82300000;3,19253998
2,82400000;3,20225043
2,82500000;3,21202336
2,82600000;3,22185935
2,82700000;3,23175901
2,82800000;3,24172295
2,82900000;3,25175177
2,83000000;3,26184612
2,83100000;3,27200661
2,83200000;3,28223389
2,83300000;3,29252861
2,83400000;3,30289143
2,83500000;3,31332301
2,83600000;3,32382402
2,83700000;3,33439515
2,83800000;3,34503709
2,83900000;3,35575055
2,84000000;3,36653623
2,84100000;3,37739485
2,84200000;3,38832715
2,84300000;3,39933386
2,84400000;3,41041574
2,84500000;3,42157353
2,84600000;3,43280803
2,84700000;3,44411999
2,84800000;3,45551022
2,84900000;3,46697952
2,85000000;3,47852870
2,85100000;3,49015858
2,85200000;3,50187000
2,85300000;3,51366381
2,85400000;3,52554086
2,85500000;3,53750203
2,85600000;3,54954820
2,85700000;3,56168027
2,85800000;3,57389914
2,85900000;3,58620573
2,86000000;3,59860098
2,86100000;3,61108584
2,86200000;3,62366127
2,86300000;3,63632824
2,86400000;3,64908773
2,86500000;3,66194076
2,86600000;3,67488835
2,86700000;3,68793151
2,86800000;3,70107131
2,86900000;3,71430880
2,87000000;3,72764507
2,87100000;3,74108120
2,87200000;3,75461832
2,87300000;3,76825753
2,87400000;3,78200000
2,87500000;3,79584688
2,87600000;3,80979935
2,87700000;3,82385861
2,87800000;3,83802587
2,87900000;3,85230237
2,88000000;3,86668935
2,88100000;3,88118809
2,88200000;3,89579988
2,88300000;3,91052604
2,88400000;3,92536788
2,88500000;3,94032678
2,88600000;3,95540408
2,88700000;3,97060121
2,88800000;3,98591956
2,88900000;4,00136058
2,89000000;4,01692574
2,89100000;4,03261651
2,89200000;4,04843440
2,89300000;4,06438096
2,89400000;4,08045774
2,89500000;4,09666632
2,89600000;4,11300831
2,89700000;4,12948535
2,89800000;4,14609910
2,89900000;4,16285125
2,90000000;4,17974351
2,90100000;4,19677765
2,90200000;4,21395542
2,90300000;4,23127865
2,90400000;4,24874915
2,90500000;4,26636881
2,90600000;4,28413951
2,90700000;4,30206320
2,90800000;4,32014183
2,90900000;4,33837740
2,91000000;4,35677194
2,91100000;4,37532753
2,91200000;4,39404627
2,91300000;4,41293029
2,91400000;4,43198177
2,91500000;4,45120294
2,91600000;4,47059605
2,91700000;4,49016339
2,91800000;4,50990730
2,91900000;4,52983016
2,92000000;4,54993440
2,92100000;4,57022247
2,92200000;4,59069690
2,92300000;4,61136023
2,92400000;4,63221507
2,92500000;4,65326408
2,92600000;4,67450995
2,92700000;4,69595544
2,92800000;4,71760335
2,92900000;4,73945653
2,93000000;4,76151790
2,93100000;4,78379041
2,93200000;4,80627710
2,93300000;4,82898105
2,93400000;4,85190538
2,93500000;4,87505331
2,93600000;4,89842809
2,93700000;4,92203305
2,93800000;4,94587158
2,93900000;4,96994714
2,94000000;4,99426325
2,94100000;5,01882352
2,94200000;5,04363161
2,94300000;5,06869126
2,94400000;5,09400630
2,94500000;5,11958063
2,94600000;5,14541821
2,94700000;5,17152310
2,94800000;5,19789945
2,94900000;5,22455149
2,95000000;5,25148353
2,95100000;5,27869998
2,95200000;5,30620534
2,95300000;5,33400421
2,95400000;5,36210127
2,95500000;5,39050132
2,95600000;5,41920926
2,95700000;5,44823009
2,95800000;5,47756893
2,95900000;5,50723099
2,96000000;5,53722163
2,96100000;5,56754628
2,96200000;5,59821055
2,96300000;5,62922012
2,96400000;5,66058084
2,96500000;5,69229866
2,96600000;5,72437969
2,96700000;5,75683017
2,96800000;5,78965648
2,96900000;5,82286515
2,97000000;5,85646287
2,97100000;5,89045649
2,97200000;5,92485300
2,97300000;5,95965957
2,97400000;5,99488354
2,97500000;6,03053242
2,97600000;6,06661393
2,97700000;6,10313593
2,97800000;6,14010651
2,97900000;6,17753395
2,98000000;6,21542672
2,98100000;6,25379352
2,98200000;6,29264326
2,98300000;6,33198507
2,98400000;6,37182832
2,98500000;6,41218261
2,98600000;6,45305781
2,98700000;6,49446401
2,98800000;6,53641159
2,98900000;6,57891119
2,99000000;6,62197374
2,99100000;6,66561044
2,99200000;6,70983283
2,99300000;6,75465270
2,99400000;6,80008222
2,99500000;6,84613386
2,99600000;6,89282044
2,99700000;6,94015513
2,99800000;6,98815146
2,99900000;7,03682337
3,00000000;7,08618516
3,00100000;7,13625155
3,00200000;7,18703769
3,00300000;7,23855916
3,00400000;7,29083198
3,00500000;7,34387266
3,00600000;7,39769819
3,00700000;7,45232607
3,00800000;7,50777430
3,00900000;7,56406145
3,01000000;7,62120665
3,01100000;7,67922960
3,01200000;7,73815063
3,01300000;7,79799068
3,01400000;7,85877137
3,01500000;7,92051498
3,01600000;7,98324452
3,01700000;8,04698372
3,01800000;8,11175710
3,01900000;8,17758996
3,02000000;8,24450843
3,02100000;8,31253953
3,02200000;8,38171117
3,02300000;8,45205220
3,02400000;8,52359245
3,02500000;8,59636278
3,02600000;8,67039510
3,02700000;8,74572247
3,02800000;8,82237908
3,02900000;8,90040035
3,03000000;8,97982297
3,03100000;9,06068494
3,03200000;9,14302568
3,03300000;9,22688602
3,03400000;9,31230835
3,03500000;9,39933663
3,03600000;9,48801648
3,03700000;9,57839527
3,03800000;9,67052220
3,03900000;9,76444840
3,04000000;9,86022699
3,04100000;9,95791321
3,04200000;10,05756454
3,04300000;10,15924077
3,04400000;10,26300413
3,04500000;10,36891946
3,04600000;10,47705429
3,04700000;10,58747901
3,04800000;10,70026702
3,04900000;10,81549489
3,05000000;10,93324254
3,05100000;11,05359341
3,05200000;11,17663467
3,05300000;11,30245742
3,05400000;11,43115693
3,05500000;11,56283286
3,05600000;11,69758954
3,05700000;11,83553622
3,05800000;11,97671527
3,05900000;12,12138879
3,06000000;12,26961266
3,06100000;12,42151902
3,06200000;12,57724669
3,06300000;12,73694152
3,06400000;12,90075691
3,06500000;13,06885423
3,06600000;13,24140343
3,06700000;13,41858356
3,06800000;13,60058339
3,06900000;13,78760211
3,07000000;13,97985002
3,07100000;14,17754935
3,07200000;14,38093510
3,07300000;14,59025598
3,07400000;14,80577539
3,07500000;15,02777260
3,07600000;15,25654386
3,07700000;15,49240381
3,07800000;15,73568685
3,07900000;15,98674876
3,08000000;16,24596842
3,08100000;16,51374974
3,08200000;16,79052373
3,08300000;17,07675080
3,08400000;17,37292339
3,08500000;17,67956869
3,08600000;17,99725187
3,08700000;18,32657946
3,08800000;18,66820332
3,08900000;19,02282483
3,09000000;19,39119979
3,09100000;19,77414374
3,09200000;20,17253798
3,09300000;20,58733640
3,09400000;21,01957301
3,09500000;21,47037064
3,09600000;21,94095058
3,09700000;22,43264372
3,09800000;22,94690304
3,09900000;23,48531798
3,10000000;24,04963083
3,10100000;24,64175558
3,10200000;25,26379958
3,10300000;25,91808861
3,10400000;26,60719590
3,10500000;27,33397598
3,10600000;28,10160418
3,10700000;28,91362299
3,10800000;29,77399672
3,10900000;30,68717622
3,11000000;31,65817584
3,11100000;32,69266558
3,11200000;33,79708186
3,11300000;34,97876148
3,11400000;36,24610489
3,11500000;37,60877605
3,11600000;39,07794940
3,11700000;40,66661687
3,11800000;42,38997310
3,11900000;44,26590293
3,12000000;46,31560433
3,12100000;48,56439284
3,12200000;51,04275235
3,12300000;53,78772504
3,12400000;56,84477526
3,12500000;60,27032746
3,12600000;64,13528067
3,12700000;68,52996811
3,12800000;73,57130586
3,12900000;79,41334783
3,13000000;86,26330354
3,13100000;94,40662881
3,13200000;104,24781023
3,13300000;116,37962802
3,13400000;131,70715295
3,13500000;151,68459289
3,13600000;178,80623593
3,13700000;217,73877513
3,13800000;278,34468858
3,13900000;385,70235959
3,14000000;627,87443984
3,14100000;1687,26281695
3,14200000;-2455,04852832
3,14300000;-710,56876225
3,14400000;-415,39946683
3,14500000;-293,48605370
3,14600000;-226,89581629
3,14700000;-184,93528637
3,14800000;-156,07248544
3,14900000;-135,00277352
3,15000000;-118,94532915
3,15100000;-106,30173787
3,15200000;-96,08792738
3,15300000;-87,66489221
3,15400000;-80,59963603
3,15500000;-74,58834451
3,15600000;-69,41155331
3,15700000;-64,90677470
3,15800000;-60,95113443
3,15900000;-57,44999330
3,16000000;-54,32927769
3,16100000;-51,53018111
3,16200000;-49,00542361
3,16300000;-46,71655960
3,16400000;-44,63200654
3,16500000;-42,72557890
3,16600000;-40,97538259
3,16700000;-39,36297042
3,16800000;-37,87268943
3,16900000;-36,49117118
3,17000000;-35,20692960
3,17100000;-34,01004098
3,17200000;-32,89188703
3,17300000;-31,84494709
3,17400000;-30,86262876
3,17500000;-29,93912898
3,17600000;-29,06931931
3,17700000;-28,24865069
3,17800000;-27,47307384
3,17900000;-26,73897249
3,18000000;-26,04310699
3,18100000;-25,38256650
3,18200000;-24,75472838
3,18300000;-24,15722329
3,18400000;-23,58790540
3,18500000;-23,04482663
3,18600000;-22,52621434
3,18700000;-22,03045208
3,18800000;-21,55606270
3,18900000;-21,10169370
3,19000000;-20,66610433
3,19100000;-20,24815431
3,19200000;-19,84679381
3,19300000;-19,46105473
3,19400000;-19,09004283
3,19500000;-18,73293085
3,19600000;-18,38895237
3,19700000;-18,05739626
3,19800000;-17,73760186
3,19900000;-17,42895452
3,20000000;-17,13088169
3,20100000;-16,84284936
3,20200000;-16,56435891
3,20300000;-16,29494417
3,20400000;-16,03416885
3,20500000;-15,78162421
3,20600000;-15,53692687
3,20700000;-15,29971690
3,20800000;-15,06965606
3,20900000;-14,84642617
3,21000000;-14,62972765
3,21100000;-14,41927821
3,21200000;-14,21481157
3,21300000;-14,01607639
3,21400000;-13,82283520
3,21500000;-13,63486346
3,21600000;-13,45194873
3,21700000;-13,27388981
3,21800000;-13,10049606
3,21900000;-12,93158666
3,22000000;-12,76699005
3,22100000;-12,60654327
3,22200000;-12,45009152
3,22300000;-12,29748755
3,22400000;-12,14859130
3,22500000;-12,00326940
3,22600000;-11,86139482
3,22700000;-11,72284646
3,22800000;-11,58750885
3,22900000;-11,45527179
3,23000000;-11,32603005
3,23100000;-11,19968314
3,23200000;-11,07613500
3,23300000;-10,95529377
3,23400000;-10,83707157
3,23500000;-10,72138429
3,23600000;-10,60815137
3,23700000;-10,49729564
3,23800000;-10,38874313
3,23900000;-10,28242290
3,24000000;-10,17826690
3,24100000;-10,07620981
3,24200000;-9,97618893
3,24300000;-9,87814401
3,24400000;-9,78201718
3,24500000;-9,68775278
3,24600000;-9,59529730
3,24700000;-9,50459926
3,24800000;-9,41560911
3,24900000;-9,32827915
3,25000000;-9,24256343
3,25100000;-9,15841770
3,25200000;-9,07579929
3,25300000;-8,99466707
3,25400000;-8,91498138
3,25500000;-8,83670396
3,25600000;-8,75979788
3,25700000;-8,68422749
3,25800000;-8,60995837
3,25900000;-8,53695726
3,26000000;-8,46519205
3,26100000;-8,39463169
3,26200000;-8,32524614
3,26300000;-8,25700640
3,26400000;-8,18988436
3,26500000;-8,12385287
3,26600000;-8,05888562
3,26700000;-7,99495716
3,26800000;-7,93204283
3,26900000;-7,87011876
3,27000000;-7,80916181
3,27100000;-7,74914955
3,27200000;-7,69006027
3,27300000;-7,63187288
3,27400000;-7,57456696
3,27500000;-7,51812267
3,27600000;-7,46252080
3,27700000;-7,40774267
3,27800000;-7,35377018
3,27900000;-7,30058572
3,28000000;-7,24817223
3,28100000;-7,19651311
3,28200000;-7,14559224
3,28300000;-7,09539396
3,28400000;-7,04590305
3,28500000;-6,99710472
3,28600000;-6,94898456
3,28700000;-6,90152860
3,28800000;-6,85472323
3,28900000;-6,80855520
3,29000000;-6,76301163
3,29100000;-6,71807998
3,29200000;-6,67374805
3,29300000;-6,63000395
3,29400000;-6,58683612
3,29500000;-6,54423328
3,29600000;-6,50218446
3,29700000;-6,46067897
3,29800000;-6,41970638
3,29900000;-6,37925653
3,30000000;-6,33931954
3,30100000;-6,29988574
3,30200000;-6,26094573
3,30300000;-6,22249032
3,30400000;-6,18451058
3,30500000;-6,14699776
3,30600000;-6,10994334
3,30700000;-6,07333902
3,30800000;-6,03717667
3,30900000;-6,00144838
3,31000000;-5,96614642
3,31100000;-5,93126324
3,31200000;-5,89679146
3,31300000;-5,86272389
3,31400000;-5,82905349
3,31500000;-5,79577339
3,31600000;-5,76287688
3,31700000;-5,73035740
3,31800000;-5,69820853
3,31900000;-5,66642401
3,32000000;-5,63499772
3,32100000;-5,60392367
3,32200000;-5,57319599
3,32300000;-5,54280895
3,32400000;-5,51275697
3,32500000;-5,48303456
3,32600000;-5,45363635
3,32700000;-5,42455710
3,32800000;-5,39579168
3,32900000;-5,36733507
3,33000000;-5,33918235
3,33100000;-5,31132870
3,33200000;-5,28376941
3,33300000;-5,25649988
3,33400000;-5,22951558
3,33500000;-5,20281209
3,33600000;-5,17638507
3,33700000;-5,15023029
3,33800000;-5,12434359
3,33900000;-5,09872088
3,34000000;-5,07335819
3,34100000;-5,04825159
3,34200000;-5,02339726
3,34300000;-4,99879144
3,34400000;-4,97443045
3,34500000;-4,95031067
3,34600000;-4,92642856
3,34700000;-4,90278067
3,34800000;-4,87936357
3,34900000;-4,85617393
3,35000000;-4,83320849
3,35100000;-4,81046402
3,35200000;-4,78793739
3,35300000;-4,76562548
3,35400000;-4,74352529
3,35500000;-4,72163382
3,35600000;-4,69994817
3,35700000;-4,67846545
3,35800000;-4,65718287
3,35900000;-4,63609766
3,36000000;-4,61520710
3,36100000;-4,59450855
3,36200000;-4,57399937
3,36300000;-4,55367702
3,36400000;-4,53353897
3,36500000;-4,51358274
3,36600000;-4,49380591
3,36700000;-4,47420609
3,36800000;-4,45478092
3,36900000;-4,43552812
3,37000000;-4,41644542
3,37100000;-4,39753058
3,37200000;-4,37878144
3,37300000;-4,36019583
3,37400000;-4,34177165
3,37500000;-4,32350683
3,37600000;-4,30539932
3,37700000;-4,28744712
3,37800000;-4,26964826
3,37900000;-4,25200081
3,38000000;-4,23450285
3,38100000;-4,21715253
3,38200000;-4,19994798
3,38300000;-4,18288741
3,38400000;-4,16596903
3,38500000;-4,14919109
3,38600000;-4,13255186
3,38700000;-4,11604966
3,38800000;-4,09968281
3,38900000;-4,08344967
3,39000000;-4,06734863
3,39100000;-4,05137810
3,39200000;-4,03553652
3,39300000;-4,01982234
3,39400000;-4,00423406
3,39500000;-3,98877018
3,39600000;-3,97342925
3,39700000;-3,95820980
3,39800000;-3,94311043
3,39900000;-3,92812974
3,40000000;-3,91326634
3,40100000;-3,89851888
3,40200000;-3,88388603
3,40300000;-3,86936647
3,40400000;-3,85495890
3,40500000;-3,84066206
3,40600000;-3,82647468
3,40700000;-3,81239554
3,40800000;-3,79842340
3,40900000;-3,78455707
3,41000000;-3,77079537
3,41100000;-3,75713714
3,41200000;-3,74358122
3,41300000;-3,73012649
3,41400000;-3,71677182
3,41500000;-3,70351614
3,41600000;-3,69035834
3,41700000;-3,67729738
3,41800000;-3,66433219
3,41900000;-3,65146174
3,42000000;-3,63868501
3,42100000;-3,62600099
3,42200000;-3,61340870
3,42300000;-3,60090716
3,42400000;-3,58849540
3,42500000;-3,57617247
3,42600000;-3,56393744
3,42700000;-3,55178938
3,42800000;-3,53972738
3,42900000;-3,52775055
3,43000000;-3,51585800
3,43100000;-3,50404885
3,43200000;-3,49232225
3,43300000;-3,48067734
3,43400000;-3,46911329
3,43500000;-3,45762927
3,43600000;-3,44622447
3,43700000;-3,43489809
3,43800000;-3,42364932
3,43900000;-3,41247738
3,44000000;-3,40138152
3,44100000;-3,39036095
3,44200000;-3,37941494
3,44300000;-3,36854274
3,44400000;-3,35774361
3,44500000;-3,34701685
3,44600000;-3,33636172
3,44700000;-3,32577754
3,44800000;-3,31526360
3,44900000;-3,30481923
3,45000000;-3,29444374
3,45100000;-3,28413646
3,45200000;-3,27389675
3,45300000;-3,26372395
3,45400000;-3,25361741
3,45500000;-3,24357650
3,45600000;-3,23360060
3,45700000;-3,22368910
3,45800000;-3,21384136
3,45900000;-3,20405681
3,46000000;-3,19433484
3,46100000;-3,18467486
3,46200000;-3,17507630
3,46300000;-3,16553858
3,46400000;-3,15606114
3,46500000;-3,14664341
3,46600000;-3,13728485
3,46700000;-3,12798492
3,46800000;-3,11874306
3,46900000;-3,10955875
3,47000000;-3,10043148
3,47100000;-3,09136070
3,47200000;-3,08234593
3,47300000;-3,07338664
3,47400000;-3,06448233
3,47500000;-3,05563253
3,47600000;-3,04683672
3,47700000;-3,03809444
3,47800000;-3,02940520
3,47900000;-3,02076854
3,48000000;-3,01218399
3,48100000;-3,00365109
3,48200000;-2,99516938
3,48300000;-2,98673841
3,48400000;-2,97835775
3,48500000;-2,97002695
3,48600000;-2,96174557
3,48700000;-2,95351320
3,48800000;-2,94532940
3,48900000;-2,93719376
3,49000000;-2,92910585
3,49100000;-2,92106529
3,49200000;-2,91307165
3,49300000;-2,90512453
3,49400000;-2,89722355
3,49500000;-2,88936831
3,49600000;-2,88155843
3,49700000;-2,87379351
3,49800000;-2,86607320
3,49900000;-2,85839710
3,50000000;-2,85076485
3,50100000;-2,84317609
3,50200000;-2,83563045
3,50300000;-2,82812757
3,50400000;-2,82066711
3,50500000;-2,81324871
3,50600000;-2,80587203
3,50700000;-2,79853673
3,50800000;-2,79124246
3,50900000;-2,78398889
3,51000000;-2,77677570
3,51100000;-2,76960255
3,51200000;-2,76246912
3,51300000;-2,75537509
3,51400000;-2,74832014
3,51500000;-2,74130396
3,51600000;-2,73432624
3,51700000;-2,72738668
3,51800000;-2,72048496
3,51900000;-2,71362079
3,52000000;-2,70679387
3,52100000;-2,70000391
3,52200000;-2,69325062
3,52300000;-2,68653371
3,52400000;-2,67985288
3,52500000;-2,67320787
3,52600000;-2,66659840
3,52700000;-2,66002418
3,52800000;-2,65348494
3,52900000;-2,64698042
3,53000000;-2,64051034
3,53100000;-2,63407444
3,53200000;-2,62767246
3,53300000;-2,62130414
3,53400000;-2,61496922
3,53500000;-2,60866745
3,53600000;-2,60239857
3,53700000;-2,59616234
3,53800000;-2,58995852
3,53900000;-2,58378685
3,54000000;-2,57764709
3,54100000;-2,57153901
3,54200000;-2,56546237
3,54300000;-2,55941693
3,54400000;-2,55340247
3,54500000;-2,54741875
3,54600000;-2,54146554
3,54700000;-2,53554262
3,54800000;-2,52964977
3,54900000;-2,52378676
3,55000000;-2,51795338
3,55100000;-2,51214942
3,55200000;-2,50637464
3,55300000;-2,50062885
3,55400000;-2,49491184
3,55500000;-2,48922339
3,55600000;-2,48356329
3,55700000;-2,47793135
3,55800000;-2,47232737
3,55900000;-2,46675113
3,56000000;-2,46120245
3,56100000;-2,45568112
3,56200000;-2,45018696
3,56300000;-2,44471977
3,56400000;-2,43927935
3,56500000;-2,43386552
3,56600000;-2,42847809
3,56700000;-2,42311688
3,56800000;-2,41778170
3,56900000;-2,41247237
3,57000000;-2,40718871
3,57100000;-2,40193054
3,57200000;-2,39669768
3,57300000;-2,39148996
3,57400000;-2,38630720
3,57500000;-2,38114923
3,57600000;-2,37601589
3,57700000;-2,37090699
3,57800000;-2,36582238
3,57900000;-2,36076189
3,58000000;-2,35572535
3,58100000;-2,35071260
3,58200000;-2,34572348
3,58300000;-2,34075783
3,58400000;-2,33581549
3,58500000;-2,33089630
3,58600000;-2,32600011
3,58700000;-2,32112676
3,58800000;-2,31627610
3,58900000;-2,31144798
3,59000000;-2,30664224
3,59100000;-2,30185875
3,59200000;-2,29709735
3,59300000;-2,29235789
3,59400000;-2,28764023
3,59500000;-2,28294423
3,59600000;-2,27826974
3,59700000;-2,27361662
3,59800000;-2,26898474
3,59900000;-2,26437395
3,60000000;-2,25978412
3,60100000;-2,25521510
3,60200000;-2,25066678
3,60300000;-2,24613900
3,60400000;-2,24163164
3,60500000;-2,23714457
3,60600000;-2,23267765
3,60700000;-2,22823076
3,60800000;-2,22380377
3,60900000;-2,21939655
3,61000000;-2,21500897
3,61100000;-2,21064091
3,61200000;-2,20629225
3,61300000;-2,20196287
3,61400000;-2,19765263
3,61500000;-2,19336143
3,61600000;-2,18908913
3,61700000;-2,18483563
3,61800000;-2,18060080
3,61900000;-2,17638452
3,62000000;-2,17218669
3,62100000;-2,16800719
3,62200000;-2,16384590
3,62300000;-2,15970270
3,62400000;-2,15557750
3,62500000;-2,15147017
3,62600000;-2,14738060
3,62700000;-2,14330870
3,62800000;-2,13925434
3,62900000;-2,13521742
3,63000000;-2,13119784
3,63100000;-2,12719549
3,63200000;-2,12321026
3,63300000;-2,11924205
3,63400000;-2,11529075
3,63500000;-2,11135627
3,63600000;-2,10743851
3,63700000;-2,10353735
3,63800000;-2,09965271
3,63900000;-2,09578448
3,64000000;-2,09193257
3,64100000;-2,08809687
3,64200000;-2,08427729
3,64300000;-2,08047374
3,64400000;-2,07668612
3,64500000;-2,07291433
3,64600000;-2,06915829
3,64700000;-2,06541789
3,64800000;-2,06169306
3,64900000;-2,05798368
3,65000000;-2,05428968
3,65100000;-2,05061097
3,65200000;-2,04694745
3,65300000;-2,04329903
3,65400000;-2,03966564
3,65500000;-2,03604717
3,65600000;-2,03244356
3,65700000;-2,02885470
3,65800000;-2,02528051
3,65900000;-2,02172091
3,66000000;-2,01817582
3,66100000;-2,01464515
3,66200000;-2,01112882
3,66300000;-2,00762675
3,66400000;-2,00413885
3,66500000;-2,00066505
3,66600000;-1,99720526
3,66700000;-1,99375941
3,66800000;-1,99032742
3,66900000;-1,98690921
3,67000000;-1,98350469
3,67100000;-1,98011380
3,67200000;-1,97673646
3,67300000;-1,97337259
3,67400000;-1,97002212
3,67500000;-1,96668496
3,67600000;-1,96336106
3,67700000;-1,96005032
3,67800000;-1,95675269
3,67900000;-1,95346809
3,68000000;-1,95019644
3,68100000;-1,94693767
3,68200000;-1,94369172
3,68300000;-1,94045851
3,68400000;-1,93723797
3,68500000;-1,93403004
3,68600000;-1,93083464
3,68700000;-1,92765170
3,68800000;-1,92448117
3,68900000;-1,92132296
3,69000000;-1,91817702
3,69100000;-1,91504328
3,69200000;-1,91192167
3,69300000;-1,90881212
3,69400000;-1,90571457
3,69500000;-1,90262715
3,69600000;-1,89955341
3,69700000;-1,89649148
3,69800000;-1,89344130
3,69900000;-1,89040279
3,70000000;-1,88737591
3,70100000;-1,88436059
3,70200000;-1,88135676
3,70300000;-1,87836438
3,70400000;-1,87538336
3,70500000;-1,87241367
3,70600000;-1,86945523
3,70700000;-1,86650799
3,70800000;-1,86357189
3,70900000;-1,86064686
3,71000000;-1,85773286
3,71100000;-1,85482983
3,71200000;-1,85193770
3,71300000;-1,84905643
3,71400000;-1,84618595
3,71500000;-1,84332621
3,71600000;-1,84047715
3,71700000;-1,83763872
3,71800000;-1,83481086
3,71900000;-1,83199353
3,72000000;-1,82918665
3,72100000;-1,82639019
3,72200000;-1,82360409
3,72300000;-1,82082829
3,72400000;-1,81806275
3,72500000;-1,81530741
3,72600000;-1,81256221
3,72700000;-1,80982711
3,72800000;-1,80710206
3,72900000;-1,80438701
3,73000000;-1,80168190
3,73100000;-1,79898668
3,73200000;-1,79630131
3,73300000;-1,79362574
3,73400000;-1,79095991
3,73500000;-1,78830378
3,73600000;-1,78565730
3,73700000;-1,78302042
3,73800000;-1,78039310
3,73900000;-1,77777528
3,74000000;-1,77516693
3,74100000;-1,77256798
3,74200000;-1,76997840
3,74300000;-1,76739815
3,74400000;-1,76482716
3,74500000;-1,76226541
3,74600000;-1,75971284
3,74700000;-1,75716940
3,74800000;-1,75463506
3,74900000;-1,75210977
3,75000000;-1,74959349
3,75100000;-1,74708617
3,75200000;-1,74458776
3,75300000;-1,74209823
3,75400000;-1,73961754
3,75500000;-1,73714563
3,75600000;-1,73468247
3,75700000;-1,73222801
3,75800000;-1,72978222
3,75900000;-1,72734505
3,76000000;-1,72491646
3,76100000;-1,72249641
3,76200000;-1,72008486
3,76300000;-1,71768177
3,76400000;-1,71528709
3,76500000;-1,71290080
3,76600000;-1,71052284
3,76700000;-1,70815318
3,76800000;-1,70579178
3,76900000;-1,70343860
3,77000000;-1,70109360
3,77100000;-1,69875675
3,77200000;-1,69642801
3,77300000;-1,69410733
3,77400000;-1,69179468
3,77500000;-1,68949002
3,77600000;-1,68719332
3,77700000;-1,68490454
3,77800000;-1,68262364
3,77900000;-1,68035059
3,78000000;-1,67808534
3,78100000;-1,67582787
3,78200000;-1,67357813
3,78300000;-1,67133610
3,78400000;-1,66910173
3,78500000;-1,66687499
3,78600000;-1,66465585
3,78700000;-1,66244426
3,78800000;-1,66024021
3,78900000;-1,65804365
3,79000000;-1,65585454
3,79100000;-1,65367286
3,79200000;-1,65149858
3,79300000;-1,64933164
3,79400000;-1,64717204
3,79500000;-1,64501972
3,79600000;-1,64287466
3,79700000;-1,64073683
3,79800000;-1,63860619
3,79900000;-1,63648271
3,80000000;-1,63436636
3,80100000;-1,63225711
3,80200000;-1,63015492
3,80300000;-1,62805976
3,80400000;-1,62597161
3,80500000;-1,62389043
3,80600000;-1,62181619
3,80700000;-1,61974886
3,80800000;-1,61768841
3,80900000;-1,61563481
3,81000000;-1,61358803
3,81100000;-1,61154803
3,81200000;-1,60951480
3,81300000;-1,60748830
3,81400000;-1,60546849
3,81500000;-1,60345536
3,81600000;-1,60144886
3,81700000;-1,59944899
3,81800000;-1,59745569
3,81900000;-1,59546895
3,82000000;-1,59348874
3,82100000;-1,59151502
3,82200000;-1,58954778
3,82300000;-1,58758698
3,82400000;-1,58563260
3,82500000;-1,58368460
3,82600000;-1,58174296
3,82700000;-1,57980766
3,82800000;-1,57787866
3,82900000;-1,57595594
3,83000000;-1,57403948
3,83100000;-1,57212924
3,83200000;-1,57022519
3,83300000;-1,56832733
3,83400000;-1,56643560
3,83500000;-1,56455000
3,83600000;-1,56267050
3,83700000;-1,56079706
3,83800000;-1,55892967
3,83900000;-1,55706829
3,84000000;-1,55521291
3,84100000;-1,55336350
3,84200000;-1,55152003
3,84300000;-1,54968247
3,84400000;-1,54785081
3,84500000;-1,54602502
3,84600000;-1,54420508
3,84700000;-1,54239095
3,84800000;-1,54058262
3,84900000;-1,53878007
3,85000000;-1,53698326
3,85100000;-1,53519217
3,85200000;-1,53340679
3,85300000;-1,53162709
3,85400000;-1,52985304
3,85500000;-1,52808462
3,85600000;-1,52632181
3,85700000;-1,52456458
3,85800000;-1,52281292
3,85900000;-1,52106679
3,86000000;-1,51932619
3,86100000;-1,51759108
3,86200000;-1,51586144
3,86300000;-1,51413725
3,86400000;-1,51241849
3,86500000;-1,51070514
3,86600000;-1,50899717
3,86700000;-1,50729457
3,86800000;-1,50559730
3,86900000;-1,50390536
3,87000000;-1,50221872
3,87100000;-1,50053735
3,87200000;-1,49886124
3,87300000;-1,49719037
3,87400000;-1,49552471
3,87500000;-1,49386425
3,87600000;-1,49220896
3,87700000;-1,49055882
3,87800000;-1,48891381
3,87900000;-1,48727392
3,88000000;-1,48563912
3,88100000;-1,48400939
3,88200000;-1,48238472
3,88300000;-1,48076508
3,88400000;-1,47915045
3,88500000;-1,47754081
3,88600000;-1,47593615
3,88700000;-1,47433644
3,88800000;-1,47274167
3,88900000;-1,47115181
3,89000000;-1,46956685
3,89100000;-1,46798677
3,89200000;-1,46641155
3,89300000;-1,46484116
3,89400000;-1,46327560
3,89500000;-1,46171484
3,89600000;-1,46015887
3,89700000;-1,45860766
3,89800000;-1,45706120
3,89900000;-1,45551947
3,90000000;-1,45398246
3,90100000;-1,45245013
3,90200000;-1,45092248
3,90300000;-1,44939949
3,90400000;-1,44788114
3,90500000;-1,44636741
3,90600000;-1,44485829
3,90700000;-1,44335375
3,90800000;-1,44185379
3,90900000;-1,44035838
3,91000000;-1,43886750
3,91100000;-1,43738115
3,91200000;-1,43589929
3,91300000;-1,43442192
3,91400000;-1,43294902
3,91500000;-1,43148057
3,91600000;-1,43001656
3,91700000;-1,42855696
3,91800000;-1,42710177
3,91900000;-1,42565096
3,92000000;-1,42420453
3,92100000;-1,42276244
3,92200000;-1,42132469
3,92300000;-1,41989127
3,92400000;-1,41846215
3,92500000;-1,41703732
3,92600000;-1,41561676
3,92700000;-1,41420046
3,92800000;-1,41278841
3,92900000;-1,41138058
3,93000000;-1,40997696
3,93100000;-1,40857754
3,93200000;-1,40718230
3,93300000;-1,40579122
3,93400000;-1,40440430
3,93500000;-1,40302151
3,93600000;-1,40164284
3,93700000;-1,40026828
3,93800000;-1,39889781
3,93900000;-1,39753141
3,94000000;-1,39616908
3,94100000;-1,39481079
3,94200000;-1,39345654
3,94300000;-1,39210630
3,94400000;-1,39076007
3,94500000;-1,38941782
3,94600000;-1,38807955
3,94700000;-1,38674525
3,94800000;-1,38541488
3,94900000;-1,38408846
3,95000000;-1,38276595
3,95100000;-1,38144734
3,95200000;-1,38013263
3,95300000;-1,37882179
3,95400000;-1,37751482
3,95500000;-1,37621170
3,95600000;-1,37491242
3,95700000;-1,37361696
3,95800000;-1,37232531
3,95900000;-1,37103745
3,96000000;-1,36975338
3,96100000;-1,36847308
3,96200000;-1,36719654
3,96300000;-1,36592374
3,96400000;-1,36465467
3,96500000;-1,36338932
3,96600000;-1,36212767
3,96700000;-1,36086972
3,96800000;-1,35961544
3,96900000;-1,35836484
3,97000000;-1,35711789
3,97100000;-1,35587458
3,97200000;-1,35463489
3,97300000;-1,35339883
3,97400000;-1,35216637
3,97500000;-1,35093751
3,97600000;-1,34971222
3,97700000;-1,34849050
3,97800000;-1,34727234
3,97900000;-1,34605772
3,98000000;-1,34484663
3,98100000;-1,34363906
3,98200000;-1,34243500
3,98300000;-1,34123444
3,98400000;-1,34003736
3,98500000;-1,33884375
3,98600000;-1,33765361
3,98700000;-1,33646691
3,98800000;-1,33528365
3,98900000;-1,33410382
3,99000000;-1,33292740
3,99100000;-1,33175439
3,99200000;-1,33058476
3,99300000;-1,32941852
3,99400000;-1,32825565
3,99500000;-1,32709614
3,99600000;-1,32593997
3,99700000;-1,32478714
3,99800000;-1,32363764
3,99900000;-1,32249145
4,00000000;-1,32134856
4,00100000;-1,32020897
4,00200000;-1,31907266
4,00300000;-1,31793962
4,00400000;-1,31680984
4,00500000;-1,31568331
4,00600000;-1,31456002
4,00700000;-1,31343996
4,00800000;-1,31232311
4,00900000;-1,31120948
4,01000000;-1,31009904
4,01100000;-1,30899179
4,01200000;-1,30788771
4,01300000;-1,30678681
4,01400000;-1,30568906
4,01500000;-1,30459445
4,01600000;-1,30350298
4,01700000;-1,30241464
4,01800000;-1,30132941
4,01900000;-1,30024729
4,02000000;-1,29916827
4,02100000;-1,29809233
4,02200000;-1,29701947
4,02300000;-1,29594967
4,02400000;-1,29488294
4,02500000;-1,29381925
4,02600000;-1,29275860
4,02700000;-1,29170097
4,02800000;-1,29064637
4,02900000;-1,28959477
4,03000000;-1,28854617
4,03100000;-1,28750057
4,03200000;-1,28645794
4,03300000;-1,28541829
4,03400000;-1,28438160
4,03500000;-1,28334786
4,03600000;-1,28231707
4,03700000;-1,28128921
4,03800000;-1,28026428
4,03900000;-1,27924226
4,04000000;-1,27822315
4,04100000;-1,27720694
4,04200000;-1,27619362
4,04300000;-1,27518318
4,04400000;-1,27417561
4,04500000;-1,27317091
4,04600000;-1,27216906
4,04700000;-1,27117005
4,04800000;-1,27017389
4,04900000;-1,26918055
4,05000000;-1,26819003
4,05100000;-1,26720232
4,05200000;-1,26621741
4,05300000;-1,26523530
4,05400000;-1,26425597
4,05500000;-1,26327942
4,05600000;-1,26230564
4,05700000;-1,26133462
4,05800000;-1,26036635
4,05900000;-1,25940083
4,06000000;-1,25843804
4,06100000;-1,25747798
4,06200000;-1,25652064
4,06300000;-1,25556601
4,06400000;-1,25461408
4,06500000;-1,25366485
4,06600000;-1,25271830
4,06700000;-1,25177444
4,06800000;-1,25083324
4,06900000;-1,24989471
4,07000000;-1,24895883
4,07100000;-1,24802560
4,07200000;-1,24709502
4,07300000;-1,24616706
4,07400000;-1,24524172
4,07500000;-1,24431901
4,07600000;-1,24339890
4,07700000;-1,24248139
4,07800000;-1,24156648
4,07900000;-1,24065416
4,08000000;-1,23974441
4,08100000;-1,23883723
4,08200000;-1,23793262
4,08300000;-1,23703056
4,08400000;-1,23613105
4,08500000;-1,23523409
4,08600000;-1,23433966
4,08700000;-1,23344775
4,08800000;-1,23255837
4,08900000;-1,23167149
4,09000000;-1,23078713
4,09100000;-1,22990526
4,09200000;-1,22902588
4,09300000;-1,22814898
4,09400000;-1,22727456
4,09500000;-1,22640262
4,09600000;-1,22553313
4,09700000;-1,22466610
4,09800000;-1,22380152
4,09900000;-1,22293938
4,10000000;-1,22207968
4,10100000;-1,22122240
4,10200000;-1,22036755
4,10300000;-1,21951511
4,10400000;-1,21866508
4,10500000;-1,21781745
4,10600000;-1,21697221
4,10700000;-1,21612936
4,10800000;-1,21528890
4,10900000;-1,21445080
4,11000000;-1,21361508
4,11100000;-1,21278172
4,11200000;-1,21195071
4,11300000;-1,21112205
4,11400000;-1,21029573
4,11500000;-1,20947175
4,11600000;-1,20865009
4,11700000;-1,20783076
4,11800000;-1,20701375
4,11900000;-1,20619904
4,12000000;-1,20538664
4,12100000;-1,20457653
4,12200000;-1,20376872
4,12300000;-1,20296319
4,12400000;-1,20215994
4,12500000;-1,20135897
4,12600000;-1,20056026
4,12700000;-1,19976381
4,12800000;-1,19896961
4,12900000;-1,19817766
4,13000000;-1,19738796
4,13100000;-1,19660049
4,13200000;-1,19581525
4,13300000;-1,19503223
4,13400000;-1,19425144
4,13500000;-1,19347285
4,13600000;-1,19269647
4,13700000;-1,19192229
4,13800000;-1,19115031
4,13900000;-1,19038052
4,14000000;-1,18961291
4,14100000;-1,18884747
4,14200000;-1,18808421
4,14300000;-1,18732312
4,14400000;-1,18656418
4,14500000;-1,18580740
4,14600000;-1,18505277
4,14700000;-1,18430028
4,14800000;-1,18354993
4,14900000;-1,18280171
4,15000000;-1,18205562
4,15100000;-1,18131165
4,15200000;-1,18056979
4,15300000;-1,17983005
4,15400000;-1,17909241
4,15500000;-1,17835687
4,15600000;-1,17762342
4,15700000;-1,17689206
4,15800000;-1,17616279
4,15900000;-1,17543559
4,16000000;-1,17471047
4,16100000;-1,17398741
4,16200000;-1,17326642
4,16300000;-1,17254748
4,16400000;-1,17183060
4,16500000;-1,17111576
4,16600000;-1,17040296
4,16700000;-1,16969220
4,16800000;-1,16898347
4,16900000;-1,16827676
4,17000000;-1,16757208
4,17100000;-1,16686941
4,17200000;-1,16616875
4,17300000;-1,16547010
4,17400000;-1,16477345
4,17500000;-1,16407879
4,17600000;-1,16338613
4,17700000;-1,16269545
4,17800000;-1,16200675
4,17900000;-1,16132003
4,18000000;-1,16063528
4,18100000;-1,15995249
4,18200000;-1,15927167
4,18300000;-1,15859280
4,18400000;-1,15791589
4,18500000;-1,15724092
4,18600000;-1,15656789
4,18700000;-1,15589681
4,18800000;-1,15522765
4,18900000;-1,15456042
4,19000000;-1,15389512
4,19100000;-1,15323174
4,19200000;-1,15257027
4,19300000;-1,15191071
4,19400000;-1,15125305
4,19500000;-1,15059730
4,19600000;-1,14994344
4,19700000;-1,14929147
4,19800000;-1,14864139
4,19900000;-1,14799319
4,20000000;-1,14734687
4,20100000;-1,14670242
4,20200000;-1,14605984
4,20300000;-1,14541913
4,20400000;-1,14478028
4,20500000;-1,14414328
4,20600000;-1,14350813
4,20700000;-1,14287483
4,20800000;-1,14224338
4,20900000;-1,14161376
4,21000000;-1,14098597
4,21100000;-1,14036002
4,21200000;-1,13973589
4,21300000;-1,13911358
4,21400000;-1,13849309
4,21500000;-1,13787441
4,21600000;-1,13725754
4,21700000;-1,13664248
4,21800000;-1,13602921
4,21900000;-1,13541775
4,22000000;-1,13480807
4,22100000;-1,13420018
4,22200000;-1,13359408
4,22300000;-1,13298975
4,22400000;-1,13238720
4,22500000;-1,13178643
4,22600000;-1,13118742
4,22700000;-1,13059017
4,22800000;-1,12999469
4,22900000;-1,12940096
4,23000000;-1,12880898
4,23100000;-1,12821875
4,23200000;-1,12763026
4,23300000;-1,12704352
4,23400000;-1,12645851
4,23500000;-1,12587523
4,23600000;-1,12529368
4,23700000;-1,12471385
4,23800000;-1,12413575
4,23900000;-1,12355936
4,24000000;-1,12298469
4,24100000;-1,12241172
4,24200000;-1,12184047
4,24300000;-1,12127091
4,24400000;-1,12070305
4,24500000;-1,12013688
4,24600000;-1,11957241
4,24700000;-1,11900962
4,24800000;-1,11844852
4,24900000;-1,11788910
4,25000000;-1,11733135
4,25100000;-1,11677528
4,25200000;-1,11622087
4,25300000;-1,11566813
4,25400000;-1,11511705
4,25500000;-1,11456763
4,25600000;-1,11401986
4,25700000;-1,11347375
4,25800000;-1,11292928
4,25900000;-1,11238646
4,26000000;-1,11184527
4,26100000;-1,11130573
4,26200000;-1,11076781
4,26300000;-1,11023153
4,26400000;-1,10969688
4,26500000;-1,10916384
4,26600000;-1,10863243
4,26700000;-1,10810264
4,26800000;-1,10757445
4,26900000;-1,10704788
4,27000000;-1,10652292
4,27100000;-1,10599955
4,27200000;-1,10547779
4,27300000;-1,10495762
4,27400000;-1,10443905
4,27500000;-1,10392206
4,27600000;-1,10340667
4,27700000;-1,10289285
4,27800000;-1,10238062
4,27900000;-1,10186996
4,28000000;-1,10136088
4,28100000;-1,10085337
4,28200000;-1,10034742
4,28300000;-1,09984304
4,28400000;-1,09934022
4,28500000;-1,09883896
4,28600000;-1,09833925
4,28700000;-1,09784110
4,28800000;-1,09734449
4,28900000;-1,09684943
4,29000000;-1,09635591
4,29100000;-1,09586393
4,29200000;-1,09537348
4,29300000;-1,09488457
4,29400000;-1,09439719
4,29500000;-1,09391134
4,29600000;-1,09342701
4,29700000;-1,09294420
4,29800000;-1,09246291
4,29900000;-1,09198314
4,30000000;-1,09150487
4,30100000;-1,09102812
4,30200000;-1,09055287
4,30300000;-1,09007913
4,30400000;-1,08960689
4,30500000;-1,08913614
4,30600000;-1,08866689
4,30700000;-1,08819913
4,30800000;-1,08773286
4,30900000;-1,08726808
4,31000000;-1,08680478
4,31100000;-1,08634296
4,31200000;-1,08588262
4,31300000;-1,08542375
4,31400000;-1,08496636
4,31500000;-1,08451043
4,31600000;-1,08405597
4,31700000;-1,08360298
4,31800000;-1,08315144
4,31900000;-1,08270137
4,32000000;-1,08225275
4,32100000;-1,08180558
4,32200000;-1,08135987
4,32300000;-1,08091560
4,32400000;-1,08047277
4,32500000;-1,08003139
4,32600000;-1,07959145
4,32700000;-1,07915294
4,32800000;-1,07871587
4,32900000;-1,07828023
4,33000000;-1,07784602
4,33100000;-1,07741324
4,33200000;-1,07698188
4,33300000;-1,07655194
4,33400000;-1,07612342
4,33500000;-1,07569632
4,33600000;-1,07527063
4,33700000;-1,07484635
4,33800000;-1,07442348
4,33900000;-1,07400202
4,34000000;-1,07358196
4,34100000;-1,07316330
4,34200000;-1,07274604
4,34300000;-1,07233018
4,34400000;-1,07191571
4,34500000;-1,07150263
4,34600000;-1,07109094
4,34700000;-1,07068064
4,34800000;-1,07027172
4,34900000;-1,06986418
4,35000000;-1,06945860
4,35100000;-1,06905382
4,35200000;-1,06865042
4,35300000;-1,06824838
4,35400000;-1,06784772
4,35500000;-1,06744843
4,35600000;-1,06705050
4,35700000;-1,06665393
4,35800000;-1,06625873
4,35900000;-1,06586488
4,36000000;-1,06547239
4,36100000;-1,06508125
4,36200000;-1,06469146
4,36300000;-1,06430302
4,36400000;-1,06391593
4,36500000;-1,06353019
4,36600000;-1,06314578
4,36700000;-1,06276272
4,36800000;-1,06238099
4,36900000;-1,06200060
4,37000000;-1,06162154
4,37100000;-1,06124382
4,37200000;-1,06086742
4,37300000;-1,06049235
4,37400000;-1,06011861
4,37500000;-1,05974619
4,37600000;-1,05937509
4,37700000;-1,05900531
4,37800000;-1,05863684
4,37900000;-1,05826969
4,38000000;-1,05790385
4,38100000;-1,05753932
4,38200000;-1,05717610
4,38300000;-1,05681418
4,38400000;-1,05645357
4,38500000;-1,05609426
4,38600000;-1,05573625
4,38700000;-1,05537953
4,38800000;-1,05502412
4,38900000;-1,05466999
4,39000000;-1,05431716
4,39100000;-1,05396562
4,39200000;-1,05361536
4,39300000;-1,05326639
4,39400000;-1,05291871
4,39500000;-1,05257230
4,39600000;-1,05222718
4,39700000;-1,05188333
4,39800000;-1,05154076
4,39900000;-1,05119947
4,40000000;-1,05085944
4,40100000;-1,05052069
4,40200000;-1,05018320
4,40300000;-1,04984698
4,40400000;-1,04951203
4,40500000;-1,04917833
4,40600000;-1,04884590
4,40700000;-1,04851473
4,40800000;-1,04818481
4,40900000;-1,04785615
4,41000000;-1,04752874
4,41100000;-1,04720258
4,41200000;-1,04687767
4,41300000;-1,04655401
4,41400000;-1,04623160
4,41500000;-1,04591043
4,41600000;-1,04559050
4,41700000;-1,04527182
4,41800000;-1,04495437
4,41900000;-1,04463816
4,42000000;-1,04432318
4,42100000;-1,04400944
4,42200000;-1,04369693
4,42300000;-1,04338565
4,42400000;-1,04307560
4,42500000;-1,04276678
4,42600000;-1,04245918
4,42700000;-1,04215280
4,42800000;-1,04184765
4,42900000;-1,04154371
4,43000000;-1,04124099
4,43100000;-1,04093949
4,43200000;-1,04063921
4,43300000;-1,04034014
4,43400000;-1,04004228
4,43500000;-1,03974562
4,43600000;-1,03945018
4,43700000;-1,03915595
4,43800000;-1,03886292
4,43900000;-1,03857109
4,44000000;-1,03828046
4,44100000;-1,03799104
4,44200000;-1,03770281
4,44300000;-1,03741579
4,44400000;-1,03712995
4,44500000;-1,03684531
4,44600000;-1,03656187
4,44700000;-1,03627961
4,44800000;-1,03599854
4,44900000;-1,03571867
4,45000000;-1,03543997
4,45100000;-1,03516247
4,45200000;-1,03488614
4,45300000;-1,03461100
4,45400000;-1,03433704
4,45500000;-1,03406425
4,45600000;-1,03379265
4,45700000;-1,03352222
4,45800000;-1,03325296
4,45900000;-1,03298488
4,46000000;-1,03271797
4,46100000;-1,03245223
4,46200000;-1,03218766
4,46300000;-1,03192425
4,46400000;-1,03166201
4,46500000;-1,03140094
4,46600000;-1,03114103
4,46700000;-1,03088228
4,46800000;-1,03062469
4,46900000;-1,03036825
4,47000000;-1,03011298
4,47100000;-1,02985886
4,47200000;-1,02960590
4,47300000;-1,02935409
4,47400000;-1,02910343
4,47500000;-1,02885393
4,47600000;-1,02860557
4,47700000;-1,02835836
4,47800000;-1,02811230
4,47900000;-1,02786738
4,48000000;-1,02762360
4,48100000;-1,02738097
4,48200000;-1,02713948
4,48300000;-1,02689913
4,48400000;-1,02665992
4,48500000;-1,02642185
4,48600000;-1,02618491
4,48700000;-1,02594911
4,48800000;-1,02571445
4,48900000;-1,02548091
4,49000000;-1,02524851
4,49100000;-1,02501723
4,49200000;-1,02478709
4,49300000;-1,02455807
4,49400000;-1,02433018
4,49500000;-1,02410342
4,49600000;-1,02387777
4,49700000;-1,02365326
4,49800000;-1,02342986
4,49900000;-1,02320758
4,50000000;-1,02298643
4,50100000;-1,02276639
4,50200000;-1,02254746
4,50300000;-1,02232966
4,50400000;-1,02211297
4,50500000;-1,02189739
4,50600000;-1,02168292
4,50700000;-1,02146957
4,50800000;-1,02125732
4,50900000;-1,02104619
4,51000000;-1,02083616
4,51100000;-1,02062724
4,51200000;-1,02041943
4,51300000;-1,02021272
4,51400000;-1,02000711
4,51500000;-1,01980261
4,51600000;-1,01959920
4,51700000;-1,01939690
4,51800000;-1,01919570
4,51900000;-1,01899559
4,52000000;-1,01879658
4,52100000;-1,01859867
4,52200000;-1,01840186
4,52300000;-1,01820613
4,52400000;-1,01801150
4,52500000;-1,01781797
4,52600000;-1,01762552
4,52700000;-1,01743416
4,52800000;-1,01724389
4,52900000;-1,01705472
4,53000000;-1,01686662
4,53100000;-1,01667962
4,53200000;-1,01649369
4,53300000;-1,01630886
4,53400000;-1,01612510
4,53500000;-1,01594243
4,53600000;-1,01576084
4,53700000;-1,01558033
4,53800000;-1,01540090
4,53900000;-1,01522255
4,54000000;-1,01504527
4,54100000;-1,01486907
4,54200000;-1,01469395
4,54300000;-1,01451990
4,54400000;-1,01434693
4,54500000;-1,01417503
4,54600000;-1,01400420
4,54700000;-1,01383444
4,54800000;-1,01366575
4,54900000;-1,01349813
4,55000000;-1,01333159
4,55100000;-1,01316610
4,55200000;-1,01300169
4,55300000;-1,01283834
4,55400000;-1,01267606
4,55500000;-1,01251484
4,55600000;-1,01235468
4,55700000;-1,01219559
4,55800000;-1,01203756
4,55900000;-1,01188059
4,56000000;-1,01172468
4,56100000;-1,01156983
4,56200000;-1,01141603
4,56300000;-1,01126330
4,56400000;-1,01111162
4,56500000;-1,01096100
4,56600000;-1,01081144
4,56700000;-1,01066293
4,56800000;-1,01051547
4,56900000;-1,01036907
4,57000000;-1,01022372
4,57100000;-1,01007942
4,57200000;-1,00993617
4,57300000;-1,00979397
4,57400000;-1,00965283
4,57500000;-1,00951273
4,57600000;-1,00937368
4,57700000;-1,00923567
4,57800000;-1,00909872
4,57900000;-1,00896280
4,58000000;-1,00882794
4,58100000;-1,00869412
4,58200000;-1,00856134
4,58300000;-1,00842961
4,58400000;-1,00829892
4,58500000;-1,00816927
4,58600000;-1,00804066
4,58700000;-1,00791309
4,58800000;-1,00778656
4,58900000;-1,00766107
4,59000000;-1,00753663
4,59100000;-1,00741321
4,59200000;-1,00729084
4,59300000;-1,00716950
4,59400000;-1,00704920
4,59500000;-1,00692994
4,59600000;-1,00681170
4,59700000;-1,00669451
4,59800000;-1,00657835
4,59900000;-1,00646322
4,60000000;-1,00634912
4,60100000;-1,00623605
4,60200000;-1,00612402
4,60300000;-1,00601302
4,60400000;-1,00590305
4,60500000;-1,00579410
4,60600000;-1,00568619
4,60700000;-1,00557930
4,60800000;-1,00547345
4,60900000;-1,00536862
4,61000000;-1,00526482
4,61100000;-1,00516204
4,61200000;-1,00506029
4,61300000;-1,00495957
4,61400000;-1,00485987
4,61500000;-1,00476119
4,61600000;-1,00466354
4,61700000;-1,00456691
4,61800000;-1,00447131
4,61900000;-1,00437673
4,62000000;-1,00428317
4,62100000;-1,00419063
4,62200000;-1,00409911
4,62300000;-1,00400861
4,62400000;-1,00391914
4,62500000;-1,00383068
4,62600000;-1,00374324
4,62700000;-1,00365682
4,62800000;-1,00357142
4,62900000;-1,00348704
4,63000000;-1,00340367
4,63100000;-1,00332133
4,63200000;-1,00323999
4,63300000;-1,00315968
4,63400000;-1,00308038
4,63500000;-1,00300210
4,63600000;-1,00292483
4,63700000;-1,00284857
4,63800000;-1,00277333
4,63900000;-1,00269911
4,64000000;-1,00262590
4,64100000;-1,00255370
4,64200000;-1,00248251
4,64300000;-1,00241234
4,64400000;-1,00234317
4,64500000;-1,00227502
4,64600000;-1,00220789
4,64700000;-1,00214176
4,64800000;-1,00207664
4,64900000;-1,00201253
4,65000000;-1,00194944
4,65100000;-1,00188735
4,65200000;-1,00182627
4,65300000;-1,00176621
4,65400000;-1,00170715
4,65500000;-1,00164910
4,65600000;-1,00159205
4,65700000;-1,00153602
4,65800000;-1,00148099
4,65900000;-1,00142697
4,66000000;-1,00137396
4,66100000;-1,00132196
4,66200000;-1,00127096
4,66300000;-1,00122097
4,66400000;-1,00117198
4,66500000;-1,00112400
4,66600000;-1,00107703
4,66700000;-1,00103106
4,66800000;-1,00098609
4,66900000;-1,00094213
4,67000000;-1,00089918
4,67100000;-1,00085723
4,67200000;-1,00081628
4,67300000;-1,00077634
4,67400000;-1,00073740
4,67500000;-1,00069947
4,67600000;-1,00066254
4,67700000;-1,00062661
4,67800000;-1,00059169
4,67900000;-1,00055777
4,68000000;-1,00052485
4,68100000;-1,00049293
4,68200000;-1,00046202
4,68300000;-1,00043211
4,68400000;-1,00040320
4,68500000;-1,00037530
4,68600000;-1,00034839
4,68700000;-1,00032249
4,68800000;-1,00029759
4,68900000;-1,00027369
4,69000000;-1,00025079
4,69100000;-1,00022889
4,69200000;-1,00020799
4,69300000;-1,00018810
4,69400000;-1,00016921
4,69500000;-1,00015131
4,69600000;-1,00013442
4,69700000;-1,00011853
4,69800000;-1,00010364
4,69900000;-1,00008975
4,70000000;-1,00007686
4,70100000;-1,00006497
4,70200000;-1,00005408
4,70300000;-1,00004419
4,70400000;-1,00003530
4,70500000;-1,00002741
4,70600000;-1,00002052
4,70700000;-1,00001463
4,70800000;-1,00000974
4,70900000;-1,00000585
4,71000000;-1,00000297
4,71100000;-1,00000108
4,71200000;-1,00000019
4,71300000;-1,00000030
4,71400000;-1,00000141
4,71500000;-1,00000352
4,71600000;-1,00000664
4,71700000;-1,00001075
4,71800000;-1,00001586
4,71900000;-1,00002197
4,72000000;-1,00002908
4,72100000;-1,00003719
4,72200000;-1,00004631
4,72300000;-1,00005642
4,72400000;-1,00006753
4,72500000;-1,00007965
4,72600000;-1,00009276
4,72700000;-1,00010687
4,72800000;-1,00012199
4,72900000;-1,00013810
4,73000000;-1,00015522
4,73100000;-1,00017333
4,73200000;-1,00019245
4,73300000;-1,00021257
4,73400000;-1,00023369
4,73500000;-1,00025581
4,73600000;-1,00027893
4,73700000;-1,00030306
4,73800000;-1,00032818
4,73900000;-1,00035431
4,74000000;-1,00038144
4,74100000;-1,00040957
4,74200000;-1,00043870
4,74300000;-1,00046883
4,74400000;-1,00049997
4,74500000;-1,00053211
4,74600000;-1,00056525
4,74700000;-1,00059940
4,74800000;-1,00063454
4,74900000;-1,00067069
4,75000000;-1,00070785
4,75100000;-1,00074601
4,75200000;-1,00078517
4,75300000;-1,00082533
4,75400000;-1,00086650
4,75500000;-1,00090868
4,75600000;-1,00095186
4,75700000;-1,00099604
4,75800000;-1,00104123
4,75900000;-1,00108742
4,76000000;-1,00113462
4,76100000;-1,00118282
4,76200000;-1,00123203
4,76300000;-1,00128225
4,76400000;-1,00133347
4,76500000;-1,00138570
4,76600000;-1,00143894
4,76700000;-1,00149319
4,76800000;-1,00154844
4,76900000;-1,00160470
4,77000000;-1,00166196
4,77100000;-1,00172024
4,77200000;-1,00177952
4,77300000;-1,00183982
4,77400000;-1,00190112
4,77500000;-1,00196343
4,77600000;-1,00202675
4,77700000;-1,00209108
4,77800000;-1,00215643
4,77900000;-1,00222278
4,78000000;-1,00229014
4,78100000;-1,00235852
4,78200000;-1,00242791
4,78300000;-1,00249831
4,78400000;-1,00256972
4,78500000;-1,00264215
4,78600000;-1,00271558
4,78700000;-1,00279004
4,78800000;-1,00286550
4,78900000;-1,00294198
4,79000000;-1,00301948
4,79100000;-1,00309799
4,79200000;-1,00317752
4,79300000;-1,00325806
4,79400000;-1,00333962
4,79500000;-1,00342219
4,79600000;-1,00350578
4,79700000;-1,00359039
4,79800000;-1,00367602
4,79900000;-1,00376267
4,80000000;-1,00385033
4,80100000;-1,00393902
4,80200000;-1,00402872
4,80300000;-1,00411945
4,80400000;-1,00421119
4,80500000;-1,00430396
4,80600000;-1,00439775
4,80700000;-1,00449256
4,80800000;-1,00458839
4,80900000;-1,00468525
4,81000000;-1,00478313
4,81100000;-1,00488203
4,81200000;-1,00498196
4,81300000;-1,00508291
4,81400000;-1,00518489
4,81500000;-1,00528789
4,81600000;-1,00539193
4,81700000;-1,00549698
4,81800000;-1,00560307
4,81900000;-1,00571019
4,82000000;-1,00581833
4,82100000;-1,00592750
4,82200000;-1,00603770
4,82300000;-1,00614894
4,82400000;-1,00626120
4,82500000;-1,00637450
4,82600000;-1,00648882
4,82700000;-1,00660418
4,82800000;-1,00672058
4,82900000;-1,00683800
4,83000000;-1,00695647
4,83100000;-1,00707596
4,83200000;-1,00719650
4,83300000;-1,00731806
4,83400000;-1,00744067
4,83500000;-1,00756431
4,83600000;-1,00768899
4,83700000;-1,00781472
4,83800000;-1,00794147
4,83900000;-1,00806927
4,84000000;-1,00819812
4,84100000;-1,00832800
4,84200000;-1,00845892
4,84300000;-1,00859089
4,84400000;-1,00872390
4,84500000;-1,00885795
4,84600000;-1,00899305
4,84700000;-1,00912920
4,84800000;-1,00926639
4,84900000;-1,00940462
4,85000000;-1,00954391
4,85100000;-1,00968424
4,85200000;-1,00982562
4,85300000;-1,00996806
4,85400000;-1,01011154
4,85500000;-1,01025607
4,85600000;-1,01040166
4,85700000;-1,01054830
4,85800000;-1,01069599
4,85900000;-1,01084473
4,86000000;-1,01099454
4,86100000;-1,01114539
4,86200000;-1,01129730
4,86300000;-1,01145027
4,86400000;-1,01160430
4,86500000;-1,01175939
4,86600000;-1,01191554
4,86700000;-1,01207274
4,86800000;-1,01223101
4,86900000;-1,01239034
4,87000000;-1,01255074
4,87100000;-1,01271219
4,87200000;-1,01287472
4,87300000;-1,01303830
4,87400000;-1,01320296
4,87500000;-1,01336868
4,87600000;-1,01353546
4,87700000;-1,01370332
4,87800000;-1,01387225
4,87900000;-1,01404224
4,88000000;-1,01421331
4,88100000;-1,01438545
4,88200000;-1,01455867
4,88300000;-1,01473296
4,88400000;-1,01490832
4,88500000;-1,01508476
4,88600000;-1,01526227
4,88700000;-1,01544087
4,88800000;-1,01562054
4,88900000;-1,01580129
4,89000000;-1,01598312
4,89100000;-1,01616604
4,89200000;-1,01635003
4,89300000;-1,01653511
4,89400000;-1,01672128
4,89500000;-1,01690853
4,89600000;-1,01709686
4,89700000;-1,01728628
4,89800000;-1,01747680
4,89900000;-1,01766840
4,90000000;-1,01786109
4,90100000;-1,01805487
4,90200000;-1,01824974
4,90300000;-1,01844571
4,90400000;-1,01864277
4,90500000;-1,01884093
4,90600000;-1,01904018
4,90700000;-1,01924053
4,90800000;-1,01944198
4,90900000;-1,01964453
4,91000000;-1,01984818
4,91100000;-1,02005293
4,91200000;-1,02025878
4,91300000;-1,02046574
4,91400000;-1,02067380
4,91500000;-1,02088297
4,91600000;-1,02109324
4,91700000;-1,02130463
4,91800000;-1,02151712
4,91900000;-1,02173072
4,92000000;-1,02194544
4,92100000;-1,02216126
4,92200000;-1,02237820
4,92300000;-1,02259626
4,92400000;-1,02281543
4,92500000;-1,02303572
4,92600000;-1,02325713
4,92700000;-1,02347965
4,92800000;-1,02370330
4,92900000;-1,02392807
4,93000000;-1,02415396
4,93100000;-1,02438098
4,93200000;-1,02460912
4,93300000;-1,02483839
4,93400000;-1,02506879
4,93500000;-1,02530032
4,93600000;-1,02553297
4,93700000;-1,02576676
4,93800000;-1,02600168
4,93900000;-1,02623774
4,94000000;-1,02647493
4,94100000;-1,02671326
4,94200000;-1,02695272
4,94300000;-1,02719333
4,94400000;-1,02743507
4,94500000;-1,02767796
4,94600000;-1,02792199
4,94700000;-1,02816716
4,94800000;-1,02841348
4,94900000;-1,02866095
4,95000000;-1,02890956
4,95100000;-1,02915933
4,95200000;-1,02941024
4,95300000;-1,02966231
4,95400000;-1,02991553
4,95500000;-1,03016991
4,95600000;-1,03042544
4,95700000;-1,03068213
4,95800000;-1,03093998
4,95900000;-1,03119899
4,96000000;-1,03145916
4,96100000;-1,03172050
4,96200000;-1,03198300
4,96300000;-1,03224666
4,96400000;-1,03251150
4,96500000;-1,03277750
4,96600000;-1,03304467
4,96700000;-1,03331302
4,96800000;-1,03358254
4,96900000;-1,03385323
4,97000000;-1,03412510
4,97100000;-1,03439815
4,97200000;-1,03467237
4,97300000;-1,03494778
4,97400000;-1,03522437
4,97500000;-1,03550214
4,97600000;-1,03578110
4,97700000;-1,03606124
4,97800000;-1,03634258
4,97900000;-1,03662510
4,98000000;-1,03690881
4,98100000;-1,03719372
4,98200000;-1,03747982
4,98300000;-1,03776712
4,98400000;-1,03805561
4,98500000;-1,03834531
4,98600000;-1,03863620
4,98700000;-1,03892830
4,98800000;-1,03922160
4,98900000;-1,03951610
4,99000000;-1,03981181
4,99100000;-1,04010874
4,99200000;-1,04040687
4,99300000;-1,04070621
4,99400000;-1,04100677
4,99500000;-1,04130854
4,99600000;-1,04161153
4,99700000;-1,04191574
4,99800000;-1,04222117
4,99900000;-1,04252782
5,00000000;-1,04283569
5,00100000;-1,04314479
5,00200000;-1,04345512
5,00300000;-1,04376668
5,00400000;-1,04407946
5,00500000;-1,04439348
5,00600000;-1,04470873
5,00700000;-1,04502522
5,00800000;-1,04534295
5,00900000;-1,04566191
5,01000000;-1,04598212
5,01100000;-1,04630356
5,01200000;-1,04662626
5,01300000;-1,04695020
5,01400000;-1,04727538
5,01500000;-1,04760182
5,01600000;-1,04792951
5,01700000;-1,04825845
5,01800000;-1,04858810
5,01900000;-1,04891956
5,02000000;-1,04925227
5,02100000;-1,04958624
5,02200000;-1,04992148
5,02300000;-1,05025798
5,02400000;-1,05059575
5,02500000;-1,05093478
5,02600000;-1,05127509
5,02700000;-1,05161667
5,02800000;-1,05195952
5,02900000;-1,05230365
5,03000000;-1,05264906
5,03100000;-1,05299575
5,03200000;-1,05334372
5,03300000;-1,05369297
5,03400000;-1,05404351
5,03500000;-1,05439534
5,03600000;-1,05474846
5,03700000;-1,05510287
5,03800000;-1,05545858
5,03900000;-1,05581558
5,04000000;-1,05617388
5,04100000;-1,05653348
5,04200000;-1,05689438
5,04300000;-1,05725658
5,04400000;-1,05762010
5,04500000;-1,05798492
5,04600000;-1,05835105
5,04700000;-1,05871849
5,04800000;-1,05908725
5,04900000;-1,05945732
5,05000000;-1,05982872
5,05100000;-1,06020143
5,05200000;-1,06057547
5,05300000;-1,06095083
5,05400000;-1,06132752
5,05500000;-1,06170554
5,05600000;-1,06208490
5,05700000;-1,06246558
5,05800000;-1,06284761
5,05900000;-1,06323097
5,06000000;-1,06361567
5,06100000;-1,06400171
5,06200000;-1,06438910
5,06300000;-1,06477784
5,06400000;-1,06516793
5,06500000;-1,06555937
5,06600000;-1,06595216
5,06700000;-1,06634631
5,06800000;-1,06674182
5,06900000;-1,06713869
5,07000000;-1,06753692
5,07100000;-1,06793652
5,07200000;-1,06833748
5,07300000;-1,06873982
5,07400000;-1,06914353
5,07500000;-1,06954861
5,07600000;-1,06995507
5,07700000;-1,07036291
5,07800000;-1,07077214
5,07900000;-1,07118275
5,08000000;-1,07159474
5,08100000;-1,07200813
5,08200000;-1,07242290
5,08300000;-1,07283907
5,08400000;-1,07325664
5,08500000;-1,07367561
5,08600000;-1,07409598
5,08700000;-1,07451775
5,08800000;-1,07494093
5,08900000;-1,07536552
5,09000000;-1,07579152
5,09100000;-1,07621893
5,09200000;-1,07664777
5,09300000;-1,07707802
5,09400000;-1,07750969
5,09500000;-1,07794279
5,09600000;-1,07837731
5,09700000;-1,07881327
5,09800000;-1,07925065
5,09900000;-1,07968948
5,10000000;-1,08012973
5,10100000;-1,08057143
5,10200000;-1,08101458
5,10300000;-1,08145916
5,10400000;-1,08190520
5,10500000;-1,08235269
5,10600000;-1,08280163
5,10700000;-1,08325202
5,10800000;-1,08370388
5,10900000;-1,08415720
5,11000000;-1,08461198
5,11100000;-1,08506823
5,11200000;-1,08552595
5,11300000;-1,08598514
5,11400000;-1,08644581
5,11500000;-1,08690795
5,11600000;-1,08737158
5,11700000;-1,08783669
5,11800000;-1,08830329
5,11900000;-1,08877138
5,12000000;-1,08924096
5,12100000;-1,08971203
5,12200000;-1,09018461
5,12300000;-1,09065868
5,12400000;-1,09113426
5,12500000;-1,09161135
5,12600000;-1,09208994
5,12700000;-1,09257005
5,12800000;-1,09305168
5,12900000;-1,09353482
5,13000000;-1,09401949
5,13100000;-1,09450568
5,13200000;-1,09499340
5,13300000;-1,09548264
5,13400000;-1,09597343
5,13500000;-1,09646575
5,13600000;-1,09695961
5,13700000;-1,09745501
5,13800000;-1,09795196
5,13900000;-1,09845046
5,14000000;-1,09895051
5,14100000;-1,09945211
5,14200000;-1,09995528
5,14300000;-1,10046000
5,14400000;-1,10096629
5,14500000;-1,10147415
5,14600000;-1,10198358
5,14700000;-1,10249459
5,14800000;-1,10300717
5,14900000;-1,10352133
5,15000000;-1,10403708
5,15100000;-1,10455441
5,15200000;-1,10507334
5,15300000;-1,10559386
5,15400000;-1,10611597
5,15500000;-1,10663969
5,15600000;-1,10716501
5,15700000;-1,10769194
5,15800000;-1,10822048
5,15900000;-1,10875063
5,16000000;-1,10928240
5,16100000;-1,10981579
5,16200000;-1,11035081
5,16300000;-1,11088745
5,16400000;-1,11142572
5,16500000;-1,11196563
5,16600000;-1,11250717
5,16700000;-1,11305036
5,16800000;-1,11359519
5,16900000;-1,11414167
5,17000000;-1,11468980
5,17100000;-1,11523959
5,17200000;-1,11579104
5,17300000;-1,11634414
5,17400000;-1,11689892
5,17500000;-1,11745536
5,17600000;-1,11801348
5,17700000;-1,11857328
5,17800000;-1,11913475
5,17900000;-1,11969791
5,18000000;-1,12026276
5,18100000;-1,12082929
5,18200000;-1,12139753
5,18300000;-1,12196746
5,18400000;-1,12253910
5,18500000;-1,12311244
5,18600000;-1,12368749
5,18700000;-1,12426426
5,18800000;-1,12484274
5,18900000;-1,12542295
5,19000000;-1,12600488
5,19100000;-1,12658854
5,19200000;-1,12717393
5,19300000;-1,12776106
5,19400000;-1,12834994
5,19500000;-1,12894055
5,19600000;-1,12953292
5,19700000;-1,13012703
5,19800000;-1,13072291
5,19900000;-1,13132054
5,20000000;-1,13191994
5,20100000;-1,13252111
5,20200000;-1,13312405
5,20300000;-1,13372877
5,20400000;-1,13433527
5,20500000;-1,13494355
5,20600000;-1,13555362
5,20700000;-1,13616549
5,20800000;-1,13677915
5,20900000;-1,13739461
5,21000000;-1,13801188
5,21100000;-1,13863096
5,21200000;-1,13925185
5,21300000;-1,13987456
5,21400000;-1,14049910
5,21500000;-1,14112546
5,21600000;-1,14175364
5,21700000;-1,14238367
5,21800000;-1,14301553
5,21900000;-1,14364924
5,22000000;-1,14428480
5,22100000;-1,14492220
5,22200000;-1,14556147
5,22300000;-1,14620260
5,22400000;-1,14684559
5,22500000;-1,14749045
5,22600000;-1,14813718
5,22700000;-1,14878580
5,22800000;-1,14943630
5,22900000;-1,15008868
5,23000000;-1,15074296
5,23100000;-1,15139913
5,23200000;-1,15205721
5,23300000;-1,15271719
5,23400000;-1,15337909
5,23500000;-1,15404289
5,23600000;-1,15470862
5,23700000;-1,15537628
5,23800000;-1,15604586
5,23900000;-1,15671737
5,24000000;-1,15739083
5,24100000;-1,15806623
5,24200000;-1,15874357
5,24300000;-1,15942287
5,24400000;-1,16010413
5,24500000;-1,16078735
5,24600000;-1,16147253
5,24700000;-1,16215969
5,24800000;-1,16284883
5,24900000;-1,16353995
5,25000000;-1,16423305
5,25100000;-1,16492815
5,25200000;-1,16562524
5,25300000;-1,16632434
5,25400000;-1,16702544
5,25500000;-1,16772855
5,25600000;-1,16843369
5,25700000;-1,16914084
5,25800000;-1,16985002
5,25900000;-1,17056123
5,26000000;-1,17127448
5,26100000;-1,17198977
5,26200000;-1,17270711
5,26300000;-1,17342650
5,26400000;-1,17414795
5,26500000;-1,17487147
5,26600000;-1,17559705
5,26700000;-1,17632470
5,26800000;-1,17705444
5,26900000;-1,17778626
5,27000000;-1,17852017
5,27100000;-1,17925617
5,27200000;-1,17999428
5,27300000;-1,18073449
5,27400000;-1,18147681
5,27500000;-1,18222125
5,27600000;-1,18296781
5,27700000;-1,18371650
5,27800000;-1,18446732
5,27900000;-1,18522029
5,28000000;-1,18597539
5,28100000;-1,18673265
5,28200000;-1,18749206
5,28300000;-1,18825364
5,28400000;-1,18901738
5,28500000;-1,18978330
5,28600000;-1,19055139
5,28700000;-1,19132167
5,28800000;-1,19209414
5,28900000;-1,19286880
5,29000000;-1,19364567
5,29100000;-1,19442474
5,29200000;-1,19520603
5,29300000;-1,19598954
5,29400000;-1,19677527
5,29500000;-1,19756323
5,29600000;-1,19835343
5,29700000;-1,19914588
5,29800000;-1,19994057
5,29900000;-1,20073752
5,30000000;-1,20153673
5,30100000;-1,20233821
5,30200000;-1,20314197
5,30300000;-1,20394800
5,30400000;-1,20475632
5,30500000;-1,20556693
5,30600000;-1,20637984
5,30700000;-1,20719506
5,30800000;-1,20801259
5,30900000;-1,20883243
5,31000000;-1,20965460
5,31100000;-1,21047910
5,31200000;-1,21130594
5,31300000;-1,21213511
5,31400000;-1,21296664
5,31500000;-1,21380053
5,31600000;-1,21463678
5,31700000;-1,21547540
5,31800000;-1,21631639
5,31900000;-1,21715977
5,32000000;-1,21800553
5,32100000;-1,21885369
5,32200000;-1,21970426
5,32300000;-1,22055723
5,32400000;-1,22141262
5,32500000;-1,22227043
5,32600000;-1,22313067
5,32700000;-1,22399335
5,32800000;-1,22485848
5,32900000;-1,22572605
5,33000000;-1,22659608
5,33100000;-1,22746857
5,33200000;-1,22834354
5,33300000;-1,22922098
5,33400000;-1,23010091
5,33500000;-1,23098333
5,33600000;-1,23186826
5,33700000;-1,23275568
5,33800000;-1,23364563
5,33900000;-1,23453809
5,34000000;-1,23543308
5,34100000;-1,23633061
5,34200000;-1,23723068
5,34300000;-1,23813330
5,34400000;-1,23903848
5,34500000;-1,23994623
5,34600000;-1,24085655
5,34700000;-1,24176945
5,34800000;-1,24268493
5,34900000;-1,24360301
5,35000000;-1,24452370
5,35100000;-1,24544699
5,35200000;-1,24637291
5,35300000;-1,24730145
5,35400000;-1,24823262
5,35500000;-1,24916643
5,35600000;-1,25010290
5,35700000;-1,25104202
5,35800000;-1,25198380
5,35900000;-1,25292826
5,36000000;-1,25387540
5,36100000;-1,25482523
5,36200000;-1,25577776
5,36300000;-1,25673299
5,36400000;-1,25769093
5,36500000;-1,25865159
5,36600000;-1,25961499
5,36700000;-1,26058112
5,36800000;-1,26154999
5,36900000;-1,26252162
5,37000000;-1,26349602
5,37100000;-1,26447318
5,37200000;-1,26545312
5,37300000;-1,26643585
5,37400000;-1,26742138
5,37500000;-1,26840971
5,37600000;-1,26940085
5,37700000;-1,27039482
5,37800000;-1,27139161
5,37900000;-1,27239125
5,38000000;-1,27339373
5,38100000;-1,27439907
5,38200000;-1,27540727
5,38300000;-1,27641835
5,38400000;-1,27743231
5,38500000;-1,27844916
5,38600000;-1,27946891
5,38700000;-1,28049157
5,38800000;-1,28151715
5,38900000;-1,28254566
5,39000000;-1,28357710
5,39100000;-1,28461150
5,39200000;-1,28564884
5,39300000;-1,28668915
5,39400000;-1,28773244
5,39500000;-1,28877870
5,39600000;-1,28982796
5,39700000;-1,29088022
5,39800000;-1,29193550
5,39900000;-1,29299379
5,40000000;-1,29405511
5,40100000;-1,29511948
5,40200000;-1,29618689
5,40300000;-1,29725736
5,40400000;-1,29833090
5,40500000;-1,29940752
5,40600000;-1,30048723
5,40700000;-1,30157004
5,40800000;-1,30265596
5,40900000;-1,30374499
5,41000000;-1,30483715
5,41100000;-1,30593245
5,41200000;-1,30703090
5,41300000;-1,30813251
5,41400000;-1,30923729
5,41500000;-1,31034524
5,41600000;-1,31145639
5,41700000;-1,31257073
5,41800000;-1,31368829
5,41900000;-1,31480906
5,42000000;-1,31593307
5,42100000;-1,31706032
5,42200000;-1,31819082
5,42300000;-1,31932458
5,42400000;-1,32046162
5,42500000;-1,32160194
5,42600000;-1,32274556
5,42700000;-1,32389248
5,42800000;-1,32504272
5,42900000;-1,32619629
5,43000000;-1,32735319
5,43100000;-1,32851345
5,43200000;-1,32967706
5,43300000;-1,33084405
5,43400000;-1,33201443
5,43500000;-1,33318819
5,43600000;-1,33436537
5,43700000;-1,33554596
5,43800000;-1,33672998
5,43900000;-1,33791743
5,44000000;-1,33910835
5,44100000;-1,34030272
5,44200000;-1,34150057
5,44300000;-1,34270191
5,44400000;-1,34390674
5,44500000;-1,34511509
5,44600000;-1,34632696
5,44700000;-1,34754236
5,44800000;-1,34876131
5,44900000;-1,34998382
5,45000000;-1,35120990
5,45100000;-1,35243956
5,45200000;-1,35367281
5,45300000;-1,35490968
5,45400000;-1,35615016
5,45500000;-1,35739427
5,45600000;-1,35864203
5,45700000;-1,35989345
5,45800000;-1,36114854
5,45900000;-1,36240731
5,46000000;-1,36366977
5,46100000;-1,36493595
5,46200000;-1,36620584
5,46300000;-1,36747947
5,46400000;-1,36875684
5,46500000;-1,37003798
5,46600000;-1,37132288
5,46700000;-1,37261158
5,46800000;-1,37390407
5,46900000;-1,37520038
5,47000000;-1,37650051
5,47100000;-1,37780448
5,47200000;-1,37911231
5,47300000;-1,38042400
5,47400000;-1,38173957
5,47500000;-1,38305904
5,47600000;-1,38438242
5,47700000;-1,38570971
5,47800000;-1,38704095
5,47900000;-1,38837613
5,48000000;-1,38971528
5,48100000;-1,39105840
5,48200000;-1,39240552
5,48300000;-1,39375665
5,48400000;-1,39511179
5,48500000;-1,39647097
5,48600000;-1,39783421
5,48700000;-1,39920150
5,48800000;-1,40057288
5,48900000;-1,40194835
5,49000000;-1,40332793
5,49100000;-1,40471163
5,49200000;-1,40609947
5,49300000;-1,40749147
5,49400000;-1,40888763
5,49500000;-1,41028798
5,49600000;-1,41169253
5,49700000;-1,41310129
5,49800000;-1,41451429
5,49900000;-1,41593153
5,50000000;-1,41735303
5,50100000;-1,41877881
5,50200000;-1,42020888
5,50300000;-1,42164326
5,50400000;-1,42308197
5,50500000;-1,42452501
5,50600000;-1,42597242
5,50700000;-1,42742419
5,50800000;-1,42888036
5,50900000;-1,43034093
5,51000000;-1,43180592
5,51100000;-1,43327536
5,51200000;-1,43474924
5,51300000;-1,43622760
5,51400000;-1,43771045
5,51500000;-1,43919781
5,51600000;-1,44068969
5,51700000;-1,44218610
5,51800000;-1,44368708
5,51900000;-1,44519263
5,52000000;-1,44670277
5,52100000;-1,44821752
5,52200000;-1,44973689
5,52300000;-1,45126091
5,52400000;-1,45278960
5,52500000;-1,45432296
5,52600000;-1,45586102
5,52700000;-1,45740379
5,52800000;-1,45895130
5,52900000;-1,46050356
5,53000000;-1,46206059
5,53100000;-1,46362241
5,53200000;-1,46518904
5,53300000;-1,46676049
5,53400000;-1,46833679
5,53500000;-1,46991795
5,53600000;-1,47150399
5,53700000;-1,47309493
5,53800000;-1,47469080
5,53900000;-1,47629160
5,54000000;-1,47789736
5,54100000;-1,47950810
5,54200000;-1,48112384
5,54300000;-1,48274459
5,54400000;-1,48437038
5,54500000;-1,48600123
5,54600000;-1,48763715
5,54700000;-1,48927818
5,54800000;-1,49092431
5,54900000;-1,49257559
5,55000000;-1,49423202
5,55100000;-1,49589364
5,55200000;-1,49756045
5,55300000;-1,49923248
5,55400000;-1,50090975
5,55500000;-1,50259228
5,55600000;-1,50428009
5,55700000;-1,50597321
5,55800000;-1,50767165
5,55900000;-1,50937544
5,56000000;-1,51108460
5,56100000;-1,51279915
5,56200000;-1,51451910
5,56300000;-1,51624450
5,56400000;-1,51797534
5,56500000;-1,51971167
5,56600000;-1,52145349
5,56700000;-1,52320084
5,56800000;-1,52495373
5,56900000;-1,52671219
5,57000000;-1,52847624
5,57100000;-1,53024590
5,57200000;-1,53202120
5,57300000;-1,53380216
5,57400000;-1,53558880
5,57500000;-1,53738115
5,57600000;-1,53917923
5,57700000;-1,54098306
5,57800000;-1,54279267
5,57900000;-1,54460808
5,58000000;-1,54642932
5,58100000;-1,54825640
5,58200000;-1,55008936
5,58300000;-1,55192822
5,58400000;-1,55377301
5,58500000;-1,55562374
5,58600000;-1,55748044
5,58700000;-1,55934315
5,58800000;-1,56121188
5,58900000;-1,56308665
5,59000000;-1,56496751
5,59100000;-1,56685446
5,59200000;-1,56874754
5,59300000;-1,57064677
5,59400000;-1,57255218
5,59500000;-1,57446379
5,59600000;-1,57638164
5,59700000;-1,57830575
5,59800000;-1,58023614
5,59900000;-1,58217284
5,60000000;-1,58411588
5,60100000;-1,58606529
5,60200000;-1,58802109
5,60300000;-1,58998331
5,60400000;-1,59195198
5,60500000;-1,59392713
5,60600000;-1,59590878
5,60700000;-1,59789697
5,60800000;-1,59989172
5,60900000;-1,60189306
5,61000000;-1,60390102
5,61100000;-1,60591562
5,61200000;-1,60793691
5,61300000;-1,60996490
5,61400000;-1,61199962
5,61500000;-1,61404111
5,61600000;-1,61608940
5,61700000;-1,61814452
5,61800000;-1,62020648
5,61900000;-1,62227534
5,62000000;-1,62435111
5,62100000;-1,62643383
5,62200000;-1,62852353
5,62300000;-1,63062023
5,62400000;-1,63272398
5,62500000;-1,63483480
5,62600000;-1,63695272
5,62700000;-1,63907778
5,62800000;-1,64121001
5,62900000;-1,64334944
5,63000000;-1,64549610
5,63100000;-1,64765002
5,63200000;-1,64981125
5,63300000;-1,65197980
5,63400000;-1,65415572
5,63500000;-1,65633904
5,63600000;-1,65852979
5,63700000;-1,66072801
5,63800000;-1,66293372
5,63900000;-1,66514697
5,64000000;-1,66736779
5,64100000;-1,66959621
5,64200000;-1,67183227
5,64300000;-1,67407601
5,64400000;-1,67632745
5,64500000;-1,67858664
5,64600000;-1,68085361
5,64700000;-1,68312839
5,64800000;-1,68541103
5,64900000;-1,68770156
5,65000000;-1,69000002
5,65100000;-1,69230644
5,65200000;-1,69462085
5,65300000;-1,69694331
5,65400000;-1,69927385
5,65500000;-1,70161250
5,65600000;-1,70395930
5,65700000;-1,70631429
5,65800000;-1,70867751
5,65900000;-1,71104900
5,66000000;-1,71342880
5,66100000;-1,71581694
5,66200000;-1,71821347
5,66300000;-1,72061843
5,66400000;-1,72303186
5,66500000;-1,72545379
5,66600000;-1,72788427
5,66700000;-1,73032335
5,66800000;-1,73277105
5,66900000;-1,73522742
5,67000000;-1,73769251
5,67100000;-1,74016636
5,67200000;-1,74264900
5,67300000;-1,74514049
5,67400000;-1,74764086
5,67500000;-1,75015016
5,67600000;-1,75266843
5,67700000;-1,75519572
5,67800000;-1,75773206
5,67900000;-1,76027751
5,68000000;-1,76283210
5,68100000;-1,76539589
5,68200000;-1,76796892
5,68300000;-1,77055124
5,68400000;-1,77314288
5,68500000;-1,77574390
5,68600000;-1,77835434
5,68700000;-1,78097426
5,68800000;-1,78360368
5,68900000;-1,78624268
5,69000000;-1,78889129
5,69100000;-1,79154955
5,69200000;-1,79421753
5,69300000;-1,79689526
5,69400000;-1,79958280
5,69500000;-1,80228020
5,69600000;-1,80498750
5,69700000;-1,80770640
5,69800000;-1,81043368
5,69900000;-1,81317101
5,70000000;-1,81591846
5,70100000;-1,81867606
5,70200000;-1,82144388
5,70300000;-1,82422196
5,70400000;-1,82701036
5,70500000;-1,82980913
5,70600000;-1,83261832
5,70700000;-1,83543799
5,70800000;-1,83826819
5,70900000;-1,84110897
5,71000000;-1,84396040
5,71100000;-1,84682252
5,71200000;-1,84969539
5,71300000;-1,85257907
5,71400000;-1,85547362
5,71500000;-1,85837908
5,71600000;-1,86129552
5,71700000;-1,86422300
5,71800000;-1,86716157
5,71900000;-1,87011130
5,72000000;-1,87307223
5,72100000;-1,87604443
5,72200000;-1,87902797
5,72300000;-1,88202289
5,72400000;-1,88502926
5,72500000;-1,88804715
5,72600000;-1,89107660
5,72700000;-1,89411769
5,72800000;-1,89717048
5,72900000;-1,90023503
5,73000000;-1,90331140
5,73100000;-1,90639966
5,73200000;-1,90949987
5,73300000;-1,91261209
5,73400000;-1,91573640
5,73500000;-1,91887285
5,73600000;-1,92202151
5,73700000;-1,92518245
5,73800000;-1,92835574
5,73900000;-1,93154144
5,74000000;-1,93473962
5,74100000;-1,93795035
5,74200000;-1,94117370
5,74300000;-1,94440974
5,74400000;-1,94765853
5,74500000;-1,95092015
5,74600000;-1,95419468
5,74700000;-1,95748217
5,74800000;-1,96078271
5,74900000;-1,96409637
5,75000000;-1,96742321
5,75100000;-1,97076332
5,75200000;-1,97411677
5,75300000;-1,97748363
5,75400000;-1,98086398
5,75500000;-1,98425789
5,75600000;-1,98766544
5,75700000;-1,99108671
5,75800000;-1,99452178
5,75900000;-1,99797072
5,76000000;-2,00143361
5,76100000;-2,00491054
5,76200000;-2,00840158
5,76300000;-2,01190682
5,76400000;-2,01542633
5,76500000;-2,01896020
5,76600000;-2,02250851
5,76700000;-2,02607134
5,76800000;-2,02964878
5,76900000;-2,03324091
5,77000000;-2,03684783
5,77100000;-2,04046960
5,77200000;-2,04410633
5,77300000;-2,04775809
5,77400000;-2,05142498
5,77500000;-2,05510709
5,77600000;-2,05880449
5,77700000;-2,06251730
5,77800000;-2,06624559
5,77900000;-2,06998945
5,78000000;-2,07374899
5,78100000;-2,07752429
5,78200000;-2,08131544
5,78300000;-2,08512255
5,78400000;-2,08894570
5,78500000;-2,09278499
5,78600000;-2,09664052
5,78700000;-2,10051239
5,78800000;-2,10440069
5,78900000;-2,10830553
5,79000000;-2,11222700
5,79100000;-2,11616521
5,79200000;-2,12012026
5,79300000;-2,12409224
5,79400000;-2,12808127
5,79500000;-2,13208744
5,79600000;-2,13611087
5,79700000;-2,14015165
5,79800000;-2,14420990
5,79900000;-2,14828572
5,80000000;-2,15237922
5,80100000;-2,15649052
5,80200000;-2,16061971
5,80300000;-2,16476692
5,80400000;-2,16893225
5,80500000;-2,17311581
5,80600000;-2,17731773
5,80700000;-2,18153812
5,80800000;-2,18577709
5,80900000;-2,19003476
5,81000000;-2,19431125
5,81100000;-2,19860667
5,81200000;-2,20292115
5,81300000;-2,20725481
5,81400000;-2,21160777
5,81500000;-2,21598015
5,81600000;-2,22037209
5,81700000;-2,22478369
5,81800000;-2,22921509
5,81900000;-2,23366642
5,82000000;-2,23813781
5,82100000;-2,24262937
5,82200000;-2,24714126
5,82300000;-2,25167359
5,82400000;-2,25622650
5,82500000;-2,26080013
5,82600000;-2,26539461
5,82700000;-2,27001008
5,82800000;-2,27464666
5,82900000;-2,27930452
5,83000000;-2,28398377
5,83100000;-2,28868458
5,83200000;-2,29340707
5,83300000;-2,29815139
5,83400000;-2,30291769
5,83500000;-2,30770611
5,83600000;-2,31251681
5,83700000;-2,31734992
5,83800000;-2,32220561
5,83900000;-2,32708402
5,84000000;-2,33198531
5,84100000;-2,33690963
5,84200000;-2,34185714
5,84300000;-2,34682799
5,84400000;-2,35182235
5,84500000;-2,35684037
5,84600000;-2,36188222
5,84700000;-2,36694805
5,84800000;-2,37203804
5,84900000;-2,37715236
5,85000000;-2,38229116
5,85100000;-2,38745462
5,85200000;-2,39264291
5,85300000;-2,39785620
5,85400000;-2,40309467
5,85500000;-2,40835849
5,85600000;-2,41364784
5,85700000;-2,41896290
5,85800000;-2,42430384
5,85900000;-2,42967086
5,86000000;-2,43506414
5,86100000;-2,44048386
5,86200000;-2,44593021
5,86300000;-2,45140338
5,86400000;-2,45690356
5,86500000;-2,46243095
5,86600000;-2,46798574
5,86700000;-2,47356812
5,86800000;-2,47917830
5,86900000;-2,48481648
5,87000000;-2,49048285
5,87100000;-2,49617763
5,87200000;-2,50190102
5,87300000;-2,50765323
5,87400000;-2,51343448
5,87500000;-2,51924496
5,87600000;-2,52508490
5,87700000;-2,53095452
5,87800000;-2,53685403
5,87900000;-2,54278366
5,88000000;-2,54874363
5,88100000;-2,55473416
5,88200000;-2,56075549
5,88300000;-2,56680784
5,88400000;-2,57289144
5,88500000;-2,57900654
5,88600000;-2,58515336
5,88700000;-2,59133216
5,88800000;-2,59754316
5,88900000;-2,60378662
5,89000000;-2,61006278
5,89100000;-2,61637190
5,89200000;-2,62271422
5,89300000;-2,62908999
5,89400000;-2,63549948
5,89500000;-2,64194295
5,89600000;-2,64842066
5,89700000;-2,65493288
5,89800000;-2,66147986
5,89900000;-2,66806189
5,90000000;-2,67467924
5,90100000;-2,68133218
5,90200000;-2,68802100
5,90300000;-2,69474597
5,90400000;-2,70150738
5,90500000;-2,70830553
5,90600000;-2,71514070
5,90700000;-2,72201318
5,90800000;-2,72892328
5,90900000;-2,73587130
5,91000000;-2,74285753
5,91100000;-2,74988230
5,91200000;-2,75694590
5,91300000;-2,76404866
5,91400000;-2,77119088
5,91500000;-2,77837290
5,91600000;-2,78559504
5,91700000;-2,79285762
5,91800000;-2,80016097
5,91900000;-2,80750544
5,92000000;-2,81489136
5,92100000;-2,82231907
5,92200000;-2,82978892
5,92300000;-2,83730127
5,92400000;-2,84485646
5,92500000;-2,85245485
5,92600000;-2,86009681
5,92700000;-2,86778270
5,92800000;-2,87551289
5,92900000;-2,88328776
5,93000000;-2,89110769
5,93100000;-2,89897306
5,93200000;-2,90688425
5,93300000;-2,91484167
5,93400000;-2,92284570
5,93500000;-2,93089675
5,93600000;-2,93899522
5,93700000;-2,94714153
5,93800000;-2,95533608
5,93900000;-2,96357931
5,94000000;-2,97187162
5,94100000;-2,98021346
5,94200000;-2,98860527
5,94300000;-2,99704746
5,94400000;-3,00554051
5,94500000;-3,01408485
5,94600000;-3,02268093
5,94700000;-3,03132924
5,94800000;-3,04003021
5,94900000;-3,04878434
5,95000000;-3,05759210
5,95100000;-3,06645398
5,95200000;-3,07537045
5,95300000;-3,08434203
5,95400000;-3,09336920
5,95500000;-3,10245248
5,95600000;-3,11159238
5,95700000;-3,12078943
5,95800000;-3,13004414
5,95900000;-3,13935706
5,96000000;-3,14872871
5,96100000;-3,15815966
5,96200000;-3,16765044
5,96300000;-3,17720163
5,96400000;-3,18681379
5,96500000;-3,19648748
5,96600000;-3,20622331
5,96700000;-3,21602184
5,96800000;-3,22588369
5,96900000;-3,23580945
5,97000000;-3,24579974
5,97100000;-3,25585517
5,97200000;-3,26597638
5,97300000;-3,27616399
5,97400000;-3,28641866
5,97500000;-3,29674103
5,97600000;-3,30713176
5,97700000;-3,31759153
5,97800000;-3,32812102
5,97900000;-3,33872090
5,98000000;-3,34939188
5,98100000;-3,36013466
5,98200000;-3,37094995
5,98300000;-3,38183849
5,98400000;-3,39280100
5,98500000;-3,40383823
5,98600000;-3,41495093
5,98700000;-3,42613987
5,98800000;-3,43740581
5,98900000;-3,44874955
5,99000000;-3,46017188
5,99100000;-3,47167361
5,99200000;-3,48325555
5,99300000;-3,49491853
5,99400000;-3,50666340
5,99500000;-3,51849100
5,99600000;-3,53040220
5,99700000;-3,54239788
5,99800000;-3,55447892
5,99900000;-3,56664622
6,00000000;-3,57890070
6,00100000;-3,59124328
6,00200000;-3,60367491
6,00300000;-3,61619653
6,00400000;-3,62880911
6,00500000;-3,64151364
6,00600000;-3,65431110
6,00700000;-3,66720251
6,00800000;-3,68018889
6,00900000;-3,69327127
6,01000000;-3,70645072
6,01100000;-3,71972831
6,01200000;-3,73310511
6,01300000;-3,74658222
6,01400000;-3,76016077
6,01500000;-3,77384190
6,01600000;-3,78762674
6,01700000;-3,80151647
6,01800000;-3,81551228
6,01900000;-3,82961537
6,02000000;-3,84382696
6,02100000;-3,85814829
6,02200000;-3,87258062
6,02300000;-3,88712524
6,02400000;-3,90178344
6,02500000;-3,91655654
6,02600000;-3,93144588
6,02700000;-3,94645283
6,02800000;-3,96157875
6,02900000;-3,97682506
6,03000000;-3,99219319
6,03100000;-4,00768458
6,03200000;-4,02330070
6,03300000;-4,03904305
6,03400000;-4,05491315
6,03500000;-4,07091254
6,03600000;-4,08704279
6,03700000;-4,10330550
6,03800000;-4,11970228
6,03900000;-4,13623478
6,04000000;-4,15290468
6,04100000;-4,16971367
6,04200000;-4,18666349
6,04300000;-4,20375589
6,04400000;-4,22099267
6,04500000;-4,23837564
6,04600000;-4,25590665
6,04700000;-4,27358757
6,04800000;-4,29142033
6,04900000;-4,30940687
6,05000000;-4,32754915
6,05100000;-4,34584920
6,05200000;-4,36430907
6,05300000;-4,38293083
6,05400000;-4,40171660
6,05500000;-4,42066854
6,05600000;-4,43978885
6,05700000;-4,45907975
6,05800000;-4,47854352
6,05900000;-4,49818246
6,06000000;-4,51799895
6,06100000;-4,53799536
6,06200000;-4,55817415
6,06300000;-4,57853779
6,06400000;-4,59908882
6,06500000;-4,61982981
6,06600000;-4,64076338
6,06700000;-4,66189221
6,06800000;-4,68321902
6,06900000;-4,70474658
6,07000000;-4,72647772
6,07100000;-4,74841531
6,07200000;-4,77056228
6,07300000;-4,79292163
6,07400000;-4,81549640
6,07500000;-4,83828969
6,07600000;-4,86130467
6,07700000;-4,88454456
6,07800000;-4,90801265
6,07900000;-4,93171229
6,08000000;-4,95564690
6,08100000;-4,97981997
6,08200000;-5,00423505
6,08300000;-5,02889577
6,08400000;-5,05380583
6,08500000;-5,07896899
6,08600000;-5,10438912
6,08700000;-5,13007014
6,08800000;-5,15601605
6,08900000;-5,18223096
6,09000000;-5,20871904
6,09100000;-5,23548455
6,09200000;-5,26253184
6,09300000;-5,28986537
6,09400000;-5,31748966
6,09500000;-5,34540935
6,09600000;-5,37362918
6,09700000;-5,40215398
6,09800000;-5,43098870
6,09900000;-5,46013837
6,10000000;-5,48960816
6,10100000;-5,51940334
6,10200000;-5,54952930
6,10300000;-5,57999154
6,10400000;-5,61079568
6,10500000;-5,64194750
6,10600000;-5,67345287
6,10700000;-5,70531781
6,10800000;-5,73754849
6,10900000;-5,77015119
6,11000000;-5,80313237
6,11100000;-5,83649861
6,11200000;-5,87025667
6,11300000;-5,90441345
6,11400000;-5,93897602
6,11500000;-5,97395162
6,11600000;-6,00934765
6,11700000;-6,04517172
6,11800000;-6,08143159
6,11900000;-6,11813522
6,12000000;-6,15529078
6,12100000;-6,19290661
6,12200000;-6,23099130
6,12300000;-6,26955361
6,12400000;-6,30860255
6,12500000;-6,34814735
6,12600000;-6,38819746
6,12700000;-6,42876261
6,12800000;-6,46985273
6,12900000;-6,51147806
6,13000000;-6,55364906
6,13100000;-6,59637649
6,13200000;-6,63967140
6,13300000;-6,68354512
6,13400000;-6,72800928
6,13500000;-6,77307585
6,13600000;-6,81875710
6,13700000;-6,86506564
6,13800000;-6,91201443
6,13900000;-6,95961680
6,14000000;-7,00788645
6,14100000;-7,05683743
6,14200000;-7,10648425
6,14300000;-7,15684178
6,14400000;-7,20792534
6,14500000;-7,25975070
6,14600000;-7,31233407
6,14700000;-7,36569216
6,14800000;-7,41984216
6,14900000;-7,47480176
6,15000000;-7,53058922
6,15100000;-7,58722331
6,15200000;-7,64472339
6,15300000;-7,70310942
6,15400000;-7,76240198
6,15500000;-7,82262228
6,15600000;-7,88379220
6,15700000;-7,94593432
6,15800000;-8,00907194
6,15900000;-8,07322910
6,16000000;-8,13843064
6,16100000;-8,20470220
6,16200000;-8,27207026
6,16300000;-8,34056219
6,16400000;-8,41020629
6,16500000;-8,48103179
6,16600000;-8,55306895
6,16700000;-8,62634905
6,16800000;-8,70090446
6,16900000;-8,77676869
6,17000000;-8,85397642
6,17100000;-8,93256359
6,17200000;-9,01256741
6,17300000;-9,09402646
6,17400000;-9,17698071
6,17500000;-9,26147163
6,17600000;-9,34754224
6,17700000;-9,43523715
6,17800000;-9,52460270
6,17900000;-9,61568698
6,18000000;-9,70853998
6,18100000;-9,80321362
6,18200000;-9,89976187
6,18300000;-9,99824087
6,18400000;-10,09870902
6,18500000;-10,20122710
6,18600000;-10,30585838
6,18700000;-10,41266878
6,18800000;-10,52172697
6,18900000;-10,63310455
6,19000000;-10,74687619
6,19100000;-10,86311980
6,19200000;-10,98191671
6,19300000;-11,10335186
6,19400000;-11,22751398
6,19500000;-11,35449585
6,19600000;-11,48439449
6,19700000;-11,61731144
6,19800000;-11,75335298
6,19900000;-11,89263048
6,20000000;-12,03526062
6,20100000;-12,18136578
6,20200000;-12,33107439
6,20300000;-12,48452125
6,20400000;-12,64184800
6,20500000;-12,80320351
6,20600000;-12,96874435
6,20700000;-13,13863535
6,20800000;-13,31305009
6,20900000;-13,49217149
6,21000000;-13,67619249
6,21100000;-13,86531672
6,21200000;-14,05975925
6,21300000;-14,25974740
6,21400000;-14,46552165
6,21500000;-14,67733656
6,21600000;-14,89546188
6,21700000;-15,12018363
6,21800000;-15,35180540
6,21900000;-15,59064969
6,22000000;-15,83705944
6,22100000;-16,09139962
6,22200000;-16,35405906
6,22300000;-16,62545247
6,22400000;-16,90602254
6,22500000;-17,19624242
6,22600000;-17,49661836
6,22700000;-17,80769263
6,22800000;-18,13004683
6,22900000;-18,46430547
6,23000000;-18,81114005
6,23100000;-19,17127354
6,23200000;-19,54548539
6,23300000;-19,93461719
6,23400000;-20,33957897
6,23500000;-20,76135630
6,23600000;-21,20101831
6,23700000;-21,65972673
6,23800000;-22,13874610
6,23900000;-22,63945547
6,24000000;-23,16336162
6,24100000;-23,71211418
6,24200000;-24,28752303
6,24300000;-24,89157817
6,24400000;-25,52647278
6,24500000;-26,19462973
6,24600000;-26,89873257
6,24700000;-27,64176148
6,24800000;-28,42703541
6,24900000;-29,25826172
6,25000000;-30,13959459
6,25100000;-31,07570452
6,25200000;-32,07186106
6,25300000;-33,13403208
6,25400000;-34,26900337
6,25500000;-35,48452376
6,25600000;-36,78948224
6,25700000;-38,19412570
6,25800000;-39,71032844
6,25900000;-41,35192873
6,26000000;-43,13515225
6,26100000;-45,07915022
6,26200000;-47,20668985
6,26300000;-49,54505006
6,26400000;-52,12719735
6,26500000;-54,99334953
6,26600000;-58,19308560
6,26700000;-61,78823763
6,26800000;-65,85692534
6,26900000;-70,49929730
6,27000000;-75,84588467
6,27100000;-82,07006841
6,27200000;-89,40723430
6,27300000;-98,18521227
6,27400000;-108,87459983
6,27500000;-122,17597507
6,27600000;-139,17993889
6,27700000;-161,68241256
6,27800000;-192,86479293
6,27900000;-238,94924140
6,28000000;-313,97226085
6,28100000;-457,66651738
6,28200000;-843,88384400
6,28300000;-5405,51770908
6,28400000;1227,45650206
6,28500000;551,05745092
6,28600000;355,27855567
6,28700000;262,14430545
6,28800000;207,69757017
6,28900000;171,97813037
6,29000000;146,74175730
6,29100000;127,96408291
6,29200000;113,44694822
6,29300000;101,88805888
6,29400000;92,46679648
6,29500000;84,64037239
6,29600000;78,03542496
6,29700000;72,38669820
6,29800000;67,50302505
6,29900000;63,23497378
6,30000000;59,47459970
6,30100000;56,13640980
6,30200000;53,15308689
6,30300000;50,47090310
6,30400000;48,04645557
6,30500000;45,84429989
6,30600000;43,83520598
6,30700000;41,99485333
6,30800000;40,30284178
6,30900000;38,74193219
6,31000000;37,29745700
6,31100000;35,95685798
6,31200000;34,70932022
6,31300000;33,54547976
6,31400000;32,45718815
6,31500000;31,43732142
6,31600000;30,47962402
6,31700000;29,57858035
6,31800000;28,72930853
6,31900000;27,92747191
6,32000000;27,16920505
6,32100000;26,45105136
6,32200000;25,76991049
6,32300000;25,12299356
6,32400000;24,50778501
6,32500000;23,92200992
6,32600000;23,36360590
6,32700000;22,83069885
6,32800000;22,32158195
6,32900000;21,83469738
6,33000000;21,36862046
6,33100000;20,92204565
6,33200000;20,49377443
6,33300000;20,08270449
6,33400000;19,68782030
6,33500000;19,30818473
6,33600000;18,94293162
6,33700000;18,59125921
6,33800000;18,25242420
6,33900000;17,92573662
6,34000000;17,61055503
6,34100000;17,30628239
6,34200000;17,01236226
6,34300000;16,72827541
6,34400000;16,45353677
6,34500000;16,18769265
6,34600000;15,93031824
6,34700000;15,68101539
6,34800000;15,43941049
6,34900000;15,20515264
6,35000000;14,97791198
6,35100000;14,75737806
6,35200000;14,54325851
6,35300000;14,33527770
6,35400000;14,13317556
6,35500000;13,93670652
6,35600000;13,74563850
6,35700000;13,55975198
6,35800000;13,37883919
6,35900000;13,20270332
6,36000000;13,03115781
6,36100000;12,86402569
6,36200000;12,70113896
6,36300000;12,54233806
6,36400000;12,38747131
6,36500000;12,23639445
6,36600000;12,08897020
6,36700000;11,94506781
6,36800000;11,80456272
6,36900000;11,66733616
6,37000000;11,53327483
6,37100000;11,40227061
6,37200000;11,27422022
6,37300000;11,14902501
6,37400000;11,02659066
6,37500000;10,90682695
6,37600000;10,78964758
6,37700000;10,67496989
6,37800000;10,56271473
6,37900000;10,45280626
6,38000000;10,34517175
6,38100000;10,23974146
6,38200000;10,13644848
6,38300000;10,03522857
6,38400000;9,93602004
6,38500000;9,83876362
6,38600000;9,74340235
6,38700000;9,64988147
6,38800000;9,55814831
6,38900000;9,46815217
6,39000000;9,37984428
6,39100000;9,29317766
6,39200000;9,20810706
6,39300000;9,12458889
6,39400000;9,04258110
6,39500000;8,96204318
6,39600000;8,88293605
6,39700000;8,80522198
6,39800000;8,72886459
6,39900000;8,65382873
6,40000000;8,58008046
6,40100000;8,50758699
6,40200000;8,43631664
6,40300000;8,36623880
6,40400000;8,29732384
6,40500000;8,22954313
6,40600000;8,16286896
6,40700000;8,09727452
6,40800000;8,03273387
6,40900000;7,96922187
6,41000000;7,90671419
6,41100000;7,84518726
6,41200000;7,78461824
6,41300000;7,72498499
6,41400000;7,66626605
6,41500000;7,60844062
6,41600000;7,55148850
6,41700000;7,49539014
6,41800000;7,44012651
6,41900000;7,38567920
6,42000000;7,33203030
6,42100000;7,27916243
6,42200000;7,22705870
6,42300000;7,17570274
6,42400000;7,12507860
6,42500000;7,07517080
6,42600000;7,02596431
6,42700000;6,97741952
6,42800000;6,92957161
6,42900000;6,88238231
6,43000000;6,83583815
6,43100000;6,78992604
6,43200000;6,74463325
6,43300000;6,69994737
6,43400000;6,65585632
6,43500000;6,61234836
6,43600000;6,56941204
6,43700000;6,52703620
6,43800000;6,48521000
6,43900000;6,44392284
6,44000000;6,40316441
6,44100000;6,36292467
6,44200000;6,32319382
6,44300000;6,28396230
6,44400000;6,24522080
6,44500000;6,20696023
6,44600000;6,16917174
6,44700000;6,13184668
6,44800000;6,09497662
6,44900000;6,05855331
6,45000000;6,02256874
6,45100000;5,98701505
6,45200000;5,95188459
6,45300000;5,91716988
6,45400000;5,88286363
6,45500000;5,84895869
6,45600000;5,81544811
6,45700000;5,78232508
6,45800000;5,74958294
6,45900000;5,71721520
6,46000000;5,68521551
6,46100000;5,65357766
6,46200000;5,62229557
6,46300000;5,59136332
6,46400000;5,56077510
6,46500000;5,53052523
6,46600000;5,50060816
6,46700000;5,47101845
6,46800000;5,44175081
6,46900000;5,41280002
6,47000000;5,38416100
6,47100000;5,35582877
6,47200000;5,32779846
6,47300000;5,30006529
6,47400000;5,27262459
6,47500000;5,24547179
6,47600000;5,21860242
6,47700000;5,19201207
6,47800000;5,16569647
6,47900000;5,13965139
6,48000000;5,11387272
6,48100000;5,08835641
6,48200000;5,06309851
6,48300000;5,03809514
6,48400000;5,01334249
6,48500000;4,98883685
6,48600000;4,96457455
6,48700000;4,94055202
6,48800000;4,91676574
6,48900000;4,89321226
6,49000000;4,86988823
6,49100000;4,84679031
6,49200000;4,82391527
6,49300000;4,80125992
6,49400000;4,77882113
6,49500000;4,75659583
6,49600000;4,73458102
6,49700000;4,71277375
6,49800000;4,69117110
6,49900000;4,66977025
6,50000000;4,64856840
6,50100000;4,62756281
6,50200000;4,60675079
6,50300000;4,58612969
6,50400000;4,56569693
6,50500000;4,54544996
6,50600000;4,52538627
6,50700000;4,50550341
6,50800000;4,48579897
6,50900000;4,46627058
6,51000000;4,44691591
6,51100000;4,42773267
6,51200000;4,40871861
6,51300000;4,38987153
6,51400000;4,37118926
6,51500000;4,35266967
6,51600000;4,33431065
6,51700000;4,31611015
6,51800000;4,29806615
6,51900000;4,28017665
6,52000000;4,26243970
6,52100000;4,24485338
6,52200000;4,22741578
6,52300000;4,21012506
6,52400000;4,19297938
6,52500000;4,17597694
6,52600000;4,15911598
6,52700000;4,14239475
6,52800000;4,12581155
6,52900000;4,10936468
6,53000000;4,09305249
6,53100000;4,07687336
6,53200000;4,06082567
6,53300000;4,04490785
6,53400000;4,02911835
6,53500000;4,01345564
6,53600000;3,99791821
6,53700000;3,98250459
6,53800000;3,96721331
6,53900000;3,95204295
6,54000000;3,93699209
6,54100000;3,92205933
6,54200000;3,90724332
6,54300000;3,89254271
6,54400000;3,87795616
6,54500000;3,86348238
6,54600000;3,84912007
6,54700000;3,83486796
6,54800000;3,82072482
6,54900000;3,80668940
6,55000000;3,79276051
6,55100000;3,77893694
6,55200000;3,76521752
6,55300000;3,75160110
6,55400000;3,73808653
6,55500000;3,72467270
6,55600000;3,71135848
6,55700000;3,69814279
6,55800000;3,68502457
6,55900000;3,67200274
6,56000000;3,65907626
6,56100000;3,64624410
6,56200000;3,63350526
6,56300000;3,62085872
6,56400000;3,60830351
6,56500000;3,59583865
6,56600000;3,58346319
6,56700000;3,57117617
6,56800000;3,55897667
6,56900000;3,54686378
6,57000000;3,53483657
6,57100000;3,52289417
6,57200000;3,51103569
6,57300000;3,49926027
6,57400000;3,48756704
6,57500000;3,47595517
6,57600000;3,46442381
6,57700000;3,45297215
6,57800000;3,44159938
6,57900000;3,43030470
6,58000000;3,41908732
6,58100000;3,40794646
6,58200000;3,39688135
6,58300000;3,38589124
6,58400000;3,37497537
6,58500000;3,36413302
6,58600000;3,35336345
6,58700000;3,34266594
6,58800000;3,33203979
6,58900000;3,32148430
6,59000000;3,31099877
6,59100000;3,30058253
6,59200000;3,29023490
6,59300000;3,27995522
6,59400000;3,26974283
6,59500000;3,25959709
6,59600000;3,24951735
6,59700000;3,23950299
6,59800000;3,22955339
6,59900000;3,21966792
6,60000000;3,20984599
6,60100000;3,20008699
6,60200000;3,19039033
6,60300000;3,18075543
6,60400000;3,17118171
6,60500000;3,16166861
6,60600000;3,15221554
6,60700000;3,14282198
6,60800000;3,13348735
6,60900000;3,12421112
6,61000000;3,11499276
6,61100000;3,10583174
6,61200000;3,09672753
6,61300000;3,08767962
6,61400000;3,07868749
6,61500000;3,06975065
6,61600000;3,06086859
6,61700000;3,05204083
6,61800000;3,04326687
6,61900000;3,03454624
6,62000000;3,02587847
6,62100000;3,01726307
6,62200000;3,00869960
6,62300000;3,00018759
6,62400000;2,99172660
6,62500000;2,98331616
6,62600000;2,97495585
6,62700000;2,96664522
6,62800000;2,95838384
6,62900000;2,95017129
6,63000000;2,94200714
6,63100000;2,93389098
6,63200000;2,92582239
6,63300000;2,91780097
6,63400000;2,90982632
6,63500000;2,90189803
6,63600000;2,89401571
6,63700000;2,88617897
6,63800000;2,87838744
6,63900000;2,87064072
6,64000000;2,86293844
6,64100000;2,85528023
6,64200000;2,84766572
6,64300000;2,84009455
6,64400000;2,83256636
6,64500000;2,82508079
6,64600000;2,81763748
6,64700000;2,81023610
6,64800000;2,80287630
6,64900000;2,79555773
6,65000000;2,78828006
6,65100000;2,78104296
6,65200000;2,77384610
6,65300000;2,76668915
6,65400000;2,75957179
6,65500000;2,75249369
6,65600000;2,74545455
6,65700000;2,73845406
6,65800000;2,73149190
6,65900000;2,72456776
6,66000000;2,71768136
6,66100000;2,71083238
6,66200000;2,70402053
6,66300000;2,69724551
6,66400000;2,69050705
6,66500000;2,68380485
6,66600000;2,67713863
6,66700000;2,67050810
6,66800000;2,66391300
6,66900000;2,65735303
6,67000000;2,65082795
6,67100000;2,64433746
6,67200000;2,63788131
6,67300000;2,63145924
6,67400000;2,62507097
6,67500000;2,61871626
6,67600000;2,61239485
6,67700000;2,60610648
6,67800000;2,59985091
6,67900000;2,59362788
6,68000000;2,58743716
6,68100000;2,58127849
6,68200000;2,57515164
6,68300000;2,56905637
6,68400000;2,56299243
6,68500000;2,55695961
6,68600000;2,55095767
6,68700000;2,54498638
6,68800000;2,53904551
6,68900000;2,53313483
6,69000000;2,52725413
6,69100000;2,52140319
6,69200000;2,51558179
6,69300000;2,50978971
6,69400000;2,50402674
6,69500000;2,49829266
6,69600000;2,49258727
6,69700000;2,48691037
6,69800000;2,48126173
6,69900000;2,47564117
6,70000000;2,47004848
6,70100000;2,46448346
6,70200000;2,45894591
6,70300000;2,45343564
6,70400000;2,44795245
6,70500000;2,44249615
6,70600000;2,43706655
6,70700000;2,43166346
6,70800000;2,42628670
6,70900000;2,42093903
6,71000000;2,41561440
6,71100000;2,41031555
6,71200000;2,40504229
6,71300000;2,39979445
6,71400000;2,39457185
6,71500000;2,38937431
6,71600000;2,38420168
6,71700000;2,37905376
6,71800000;2,37393039
6,71900000;2,36883141
6,72000000;2,36375664
6,72100000;2,35870592
6,72200000;2,35367909
6,72300000;2,34867599
6,72400000;2,34369644
6,72500000;2,33874030
6,72600000;2,33380741
6,72700000;2,32889761
6,72800000;2,32401074
6,72900000;2,31914665
6,73000000;2,31430519
6,73100000;2,30948620
6,73200000;2,30468954
6,73300000;2,29991506
6,73400000;2,29516262
6,73500000;2,29043205
6,73600000;2,28572323
6,73700000;2,28103601
6,73800000;2,27637024
6,73900000;2,27172579
6,74000000;2,26710252
6,74100000;2,26250028
6,74200000;2,25791894
6,74300000;2,25335837
6,74400000;2,24881843
6,74500000;2,24429898
6,74600000;2,23979990
6,74700000;2,23532105
6,74800000;2,23086231
6,74900000;2,22642353
6,75000000;2,22200461
6,75100000;2,21760540
6,75200000;2,21322579
6,75300000;2,20886565
6,75400000;2,20452485
6,75500000;2,20020328
6,75600000;2,19590081
6,75700000;2,19161732
6,75800000;2,18735269
6,75900000;2,18310681
6,76000000;2,17887955
6,76100000;2,17467080
6,76200000;2,17048045
6,76300000;2,16630837
6,76400000;2,16215446
6,76500000;2,15801861
6,76600000;2,15390070
6,76700000;2,14980062
6,76800000;2,14571826
6,76900000;2,14165351
6,77000000;2,13760627
6,77100000;2,13357642
6,77200000;2,12956387
6,77300000;2,12556850
6,77400000;2,12159021
6,77500000;2,11762890
6,77600000;2,11368447
6,77700000;2,10975681
6,77800000;2,10584582
6,77900000;2,10195140
6,78000000;2,09807345
6,78100000;2,09421188
6,78200000;2,09036658
6,78300000;2,08653746
6,78400000;2,08272442
6,78500000;2,07892737
6,78600000;2,07514621
6,78700000;2,07138084
6,78800000;2,06763118
6,78900000;2,06389713
6,79000000;2,06017860
6,79100000;2,05647550
6,79200000;2,05278773
6,79300000;2,04911522
6,79400000;2,04545786
6,79500000;2,04181557
6,79600000;2,03818827
6,79700000;2,03457586
6,79800000;2,03097826
6,79900000;2,02739538
6,80000000;2,02382715
6,80100000;2,02027347
6,80200000;2,01673426
6,80300000;2,01320944
6,80400000;2,00969892
6,80500000;2,00620263
6,80600000;2,00272048
6,80700000;1,99925240
6,80800000;1,99579830
6,80900000;1,99235810
6,81000000;1,98893173
6,81100000;1,98551910
6,81200000;1,98212014
6,81300000;1,97873478
6,81400000;1,97536293
6,81500000;1,97200452
6,81600000;1,96865948
6,81700000;1,96532773
6,81800000;1,96200920
6,81900000;1,95870381
6,82000000;1,95541149
6,82100000;1,95213216
6,82200000;1,94886577
6,82300000;1,94561223
6,82400000;1,94237147
6,82500000;1,93914343
6,82600000;1,93592803
6,82700000;1,93272521
6,82800000;1,92953490
6,82900000;1,92635702
6,83000000;1,92319151
6,83100000;1,92003831
6,83200000;1,91689734
6,83300000;1,91376854
6,83400000;1,91065185
6,83500000;1,90754720
6,83600000;1,90445452
6,83700000;1,90137375
6,83800000;1,89830483
6,83900000;1,89524769
6,84000000;1,89220227
6,84100000;1,88916851
6,84200000;1,88614635
6,84300000;1,88313572
6,84400000;1,88013656
6,84500000;1,87714881
6,84600000;1,87417242
6,84700000;1,87120732
6,84800000;1,86825345
6,84900000;1,86531075
6,85000000;1,86237917
6,85100000;1,85945865
6,85200000;1,85654912
6,85300000;1,85365054
6,85400000;1,85076284
6,85500000;1,84788597
6,85600000;1,84501987
6,85700000;1,84216449
6,85800000;1,83931977
6,85900000;1,83648565
6,86000000;1,83366209
6,86100000;1,83084902
6,86200000;1,82804640
6,86300000;1,82525417
6,86400000;1,82247227
6,86500000;1,81970065
6,86600000;1,81693927
6,86700000;1,81418807
6,86800000;1,81144700
6,86900000;1,80871600
6,87000000;1,80599503
6,87100000;1,80328403
6,87200000;1,80058296
6,87300000;1,79789176
6,87400000;1,79521039
6,87500000;1,79253879
6,87600000;1,78987692
6,87700000;1,78722473
6,87800000;1,78458217
6,87900000;1,78194919
6,88000000;1,77932575
6,88100000;1,77671179
6,88200000;1,77410727
6,88300000;1,77151215
6,88400000;1,76892638
6,88500000;1,76634990
6,88600000;1,76378268
6,88700000;1,76122468
6,88800000;1,75867583
6,88900000;1,75613611
6,89000000;1,75360547
6,89100000;1,75108385
6,89200000;1,74857122
6,89300000;1,74606754
6,89400000;1,74357276
6,89500000;1,74108683
6,89600000;1,73860972
6,89700000;1,73614139
6,89800000;1,73368178
6,89900000;1,73123086
6,90000000;1,72878858
6,90100000;1,72635492
6,90200000;1,72392981
6,90300000;1,72151323
6,90400000;1,71910513
6,90500000;1,71670547
6,90600000;1,71431422
6,90700000;1,71193132
6,90800000;1,70955675
6,90900000;1,70719046
6,91000000;1,70483242
6,91100000;1,70248258
6,91200000;1,70014091
6,91300000;1,69780736
6,91400000;1,69548191
6,91500000;1,69316451
6,91600000;1,69085512
6,91700000;1,68855371
6,91800000;1,68626024
6,91900000;1,68397468
6,92000000;1,68169698
6,92100000;1,67942711
6,92200000;1,67716504
6,92300000;1,67491072
6,92400000;1,67266413
6,92500000;1,67042522
6,92600000;1,66819397
6,92700000;1,66597033
6,92800000;1,66375427
6,92900000;1,66154577
6,93000000;1,65934477
6,93100000;1,65715125
6,93200000;1,65496518
6,93300000;1,65278651
6,93400000;1,65061523
6,93500000;1,64845129
6,93600000;1,64629465
6,93700000;1,64414530
6,93800000;1,64200319
6,93900000;1,63986829
6,94000000;1,63774058
6,94100000;1,63562001
6,94200000;1,63350655
6,94300000;1,63140019
6,94400000;1,62930087
6,94500000;1,62720857
6,94600000;1,62512327
6,94700000;1,62304492
6,94800000;1,62097350
6,94900000;1,61890898
6,95000000;1,61685132
6,95100000;1,61480051
6,95200000;1,61275650
6,95300000;1,61071926
6,95400000;1,60868877
6,95500000;1,60666500
6,95600000;1,60464792
6,95700000;1,60263750
6,95800000;1,60063371
6,95900000;1,59863652
6,96000000;1,59664590
6,96100000;1,59466182
6,96200000;1,59268426
6,96300000;1,59071319
6,96400000;1,58874858
6,96500000;1,58679040
6,96600000;1,58483862
6,96700000;1,58289322
6,96800000;1,58095417
6,96900000;1,57902144
6,97000000;1,57709501
6,97100000;1,57517484
6,97200000;1,57326092
6,97300000;1,57135321
6,97400000;1,56945169
6,97500000;1,56755633
6,97600000;1,56566711
6,97700000;1,56378399
6,97800000;1,56190697
6,97900000;1,56003600
6,98000000;1,55817106
6,98100000;1,55631213
6,98200000;1,55445919
6,98300000;1,55261220
6,98400000;1,55077115
6,98500000;1,54893600
6,98600000;1,54710674
6,98700000;1,54528334
6,98800000;1,54346577
6,98900000;1,54165401
6,99000000;1,53984804
6,99100000;1,53804783
6,99200000;1,53625336
6,99300000;1,53446460
6,99400000;1,53268154
6,99500000;1,53090414
6,99600000;1,52913239
6,99700000;1,52736626
6,99800000;1,52560573
6,99900000;1,52385078
7,00000000;1,52210138
7,00100000;1,52035751
7,00200000;1,51861915
7,00300000;1,51688627
7,00400000;1,51515886
7,00500000;1,51343689
7,00600000;1,51172034
7,00700000;1,51000919
7,00800000;1,50830341
7,00900000;1,50660299
7,01000000;1,50490790
7,01100000;1,50321812
7,01200000;1,50153364
7,01300000;1,49985442
7,01400000;1,49818045
7,01500000;1,49651171
7,01600000;1,49484817
7,01700000;1,49318982
7,01800000;1,49153663
7,01900000;1,48988859
7,02000000;1,48824568
7,02100000;1,48660787
7,02200000;1,48497514
7,02300000;1,48334748
7,02400000;1,48172486
7,02500000;1,48010727
7,02600000;1,47849468
7,02700000;1,47688708
7,02800000;1,47528444
7,02900000;1,47368675
7,03000000;1,47209398
7,03100000;1,47050613
7,03200000;1,46892316
7,03300000;1,46734507
7,03400000;1,46577182
7,03500000;1,46420341
7,03600000;1,46263981
7,03700000;1,46108101
7,03800000;1,45952698
7,03900000;1,45797772
7,04000000;1,45643319
7,04100000;1,45489339
7,04200000;1,45335829
7,04300000;1,45182788
7,04400000;1,45030213
7,04500000;1,44878104
7,04600000;1,44726458
7,04700000;1,44575273
7,04800000;1,44424549
7,04900000;1,44274282
7,05000000;1,44124472
7,05100000;1,43975116
7,05200000;1,43826213
7,05300000;1,43677762
7,05400000;1,43529760
7,05500000;1,43382206
7,05600000;1,43235098
7,05700000;1,43088434
7,05800000;1,42942214
7,05900000;1,42796434
7,06000000;1,42651095
7,06100000;1,42506193
7,06200000;1,42361727
7,06300000;1,42217696
7,06400000;1,42074098
7,06500000;1,41930932
7,06600000;1,41788195
7,06700000;1,41645887
7,06800000;1,41504006
7,06900000;1,41362549
7,07000000;1,41221517
7,07100000;1,41080906
7,07200000;1,40940716
7,07300000;1,40800945
7,07400000;1,40661592
7,07500000;1,40522654
7,07600000;1,40384131
7,07700000;1,40246021
7,07800000;1,40108322
7,07900000;1,39971033
7,08000000;1,39834153
7,08100000;1,39697680
7,08200000;1,39561612
7,08300000;1,39425949
7,08400000;1,39290688
7,08500000;1,39155828
7,08600000;1,39021368
7,08700000;1,38887306
7,08800000;1,38753642
7,08900000;1,38620373
7,09000000;1,38487498
7,09100000;1,38355016
7,09200000;1,38222925
7,09300000;1,38091224
7,09400000;1,37959911
7,09500000;1,37828986
7,09600000;1,37698447
7,09700000;1,37568292
7,09800000;1,37438520
7,09900000;1,37309130
7,10000000;1,37180121
7,10100000;1,37051490
7,10200000;1,36923238
7,10300000;1,36795362
7,10400000;1,36667861
7,10500000;1,36540734
7,10600000;1,36413979
7,10700000;1,36287596
7,10800000;1,36161583
7,10900000;1,36035939
7,11000000;1,35910662
7,11100000;1,35785658
7,11200000;1,35661111
7,11300000;1,35536928
7,11400000;1,35413108
7,11500000;1,35289649
7,11600000;1,35166549
7,11700000;1,35043809
7,11800000;1,34921425
7,11900000;1,34799399
7,12000000;1,34677727
7,12100000;1,34556409
7,12200000;1,34435444
7,12300000;1,34314830
7,12400000;1,34194567
7,12500000;1,34074652
7,12600000;1,33955086
7,12700000;1,33835866
7,12800000;1,33716993
7,12900000;1,33598463
7,13000000;1,33480277
7,13100000;1,33362433
7,13200000;1,33244930
7,13300000;1,33127767
7,13400000;1,33010943
7,13500000;1,32894456
7,13600000;1,32778306
7,13700000;1,32662491
7,13800000;1,32547010
7,13900000;1,32431863
7,14000000;1,32317048
7,14100000;1,32202564
7,14200000;1,32088409
7,14300000;1,31974584
7,14400000;1,31861086
7,14500000;1,31747915
7,14600000;1,31635070
7,14700000;1,31522549
7,14800000;1,31410352
7,14900000;1,31298477
7,15000000;1,31186923
7,15100000;1,31075690
7,15200000;1,30964776
7,15300000;1,30854181
7,15400000;1,30743903
7,15500000;1,30633940
7,15600000;1,30524294
7,15700000;1,30414961
7,15800000;1,30305942
7,15900000;1,30197235
7,16000000;1,30088839
7,16100000;1,29980753
7,16200000;1,29872976
7,16300000;1,29765508
7,16400000;1,29658347
7,16500000;1,29551492
7,16600000;1,29444943
7,16700000;1,29338698
7,16800000;1,29232756
7,16900000;1,29127117
7,17000000;1,29021779
7,17100000;1,28916742
7,17200000;1,28812004
7,17300000;1,28707565
7,17400000;1,28603424
7,17500000;1,28499579
7,17600000;1,28396031
7,17700000;1,28292777
7,17800000;1,28189817
7,17900000;1,28087151
7,18000000;1,27984777
7,18100000;1,27882693
7,18200000;1,27780901
7,18300000;1,27679398
7,18400000;1,27578183
7,18500000;1,27477256
7,18600000;1,27376616
7,18700000;1,27276262
7,18800000;1,27176193
7,18900000;1,27076408
7,19000000;1,26976907
7,19100000;1,26877688
7,19200000;1,26778751
7,19300000;1,26680094
7,19400000;1,26581718
7,19500000;1,26483620
7,19600000;1,26385801
7,19700000;1,26288259
7,19800000;1,26190993
7,19900000;1,26094003
7,20000000;1,25997288
7,20100000;1,25900848
7,20200000;1,25804680
7,20300000;1,25708785
7,20400000;1,25613161
7,20500000;1,25517808
7,20600000;1,25422726
7,20700000;1,25327912
7,20800000;1,25233367
7,20900000;1,25139089
7,21000000;1,25045078
7,21100000;1,24951333
7,21200000;1,24857854
7,21300000;1,24764638
7,21400000;1,24671687
7,21500000;1,24578998
7,21600000;1,24486572
7,21700000;1,24394406
7,21800000;1,24302502
7,21900000;1,24210857
7,22000000;1,24119471
7,22100000;1,24028344
7,22200000;1,23937474
7,22300000;1,23846861
7,22400000;1,23756504
7,22500000;1,23666402
7,22600000;1,23576555
7,22700000;1,23486962
7,22800000;1,23397622
7,22900000;1,23308534
7,23000000;1,23219698
7,23100000;1,23131113
7,23200000;1,23042778
7,23300000;1,22954693
7,23400000;1,22866856
7,23500000;1,22779268
7,23600000;1,22691926
7,23700000;1,22604832
7,23800000;1,22517984
7,23900000;1,22431381
7,24000000;1,22345022
7,24100000;1,22258908
7,24200000;1,22173036
7,24300000;1,22087408
7,24400000;1,22002021
7,24500000;1,21916875
7,24600000;1,21831970
7,24700000;1,21747304
7,24800000;1,21662878
7,24900000;1,21578690
7,25000000;1,21494741
7,25100000;1,21411028
7,25200000;1,21327552
7,25300000;1,21244312
7,25400000;1,21161306
7,25500000;1,21078536
7,25600000;1,20995999
7,25700000;1,20913696
7,25800000;1,20831625
7,25900000;1,20749787
7,26000000;1,20668180
7,26100000;1,20586803
7,26200000;1,20505657
7,26300000;1,20424740
7,26400000;1,20344052
7,26500000;1,20263592
7,26600000;1,20183359
7,26700000;1,20103354
7,26800000;1,20023575
7,26900000;1,19944022
7,27000000;1,19864694
7,27100000;1,19785591
7,27200000;1,19706712
7,27300000;1,19628056
7,27400000;1,19549623
7,27500000;1,19471411
7,27600000;1,19393422
7,27700000;1,19315654
7,27800000;1,19238105
7,27900000;1,19160777
7,28000000;1,19083668
7,28100000;1,19006778
7,28200000;1,18930106
7,28300000;1,18853651
7,28400000;1,18777413
7,28500000;1,18701392
7,28600000;1,18625586
7,28700000;1,18549995
7,28800000;1,18474620
7,28900000;1,18399458
7,29000000;1,18324510
7,29100000;1,18249775
7,29200000;1,18175252
7,29300000;1,18100942
7,29400000;1,18026842
7,29500000;1,17952954
7,29600000;1,17879275
7,29700000;1,17805807
7,29800000;1,17732547
7,29900000;1,17659496
7,30000000;1,17586654
7,30100000;1,17514019
7,30200000;1,17441591
7,30300000;1,17369369
7,30400000;1,17297354
7,30500000;1,17225544
7,30600000;1,17153938
7,30700000;1,17082538
7,30800000;1,17011341
7,30900000;1,16940348
7,31000000;1,16869557
7,31100000;1,16798969
7,31200000;1,16728583
7,31300000;1,16658398
7,31400000;1,16588414
7,31500000;1,16518631
7,31600000;1,16449047
7,31700000;1,16379663
7,31800000;1,16310477
7,31900000;1,16241490
7,32000000;1,16172701
7,32100000;1,16104109
7,32200000;1,16035714
7,32300000;1,15967516
7,32400000;1,15899513
7,32500000;1,15831706
7,32600000;1,15764094
7,32700000;1,15696677
7,32800000;1,15629453
7,32900000;1,15562423
7,33000000;1,15495586
7,33100000;1,15428942
7,33200000;1,15362490
7,33300000;1,15296230
7,33400000;1,15230161
7,33500000;1,15164282
7,33600000;1,15098594
7,33700000;1,15033096
7,33800000;1,14967787
7,33900000;1,14902668
7,34000000;1,14837736
7,34100000;1,14772993
7,34200000;1,14708437
7,34300000;1,14644069
7,34400000;1,14579887
7,34500000;1,14515892
7,34600000;1,14452082
7,34700000;1,14388458
7,34800000;1,14325018
7,34900000;1,14261764
7,35000000;1,14198693
7,35100000;1,14135806
7,35200000;1,14073102
7,35300000;1,14010581
7,35400000;1,13948243
7,35500000;1,13886086
7,35600000;1,13824111
7,35700000;1,13762317
7,35800000;1,13700704
7,35900000;1,13639271
7,36000000;1,13578017
7,36100000;1,13516944
7,36200000;1,13456049
7,36300000;1,13395333
7,36400000;1,13334795
7,36500000;1,13274435
7,36600000;1,13214253
7,36700000;1,13154247
7,36800000;1,13094418
7,36900000;1,13034765
7,37000000;1,12975288
7,37100000;1,12915987
7,37200000;1,12856860
7,37300000;1,12797908
7,37400000;1,12739131
7,37500000;1,12680527
7,37600000;1,12622097
7,37700000;1,12563839
7,37800000;1,12505755
7,37900000;1,12447842
7,38000000;1,12390102
7,38100000;1,12332533
7,38200000;1,12275136
7,38300000;1,12217909
7,38400000;1,12160852
7,38500000;1,12103966
7,38600000;1,12047249
7,38700000;1,11990702
7,38800000;1,11934323
7,38900000;1,11878113
7,39000000;1,11822071
7,39100000;1,11766197
7,39200000;1,11710491
7,39300000;1,11654951
7,39400000;1,11599579
7,39500000;1,11544372
7,39600000;1,11489332
7,39700000;1,11434458
7,39800000;1,11379748
7,39900000;1,11325204
7,40000000;1,11270824
7,40100000;1,11216609
7,40200000;1,11162557
7,40300000;1,11108669
7,40400000;1,11054945
7,40500000;1,11001383
7,40600000;1,10947984
7,40700000;1,10894746
7,40800000;1,10841671
7,40900000;1,10788757
7,41000000;1,10736005
7,41100000;1,10683413
7,41200000;1,10630982
7,41300000;1,10578711
7,41400000;1,10526600
7,41500000;1,10474648
7,41600000;1,10422855
7,41700000;1,10371222
7,41800000;1,10319747
7,41900000;1,10268430
7,42000000;1,10217271
7,42100000;1,10166269
7,42200000;1,10115425
7,42300000;1,10064738
7,42400000;1,10014207
7,42500000;1,09963833
7,42600000;1,09913614
7,42700000;1,09863551
7,42800000;1,09813644
7,42900000;1,09763891
7,43000000;1,09714294
7,43100000;1,09664851
7,43200000;1,09615561
7,43300000;1,09566426
7,43400000;1,09517444
7,43500000;1,09468616
7,43600000;1,09419940
7,43700000;1,09371417
7,43800000;1,09323046
7,43900000;1,09274827
7,44000000;1,09226760
7,44100000;1,09178844
7,44200000;1,09131079
7,44300000;1,09083465
7,44400000;1,09036002
7,44500000;1,08988689
7,44600000;1,08941526
7,44700000;1,08894512
7,44800000;1,08847648
7,44900000;1,08800933
7,45000000;1,08754366
7,45100000;1,08707949
7,45200000;1,08661679
7,45300000;1,08615557
7,45400000;1,08569583
7,45500000;1,08523757
7,45600000;1,08478077
7,45700000;1,08432544
7,45800000;1,08387158
7,45900000;1,08341918
7,46000000;1,08296824
7,46100000;1,08251876
7,46200000;1,08207074
7,46300000;1,08162416
7,46400000;1,08117903
7,46500000;1,08073535
7,46600000;1,08029312
7,46700000;1,07985232
7,46800000;1,07941297
7,46900000;1,07897505
7,47000000;1,07853856
7,47100000;1,07810350
7,47200000;1,07766988
7,47300000;1,07723767
7,47400000;1,07680689
7,47500000;1,07637753
7,47600000;1,07594959
7,47700000;1,07552307
7,47800000;1,07509795
7,47900000;1,07467425
7,48000000;1,07425195
7,48100000;1,07383106
7,48200000;1,07341157
7,48300000;1,07299349
7,48400000;1,07257680
7,48500000;1,07216150
7,48600000;1,07174760
7,48700000;1,07133509
7,48800000;1,07092396
7,48900000;1,07051422
7,49000000;1,07010587
7,49100000;1,06969889
7,49200000;1,06929330
7,49300000;1,06888908
7,49400000;1,06848623
7,49500000;1,06808476
7,49600000;1,06768465
7,49700000;1,06728591
7,49800000;1,06688853
7,49900000;1,06649252
7,50000000;1,06609786
7,50100000;1,06570457
7,50200000;1,06531262
7,50300000;1,06492203
7,50400000;1,06453279
7,50500000;1,06414490
7,50600000;1,06375836
7,50700000;1,06337316
7,50800000;1,06298930
7,50900000;1,06260678
7,51000000;1,06222559
7,51100000;1,06184574
7,51200000;1,06146723
7,51300000;1,06109004
7,51400000;1,06071418
7,51500000;1,06033965
7,51600000;1,05996644
7,51700000;1,05959456
7,51800000;1,05922399
7,51900000;1,05885474
7,52000000;1,05848681
7,52100000;1,05812019
7,52200000;1,05775488
7,52300000;1,05739088
7,52400000;1,05702819
7,52500000;1,05666680
7,52600000;1,05630672
7,52700000;1,05594794
7,52800000;1,05559045
7,52900000;1,05523427
7,53000000;1,05487937
7,53100000;1,05452577
7,53200000;1,05417346
7,53300000;1,05382244
7,53400000;1,05347271
7,53500000;1,05312426
7,53600000;1,05277709
7,53700000;1,05243121
7,53800000;1,05208660
7,53900000;1,05174327
7,54000000;1,05140122
7,54100000;1,05106044
7,54200000;1,05072093
7,54300000;1,05038269
7,54400000;1,05004571
7,54500000;1,04971001
7,54600000;1,04937556
7,54700000;1,04904238
7,54800000;1,04871046
7,54900000;1,04837979
7,55000000;1,04805038
7,55100000;1,04772223
7,55200000;1,04739533
7,55300000;1,04706968
7,55400000;1,04674528
7,55500000;1,04642212
7,55600000;1,04610021
7,55700000;1,04577954
7,55800000;1,04546012
7,55900000;1,04514193
7,56000000;1,04482499
7,56100000;1,04450928
7,56200000;1,04419480
7,56300000;1,04388156
7,56400000;1,04356955
7,56500000;1,04325876
7,56600000;1,04294921
7,56700000;1,04264088
7,56800000;1,04233377
7,56900000;1,04202789
7,57000000;1,04172323
7,57100000;1,04141979
7,57200000;1,04111756
7,57300000;1,04081656
7,57400000;1,04051676
7,57500000;1,04021818
7,57600000;1,03992081
7,57700000;1,03962465
7,57800000;1,03932969
7,57900000;1,03903594
7,58000000;1,03874340
7,58100000;1,03845206
7,58200000;1,03816192
7,58300000;1,03787298
7,58400000;1,03758524
7,58500000;1,03729869
7,58600000;1,03701334
7,58700000;1,03672918
7,58800000;1,03644622
7,58900000;1,03616444
7,59000000;1,03588386
7,59100000;1,03560446
7,59200000;1,03532624
7,59300000;1,03504921
7,59400000;1,03477337
7,59500000;1,03449870
7,59600000;1,03422575
7,59700000;1,03395345
7,59800000;1,03368232
7,59900000;1,03341237
7,60000000;1,03314359
7,60100000;1,03287599
7,60200000;1,03260955
7,60300000;1,03234429
7,60400000;1,03208019
7,60500000;1,03181726
7,60600000;1,03155550
7,60700000;1,03129489
7,60800000;1,03103546
7,60900000;1,03077718
7,61000000;1,03052006
7,61100000;1,03026410
7,61200000;1,03000930
7,61300000;1,02975565
7,61400000;1,02950316
7,61500000;1,02925182
7,61600000;1,02900163
7,61700000;1,02875259
7,61800000;1,02850470
7,61900000;1,02825796
7,62000000;1,02801236
7,62100000;1,02776791
7,62200000;1,02752460
7,62300000;1,02728244
7,62400000;1,02704141
7,62500000;1,02680152
7,62600000;1,02656278
7,62700000;1,02632517
7,62800000;1,02608869
7,62900000;1,02585335
7,63000000;1,02561915
7,63100000;1,02538607
7,63200000;1,02515413
7,63300000;1,02492332
7,63400000;1,02469363
7,63500000;1,02446507
7,63600000;1,02423764
7,63700000;1,02401133
7,63800000;1,02378615
7,63900000;1,02356209
7,64000000;1,02333915
7,64100000;1,02311733
7,64200000;1,02289663
7,64300000;1,02267704
7,64400000;1,02245857
7,64500000;1,02224122
7,64600000;1,02202498
7,64700000;1,02180986
7,64800000;1,02159585
7,64900000;1,02138294
7,65000000;1,02117115
7,65100000;1,02096047
7,65200000;1,02075089
7,65300000;1,02054242
7,65400000;1,02033506
7,65500000;1,02012880
7,65600000;1,01992364
7,65700000;1,01971958
7,65800000;1,01951663
7,65900000;1,01931477
7,66000000;1,01911402
7,66100000;1,01891436
7,66200000;1,01871580
7,66300000;1,01851833
7,66400000;1,01832196
7,66500000;1,01812668
7,66600000;1,01793250
7,66700000;1,01773941
7,66800000;1,01754740
7,66900000;1,01735649
7,67000000;1,01716667
7,67100000;1,01697793
7,67200000;1,01679028
7,67300000;1,01660371
7,67400000;1,01641824
7,67500000;1,01623384
7,67600000;1,01605053
7,67700000;1,01586829
7,67800000;1,01568714
7,67900000;1,01550707
7,68000000;1,01532808
7,68100000;1,01515017
7,68200000;1,01497333
7,68300000;1,01479757
7,68400000;1,01462289
7,68500000;1,01444928
7,68600000;1,01427674
7,68700000;1,01410527
7,68800000;1,01393488
7,68900000;1,01376556
7,69000000;1,01359731
7,69100000;1,01343012
7,69200000;1,01326401
7,69300000;1,01309896
7,69400000;1,01293498
7,69500000;1,01277207
7,69600000;1,01261022
7,69700000;1,01244943
7,69800000;1,01228971
7,69900000;1,01213105
7,70000000;1,01197345
7,70100000;1,01181691
7,70200000;1,01166143
7,70300000;1,01150701
7,70400000;1,01135365
7,70500000;1,01120135
7,70600000;1,01105010
7,70700000;1,01089991
7,70800000;1,01075078
7,70900000;1,01060269
7,71000000;1,01045567
7,71100000;1,01030969
7,71200000;1,01016477
7,71300000;1,01002090
7,71400000;1,00987808
7,71500000;1,00973631
7,71600000;1,00959559
7,71700000;1,00945592
7,71800000;1,00931729
7,71900000;1,00917972
7,72000000;1,00904318
7,72100000;1,00890770
7,72200000;1,00877326
7,72300000;1,00863986
7,72400000;1,00850751
7,72500000;1,00837620
7,72600000;1,00824594
7,72700000;1,00811671
7,72800000;1,00798853
7,72900000;1,00786138
7,73000000;1,00773528
7,73100000;1,00761021
7,73200000;1,00748619
7,73300000;1,00736320
7,73400000;1,00724124
7,73500000;1,00712033
7,73600000;1,00700045
7,73700000;1,00688161
7,73800000;1,00676380
7,73900000;1,00664702
7,74000000;1,00653128
7,74100000;1,00641657
7,74200000;1,00630289
7,74300000;1,00619025
7,74400000;1,00607863
7,74500000;1,00596805
7,74600000;1,00585850
7,74700000;1,00574997
7,74800000;1,00564248
7,74900000;1,00553601
7,75000000;1,00543058
7,75100000;1,00532616
7,75200000;1,00522278
7,75300000;1,00512042
7,75400000;1,00501909
7,75500000;1,00491878
7,75600000;1,00481950
7,75700000;1,00472124
7,75800000;1,00462401
7,75900000;1,00452780
7,76000000;1,00443261
7,76100000;1,00433844
7,76200000;1,00424530
7,76300000;1,00415318
7,76400000;1,00406208
7,76500000;1,00397199
7,76600000;1,00388293
7,76700000;1,00379489
7,76800000;1,00370787
7,76900000;1,00362186
7,77000000;1,00353688
7,77100000;1,00345291
7,77200000;1,00336996
7,77300000;1,00328802
7,77400000;1,00320711
7,77500000;1,00312721
7,77600000;1,00304832
7,77700000;1,00297045
7,77800000;1,00289359
7,77900000;1,00281775
7,78000000;1,00274293
7,78100000;1,00266911
7,78200000;1,00259631
7,78300000;1,00252453
7,78400000;1,00245375
7,78500000;1,00238399
7,78600000;1,00231524
7,78700000;1,00224750
7,78800000;1,00218078
7,78900000;1,00211506
7,79000000;1,00205035
7,79100000;1,00198666
7,79200000;1,00192397
7,79300000;1,00186230
7,79400000;1,00180163
7,79500000;1,00174198
7,79600000;1,00168333
7,79700000;1,00162569
7,79800000;1,00156906
7,79900000;1,00151343
7,80000000;1,00145882
7,80100000;1,00140521
7,80200000;1,00135260
7,80300000;1,00130101
7,80400000;1,00125042
7,80500000;1,00120084
7,80600000;1,00115226
7,80700000;1,00110469
7,80800000;1,00105813
7,80900000;1,00101257
7,81000000;1,00096801
7,81100000;1,00092446
7,81200000;1,00088192
7,81300000;1,00084038
7,81400000;1,00079984
7,81500000;1,00076031
7,81600000;1,00072178
7,81700000;1,00068425
7,81800000;1,00064773
7,81900000;1,00061221
7,82000000;1,00057770
7,82100000;1,00054418
7,82200000;1,00051167
7,82300000;1,00048017
7,82400000;1,00044966
7,82500000;1,00042016
7,82600000;1,00039166
7,82700000;1,00036416
7,82800000;1,00033766
7,82900000;1,00031217
7,83000000;1,00028767
7,83100000;1,00026418
7,83200000;1,00024169
7,83300000;1,00022020
7,83400000;1,00019971
7,83500000;1,00018023
7,83600000;1,00016174
7,83700000;1,00014425
7,83800000;1,00012777
7,83900000;1,00011228
7,84000000;1,00009780
7,84100000;1,00008432
7,84200000;1,00007184
7,84300000;1,00006035
7,84400000;1,00004987
7,84500000;1,00004039
7,84600000;1,00003191
7,84700000;1,00002443
7,84800000;1,00001794
7,84900000;1,00001246
7,85000000;1,00000798
7,85100000;1,00000450
7,85200000;1,00000202
7,85300000;1,00000054
7,85400000;1,00000006
7,85500000;1,00000058
7,85600000;1,00000209
7,85700000;1,00000461
7,85800000;1,00000813
7,85900000;1,00001265
7,86000000;1,00001817
7,86100000;1,00002469
7,86200000;1,00003221
7,86300000;1,00004073
7,86400000;1,00005025
7,86500000;1,00006077
7,86600000;1,00007229
7,86700000;1,00008481
7,86800000;1,00009833
7,86900000;1,00011285
7,87000000;1,00012837
7,87100000;1,00014489
7,87200000;1,00016242
7,87300000;1,00018094
7,87400000;1,00020047
7,87500000;1,00022099
7,87600000;1,00024252
7,87700000;1,00026505
7,87800000;1,00028858
7,87900000;1,00031311
7,88000000;1,00033864
7,88100000;1,00036518
7,88200000;1,00039271
7,88300000;1,00042125
7,88400000;1,00045079
7,88500000;1,00048134
7,88600000;1,00051288
7,88700000;1,00054543
7,88800000;1,00057898
7,88900000;1,00061353
7,89000000;1,00064909
7,89100000;1,00068565
7,89200000;1,00072321
7,89300000;1,00076178
7,89400000;1,00080135
7,89500000;1,00084192
7,89600000;1,00088350
7,89700000;1,00092608
7,89800000;1,00096967
7,89900000;1,00101426
7,90000000;1,00105986
7,90100000;1,00110647
7,90200000;1,00115407
7,90300000;1,00120269
7,90400000;1,00125231
7,90500000;1,00130294
7,90600000;1,00135457
7,90700000;1,00140721
7,90800000;1,00146086
7,90900000;1,00151551
7,91000000;1,00157117
7,91100000;1,00162784
7,91200000;1,00168552
7,91300000;1,00174421
7,91400000;1,00180390
7,91500000;1,00186461
7,91600000;1,00192632
7,91700000;1,00198904
7,91800000;1,00205278
7,91900000;1,00211752
7,92000000;1,00218327
7,92100000;1,00225004
7,92200000;1,00231781
7,92300000;1,00238660
7,92400000;1,00245640
7,92500000;1,00252721
7,92600000;1,00259904
7,92700000;1,00267188
7,92800000;1,00274573
7,92900000;1,00282059
7,93000000;1,00289647
7,93100000;1,00297337
7,93200000;1,00305128
7,93300000;1,00313020
7,93400000;1,00321014
7,93500000;1,00329110
7,93600000;1,00337307
7,93700000;1,00345606
7,93800000;1,00354007
7,93900000;1,00362509
7,94000000;1,00371113
7,94100000;1,00379819
7,94200000;1,00388628
7,94300000;1,00397538
7,94400000;1,00406550
7,94500000;1,00415664
7,94600000;1,00424880
7,94700000;1,00434198
7,94800000;1,00443618
7,94900000;1,00453141
7,95000000;1,00462766
7,95100000;1,00472493
7,95200000;1,00482323
7,95300000;1,00492255
7,95400000;1,00502290
7,95500000;1,00512427
7,95600000;1,00522666
7,95700000;1,00533009
7,95800000;1,00543454
7,95900000;1,00554002
7,96000000;1,00564652
7,96100000;1,00575405
7,96200000;1,00586262
7,96300000;1,00597221
7,96400000;1,00608283
7,96500000;1,00619448
7,96600000;1,00630717
7,96700000;1,00642088
7,96800000;1,00653563
7,96900000;1,00665141
7,97000000;1,00676823
7,97100000;1,00688608
7,97200000;1,00700496
7,97300000;1,00712488
7,97400000;1,00724583
7,97500000;1,00736782
7,97600000;1,00749085
7,97700000;1,00761492
7,97800000;1,00774002
7,97900000;1,00786617
7,98000000;1,00799335
7,98100000;1,00812158
7,98200000;1,00825084
7,98300000;1,00838115
7,98400000;1,00851250
7,98500000;1,00864489
7,98600000;1,00877832
7,98700000;1,00891280
7,98800000;1,00904833
7,98900000;1,00918490
7,99000000;1,00932252
7,99100000;1,00946118
7,99200000;1,00960089
7,99300000;1,00974165
7,99400000;1,00988346
7,99500000;1,01002632
7,99600000;1,01017023
7,99700000;1,01031520
7,99800000;1,01046121
7,99900000;1,01060828
8,00000000;1,01075640
8,00100000;1,01090558
8,00200000;1,01105581
8,00300000;1,01120709
8,00400000;1,01135944
8,00500000;1,01151284
8,00600000;1,01166730
8,00700000;1,01182282
8,00800000;1,01197940
8,00900000;1,01213704
8,01000000;1,01229574
8,01100000;1,01245550
8,01200000;1,01261633
8,01300000;1,01277822
8,01400000;1,01294118
8,01500000;1,01310520
8,01600000;1,01327028
8,01700000;1,01343644
8,01800000;1,01360366
8,01900000;1,01377196
8,02000000;1,01394132
8,02100000;1,01411175
8,02200000;1,01428326
8,02300000;1,01445584
8,02400000;1,01462949
8,02500000;1,01480422
8,02600000;1,01498002
8,02700000;1,01515690
8,02800000;1,01533485
8,02900000;1,01551388
8,03000000;1,01569400
8,03100000;1,01587519
8,03200000;1,01605746
8,03300000;1,01624082
8,03400000;1,01642525
8,03500000;1,01661078
8,03600000;1,01679738
8,03700000;1,01698507
8,03800000;1,01717385
8,03900000;1,01736372
8,04000000;1,01755467
8,04100000;1,01774672
8,04200000;1,01793985
8,04300000;1,01813408
8,04400000;1,01832940
8,04500000;1,01852581
8,04600000;1,01872332
8,04700000;1,01892193
8,04800000;1,01912163
8,04900000;1,01932242
8,05000000;1,01952432
8,05100000;1,01972732
8,05200000;1,01993142
8,05300000;1,02013662
8,05400000;1,02034292
8,05500000;1,02055033
8,05600000;1,02075884
8,05700000;1,02096846
8,05800000;1,02117919
8,05900000;1,02139102
8,06000000;1,02160397
8,06100000;1,02181802
8,06200000;1,02203319
8,06300000;1,02224947
8,06400000;1,02246687
8,06500000;1,02268538
8,06600000;1,02290501
8,06700000;1,02312575
8,06800000;1,02334762
8,06900000;1,02357060
8,07000000;1,02379471
8,07100000;1,02401993
8,07200000;1,02424629
8,07300000;1,02447376
8,07400000;1,02470236
8,07500000;1,02493209
8,07600000;1,02516295
8,07700000;1,02539494
8,07800000;1,02562806
8,07900000;1,02586231
8,08000000;1,02609769
8,08100000;1,02633421
8,08200000;1,02657186
8,08300000;1,02681066
8,08400000;1,02705059
8,08500000;1,02729165
8,08600000;1,02753387
8,08700000;1,02777722
8,08800000;1,02802171
8,08900000;1,02826736
8,09000000;1,02851414
8,09100000;1,02876208
8,09200000;1,02901116
8,09300000;1,02926140
8,09400000;1,02951278
8,09500000;1,02976532
8,09600000;1,03001901
8,09700000;1,03027386
8,09800000;1,03052987
8,09900000;1,03078703
8,10000000;1,03104535
8,10100000;1,03130484
8,10200000;1,03156548
8,10300000;1,03182730
8,10400000;1,03209027
8,10500000;1,03235441
8,10600000;1,03261972
8,10700000;1,03288621
8,10800000;1,03315386
8,10900000;1,03342268
8,11000000;1,03369268
8,11100000;1,03396385
8,11200000;1,03423620
8,11300000;1,03450973
8,11400000;1,03478444
8,11500000;1,03506033
8,11600000;1,03533740
8,11700000;1,03561566
8,11800000;1,03589510
8,11900000;1,03617573
8,12000000;1,03645755
8,12100000;1,03674056
8,12200000;1,03702476
8,12300000;1,03731015
8,12400000;1,03759674
8,12500000;1,03788453
8,12600000;1,03817351
8,12700000;1,03846369
8,12800000;1,03875508
8,12900000;1,03904767
8,13000000;1,03934146
8,13100000;1,03963646
8,13200000;1,03993266
8,13300000;1,04023008
8,13400000;1,04052871
8,13500000;1,04082855
8,13600000;1,04112960
8,13700000;1,04143187
8,13800000;1,04173536
8,13900000;1,04204006
8,14000000;1,04234545
8,14100000;1,04265259
8,14200000;1,04296097
8,14300000;1,04327056
8,14400000;1,04358139
8,14500000;1,04389344
8,14600000;1,04420673
8,14700000;1,04452124
8,14800000;1,04483700
8,14900000;1,04515398
8,15000000;1,04547221
8,15100000;1,04579168
8,15200000;1,04611239
8,15300000;1,04643434
8,15400000;1,04675754
8,15500000;1,04708198
8,15600000;1,04740768
8,15700000;1,04773462
8,15800000;1,04806282
8,15900000;1,04839227
8,16000000;1,04872298
8,16100000;1,04905494
8,16200000;1,04938817
8,16300000;1,04972266
8,16400000;1,05005841
8,16500000;1,05039543
8,16600000;1,05073371
8,16700000;1,05107326
8,16800000;1,05141409
8,16900000;1,05175619
8,17000000;1,05209956
8,17100000;1,05244421
8,17200000;1,05279014
8,17300000;1,05313735
8,17400000;1,05348584
8,17500000;1,05383562
8,17600000;1,05418669
8,17700000;1,05453904
8,17800000;1,05489269
8,17900000;1,05524762
8,18000000;1,05560386
8,18100000;1,05596139
8,18200000;1,05632021
8,18300000;1,05668034
8,18400000;1,05704178
8,18500000;1,05740451
8,18600000;1,05776856
8,18700000;1,05813391
8,18800000;1,05850058
8,18900000;1,05886856
8,19000000;1,05923785
8,19100000;1,05960846
8,19200000;1,05998039
8,19300000;1,06035365
8,19400000;1,06072823
8,19500000;1,06110413
8,19600000;1,06148136
8,19700000;1,06185992
8,19800000;1,06223982
8,19900000;1,06262105
8,20000000;1,06300362
8,20100000;1,06338753
8,20200000;1,06377277
8,20300000;1,06415937
8,20400000;1,06454731
8,20500000;1,06493659
8,20600000;1,06532723
8,20700000;1,06571922
8,20800000;1,06611256
8,20900000;1,06650727
8,21000000;1,06690333
8,21100000;1,06730075
8,21200000;1,06769954
8,21300000;1,06809970
8,21400000;1,06850122
8,21500000;1,06890411
8,21600000;1,06930838
8,21700000;1,06971403
8,21800000;1,07012105
8,21900000;1,07052946
8,22000000;1,07093924
8,22100000;1,07135042
8,22200000;1,07176298
8,22300000;1,07217693
8,22400000;1,07259227
8,22500000;1,07300901
8,22600000;1,07342715
8,22700000;1,07384669
8,22800000;1,07426763
8,22900000;1,07468997
8,23000000;1,07511373
8,23100000;1,07553889
8,23200000;1,07596547
8,23300000;1,07639346
8,23400000;1,07682287
8,23500000;1,07725370
8,23600000;1,07768595
8,23700000;1,07811963
8,23800000;1,07855474
8,23900000;1,07899128
8,24000000;1,07942925
8,24100000;1,07986865
8,24200000;1,08030950
8,24300000;1,08075179
8,24400000;1,08119552
8,24500000;1,08164070
8,24600000;1,08208732
8,24700000;1,08253540
8,24800000;1,08298493
8,24900000;1,08343593
8,25000000;1,08388838
8,25100000;1,08434229
8,25200000;1,08479767
8,25300000;1,08525452
8,25400000;1,08571284
8,25500000;1,08617263
8,25600000;1,08663390
8,25700000;1,08709665
8,25800000;1,08756088
8,25900000;1,08802659
8,26000000;1,08849380
8,26100000;1,08896249
8,26200000;1,08943268
8,26300000;1,08990437
8,26400000;1,09037755
8,26500000;1,09085224
8,26600000;1,09132843
8,26700000;1,09180613
8,26800000;1,09228535
8,26900000;1,09276607
8,27000000;1,09324832
8,27100000;1,09373208
8,27200000;1,09421737
8,27300000;1,09470418
8,27400000;1,09519252
8,27500000;1,09568239
8,27600000;1,09617380
8,27700000;1,09666675
8,27800000;1,09716124
8,27900000;1,09765727
8,28000000;1,09815485
8,28100000;1,09865398
8,28200000;1,09915466
8,28300000;1,09965690
8,28400000;1,10016070
8,28500000;1,10066606
8,28600000;1,10117299
8,28700000;1,10168149
8,28800000;1,10219156
8,28900000;1,10270321
8,29000000;1,10321644
8,29100000;1,10373124
8,29200000;1,10424764
8,29300000;1,10476562
8,29400000;1,10528519
8,29500000;1,10580636
8,29600000;1,10632913
8,29700000;1,10685350
8,29800000;1,10737948
8,29900000;1,10790706
8,30000000;1,10843626
8,30100000;1,10896707
8,30200000;1,10949950
8,30300000;1,11003355
8,30400000;1,11056922
8,30500000;1,11110653
8,30600000;1,11164547
8,30700000;1,11218604
8,30800000;1,11272826
8,30900000;1,11327211
8,31000000;1,11381761
8,31100000;1,11436477
8,31200000;1,11491357
8,31300000;1,11546403
8,31400000;1,11601616
8,31500000;1,11656994
8,31600000;1,11712540
8,31700000;1,11768252
8,31800000;1,11824132
8,31900000;1,11880180
8,32000000;1,11936396
8,32100000;1,11992781
8,32200000;1,12049334
8,32300000;1,12106057
8,32400000;1,12162950
8,32500000;1,12220012
8,32600000;1,12277245
8,32700000;1,12334649
8,32800000;1,12392224
8,32900000;1,12449971
8,33000000;1,12507889
8,33100000;1,12565980
8,33200000;1,12624244
8,33300000;1,12682680
8,33400000;1,12741290
8,33500000;1,12800074
8,33600000;1,12859032
8,33700000;1,12918165
8,33800000;1,12977473
8,33900000;1,13036956
8,34000000;1,13096616
8,34100000;1,13156451
8,34200000;1,13216463
8,34300000;1,13276652
8,34400000;1,13337018
8,34500000;1,13397562
8,34600000;1,13458285
8,34700000;1,13519186
8,34800000;1,13580266
8,34900000;1,13641526
8,35000000;1,13702965
8,35100000;1,13764585
8,35200000;1,13826386
8,35300000;1,13888367
8,35400000;1,13950531
8,35500000;1,14012876
8,35600000;1,14075403
8,35700000;1,14138114
8,35800000;1,14201008
8,35900000;1,14264085
8,36000000;1,14327346
8,36100000;1,14390792
8,36200000;1,14454423
8,36300000;1,14518240
8,36400000;1,14582242
8,36500000;1,14646430
8,36600000;1,14710806
8,36700000;1,14775368
8,36800000;1,14840118
8,36900000;1,14905056
8,37000000;1,14970183
8,37100000;1,15035498
8,37200000;1,15101003
8,37300000;1,15166698
8,37400000;1,15232583
8,37500000;1,15298659
8,37600000;1,15364927
8,37700000;1,15431386
8,37800000;1,15498037
8,37900000;1,15564881
8,38000000;1,15631918
8,38100000;1,15699148
8,38200000;1,15766573
8,38300000;1,15834192
8,38400000;1,15902006
8,38500000;1,15970015
8,38600000;1,16038221
8,38700000;1,16106623
8,38800000;1,16175222
8,38900000;1,16244018
8,39000000;1,16313013
8,39100000;1,16382205
8,39200000;1,16451597
8,39300000;1,16521188
8,39400000;1,16590979
8,39500000;1,16660970
8,39600000;1,16731162
8,39700000;1,16801555
8,39800000;1,16872151
8,39900000;1,16942949
8,40000000;1,17013949
8,40100000;1,17085153
8,40200000;1,17156561
8,40300000;1,17228174
8,40400000;1,17299991
8,40500000;1,17372014
8,40600000;1,17444243
8,40700000;1,17516679
8,40800000;1,17589321
8,40900000;1,17662172
8,41000000;1,17735230
8,41100000;1,17808497
8,41200000;1,17881973
8,41300000;1,17955659
8,41400000;1,18029555
8,41500000;1,18103662
8,41600000;1,18177981
8,41700000;1,18252511
8,41800000;1,18327254
8,41900000;1,18402210
8,42000000;1,18477379
8,42100000;1,18552763
8,42200000;1,18628361
8,42300000;1,18704174
8,42400000;1,18780203
8,42500000;1,18856449
8,42600000;1,18932912
8,42700000;1,19009592
8,42800000;1,19086490
8,42900000;1,19163607
8,43000000;1,19240943
8,43100000;1,19318499
8,43200000;1,19396276
8,43300000;1,19474273
8,43400000;1,19552492
8,43500000;1,19630934
8,43600000;1,19709598
8,43700000;1,19788485
8,43800000;1,19867597
8,43900000;1,19946933
8,44000000;1,20026494
8,44100000;1,20106281
8,44200000;1,20186294
8,44300000;1,20266535
8,44400000;1,20347003
8,44500000;1,20427699
8,44600000;1,20508624
8,44700000;1,20589779
8,44800000;1,20671164
8,44900000;1,20752780
8,45000000;1,20834627
8,45100000;1,20916706
8,45200000;1,20999018
8,45300000;1,21081563
8,45400000;1,21164342
8,45500000;1,21247355
8,45600000;1,21330604
8,45700000;1,21414089
8,45800000;1,21497810
8,45900000;1,21581768
8,46000000;1,21665965
8,46100000;1,21750399
8,46200000;1,21835073
8,46300000;1,21919987
8,46400000;1,22005142
8,46500000;1,22090537
8,46600000;1,22176175
8,46700000;1,22262055
8,46800000;1,22348178
8,46900000;1,22434546
8,47000000;1,22521158
8,47100000;1,22608015
8,47200000;1,22695118
8,47300000;1,22782468
8,47400000;1,22870066
8,47500000;1,22957911
8,47600000;1,23046005
8,47700000;1,23134349
8,47800000;1,23222944
8,47900000;1,23311789
8,48000000;1,23400885
8,48100000;1,23490235
8,48200000;1,23579837
8,48300000;1,23669693
8,48400000;1,23759804
8,48500000;1,23850171
8,48600000;1,23940793
8,48700000;1,24031672
8,48800000;1,24122809
8,48900000;1,24214204
8,49000000;1,24305858
8,49100000;1,24397772
8,49200000;1,24489947
8,49300000;1,24582383
8,49400000;1,24675081
8,49500000;1,24768042
8,49600000;1,24861267
8,49700000;1,24954756
8,49800000;1,25048511
8,49900000;1,25142531
8,50000000;1,25236818
8,50100000;1,25331373
8,50200000;1,25426197
8,50300000;1,25521289
8,50400000;1,25616652
8,50500000;1,25712285
8,50600000;1,25808190
8,50700000;1,25904368
8,50800000;1,26000818
8,50900000;1,26097543
8,51000000;1,26194543
8,51100000;1,26291818
8,51200000;1,26389370
8,51300000;1,26487200
8,51400000;1,26585307
8,51500000;1,26683694
8,51600000;1,26782361
8,51700000;1,26881308
8,51800000;1,26980537
8,51900000;1,27080049
8,52000000;1,27179844
8,52100000;1,27279923
8,52200000;1,27380288
8,52300000;1,27480938
8,52400000;1,27581875
8,52500000;1,27683100
8,52600000;1,27784614
8,52700000;1,27886417
8,52800000;1,27988510
8,52900000;1,28090895
8,53000000;1,28193572
8,53100000;1,28296542
8,53200000;1,28399807
8,53300000;1,28503366
8,53400000;1,28607221
8,53500000;1,28711373
8,53600000;1,28815823
8,53700000;1,28920571
8,53800000;1,29025619
8,53900000;1,29130968
8,54000000;1,29236618
8,54100000;1,29342571
8,54200000;1,29448827
8,54300000;1,29555387
8,54400000;1,29662253
8,54500000;1,29769425
8,54600000;1,29876904
8,54700000;1,29984692
8,54800000;1,30092789
8,54900000;1,30201196
8,55000000;1,30309914
8,55100000;1,30418945
8,55200000;1,30528289
8,55300000;1,30637947
8,55400000;1,30747920
8,55500000;1,30858210
8,55600000;1,30968817
8,55700000;1,31079742
8,55800000;1,31190987
8,55900000;1,31302552
8,56000000;1,31414438
8,56100000;1,31526647
8,56200000;1,31639180
8,56300000;1,31752037
8,56400000;1,31865220
8,56500000;1,31978729
8,56600000;1,32092566
8,56700000;1,32206733
8,56800000;1,32321229
8,56900000;1,32436056
8,57000000;1,32551215
8,57100000;1,32666707
8,57200000;1,32782534
8,57300000;1,32898696
8,57400000;1,33015195
8,57500000;1,33132032
8,57600000;1,33249207
8,57700000;1,33366722
8,57800000;1,33484578
8,57900000;1,33602777
8,58000000;1,33721319
8,58100000;1,33840205
8,58200000;1,33959437
8,58300000;1,34079016
8,58400000;1,34198942
8,58500000;1,34319218
8,58600000;1,34439845
8,58700000;1,34560822
8,58800000;1,34682153
8,58900000;1,34803837
8,59000000;1,34925877
8,59100000;1,35048273
8,59200000;1,35171026
8,59300000;1,35294139
8,59400000;1,35417611
8,59500000;1,35541444
8,59600000;1,35665640
8,59700000;1,35790200
8,59800000;1,35915125
8,59900000;1,36040416
8,60000000;1,36166074
8,60100000;1,36292101
8,60200000;1,36418498
8,60300000;1,36545267
8,60400000;1,36672408
8,60500000;1,36799923
8,60600000;1,36927814
8,60700000;1,37056080
8,60800000;1,37184725
8,60900000;1,37313749
8,61000000;1,37443153
8,61100000;1,37572939
8,61200000;1,37703109
8,61300000;1,37833663
8,61400000;1,37964602
8,61500000;1,38095929
8,61600000;1,38227645
8,61700000;1,38359751
8,61800000;1,38492247
8,61900000;1,38625137
8,62000000;1,38758421
8,62100000;1,38892101
8,62200000;1,39026177
8,62300000;1,39160652
8,62400000;1,39295526
8,62500000;1,39430802
8,62600000;1,39566481
8,62700000;1,39702564
8,62800000;1,39839052
8,62900000;1,39975948
8,63000000;1,40113252
8,63100000;1,40250966
8,63200000;1,40389091
8,63300000;1,40527630
8,63400000;1,40666583
8,63500000;1,40805952
8,63600000;1,40945738
8,63700000;1,41085944
8,63800000;1,41226570
8,63900000;1,41367618
8,64000000;1,41509090
8,64100000;1,41650987
8,64200000;1,41793311
8,64300000;1,41936064
8,64400000;1,42079246
8,64500000;1,42222860
8,64600000;1,42366907
8,64700000;1,42511388
8,64800000;1,42656306
8,64900000;1,42801662
8,65000000;1,42947458
8,65100000;1,43093695
8,65200000;1,43240375
8,65300000;1,43387499
8,65400000;1,43535069
8,65500000;1,43683088
8,65600000;1,43831556
8,65700000;1,43980475
8,65800000;1,44129847
8,65900000;1,44279674
8,66000000;1,44429958
8,66100000;1,44580699
8,66200000;1,44731900
8,66300000;1,44883563
8,66400000;1,45035690
8,66500000;1,45188281
8,66600000;1,45341339
8,66700000;1,45494866
8,66800000;1,45648864
8,66900000;1,45803334
8,67000000;1,45958278
8,67100000;1,46113698
8,67200000;1,46269595
8,67300000;1,46425972
8,67400000;1,46582831
8,67500000;1,46740173
8,67600000;1,46898000
8,67700000;1,47056315
8,67800000;1,47215118
8,67900000;1,47374412
8,68000000;1,47534199
8,68100000;1,47694481
8,68200000;1,47855259
8,68300000;1,48016536
8,68400000;1,48178314
8,68500000;1,48340594
8,68600000;1,48503378
8,68700000;1,48666669
8,68800000;1,48830468
8,68900000;1,48994778
8,69000000;1,49159601
8,69100000;1,49324938
8,69200000;1,49490792
8,69300000;1,49657164
8,69400000;1,49824057
8,69500000;1,49991473
8,69600000;1,50159414
8,69700000;1,50327881
8,69800000;1,50496878
8,69900000;1,50666406
8,70000000;1,50836467
8,70100000;1,51007064
8,70200000;1,51178199
8,70300000;1,51349873
8,70400000;1,51522090
8,70500000;1,51694851
8,70600000;1,51868158
8,70700000;1,52042014
8,70800000;1,52216420
8,70900000;1,52391380
8,71000000;1,52566895
8,71100000;1,52742968
8,71200000;1,52919601
8,71300000;1,53096796
8,71400000;1,53274556
8,71500000;1,53452883
8,71600000;1,53631778
8,71700000;1,53811246
8,71800000;1,53991287
8,71900000;1,54171905
8,72000000;1,54353102
8,72100000;1,54534879
8,72200000;1,54717240
8,72300000;1,54900187
8,72400000;1,55083723
8,72500000;1,55267970
8,72600000;1,55452691
8,72700000;1,55638008
8,72800000;1,55823923
8,72900000;1,56010439
8,73000000;1,56197558
8,73100000;1,56385283
8,73200000;1,56573617
8,73300000;1,56762562
8,73400000;1,56952121
8,73500000;1,57142296
8,73600000;1,57333090
8,73700000;1,57524506
8,73800000;1,57716546
8,73900000;1,57909212
8,74000000;1,58102509
8,74100000;1,58296437
8,74200000;1,58491001
8,74300000;1,58686202
8,74400000;1,58882044
8,74500000;1,59078529
8,74600000;1,59275661
8,74700000;1,59473441
8,74800000;1,59671873
8,74900000;1,59870959
8,75000000;1,60070702
8,75100000;1,60271106
8,75200000;1,60472173
8,75300000;1,60673906
8,75400000;1,60876308
8,75500000;1,61079382
8,75600000;1,61283130
8,75700000;1,61487556
8,75800000;1,61692663
8,75900000;1,61898454
8,76000000;1,62104932
8,76100000;1,62312099
8,76200000;1,62519960
8,76300000;1,62728516
8,76400000;1,62937772
8,76500000;1,63147730
8,76600000;1,63358393
8,76700000;1,63569764
8,76800000;1,63781848
8,76900000;1,63994646
8,77000000;1,64208162
8,77100000;1,64422400
8,77200000;1,64637362
8,77300000;1,64853053
8,77400000;1,65069474
8,77500000;1,65286630
8,77600000;1,65504523
8,77700000;1,65723158
8,77800000;1,65942538
8,77900000;1,66162665
8,78000000;1,66383544
8,78100000;1,66605177
8,78200000;1,66827569
8,78300000;1,67050723
8,78400000;1,67274642
8,78500000;1,67499330
8,78600000;1,67724790
8,78700000;1,67951026
8,78800000;1,68178042
8,78900000;1,68405841
8,79000000;1,68634427
8,79100000;1,68863803
8,79200000;1,69093973
8,79300000;1,69324941
8,79400000;1,69556711
8,79500000;1,69789286
8,79600000;1,70022671
8,79700000;1,70256868
8,79800000;1,70491882
8,79900000;1,70727717
8,80000000;1,70964376
8,80100000;1,71201864
8,80200000;1,71440184
8,80300000;1,71679341
8,80400000;1,71919338
8,80500000;1,72160179
8,80600000;1,72401869
8,80700000;1,72644411
8,80800000;1,72887809
8,80900000;1,73132068
8,81000000;1,73377192
8,81100000;1,73623185
8,81200000;1,73870052
8,81300000;1,74117795
8,81400000;1,74366420
8,81500000;1,74615931
8,81600000;1,74866332
8,81700000;1,75117628
8,81800000;1,75369823
8,81900000;1,75622921
8,82000000;1,75876927
8,82100000;1,76131845
8,82200000;1,76387680
8,82300000;1,76644435
8,82400000;1,76902117
8,82500000;1,77160729
8,82600000;1,77420276
8,82700000;1,77680762
8,82800000;1,77942193
8,82900000;1,78204572
8,83000000;1,78467905
8,83100000;1,78732197
8,83200000;1,78997452
8,83300000;1,79263674
8,83400000;1,79530870
8,83500000;1,79799043
8,83600000;1,80068200
8,83700000;1,80338343
8,83800000;1,80609480
8,83900000;1,80881614
8,84000000;1,81154751
8,84100000;1,81428896
8,84200000;1,81704053
8,84300000;1,81980229
8,84400000;1,82257428
8,84500000;1,82535656
8,84600000;1,82814918
8,84700000;1,83095218
8,84800000;1,83376564
8,84900000;1,83658959
8,85000000;1,83942409
8,85100000;1,84226921
8,85200000;1,84512498
8,85300000;1,84799148
8,85400000;1,85086875
8,85500000;1,85375685
8,85600000;1,85665583
8,85700000;1,85956576
8,85800000;1,86248669
8,85900000;1,86541868
8,86000000;1,86836179
8,86100000;1,87131607
8,86200000;1,87428159
8,86300000;1,87725840
8,86400000;1,88024657
8,86500000;1,88324615
8,86600000;1,88625720
8,86700000;1,88927979
8,86800000;1,89231398
8,86900000;1,89535983
8,87000000;1,89841740
8,87100000;1,90148676
8,87200000;1,90456797
8,87300000;1,90766108
8,87400000;1,91076618
8,87500000;1,91388332
8,87600000;1,91701256
8,87700000;1,92015398
8,87800000;1,92330764
8,87900000;1,92647360
8,88000000;1,92965193
8,88100000;1,93284271
8,88200000;1,93604599
8,88300000;1,93926186
8,88400000;1,94249036
8,88500000;1,94573159
8,88600000;1,94898560
8,88700000;1,95225247
8,88800000;1,95553227
8,88900000;1,95882507
8,89000000;1,96213095
8,89100000;1,96544997
8,89200000;1,96878221
8,89300000;1,97212774
8,89400000;1,97548664
8,89500000;1,97885899
8,89600000;1,98224485
8,89700000;1,98564431
8,89800000;1,98905744
8,89900000;1,99248432
8,90000000;1,99592503
8,90100000;1,99937965
8,90200000;2,00284825
8,90300000;2,00633092
8,90400000;2,00982773
8,90500000;2,01333877
8,90600000;2,01686412
8,90700000;2,02040386
8,90800000;2,02395808
8,90900000;2,02752685
8,91000000;2,03111027
8,91100000;2,03470841
8,91200000;2,03832137
8,91300000;2,04194922
8,91400000;2,04559207
8,91500000;2,04924998
8,91600000;2,05292306
8,91700000;2,05661139
8,91800000;2,06031506
8,91900000;2,06403416
8,92000000;2,06776878
8,92100000;2,07151902
8,92200000;2,07528497
8,92300000;2,07906671
8,92400000;2,08286435
8,92500000;2,08667798
8,92600000;2,09050770
8,92700000;2,09435359
8,92800000;2,09821577
8,92900000;2,10209432
8,93000000;2,10598935
8,93100000;2,10990095
8,93200000;2,11382923
8,93300000;2,11777428
8,93400000;2,12173622
8,93500000;2,12571513
8,93600000;2,12971113
8,93700000;2,13372432
8,93800000;2,13775481
8,93900000;2,14180269
8,94000000;2,14586809
8,94100000;2,14995110
8,94200000;2,15405183
8,94300000;2,15817041
8,94400000;2,16230692
8,94500000;2,16646150
8,94600000;2,17063425
8,94700000;2,17482528
8,94800000;2,17903471
8,94900000;2,18326265
8,95000000;2,18750922
8,95100000;2,19177454
8,95200000;2,19605873
8,95300000;2,20036190
8,95400000;2,20468418
8,95500000;2,20902569
8,95600000;2,21338655
8,95700000;2,21776688
8,95800000;2,22216681
8,95900000;2,22658647
8,96000000;2,23102597
8,96100000;2,23548546
8,96200000;2,23996505
8,96300000;2,24446488
8,96400000;2,24898508
8,96500000;2,25352578
8,96600000;2,25808711
8,96700000;2,26266922
8,96800000;2,26727223
8,96900000;2,27189628
8,97000000;2,27654152
8,97100000;2,28120807
8,97200000;2,28589609
8,97300000;2,29060571
8,97400000;2,29533708
8,97500000;2,30009034
8,97600000;2,30486563
8,97700000;2,30966311
8,97800000;2,31448292
8,97900000;2,31932522
8,98000000;2,32419014
8,98100000;2,32907786
8,98200000;2,33398851
8,98300000;2,33892226
8,98400000;2,34387925
8,98500000;2,34885966
8,98600000;2,35386364
8,98700000;2,35889135
8,98800000;2,36394295
8,98900000;2,36901861
8,99000000;2,37411849
8,99100000;2,37924276
8,99200000;2,38439159
8,99300000;2,38956514
8,99400000;2,39476360
8,99500000;2,39998712
8,99600000;2,40523590
8,99700000;2,41051010
8,99800000;2,41580990
8,99900000;2,42113548
9,00000000;2,42648703
9,00100000;2,43186473
9,00200000;2,43726875
9,00300000;2,44269930
9,00400000;2,44815655
9,00500000;2,45364071
9,00600000;2,45915195
9,00700000;2,46469048
9,00800000;2,47025648
9,00900000;2,47585017
9,01000000;2,48147173
9,01100000;2,48712137
9,01200000;2,49279929
9,01300000;2,49850570
9,01400000;2,50424081
9,01500000;2,51000482
9,01600000;2,51579795
9,01700000;2,52162041
9,01800000;2,52747242
9,01900000;2,53335419
9,02000000;2,53926594
9,02100000;2,54520791
9,02200000;2,55118030
9,02300000;2,55718335
9,02400000;2,56321729
9,02500000;2,56928234
9,02600000;2,57537875
9,02700000;2,58150674
9,02800000;2,58766657
9,02900000;2,59385845
9,03000000;2,60008265
9,03100000;2,60633940
9,03200000;2,61262896
9,03300000;2,61895157
9,03400000;2,62530749
9,03500000;2,63169697
9,03600000;2,63812028
9,03700000;2,64457766
9,03800000;2,65106940
9,03900000;2,65759575
9,04000000;2,66415698
9,04100000;2,67075336
9,04200000;2,67738518
9,04300000;2,68405270
9,04400000;2,69075622
9,04500000;2,69749600
9,04600000;2,70427235
9,04700000;2,71108554
9,04800000;2,71793588
9,04900000;2,72482365
9,05000000;2,73174916
9,05100000;2,73871271
9,05200000;2,74571461
9,05300000;2,75275516
9,05400000;2,75983468
9,05500000;2,76695348
9,05600000;2,77411188
9,05700000;2,78131020
9,05800000;2,78854878
9,05900000;2,79582793
9,06000000;2,80314799
9,06100000;2,81050931
9,06200000;2,81791222
9,06300000;2,82535706
9,06400000;2,83284418
9,06500000;2,84037394
9,06600000;2,84794668
9,06700000;2,85556278
9,06800000;2,86322260
9,06900000;2,87092649
9,07000000;2,87867484
9,07100000;2,88646803
9,07200000;2,89430642
9,07300000;2,90219041
9,07400000;2,91012039
9,07500000;2,91809676
9,07600000;2,92611989
9,07700000;2,93419022
9,07800000;2,94230813
9,07900000;2,95047404
9,08000000;2,95868838
9,08100000;2,96695155
9,08200000;2,97526400
9,08300000;2,98362614
9,08400000;2,99203842
9,08500000;3,00050128
9,08600000;3,00901517
9,08700000;3,01758054
9,08800000;3,02619785
9,08900000;3,03486756
9,09000000;3,04359013
9,09100000;3,05236606
9,09200000;3,06119581
9,09300000;3,07007987
9,09400000;3,07901873
9,09500000;3,08801290
9,09600000;3,09706287
9,09700000;3,10616916
9,09800000;3,11533229
9,09900000;3,12455277
9,10000000;3,13383113
9,10100000;3,14316791
9,10200000;3,15256366
9,10300000;3,16201892
9,10400000;3,17153425
9,10500000;3,18111021
9,10600000;3,19074737
9,10700000;3,20044631
9,10800000;3,21020762
9,10900000;3,22003188
9,11000000;3,22991970
9,11100000;3,23987168
9,11200000;3,24988843
9,11300000;3,25997059
9,11400000;3,27011878
9,11500000;3,28033363
9,11600000;3,29061581
9,11700000;3,30096595
9,11800000;3,31138474
9,11900000;3,32187283
9,12000000;3,33243092
9,12100000;3,34305969
9,12200000;3,35375984
9,12300000;3,36453208
9,12400000;3,37537713
9,12500000;3,38629572
9,12600000;3,39728859
9,12700000;3,40835648
9,12800000;3,41950015
9,12900000;3,43072037
9,13000000;3,44201792
9,13100000;3,45339359
9,13200000;3,46484817
9,13300000;3,47638248
9,13400000;3,48799735
9,13500000;3,49969360
9,13600000;3,51147207
9,13700000;3,52333364
9,13800000;3,53527915
9,13900000;3,54730950
9,14000000;3,55942559
9,14100000;3,57162830
9,14200000;3,58391857
9,14300000;3,59629732
9,14400000;3,60876550
9,14500000;3,62132407
9,14600000;3,63397400
9,14700000;3,64671628
9,14800000;3,65955190
9,14900000;3,67248188
9,15000000;3,68550726
9,15100000;3,69862907
9,15200000;3,71184838
9,15300000;3,72516626
9,15400000;3,73858380
9,15500000;3,75210212
9,15600000;3,76572233
9,15700000;3,77944558
9,15800000;3,79327302
9,15900000;3,80720584
9,16000000;3,82124521
9,16100000;3,83539237
9,16200000;3,84964853
9,16300000;3,86401494
9,16400000;3,87849288
9,16500000;3,89308362
9,16600000;3,90778848
9,16700000;3,92260879
9,16800000;3,93754589
9,16900000;3,95260115
9,17000000;3,96777596
9,17100000;3,98307174
9,17200000;3,99848992
9,17300000;4,01403196
9,17400000;4,02969934
9,17500000;4,04549357
9,17600000;4,06141617
9,17700000;4,07746870
9,17800000;4,09365273
9,17900000;4,10996988
9,18000000;4,12642176
9,18100000;4,14301005
9,18200000;4,15973643
9,18300000;4,17660260
9,18400000;4,19361031
9,18500000;4,21076133
9,18600000;4,22805747
9,18700000;4,24550054
9,18800000;4,26309241
9,18900000;4,28083498
9,19000000;4,29873017
9,19100000;4,31677994
9,19200000;4,33498628
9,19300000;4,35335121
9,19400000;4,37187680
9,19500000;4,39056514
9,19600000;4,40941837
9,19700000;4,42843865
9,19800000;4,44762821
9,19900000;4,46698928
9,20000000;4,48652416
9,20100000;4,50623518
9,20200000;4,52612470
9,20300000;4,54619514
9,20400000;4,56644896
9,20500000;4,58688866
9,20600000;4,60751679
9,20700000;4,62833595
9,20800000;4,64934877
9,20900000;4,67055795
9,21000000;4,69196624
9,21100000;4,71357642
9,21200000;4,73539135
9,21300000;4,75741392
9,21400000;4,77964708
9,21500000;4,80209385
9,21600000;4,82475730
9,21700000;4,84764056
9,21800000;4,87074681
9,21900000;4,89407930
9,22000000;4,91764135
9,22100000;4,94143634
9,22200000;4,96546771
9,22300000;4,98973898
9,22400000;5,01425373
9,22500000;5,03901561
9,22600000;5,06402837
9,22700000;5,08929579
9,22800000;5,11482177
9,22900000;5,14061026
9,23000000;5,16666531
9,23100000;5,19299104
9,23200000;5,21959167
9,23300000;5,24647150
9,23400000;5,27363491
9,23500000;5,30108639
9,23600000;5,32883051
9,23700000;5,35687195
9,23800000;5,38521549
9,23900000;5,41386600
9,24000000;5,44282847
9,24100000;5,47210799
9,24200000;5,50170976
9,24300000;5,53163910
9,24400000;5,56190144
9,24500000;5,59250235
9,24600000;5,62344750
9,24700000;5,65474270
9,24800000;5,68639389
9,24900000;5,71840714
9,25000000;5,75078868
9,25100000;5,78354486
9,25200000;5,81668218
9,25300000;5,85020730
9,25400000;5,88412703
9,25500000;5,91844834
9,25600000;5,95317837
9,25700000;5,98832443
9,25800000;6,02389401
9,25900000;6,05989475
9,26000000;6,09633453
9,26100000;6,13322136
9,26200000;6,17056351
9,26300000;6,20836940
9,26400000;6,24664769
9,26500000;6,28540725
9,26600000;6,32465718
9,26700000;6,36440679
9,26800000;6,40466565
9,26900000;6,44544356
9,27000000;6,48675059
9,27100000;6,52859705
9,27200000;6,57099354
9,27300000;6,61395094
9,27400000;6,65748039
9,27500000;6,70159336
9,27600000;6,74630161
9,27700000;6,79161723
9,27800000;6,83755262
9,27900000;6,88412056
9,28000000;6,93133413
9,28100000;6,97920682
9,28200000;7,02775247
9,28300000;7,07698532
9,28400000;7,12692002
9,28500000;7,17757162
9,28600000;7,22895563
9,28700000;7,28108799
9,28800000;7,33398511
9,28900000;7,38766390
9,29000000;7,44214175
9,29100000;7,49743658
9,29200000;7,55356685
9,29300000;7,61055157
9,29400000;7,66841035
9,29500000;7,72716340
9,29600000;7,78683154
9,29700000;7,84743626
9,29800000;7,90899972
9,29900000;7,97154479
9,30000000;8,03509507
9,30100000;8,09967492
9,30200000;8,16530950
9,30300000;8,23202479
9,30400000;8,29984764
9,30500000;8,36880578
9,30600000;8,43892789
9,30700000;8,51024361
9,30800000;8,58278362
9,30900000;8,65657963
9,31000000;8,73166447
9,31100000;8,80807212
9,31200000;8,88583778
9,31300000;8,96499789
9,31400000;9,04559021
9,31500000;9,12765388
9,31600000;9,21122948
9,31700000;9,29635909
9,31800000;9,38308638
9,31900000;9,47145666
9,32000000;9,56151696
9,32100000;9,65331615
9,32200000;9,74690498
9,32300000;9,84233621
9,32400000;9,93966466
9,32500000;10,03894740
9,32600000;10,14024378
9,32700000;10,24361556
9,32800000;10,34912710
9,32900000;10,45684542
9,33000000;10,56684036
9,33100000;10,67918475
9,33200000;10,79395457
9,33300000;10,91122909
9,33400000;11,03109110
9,33500000;11,15362705
9,33600000;11,27892731
9,33700000;11,40708635
9,33800000;11,53820299
9,33900000;11,67238069
9,34000000;11,80972776
9,34100000;11,95028597
9,34200000;12,09431559
9,34300000;12,24187177
9,34400000;12,39308547
9,34500000;12,54809423
9,34600000;12,70704257
9,34700000;12,87008245
9,34800000;13,03737373
9,34900000;13,20908473
9,35000000;13,38539277
9,35100000;13,56648476
9,35200000;13,75255791
9,35300000;13,94382040
9,35400000;14,14049220
9,35500000;14,34280586
9,35600000;14,55100749
9,35700000;14,76535768
9,35800000;14,98613266
9,35900000;15,21362546
9,36000000;15,44814720
9,36100000;15,69002849
9,36200000;15,93962103
9,36300000;16,19729929
9,36400000;16,46346238
9,36500000;16,73853611
9,36600000;17,02297528
9,36700000;17,31726617
9,36800000;17,62192932
9,36900000;17,93752260
9,37000000;18,26464461
9,37100000;18,60393847
9,37200000;18,95609607
9,37300000;19,32186272
9,37400000;19,70204245
9,37500000;20,09750390
9,37600000;20,50918695
9,37700000;20,93811016
9,37800000;21,38537918
9,37900000;21,85219629
9,38000000;22,33987115
9,38100000;22,84983310
9,38200000;23,38364511
9,38300000;23,94301981
9,38400000;24,52983783
9,38500000;25,14616890
9,38600000;25,79429626
9,38700000;26,47674489
9,38800000;27,19631440
9,38900000;27,95611738
9,39000000;28,75962444
9,39100000;29,61071717
9,39200000;30,51375082
9,39300000;31,47362889
9,39400000;32,49589214
9,39500000;33,58682558
9,39600000;34,75358783
9,39700000;36,00436836
9,39800000;37,34857992
9,39900000;38,79709586
9,40000000;40,36254486
9,40100000;42,05968002
9,40200000;43,90584523
9,40300000;45,92156994
9,40400000;48,13133575
9,40500000;50,56457556
9,40600000;53,25699194
9,40700000;56,25232040
9,40800000;59,60472340
9,40900000;63,38209448
9,41000000;67,67070417
9,41100000;72,58186889
9,41200000;78,26175139
9,41300000;84,90615373
9,41400000;92,78354537
9,41500000;102,27222190
9,41600000;113,92286276
9,41700000;128,56934643
9,41800000;147,53766152
9,41900000;173,07175610
9,42000000;209,29415168
9,42100000;264,69215522
9,42200000;359,97389199
9,42300000;562,43538619
9,42400000;1285,37512153
9,42500000;-4504,16406790
9,42600000;-818,31966259
9,42700000;-450,04203118
9,42800000;-310,36519217
9,42900000;-236,85436429
9,43000000;-191,49779069
9,43100000;-160,72065062
9,43200000;-138,46669944
9,43300000;-121,62604730
9,43400000;-108,43770228
9,43500000;-97,82977010
9,43600000;-89,11242479
9,43700000;-81,82160542
9,43800000;-75,63364141
9,43900000;-70,31589585
9,44000000;-65,69686351
9,44100000;-61,64732868
9,44200000;-58,06808738
9,44300000;-54,88171236
9,44400000;-52,02688858
9,44500000;-49,45442936
9,44600000;-47,12441891
9,44700000;-45,00412635
9,44800000;-43,06645868
9,44900000;-41,28879706
9,45000000;-39,65210975
9,45100000;-38,14026822
9,45200000;-36,73951385
9,45300000;-35,43803808
9,45400000;-34,22564874
9,45500000;-33,09350262
9,45600000;-32,03388948
9,45700000;-31,04005621
9,45800000;-30,10606277
9,45900000;-29,22666344
9,46000000;-28,39720822
9,46100000;-27,61356061
9,46200000;-26,87202863
9,46300000;-26,16930669
9,46400000;-25,50242629
9,46500000;-24,86871415
9,46600000;-24,26575640
9,46700000;-23,69136785
9,46800000;-23,14356554
9,46900000;-22,62054587
9,47000000;-22,12066478
9,47100000;-21,64242048
9,47200000;-21,18443839
9,47300000;-20,74545795
9,47400000;-20,32432104
9,47500000;-19,91996179
9,47600000;-19,53139756
9,47700000;-19,15772096
9,47800000;-18,79809282
9,47900000;-18,45173586
9,48000000;-18,11792911
9,48100000;-17,79600289
9,48200000;-17,48533434
9,48300000;-17,18534339
9,48400000;-16,89548914
9,48500000;-16,61526663
9,48600000;-16,34420389
9,48700000;-16,08185927
9,48800000;-15,82781910
9,48900000;-15,58169544
9,49000000;-15,34312416
9,49100000;-15,11176313
9,49200000;-14,88729056
9,49300000;-14,66940354
9,49400000;-14,45781666
9,49500000;-14,25226077
9,49600000;-14,05248184
9,49700000;-13,85823989
9,49800000;-13,66930807
9,49900000;-13,48547175
9,50000000;-13,30652771
9,50100000;-13,13228340
9,50200000;-12,96255624
9,50300000;-12,79717299
9,50400000;-12,63596914
9,50500000;-12,47878841
9,50600000;-12,32548220
9,50700000;-12,17590914
9,50800000;-12,02993466
9,50900000;-11,88743058
9,51000000;-11,74827474
9,51100000;-11,61235062
9,51200000;-11,47954709
9,51300000;-11,34975802
9,51400000;-11,22288206
9,51500000;-11,09882234
9,51600000;-10,97748625
9,51700000;-10,85878519
9,51800000;-10,74263435
9,51900000;-10,62895255
9,52000000;-10,51766199
9,52100000;-10,40868811
9,52200000;-10,30195944
9,52300000;-10,19740741
9,52400000;-10,09496618
9,52500000;-9,99457260
9,52600000;-9,89616596
9,52700000;-9,79968796
9,52800000;-9,70508254
9,52900000;-9,61229580
9,53000000;-9,52127589
9,53100000;-9,43197291
9,53200000;-9,34433882
9,53300000;-9,25832736
9,53400000;-9,17389397
9,53500000;-9,09099568
9,53600000;-9,00959110
9,53700000;-8,92964029
9,53800000;-8,85110473
9,53900000;-8,77394726
9,54000000;-8,69813199
9,54100000;-8,62362428
9,54200000;-8,55039066
9,54300000;-8,47839880
9,54400000;-8,40761747
9,54500000;-8,33801644
9,54600000;-8,26956652
9,54700000;-8,20223944
9,54800000;-8,13600787
9,54900000;-8,07084536
9,55000000;-8,00672628
9,55100000;-7,94362586
9,55200000;-7,88152005
9,55300000;-7,82038560
9,55400000;-7,76019995
9,55500000;-7,70094124
9,55600000;-7,64258828
9,55700000;-7,58512053
9,55800000;-7,52851805
9,55900000;-7,47276150
9,56000000;-7,41783211
9,56100000;-7,36371167
9,56200000;-7,31038249
9,56300000;-7,25782740
9,56400000;-7,20602971
9,56500000;-7,15497324
9,56600000;-7,10464222
9,56700000;-7,05502136
9,56800000;-7,00609578
9,56900000;-6,95785103
9,57000000;-6,91027303
9,57100000;-6,86334810
9,57200000;-6,81706295
9,57300000;-6,77140462
9,57400000;-6,72636051
9,57500000;-6,68191835
9,57600000;-6,63806620
9,57700000;-6,59479245
9,57800000;-6,55208575
9,57900000;-6,50993508
9,58000000;-6,46832970
9,58100000;-6,42725913
9,58200000;-6,38671318
9,58300000;-6,34668188
9,58400000;-6,30715556
9,58500000;-6,26812474
9,58600000;-6,22958022
9,58700000;-6,19151299
9,58800000;-6,15391430
9,58900000;-6,11677557
9,59000000;-6,08008846
9,59100000;-6,04384482
9,59200000;-6,00803668
9,59300000;-5,97265630
9,59400000;-5,93769607
9,59500000;-5,90314861
9,59600000;-5,86900667
9,59700000;-5,83526319
9,59800000;-5,80191128
9,59900000;-5,76894419
9,60000000;-5,73635532
9,60100000;-5,70413826
9,60200000;-5,67228669
9,60300000;-5,64079448
9,60400000;-5,60965559
9,60500000;-5,57886416
9,60600000;-5,54841443
9,60700000;-5,51830078
9,60800000;-5,48851770
9,60900000;-5,45905982
9,61000000;-5,42992185
9,61100000;-5,40109866
9,61200000;-5,37258520
9,61300000;-5,34437653
9,61400000;-5,31646782
9,61500000;-5,28885434
9,61600000;-5,26153145
9,61700000;-5,23449463
9,61800000;-5,20773944
9,61900000;-5,18126151
9,62000000;-5,15505660
9,62100000;-5,12912053
9,62200000;-5,10344921
9,62300000;-5,07803863
9,62400000;-5,05288487
9,62500000;-5,02798408
9,62600000;-5,00333249
9,62700000;-4,97892640
9,62800000;-4,95476219
9,62900000;-4,93083631
9,63000000;-4,90714527
9,63100000;-4,88368566
9,63200000;-4,86045412
9,63300000;-4,83744738
9,63400000;-4,81466220
9,63500000;-4,79209543
9,63600000;-4,76974397
9,63700000;-4,74760477
9,63800000;-4,72567485
9,63900000;-4,70395127
9,64000000;-4,68243116
9,64100000;-4,66111171
9,64200000;-4,63999012
9,64300000;-4,61906370
9,64400000;-4,59832976
9,64500000;-4,57778569
9,64600000;-4,55742891
9,64700000;-4,53725690
9,64800000;-4,51726716
9,64900000;-4,49745727
9,65000000;-4,47782482
9,65100000;-4,45836747
9,65200000;-4,43908290
9,65300000;-4,41996884
9,65400000;-4,40102307
9,65500000;-4,38224338
9,65600000;-4,36362763
9,65700000;-4,34517369
9,65800000;-4,32687949
9,65900000;-4,30874299
9,66000000;-4,29076216
9,66100000;-4,27293503
9,66200000;-4,25525967
9,66300000;-4,23773415
9,66400000;-4,22035661
9,66500000;-4,20312519
9,66600000;-4,18603807
9,66700000;-4,16909347
9,66800000;-4,15228964
9,66900000;-4,13562484
9,67000000;-4,11909737
9,67100000;-4,10270556
9,67200000;-4,08644777
9,67300000;-4,07032237
9,67400000;-4,05432778
9,67500000;-4,03846241
9,67600000;-4,02272474
9,67700000;-4,00711325
9,67800000;-3,99162643
9,67900000;-3,97626282
9,68000000;-3,96102097
9,68100000;-3,94589945
9,68200000;-3,93089687
9,68300000;-3,91601184
9,68400000;-3,90124300
9,68500000;-3,88658901
9,68600000;-3,87204855
9,68700000;-3,85762033
9,68800000;-3,84330307
9,68900000;-3,82909550
9,69000000;-3,81499639
9,69100000;-3,80100451
9,69200000;-3,78711867
9,69300000;-3,77333767
9,69400000;-3,75966035
9,69500000;-3,74608556
9,69600000;-3,73261216
9,69700000;-3,71923904
9,69800000;-3,70596509
9,69900000;-3,69278924
9,70000000;-3,67971041
9,70100000;-3,66672755
9,70200000;-3,65383962
9,70300000;-3,64104560
9,70400000;-3,62834448
9,70500000;-3,61573527
9,70600000;-3,60321698
9,70700000;-3,59078865
9,70800000;-3,57844934
9,70900000;-3,56619809
9,71000000;-3,55403398
9,71100000;-3,54195610
9,71200000;-3,52996356
9,71300000;-3,51805545
9,71400000;-3,50623091
9,71500000;-3,49448908
9,71600000;-3,48282910
9,71700000;-3,47125013
9,71800000;-3,45975134
9,71900000;-3,44833192
9,72000000;-3,43699106
9,72100000;-3,42572797
9,72200000;-3,41454186
9,72300000;-3,40343195
9,72400000;-3,39239749
9,72500000;-3,38143772
9,72600000;-3,37055190
9,72700000;-3,35973929
9,72800000;-3,34899916
9,72900000;-3,33833082
9,73000000;-3,32773354
9,73100000;-3,31720664
9,73200000;-3,30674943
9,73300000;-3,29636122
9,73400000;-3,28604136
9,73500000;-3,27578917
9,73600000;-3,26560402
9,73700000;-3,25548525
9,73800000;-3,24543223
9,73900000;-3,23544433
9,74000000;-3,22552094
9,74100000;-3,21566143
9,74200000;-3,20586522
9,74300000;-3,19613169
9,74400000;-3,18646027
9,74500000;-3,17685037
9,74600000;-3,16730142
9,74700000;-3,15781285
9,74800000;-3,14838410
9,74900000;-3,13901462
9,75000000;-3,12970386
9,75100000;-3,12045128
9,75200000;-3,11125635
9,75300000;-3,10211855
9,75400000;-3,09303734
9,75500000;-3,08401223
9,75600000;-3,07504269
9,75700000;-3,06612824
9,75800000;-3,05726837
9,75900000;-3,04846259
9,76000000;-3,03971043
9,76100000;-3,03101140
9,76200000;-3,02236503
9,76300000;-3,01377086
9,76400000;-3,00522842
9,76500000;-2,99673726
9,76600000;-2,98829692
9,76700000;-2,97990697
9,76800000;-2,97156696
9,76900000;-2,96327646
9,77000000;-2,95503504
9,77100000;-2,94684227
9,77200000;-2,93869773
9,77300000;-2,93060102
9,77400000;-2,92255171
9,77500000;-2,91454940
9,77600000;-2,90659370
9,77700000;-2,89868420
9,77800000;-2,89082051
9,77900000;-2,88300225
9,78000000;-2,87522903
9,78100000;-2,86750048
9,78200000;-2,85981621
9,78300000;-2,85217587
9,78400000;-2,84457907
9,78500000;-2,83702547
9,78600000;-2,82951470
9,78700000;-2,82204640
9,78800000;-2,81462024
9,78900000;-2,80723585
9,79000000;-2,79989291
9,79100000;-2,79259106
9,79200000;-2,78532997
9,79300000;-2,77810932
9,79400000;-2,77092878
9,79500000;-2,76378801
9,79600000;-2,75668670
9,79700000;-2,74962454
9,79800000;-2,74260120
9,79900000;-2,73561638
9,80000000;-2,72866976
9,80100000;-2,72176106
9,80200000;-2,71488995
9,80300000;-2,70805615
9,80400000;-2,70125937
9,80500000;-2,69449930
9,80600000;-2,68777567
9,80700000;-2,68108818
9,80800000;-2,67443655
9,80900000;-2,66782051
9,81000000;-2,66123978
9,81100000;-2,65469408
9,81200000;-2,64818314
9,81300000;-2,64170670
9,81400000;-2,63526449
9,81500000;-2,62885624
9,81600000;-2,62248170
9,81700000;-2,61614061
9,81800000;-2,60983272
9,81900000;-2,60355777
9,82000000;-2,59731551
9,82100000;-2,59110570
9,82200000;-2,58492809
9,82300000;-2,57878243
9,82400000;-2,57266850
9,82500000;-2,56658605
9,82600000;-2,56053485
9,82700000;-2,55451466
9,82800000;-2,54852526
9,82900000;-2,54256642
9,83000000;-2,53663790
9,83100000;-2,53073950
9,83200000;-2,52487098
9,83300000;-2,51903213
9,83400000;-2,51322272
9,83500000;-2,50744256
9,83600000;-2,50169141
9,83700000;-2,49596908
9,83800000;-2,49027535
9,83900000;-2,48461002
9,84000000;-2,47897288
9,84100000;-2,47336373
9,84200000;-2,46778236
9,84300000;-2,46222859
9,84400000;-2,45670221
9,84500000;-2,45120303
9,84600000;-2,44573085
9,84700000;-2,44028548
9,84800000;-2,43486674
9,84900000;-2,42947444
9,85000000;-2,42410838
9,85100000;-2,41876839
9,85200000;-2,41345428
9,85300000;-2,40816588
9,85400000;-2,40290300
9,85500000;-2,39766546
9,85600000;-2,39245310
9,85700000;-2,38726572
9,85800000;-2,38210318
9,85900000;-2,37696528
9,86000000;-2,37185187
9,86100000;-2,36676277
9,86200000;-2,36169782
9,86300000;-2,35665686
9,86400000;-2,35163971
9,86500000;-2,34664622
9,86600000;-2,34167624
9,86700000;-2,33672959
9,86800000;-2,33180612
9,86900000;-2,32690568
9,87000000;-2,32202811
9,87100000;-2,31717325
9,87200000;-2,31234097
9,87300000;-2,30753110
9,87400000;-2,30274349
9,87500000;-2,29797801
9,87600000;-2,29323449
9,87700000;-2,28851281
9,87800000;-2,28381280
9,87900000;-2,27913434
9,88000000;-2,27447727
9,88100000;-2,26984146
9,88200000;-2,26522678
9,88300000;-2,26063307
9,88400000;-2,25606021
9,88500000;-2,25150806
9,88600000;-2,24697648
9,88700000;-2,24246535
9,88800000;-2,23797453
9,88900000;-2,23350389
9,89000000;-2,22905329
9,89100000;-2,22462263
9,89200000;-2,22021175
9,89300000;-2,21582054
9,89400000;-2,21144888
9,89500000;-2,20709663
9,89600000;-2,20276368
9,89700000;-2,19844991
9,89800000;-2,19415519
9,89900000;-2,18987940
9,90000000;-2,18562242
9,90100000;-2,18138414
9,90200000;-2,17716443
9,90300000;-2,17296319
9,90400000;-2,16878030
9,90500000;-2,16461564
9,90600000;-2,16046910
9,90700000;-2,15634057
9,90800000;-2,15222994
9,90900000;-2,14813709
9,91000000;-2,14406192
9,91100000;-2,14000432
9,91200000;-2,13596418
9,91300000;-2,13194139
9,91400000;-2,12793586
9,91500000;-2,12394746
9,91600000;-2,11997610
9,91700000;-2,11602168
9,91800000;-2,11208409
9,91900000;-2,10816324
9,92000000;-2,10425901
9,92100000;-2,10037132
9,92200000;-2,09650006
9,92300000;-2,09264513
9,92400000;-2,08880643
9,92500000;-2,08498388
9,92600000;-2,08117736
9,92700000;-2,07738680
9,92800000;-2,07361208
9,92900000;-2,06985313
9,93000000;-2,06610984
9,93100000;-2,06238213
9,93200000;-2,05866989
9,93300000;-2,05497305
9,93400000;-2,05129151
9,93500000;-2,04762518
9,93600000;-2,04397397
9,93700000;-2,04033780
9,93800000;-2,03671658
9,93900000;-2,03311022
9,94000000;-2,02951863
9,94100000;-2,02594173
9,94200000;-2,02237943
9,94300000;-2,01883166
9,94400000;-2,01529832
9,94500000;-2,01177934
9,94600000;-2,00827463
9,94700000;-2,00478412
9,94800000;-2,00130771
9,94900000;-1,99784533
9,95000000;-1,99439691
9,95100000;-1,99096235
9,95200000;-1,98754159
9,95300000;-1,98413454
9,95400000;-1,98074113
9,95500000;-1,97736129
9,95600000;-1,97399493
9,95700000;-1,97064198
9,95800000;-1,96730236
9,95900000;-1,96397600
9,96000000;-1,96066283
9,96100000;-1,95736278
9,96200000;-1,95407577
9,96300000;-1,95080172
9,96400000;-1,94754057
9,96500000;-1,94429225
9,96600000;-1,94105669
9,96700000;-1,93783381
9,96800000;-1,93462354
9,96900000;-1,93142582
9,97000000;-1,92824059
9,97100000;-1,92506776
9,97200000;-1,92190727
9,97300000;-1,91875906
9,97400000;-1,91562307
9,97500000;-1,91249921
9,97600000;-1,90938743
9,97700000;-1,90628767
9,97800000;-1,90319804
9,97900000;-1,90012211
9,98000000;-1,89705799
9,98100000;-1,89400563
9,98200000;-1,89096497
9,98300000;-1,88793594
9,98400000;-1,88491848
9,98500000;-1,88191253
9,98600000;-1,87891803
9,98700000;-1,87593491
9,98800000;-1,87296312
9,98900000;-1,87000260
9,99000000;-1,86705329
9,99100000;-1,86411513
9,99200000;-1,86118806
9,99300000;-1,85827202
9,99400000;-1,85536696
9,99500000;-1,85247281
9,99600000;-1,84958953
9,99700000;-1,84671706
9,99800000;-1,84385533
9,99900000;-1,84100430
10,00000000;-1,83816390
