X;Result
-10,00000000;Error
-9,99900000;Error
-9,99800000;Error
-9,99700000;Error
-9,99600000;Error
-9,99500000;Error
-9,99400000;Error
-9,99300000;Error
-9,99200000;Error
-9,99100000;Error
-9,99000000;Error
-9,98900000;Error
-9,98800000;Error
-9,98700000;Error
-9,98600000;Error
-9,98500000;Error
-9,98400000;Error
-9,98300000;Error
-9,98200000;Error
-9,98100000;Error
-9,98000000;Error
-9,97900000;Error
-9,97800000;Error
-9,97700000;Error
-9,97600000;Error
-9,97500000;Error
-9,97400000;Error
-9,97300000;Error
-9,97200000;Error
-9,97100000;Error
-9,97000000;Error
-9,96900000;Error
-9,96800000;Error
-9,96700000;Error
-9,96600000;Error
-9,96500000;Error
-9,96400000;Error
-9,96300000;Error
-9,96200000;Error
-9,96100000;Error
-9,96000000;Error
-9,95900000;Error
-9,95800000;Error
-9,95700000;Error
-9,95600000;Error
-9,95500000;Error
-9,95400000;Error
-9,95300000;Error
-9,95200000;Error
-9,95100000;Error
-9,95000000;Error
-9,94900000;Error
-9,94800000;Error
-9,94700000;Error
-9,94600000;Error
-9,94500000;Error
-9,94400000;Error
-9,94300000;Error
-9,94200000;Error
-9,94100000;Error
-9,94000000;Error
-9,93900000;Error
-9,93800000;Error
-9,93700000;Error
-9,93600000;Error
-9,93500000;Error
-9,93400000;Error
-9,93300000;Error
-9,93200000;Error
-9,93100000;Error
-9,93000000;Error
-9,92900000;Error
-9,92800000;Error
-9,92700000;Error
-9,92600000;Error
-9,92500000;Error
-9,92400000;Error
-9,92300000;Error
-9,92200000;Error
-9,92100000;Error
-9,92000000;Error
-9,91900000;Error
-9,91800000;Error
-9,91700000;Error
-9,91600000;Error
-9,91500000;Error
-9,91400000;Error
-9,91300000;Error
-9,91200000;Error
-9,91100000;Error
-9,91000000;Error
-9,90900000;Error
-9,90800000;Error
-9,90700000;Error
-9,90600000;Error
-9,90500000;Error
-9,90400000;Error
-9,90300000;Error
-9,90200000;Error
-9,90100000;Error
-9,90000000;Error
-9,89900000;Error
-9,89800000;Error
-9,89700000;Error
-9,89600000;Error
-9,89500000;Error
-9,89400000;Error
-9,89300000;Error
-9,89200000;Error
-9,89100000;Error
-9,89000000;Error
-9,88900000;Error
-9,88800000;Error
-9,88700000;Error
-9,88600000;Error
-9,88500000;Error
-9,88400000;Error
-9,88300000;Error
-9,88200000;Error
-9,88100000;Error
-9,88000000;Error
-9,87900000;Error
-9,87800000;Error
-9,87700000;Error
-9,87600000;Error
-9,87500000;Error
-9,87400000;Error
-9,87300000;Error
-9,87200000;Error
-9,87100000;Error
-9,87000000;Error
-9,86900000;Error
-9,86800000;Error
-9,86700000;Error
-9,86600000;Error
-9,86500000;Error
-9,86400000;Error
-9,86300000;Error
-9,86200000;Error
-9,86100000;Error
-9,86000000;Error
-9,85900000;Error
-9,85800000;Error
-9,85700000;Error
-9,85600000;Error
-9,85500000;Error
-9,85400000;Error
-9,85300000;Error
-9,85200000;Error
-9,85100000;Error
-9,85000000;Error
-9,84900000;Error
-9,84800000;Error
-9,84700000;Error
-9,84600000;Error
-9,84500000;Error
-9,84400000;Error
-9,84300000;Error
-9,84200000;Error
-9,84100000;Error
-9,84000000;Error
-9,83900000;Error
-9,83800000;Error
-9,83700000;Error
-9,83600000;Error
-9,83500000;Error
-9,83400000;Error
-9,83300000;Error
-9,83200000;Error
-9,83100000;Error
-9,83000000;Error
-9,82900000;Error
-9,82800000;Error
-9,82700000;Error
-9,82600000;Error
-9,82500000;Error
-9,82400000;Error
-9,82300000;Error
-9,82200000;Error
-9,82100000;Error
-9,82000000;Error
-9,81900000;Error
-9,81800000;Error
-9,81700000;Error
-9,81600000;Error
-9,81500000;Error
-9,81400000;Error
-9,81300000;Error
-9,81200000;Error
-9,81100000;Error
-9,81000000;Error
-9,80900000;Error
-9,80800000;Error
-9,80700000;Error
-9,80600000;Error
-9,80500000;Error
-9,80400000;Error
-9,80300000;Error
-9,80200000;Error
-9,80100000;Error
-9,80000000;Error
-9,79900000;Error
-9,79800000;Error
-9,79700000;Error
-9,79600000;Error
-9,79500000;Error
-9,79400000;Error
-9,79300000;Error
-9,79200000;Error
-9,79100000;Error
-9,79000000;Error
-9,78900000;Error
-9,78800000;Error
-9,78700000;Error
-9,78600000;Error
-9,78500000;Error
-9,78400000;Error
-9,78300000;Error
-9,78200000;Error
-9,78100000;Error
-9,78000000;Error
-9,77900000;Error
-9,77800000;Error
-9,77700000;Error
-9,77600000;Error
-9,77500000;Error
-9,77400000;Error
-9,77300000;Error
-9,77200000;Error
-9,77100000;Error
-9,77000000;Error
-9,76900000;Error
-9,76800000;Error
-9,76700000;Error
-9,76600000;Error
-9,76500000;Error
-9,76400000;Error
-9,76300000;Error
-9,76200000;Error
-9,76100000;Error
-9,76000000;Error
-9,75900000;Error
-9,75800000;Error
-9,75700000;Error
-9,75600000;Error
-9,75500000;Error
-9,75400000;Error
-9,75300000;Error
-9,75200000;Error
-9,75100000;Error
-9,75000000;Error
-9,74900000;Error
-9,74800000;Error
-9,74700000;Error
-9,74600000;Error
-9,74500000;Error
-9,74400000;Error
-9,74300000;Error
-9,74200000;Error
-9,74100000;Error
-9,74000000;Error
-9,73900000;Error
-9,73800000;Error
-9,73700000;Error
-9,73600000;Error
-9,73500000;Error
-9,73400000;Error
-9,73300000;Error
-9,73200000;Error
-9,73100000;Error
-9,73000000;Error
-9,72900000;Error
-9,72800000;Error
-9,72700000;Error
-9,72600000;Error
-9,72500000;Error
-9,72400000;Error
-9,72300000;Error
-9,72200000;Error
-9,72100000;Error
-9,72000000;Error
-9,71900000;Error
-9,71800000;Error
-9,71700000;Error
-9,71600000;Error
-9,71500000;Error
-9,71400000;Error
-9,71300000;Error
-9,71200000;Error
-9,71100000;Error
-9,71000000;Error
-9,70900000;Error
-9,70800000;Error
-9,70700000;Error
-9,70600000;Error
-9,70500000;Error
-9,70400000;Error
-9,70300000;Error
-9,70200000;Error
-9,70100000;Error
-9,70000000;Error
-9,69900000;Error
-9,69800000;Error
-9,69700000;Error
-9,69600000;Error
-9,69500000;Error
-9,69400000;Error
-9,69300000;Error
-9,69200000;Error
-9,69100000;Error
-9,69000000;Error
-9,68900000;Error
-9,68800000;Error
-9,68700000;Error
-9,68600000;Error
-9,68500000;Error
-9,68400000;Error
-9,68300000;Error
-9,68200000;Error
-9,68100000;Error
-9,68000000;Error
-9,67900000;Error
-9,67800000;Error
-9,67700000;Error
-9,67600000;Error
-9,67500000;Error
-9,67400000;Error
-9,67300000;Error
-9,67200000;Error
-9,67100000;Error
-9,67000000;Error
-9,66900000;Error
-9,66800000;Error
-9,66700000;Error
-9,66600000;Error
-9,66500000;Error
-9,66400000;Error
-9,66300000;Error
-9,66200000;Error
-9,66100000;Error
-9,66000000;Error
-9,65900000;Error
-9,65800000;Error
-9,65700000;Error
-9,65600000;Error
-9,65500000;Error
-9,65400000;Error
-9,65300000;Error
-9,65200000;Error
-9,65100000;Error
-9,65000000;Error
-9,64900000;Error
-9,64800000;Error
-9,64700000;Error
-9,64600000;Error
-9,64500000;Error
-9,64400000;Error
-9,64300000;Error
-9,64200000;Error
-9,64100000;Error
-9,64000000;Error
-9,63900000;Error
-9,63800000;Error
-9,63700000;Error
-9,63600000;Error
-9,63500000;Error
-9,63400000;Error
-9,63300000;Error
-9,63200000;Error
-9,63100000;Error
-9,63000000;Error
-9,62900000;Error
-9,62800000;Error
-9,62700000;Error
-9,62600000;Error
-9,62500000;Error
-9,62400000;Error
-9,62300000;Error
-9,62200000;Error
-9,62100000;Error
-9,62000000;Error
-9,61900000;Error
-9,61800000;Error
-9,61700000;Error
-9,61600000;Error
-9,61500000;Error
-9,61400000;Error
-9,61300000;Error
-9,61200000;Error
-9,61100000;Error
-9,61000000;Error
-9,60900000;Error
-9,60800000;Error
-9,60700000;Error
-9,60600000;Error
-9,60500000;Error
-9,60400000;Error
-9,60300000;Error
-9,60200000;Error
-9,60100000;Error
-9,60000000;Error
-9,59900000;Error
-9,59800000;Error
-9,59700000;Error
-9,59600000;Error
-9,59500000;Error
-9,59400000;Error
-9,59300000;Error
-9,59200000;Error
-9,59100000;Error
-9,59000000;Error
-9,58900000;Error
-9,58800000;Error
-9,58700000;Error
-9,58600000;Error
-9,58500000;Error
-9,58400000;Error
-9,58300000;Error
-9,58200000;Error
-9,58100000;Error
-9,58000000;Error
-9,57900000;Error
-9,57800000;Error
-9,57700000;Error
-9,57600000;Error
-9,57500000;Error
-9,57400000;Error
-9,57300000;Error
-9,57200000;Error
-9,57100000;Error
-9,57000000;Error
-9,56900000;Error
-9,56800000;Error
-9,56700000;Error
-9,56600000;Error
-9,56500000;Error
-9,56400000;Error
-9,56300000;Error
-9,56200000;Error
-9,56100000;Error
-9,56000000;Error
-9,55900000;Error
-9,55800000;Error
-9,55700000;Error
-9,55600000;Error
-9,55500000;Error
-9,55400000;Error
-9,55300000;Error
-9,55200000;Error
-9,55100000;Error
-9,55000000;Error
-9,54900000;Error
-9,54800000;Error
-9,54700000;Error
-9,54600000;Error
-9,54500000;Error
-9,54400000;Error
-9,54300000;Error
-9,54200000;Error
-9,54100000;Error
-9,54000000;Error
-9,53900000;Error
-9,53800000;Error
-9,53700000;Error
-9,53600000;Error
-9,53500000;Error
-9,53400000;Error
-9,53300000;Error
-9,53200000;Error
-9,53100000;Error
-9,53000000;Error
-9,52900000;Error
-9,52800000;Error
-9,52700000;Error
-9,52600000;Error
-9,52500000;Error
-9,52400000;Error
-9,52300000;Error
-9,52200000;Error
-9,52100000;Error
-9,52000000;Error
-9,51900000;Error
-9,51800000;Error
-9,51700000;Error
-9,51600000;Error
-9,51500000;Error
-9,51400000;Error
-9,51300000;Error
-9,51200000;Error
-9,51100000;Error
-9,51000000;Error
-9,50900000;Error
-9,50800000;Error
-9,50700000;Error
-9,50600000;Error
-9,50500000;Error
-9,50400000;Error
-9,50300000;Error
-9,50200000;Error
-9,50100000;Error
-9,50000000;Error
-9,49900000;Error
-9,49800000;Error
-9,49700000;Error
-9,49600000;Error
-9,49500000;Error
-9,49400000;Error
-9,49300000;Error
-9,49200000;Error
-9,49100000;Error
-9,49000000;Error
-9,48900000;Error
-9,48800000;Error
-9,48700000;Error
-9,48600000;Error
-9,48500000;Error
-9,48400000;Error
-9,48300000;Error
-9,48200000;Error
-9,48100000;Error
-9,48000000;Error
-9,47900000;Error
-9,47800000;Error
-9,47700000;Error
-9,47600000;Error
-9,47500000;Error
-9,47400000;Error
-9,47300000;Error
-9,47200000;Error
-9,47100000;Error
-9,47000000;Error
-9,46900000;Error
-9,46800000;Error
-9,46700000;Error
-9,46600000;Error
-9,46500000;Error
-9,46400000;Error
-9,46300000;Error
-9,46200000;Error
-9,46100000;Error
-9,46000000;Error
-9,45900000;Error
-9,45800000;Error
-9,45700000;Error
-9,45600000;Error
-9,45500000;Error
-9,45400000;Error
-9,45300000;Error
-9,45200000;Error
-9,45100000;Error
-9,45000000;Error
-9,44900000;Error
-9,44800000;Error
-9,44700000;Error
-9,44600000;Error
-9,44500000;Error
-9,44400000;Error
-9,44300000;Error
-9,44200000;Error
-9,44100000;Error
-9,44000000;Error
-9,43900000;Error
-9,43800000;Error
-9,43700000;Error
-9,43600000;Error
-9,43500000;Error
-9,43400000;Error
-9,43300000;Error
-9,43200000;Error
-9,43100000;Error
-9,43000000;Error
-9,42900000;Error
-9,42800000;Error
-9,42700000;Error
-9,42600000;Error
-9,42500000;Error
-9,42400000;Error
-9,42300000;Error
-9,42200000;Error
-9,42100000;Error
-9,42000000;Error
-9,41900000;Error
-9,41800000;Error
-9,41700000;Error
-9,41600000;Error
-9,41500000;Error
-9,41400000;Error
-9,41300000;Error
-9,41200000;Error
-9,41100000;Error
-9,41000000;Error
-9,40900000;Error
-9,40800000;Error
-9,40700000;Error
-9,40600000;Error
-9,40500000;Error
-9,40400000;Error
-9,40300000;Error
-9,40200000;Error
-9,40100000;Error
-9,40000000;Error
-9,39900000;Error
-9,39800000;Error
-9,39700000;Error
-9,39600000;Error
-9,39500000;Error
-9,39400000;Error
-9,39300000;Error
-9,39200000;Error
-9,39100000;Error
-9,39000000;Error
-9,38900000;Error
-9,38800000;Error
-9,38700000;Error
-9,38600000;Error
-9,38500000;Error
-9,38400000;Error
-9,38300000;Error
-9,38200000;Error
-9,38100000;Error
-9,38000000;Error
-9,37900000;Error
-9,37800000;Error
-9,37700000;Error
-9,37600000;Error
-9,37500000;Error
-9,37400000;Error
-9,37300000;Error
-9,37200000;Error
-9,37100000;Error
-9,37000000;Error
-9,36900000;Error
-9,36800000;Error
-9,36700000;Error
-9,36600000;Error
-9,36500000;Error
-9,36400000;Error
-9,36300000;Error
-9,36200000;Error
-9,36100000;Error
-9,36000000;Error
-9,35900000;Error
-9,35800000;Error
-9,35700000;Error
-9,35600000;Error
-9,35500000;Error
-9,35400000;Error
-9,35300000;Error
-9,35200000;Error
-9,35100000;Error
-9,35000000;Error
-9,34900000;Error
-9,34800000;Error
-9,34700000;Error
-9,34600000;Error
-9,34500000;Error
-9,34400000;Error
-9,34300000;Error
-9,34200000;Error
-9,34100000;Error
-9,34000000;Error
-9,33900000;Error
-9,33800000;Error
-9,33700000;Error
-9,33600000;Error
-9,33500000;Error
-9,33400000;Error
-9,33300000;Error
-9,33200000;Error
-9,33100000;Error
-9,33000000;Error
-9,32900000;Error
-9,32800000;Error
-9,32700000;Error
-9,32600000;Error
-9,32500000;Error
-9,32400000;Error
-9,32300000;Error
-9,32200000;Error
-9,32100000;Error
-9,32000000;Error
-9,31900000;Error
-9,31800000;Error
-9,31700000;Error
-9,31600000;Error
-9,31500000;Error
-9,31400000;Error
-9,31300000;Error
-9,31200000;Error
-9,31100000;Error
-9,31000000;Error
-9,30900000;Error
-9,30800000;Error
-9,30700000;Error
-9,30600000;Error
-9,30500000;Error
-9,30400000;Error
-9,30300000;Error
-9,30200000;Error
-9,30100000;Error
-9,30000000;Error
-9,29900000;Error
-9,29800000;Error
-9,29700000;Error
-9,29600000;Error
-9,29500000;Error
-9,29400000;Error
-9,29300000;Error
-9,29200000;Error
-9,29100000;Error
-9,29000000;Error
-9,28900000;Error
-9,28800000;Error
-9,28700000;Error
-9,28600000;Error
-9,28500000;Error
-9,28400000;Error
-9,28300000;Error
-9,28200000;Error
-9,28100000;Error
-9,28000000;Error
-9,27900000;Error
-9,27800000;Error
-9,27700000;Error
-9,27600000;Error
-9,27500000;Error
-9,27400000;Error
-9,27300000;Error
-9,27200000;Error
-9,27100000;Error
-9,27000000;Error
-9,26900000;Error
-9,26800000;Error
-9,26700000;Error
-9,26600000;Error
-9,26500000;Error
-9,26400000;Error
-9,26300000;Error
-9,26200000;Error
-9,26100000;Error
-9,26000000;Error
-9,25900000;Error
-9,25800000;Error
-9,25700000;Error
-9,25600000;Error
-9,25500000;Error
-9,25400000;Error
-9,25300000;Error
-9,25200000;Error
-9,25100000;Error
-9,25000000;Error
-9,24900000;Error
-9,24800000;Error
-9,24700000;Error
-9,24600000;Error
-9,24500000;Error
-9,24400000;Error
-9,24300000;Error
-9,24200000;Error
-9,24100000;Error
-9,24000000;Error
-9,23900000;Error
-9,23800000;Error
-9,23700000;Error
-9,23600000;Error
-9,23500000;Error
-9,23400000;Error
-9,23300000;Error
-9,23200000;Error
-9,23100000;Error
-9,23000000;Error
-9,22900000;Error
-9,22800000;Error
-9,22700000;Error
-9,22600000;Error
-9,22500000;Error
-9,22400000;Error
-9,22300000;Error
-9,22200000;Error
-9,22100000;Error
-9,22000000;Error
-9,21900000;Error
-9,21800000;Error
-9,21700000;Error
-9,21600000;Error
-9,21500000;Error
-9,21400000;Error
-9,21300000;Error
-9,21200000;Error
-9,21100000;Error
-9,21000000;Error
-9,20900000;Error
-9,20800000;Error
-9,20700000;Error
-9,20600000;Error
-9,20500000;Error
-9,20400000;Error
-9,20300000;Error
-9,20200000;Error
-9,20100000;Error
-9,20000000;Error
-9,19900000;Error
-9,19800000;Error
-9,19700000;Error
-9,19600000;Error
-9,19500000;Error
-9,19400000;Error
-9,19300000;Error
-9,19200000;Error
-9,19100000;Error
-9,19000000;Error
-9,18900000;Error
-9,18800000;Error
-9,18700000;Error
-9,18600000;Error
-9,18500000;Error
-9,18400000;Error
-9,18300000;Error
-9,18200000;Error
-9,18100000;Error
-9,18000000;Error
-9,17900000;Error
-9,17800000;Error
-9,17700000;Error
-9,17600000;Error
-9,17500000;Error
-9,17400000;Error
-9,17300000;Error
-9,17200000;Error
-9,17100000;Error
-9,17000000;Error
-9,16900000;Error
-9,16800000;Error
-9,16700000;Error
-9,16600000;Error
-9,16500000;Error
-9,16400000;Error
-9,16300000;Error
-9,16200000;Error
-9,16100000;Error
-9,16000000;Error
-9,15900000;Error
-9,15800000;Error
-9,15700000;Error
-9,15600000;Error
-9,15500000;Error
-9,15400000;Error
-9,15300000;Error
-9,15200000;Error
-9,15100000;Error
-9,15000000;Error
-9,14900000;Error
-9,14800000;Error
-9,14700000;Error
-9,14600000;Error
-9,14500000;Error
-9,14400000;Error
-9,14300000;Error
-9,14200000;Error
-9,14100000;Error
-9,14000000;Error
-9,13900000;Error
-9,13800000;Error
-9,13700000;Error
-9,13600000;Error
-9,13500000;Error
-9,13400000;Error
-9,13300000;Error
-9,13200000;Error
-9,13100000;Error
-9,13000000;Error
-9,12900000;Error
-9,12800000;Error
-9,12700000;Error
-9,12600000;Error
-9,12500000;Error
-9,12400000;Error
-9,12300000;Error
-9,12200000;Error
-9,12100000;Error
-9,12000000;Error
-9,11900000;Error
-9,11800000;Error
-9,11700000;Error
-9,11600000;Error
-9,11500000;Error
-9,11400000;Error
-9,11300000;Error
-9,11200000;Error
-9,11100000;Error
-9,11000000;Error
-9,10900000;Error
-9,10800000;Error
-9,10700000;Error
-9,10600000;Error
-9,10500000;Error
-9,10400000;Error
-9,10300000;Error
-9,10200000;Error
-9,10100000;Error
-9,10000000;Error
-9,09900000;Error
-9,09800000;Error
-9,09700000;Error
-9,09600000;Error
-9,09500000;Error
-9,09400000;Error
-9,09300000;Error
-9,09200000;Error
-9,09100000;Error
-9,09000000;Error
-9,08900000;Error
-9,08800000;Error
-9,08700000;Error
-9,08600000;Error
-9,08500000;Error
-9,08400000;Error
-9,08300000;Error
-9,08200000;Error
-9,08100000;Error
-9,08000000;Error
-9,07900000;Error
-9,07800000;Error
-9,07700000;Error
-9,07600000;Error
-9,07500000;Error
-9,07400000;Error
-9,07300000;Error
-9,07200000;Error
-9,07100000;Error
-9,07000000;Error
-9,06900000;Error
-9,06800000;Error
-9,06700000;Error
-9,06600000;Error
-9,06500000;Error
-9,06400000;Error
-9,06300000;Error
-9,06200000;Error
-9,06100000;Error
-9,06000000;Error
-9,05900000;Error
-9,05800000;Error
-9,05700000;Error
-9,05600000;Error
-9,05500000;Error
-9,05400000;Error
-9,05300000;Error
-9,05200000;Error
-9,05100000;Error
-9,05000000;Error
-9,04900000;Error
-9,04800000;Error
-9,04700000;Error
-9,04600000;Error
-9,04500000;Error
-9,04400000;Error
-9,04300000;Error
-9,04200000;Error
-9,04100000;Error
-9,04000000;Error
-9,03900000;Error
-9,03800000;Error
-9,03700000;Error
-9,03600000;Error
-9,03500000;Error
-9,03400000;Error
-9,03300000;Error
-9,03200000;Error
-9,03100000;Error
-9,03000000;Error
-9,02900000;Error
-9,02800000;Error
-9,02700000;Error
-9,02600000;Error
-9,02500000;Error
-9,02400000;Error
-9,02300000;Error
-9,02200000;Error
-9,02100000;Error
-9,02000000;Error
-9,01900000;Error
-9,01800000;Error
-9,01700000;Error
-9,01600000;Error
-9,01500000;Error
-9,01400000;Error
-9,01300000;Error
-9,01200000;Error
-9,01100000;Error
-9,01000000;Error
-9,00900000;Error
-9,00800000;Error
-9,00700000;Error
-9,00600000;Error
-9,00500000;Error
-9,00400000;Error
-9,00300000;Error
-9,00200000;Error
-9,00100000;Error
-9,00000000;Error
-8,99900000;Error
-8,99800000;Error
-8,99700000;Error
-8,99600000;Error
-8,99500000;Error
-8,99400000;Error
-8,99300000;Error
-8,99200000;Error
-8,99100000;Error
-8,99000000;Error
-8,98900000;Error
-8,98800000;Error
-8,98700000;Error
-8,98600000;Error
-8,98500000;Error
-8,98400000;Error
-8,98300000;Error
-8,98200000;Error
-8,98100000;Error
-8,98000000;Error
-8,97900000;Error
-8,97800000;Error
-8,97700000;Error
-8,97600000;Error
-8,97500000;Error
-8,97400000;Error
-8,97300000;Error
-8,97200000;Error
-8,97100000;Error
-8,97000000;Error
-8,96900000;Error
-8,96800000;Error
-8,96700000;Error
-8,96600000;Error
-8,96500000;Error
-8,96400000;Error
-8,96300000;Error
-8,96200000;Error
-8,96100000;Error
-8,96000000;Error
-8,95900000;Error
-8,95800000;Error
-8,95700000;Error
-8,95600000;Error
-8,95500000;Error
-8,95400000;Error
-8,95300000;Error
-8,95200000;Error
-8,95100000;Error
-8,95000000;Error
-8,94900000;Error
-8,94800000;Error
-8,94700000;Error
-8,94600000;Error
-8,94500000;Error
-8,94400000;Error
-8,94300000;Error
-8,94200000;Error
-8,94100000;Error
-8,94000000;Error
-8,93900000;Error
-8,93800000;Error
-8,93700000;Error
-8,93600000;Error
-8,93500000;Error
-8,93400000;Error
-8,93300000;Error
-8,93200000;Error
-8,93100000;Error
-8,93000000;Error
-8,92900000;Error
-8,92800000;Error
-8,92700000;Error
-8,92600000;Error
-8,92500000;Error
-8,92400000;Error
-8,92300000;Error
-8,92200000;Error
-8,92100000;Error
-8,92000000;Error
-8,91900000;Error
-8,91800000;Error
-8,91700000;Error
-8,91600000;Error
-8,91500000;Error
-8,91400000;Error
-8,91300000;Error
-8,91200000;Error
-8,91100000;Error
-8,91000000;Error
-8,90900000;Error
-8,90800000;Error
-8,90700000;Error
-8,90600000;Error
-8,90500000;Error
-8,90400000;Error
-8,90300000;Error
-8,90200000;Error
-8,90100000;Error
-8,90000000;Error
-8,89900000;Error
-8,89800000;Error
-8,89700000;Error
-8,89600000;Error
-8,89500000;Error
-8,89400000;Error
-8,89300000;Error
-8,89200000;Error
-8,89100000;Error
-8,89000000;Error
-8,88900000;Error
-8,88800000;Error
-8,88700000;Error
-8,88600000;Error
-8,88500000;Error
-8,88400000;Error
-8,88300000;Error
-8,88200000;Error
-8,88100000;Error
-8,88000000;Error
-8,87900000;Error
-8,87800000;Error
-8,87700000;Error
-8,87600000;Error
-8,87500000;Error
-8,87400000;Error
-8,87300000;Error
-8,87200000;Error
-8,87100000;Error
-8,87000000;Error
-8,86900000;Error
-8,86800000;Error
-8,86700000;Error
-8,86600000;Error
-8,86500000;Error
-8,86400000;Error
-8,86300000;Error
-8,86200000;Error
-8,86100000;Error
-8,86000000;Error
-8,85900000;Error
-8,85800000;Error
-8,85700000;Error
-8,85600000;Error
-8,85500000;Error
-8,85400000;Error
-8,85300000;Error
-8,85200000;Error
-8,85100000;Error
-8,85000000;Error
-8,84900000;Error
-8,84800000;Error
-8,84700000;Error
-8,84600000;Error
-8,84500000;Error
-8,84400000;Error
-8,84300000;Error
-8,84200000;Error
-8,84100000;Error
-8,84000000;Error
-8,83900000;Error
-8,83800000;Error
-8,83700000;Error
-8,83600000;Error
-8,83500000;Error
-8,83400000;Error
-8,83300000;Error
-8,83200000;Error
-8,83100000;Error
-8,83000000;Error
-8,82900000;Error
-8,82800000;Error
-8,82700000;Error
-8,82600000;Error
-8,82500000;Error
-8,82400000;Error
-8,82300000;Error
-8,82200000;Error
-8,82100000;Error
-8,82000000;Error
-8,81900000;Error
-8,81800000;Error
-8,81700000;Error
-8,81600000;Error
-8,81500000;Error
-8,81400000;Error
-8,81300000;Error
-8,81200000;Error
-8,81100000;Error
-8,81000000;Error
-8,80900000;Error
-8,80800000;Error
-8,80700000;Error
-8,80600000;Error
-8,80500000;Error
-8,80400000;Error
-8,80300000;Error
-8,80200000;Error
-8,80100000;Error
-8,80000000;Error
-8,79900000;Error
-8,79800000;Error
-8,79700000;Error
-8,79600000;Error
-8,79500000;Error
-8,79400000;Error
-8,79300000;Error
-8,79200000;Error
-8,79100000;Error
-8,79000000;Error
-8,78900000;Error
-8,78800000;Error
-8,78700000;Error
-8,78600000;Error
-8,78500000;Error
-8,78400000;Error
-8,78300000;Error
-8,78200000;Error
-8,78100000;Error
-8,78000000;Error
-8,77900000;Error
-8,77800000;Error
-8,77700000;Error
-8,77600000;Error
-8,77500000;Error
-8,77400000;Error
-8,77300000;Error
-8,77200000;Error
-8,77100000;Error
-8,77000000;Error
-8,76900000;Error
-8,76800000;Error
-8,76700000;Error
-8,76600000;Error
-8,76500000;Error
-8,76400000;Error
-8,76300000;Error
-8,76200000;Error
-8,76100000;Error
-8,76000000;Error
-8,75900000;Error
-8,75800000;Error
-8,75700000;Error
-8,75600000;Error
-8,75500000;Error
-8,75400000;Error
-8,75300000;Error
-8,75200000;Error
-8,75100000;Error
-8,75000000;Error
-8,74900000;Error
-8,74800000;Error
-8,74700000;Error
-8,74600000;Error
-8,74500000;Error
-8,74400000;Error
-8,74300000;Error
-8,74200000;Error
-8,74100000;Error
-8,74000000;Error
-8,73900000;Error
-8,73800000;Error
-8,73700000;Error
-8,73600000;Error
-8,73500000;Error
-8,73400000;Error
-8,73300000;Error
-8,73200000;Error
-8,73100000;Error
-8,73000000;Error
-8,72900000;Error
-8,72800000;Error
-8,72700000;Error
-8,72600000;Error
-8,72500000;Error
-8,72400000;Error
-8,72300000;Error
-8,72200000;Error
-8,72100000;Error
-8,72000000;Error
-8,71900000;Error
-8,71800000;Error
-8,71700000;Error
-8,71600000;Error
-8,71500000;Error
-8,71400000;Error
-8,71300000;Error
-8,71200000;Error
-8,71100000;Error
-8,71000000;Error
-8,70900000;Error
-8,70800000;Error
-8,70700000;Error
-8,70600000;Error
-8,70500000;Error
-8,70400000;Error
-8,70300000;Error
-8,70200000;Error
-8,70100000;Error
-8,70000000;Error
-8,69900000;Error
-8,69800000;Error
-8,69700000;Error
-8,69600000;Error
-8,69500000;Error
-8,69400000;Error
-8,69300000;Error
-8,69200000;Error
-8,69100000;Error
-8,69000000;Error
-8,68900000;Error
-8,68800000;Error
-8,68700000;Error
-8,68600000;Error
-8,68500000;Error
-8,68400000;Error
-8,68300000;Error
-8,68200000;Error
-8,68100000;Error
-8,68000000;Error
-8,67900000;Error
-8,67800000;Error
-8,67700000;Error
-8,67600000;Error
-8,67500000;Error
-8,67400000;Error
-8,67300000;Error
-8,67200000;Error
-8,67100000;Error
-8,67000000;Error
-8,66900000;Error
-8,66800000;Error
-8,66700000;Error
-8,66600000;Error
-8,66500000;Error
-8,66400000;Error
-8,66300000;Error
-8,66200000;Error
-8,66100000;Error
-8,66000000;Error
-8,65900000;Error
-8,65800000;Error
-8,65700000;Error
-8,65600000;Error
-8,65500000;Error
-8,65400000;Error
-8,65300000;Error
-8,65200000;Error
-8,65100000;Error
-8,65000000;Error
-8,64900000;Error
-8,64800000;Error
-8,64700000;Error
-8,64600000;Error
-8,64500000;Error
-8,64400000;Error
-8,64300000;Error
-8,64200000;Error
-8,64100000;Error
-8,64000000;Error
-8,63900000;Error
-8,63800000;Error
-8,63700000;Error
-8,63600000;Error
-8,63500000;Error
-8,63400000;Error
-8,63300000;Error
-8,63200000;Error
-8,63100000;Error
-8,63000000;Error
-8,62900000;Error
-8,62800000;Error
-8,62700000;Error
-8,62600000;Error
-8,62500000;Error
-8,62400000;Error
-8,62300000;Error
-8,62200000;Error
-8,62100000;Error
-8,62000000;Error
-8,61900000;Error
-8,61800000;Error
-8,61700000;Error
-8,61600000;Error
-8,61500000;Error
-8,61400000;Error
-8,61300000;Error
-8,61200000;Error
-8,61100000;Error
-8,61000000;Error
-8,60900000;Error
-8,60800000;Error
-8,60700000;Error
-8,60600000;Error
-8,60500000;Error
-8,60400000;Error
-8,60300000;Error
-8,60200000;Error
-8,60100000;Error
-8,60000000;Error
-8,59900000;Error
-8,59800000;Error
-8,59700000;Error
-8,59600000;Error
-8,59500000;Error
-8,59400000;Error
-8,59300000;Error
-8,59200000;Error
-8,59100000;Error
-8,59000000;Error
-8,58900000;Error
-8,58800000;Error
-8,58700000;Error
-8,58600000;Error
-8,58500000;Error
-8,58400000;Error
-8,58300000;Error
-8,58200000;Error
-8,58100000;Error
-8,58000000;Error
-8,57900000;Error
-8,57800000;Error
-8,57700000;Error
-8,57600000;Error
-8,57500000;Error
-8,57400000;Error
-8,57300000;Error
-8,57200000;Error
-8,57100000;Error
-8,57000000;Error
-8,56900000;Error
-8,56800000;Error
-8,56700000;Error
-8,56600000;Error
-8,56500000;Error
-8,56400000;Error
-8,56300000;Error
-8,56200000;Error
-8,56100000;Error
-8,56000000;Error
-8,55900000;Error
-8,55800000;Error
-8,55700000;Error
-8,55600000;Error
-8,55500000;Error
-8,55400000;Error
-8,55300000;Error
-8,55200000;Error
-8,55100000;Error
-8,55000000;Error
-8,54900000;Error
-8,54800000;Error
-8,54700000;Error
-8,54600000;Error
-8,54500000;Error
-8,54400000;Error
-8,54300000;Error
-8,54200000;Error
-8,54100000;Error
-8,54000000;Error
-8,53900000;Error
-8,53800000;Error
-8,53700000;Error
-8,53600000;Error
-8,53500000;Error
-8,53400000;Error
-8,53300000;Error
-8,53200000;Error
-8,53100000;Error
-8,53000000;Error
-8,52900000;Error
-8,52800000;Error
-8,52700000;Error
-8,52600000;Error
-8,52500000;Error
-8,52400000;Error
-8,52300000;Error
-8,52200000;Error
-8,52100000;Error
-8,52000000;Error
-8,51900000;Error
-8,51800000;Error
-8,51700000;Error
-8,51600000;Error
-8,51500000;Error
-8,51400000;Error
-8,51300000;Error
-8,51200000;Error
-8,51100000;Error
-8,51000000;Error
-8,50900000;Error
-8,50800000;Error
-8,50700000;Error
-8,50600000;Error
-8,50500000;Error
-8,50400000;Error
-8,50300000;Error
-8,50200000;Error
-8,50100000;Error
-8,50000000;Error
-8,49900000;Error
-8,49800000;Error
-8,49700000;Error
-8,49600000;Error
-8,49500000;Error
-8,49400000;Error
-8,49300000;Error
-8,49200000;Error
-8,49100000;Error
-8,49000000;Error
-8,48900000;Error
-8,48800000;Error
-8,48700000;Error
-8,48600000;Error
-8,48500000;Error
-8,48400000;Error
-8,48300000;Error
-8,48200000;Error
-8,48100000;Error
-8,48000000;Error
-8,47900000;Error
-8,47800000;Error
-8,47700000;Error
-8,47600000;Error
-8,47500000;Error
-8,47400000;Error
-8,47300000;Error
-8,47200000;Error
-8,47100000;Error
-8,47000000;Error
-8,46900000;Error
-8,46800000;Error
-8,46700000;Error
-8,46600000;Error
-8,46500000;Error
-8,46400000;Error
-8,46300000;Error
-8,46200000;Error
-8,46100000;Error
-8,46000000;Error
-8,45900000;Error
-8,45800000;Error
-8,45700000;Error
-8,45600000;Error
-8,45500000;Error
-8,45400000;Error
-8,45300000;Error
-8,45200000;Error
-8,45100000;Error
-8,45000000;Error
-8,44900000;Error
-8,44800000;Error
-8,44700000;Error
-8,44600000;Error
-8,44500000;Error
-8,44400000;Error
-8,44300000;Error
-8,44200000;Error
-8,44100000;Error
-8,44000000;Error
-8,43900000;Error
-8,43800000;Error
-8,43700000;Error
-8,43600000;Error
-8,43500000;Error
-8,43400000;Error
-8,43300000;Error
-8,43200000;Error
-8,43100000;Error
-8,43000000;Error
-8,42900000;Error
-8,42800000;Error
-8,42700000;Error
-8,42600000;Error
-8,42500000;Error
-8,42400000;Error
-8,42300000;Error
-8,42200000;Error
-8,42100000;Error
-8,42000000;Error
-8,41900000;Error
-8,41800000;Error
-8,41700000;Error
-8,41600000;Error
-8,41500000;Error
-8,41400000;Error
-8,41300000;Error
-8,41200000;Error
-8,41100000;Error
-8,41000000;Error
-8,40900000;Error
-8,40800000;Error
-8,40700000;Error
-8,40600000;Error
-8,40500000;Error
-8,40400000;Error
-8,40300000;Error
-8,40200000;Error
-8,40100000;Error
-8,40000000;Error
-8,39900000;Error
-8,39800000;Error
-8,39700000;Error
-8,39600000;Error
-8,39500000;Error
-8,39400000;Error
-8,39300000;Error
-8,39200000;Error
-8,39100000;Error
-8,39000000;Error
-8,38900000;Error
-8,38800000;Error
-8,38700000;Error
-8,38600000;Error
-8,38500000;Error
-8,38400000;Error
-8,38300000;Error
-8,38200000;Error
-8,38100000;Error
-8,38000000;Error
-8,37900000;Error
-8,37800000;Error
-8,37700000;Error
-8,37600000;Error
-8,37500000;Error
-8,37400000;Error
-8,37300000;Error
-8,37200000;Error
-8,37100000;Error
-8,37000000;Error
-8,36900000;Error
-8,36800000;Error
-8,36700000;Error
-8,36600000;Error
-8,36500000;Error
-8,36400000;Error
-8,36300000;Error
-8,36200000;Error
-8,36100000;Error
-8,36000000;Error
-8,35900000;Error
-8,35800000;Error
-8,35700000;Error
-8,35600000;Error
-8,35500000;Error
-8,35400000;Error
-8,35300000;Error
-8,35200000;Error
-8,35100000;Error
-8,35000000;Error
-8,34900000;Error
-8,34800000;Error
-8,34700000;Error
-8,34600000;Error
-8,34500000;Error
-8,34400000;Error
-8,34300000;Error
-8,34200000;Error
-8,34100000;Error
-8,34000000;Error
-8,33900000;Error
-8,33800000;Error
-8,33700000;Error
-8,33600000;Error
-8,33500000;Error
-8,33400000;Error
-8,33300000;Error
-8,33200000;Error
-8,33100000;Error
-8,33000000;Error
-8,32900000;Error
-8,32800000;Error
-8,32700000;Error
-8,32600000;Error
-8,32500000;Error
-8,32400000;Error
-8,32300000;Error
-8,32200000;Error
-8,32100000;Error
-8,32000000;Error
-8,31900000;Error
-8,31800000;Error
-8,31700000;Error
-8,31600000;Error
-8,31500000;Error
-8,31400000;Error
-8,31300000;Error
-8,31200000;Error
-8,31100000;Error
-8,31000000;Error
-8,30900000;Error
-8,30800000;Error
-8,30700000;Error
-8,30600000;Error
-8,30500000;Error
-8,30400000;Error
-8,30300000;Error
-8,30200000;Error
-8,30100000;Error
-8,30000000;Error
-8,29900000;Error
-8,29800000;Error
-8,29700000;Error
-8,29600000;Error
-8,29500000;Error
-8,29400000;Error
-8,29300000;Error
-8,29200000;Error
-8,29100000;Error
-8,29000000;Error
-8,28900000;Error
-8,28800000;Error
-8,28700000;Error
-8,28600000;Error
-8,28500000;Error
-8,28400000;Error
-8,28300000;Error
-8,28200000;Error
-8,28100000;Error
-8,28000000;Error
-8,27900000;Error
-8,27800000;Error
-8,27700000;Error
-8,27600000;Error
-8,27500000;Error
-8,27400000;Error
-8,27300000;Error
-8,27200000;Error
-8,27100000;Error
-8,27000000;Error
-8,26900000;Error
-8,26800000;Error
-8,26700000;Error
-8,26600000;Error
-8,26500000;Error
-8,26400000;Error
-8,26300000;Error
-8,26200000;Error
-8,26100000;Error
-8,26000000;Error
-8,25900000;Error
-8,25800000;Error
-8,25700000;Error
-8,25600000;Error
-8,25500000;Error
-8,25400000;Error
-8,25300000;Error
-8,25200000;Error
-8,25100000;Error
-8,25000000;Error
-8,24900000;Error
-8,24800000;Error
-8,24700000;Error
-8,24600000;Error
-8,24500000;Error
-8,24400000;Error
-8,24300000;Error
-8,24200000;Error
-8,24100000;Error
-8,24000000;Error
-8,23900000;Error
-8,23800000;Error
-8,23700000;Error
-8,23600000;Error
-8,23500000;Error
-8,23400000;Error
-8,23300000;Error
-8,23200000;Error
-8,23100000;Error
-8,23000000;Error
-8,22900000;Error
-8,22800000;Error
-8,22700000;Error
-8,22600000;Error
-8,22500000;Error
-8,22400000;Error
-8,22300000;Error
-8,22200000;Error
-8,22100000;Error
-8,22000000;Error
-8,21900000;Error
-8,21800000;Error
-8,21700000;Error
-8,21600000;Error
-8,21500000;Error
-8,21400000;Error
-8,21300000;Error
-8,21200000;Error
-8,21100000;Error
-8,21000000;Error
-8,20900000;Error
-8,20800000;Error
-8,20700000;Error
-8,20600000;Error
-8,20500000;Error
-8,20400000;Error
-8,20300000;Error
-8,20200000;Error
-8,20100000;Error
-8,20000000;Error
-8,19900000;Error
-8,19800000;Error
-8,19700000;Error
-8,19600000;Error
-8,19500000;Error
-8,19400000;Error
-8,19300000;Error
-8,19200000;Error
-8,19100000;Error
-8,19000000;Error
-8,18900000;Error
-8,18800000;Error
-8,18700000;Error
-8,18600000;Error
-8,18500000;Error
-8,18400000;Error
-8,18300000;Error
-8,18200000;Error
-8,18100000;Error
-8,18000000;Error
-8,17900000;Error
-8,17800000;Error
-8,17700000;Error
-8,17600000;Error
-8,17500000;Error
-8,17400000;Error
-8,17300000;Error
-8,17200000;Error
-8,17100000;Error
-8,17000000;Error
-8,16900000;Error
-8,16800000;Error
-8,16700000;Error
-8,16600000;Error
-8,16500000;Error
-8,16400000;Error
-8,16300000;Error
-8,16200000;Error
-8,16100000;Error
-8,16000000;Error
-8,15900000;Error
-8,15800000;Error
-8,15700000;Error
-8,15600000;Error
-8,15500000;Error
-8,15400000;Error
-8,15300000;Error
-8,15200000;Error
-8,15100000;Error
-8,15000000;Error
-8,14900000;Error
-8,14800000;Error
-8,14700000;Error
-8,14600000;Error
-8,14500000;Error
-8,14400000;Error
-8,14300000;Error
-8,14200000;Error
-8,14100000;Error
-8,14000000;Error
-8,13900000;Error
-8,13800000;Error
-8,13700000;Error
-8,13600000;Error
-8,13500000;Error
-8,13400000;Error
-8,13300000;Error
-8,13200000;Error
-8,13100000;Error
-8,13000000;Error
-8,12900000;Error
-8,12800000;Error
-8,12700000;Error
-8,12600000;Error
-8,12500000;Error
-8,12400000;Error
-8,12300000;Error
-8,12200000;Error
-8,12100000;Error
-8,12000000;Error
-8,11900000;Error
-8,11800000;Error
-8,11700000;Error
-8,11600000;Error
-8,11500000;Error
-8,11400000;Error
-8,11300000;Error
-8,11200000;Error
-8,11100000;Error
-8,11000000;Error
-8,10900000;Error
-8,10800000;Error
-8,10700000;Error
-8,10600000;Error
-8,10500000;Error
-8,10400000;Error
-8,10300000;Error
-8,10200000;Error
-8,10100000;Error
-8,10000000;Error
-8,09900000;Error
-8,09800000;Error
-8,09700000;Error
-8,09600000;Error
-8,09500000;Error
-8,09400000;Error
-8,09300000;Error
-8,09200000;Error
-8,09100000;Error
-8,09000000;Error
-8,08900000;Error
-8,08800000;Error
-8,08700000;Error
-8,08600000;Error
-8,08500000;Error
-8,08400000;Error
-8,08300000;Error
-8,08200000;Error
-8,08100000;Error
-8,08000000;Error
-8,07900000;Error
-8,07800000;Error
-8,07700000;Error
-8,07600000;Error
-8,07500000;Error
-8,07400000;Error
-8,07300000;Error
-8,07200000;Error
-8,07100000;Error
-8,07000000;Error
-8,06900000;Error
-8,06800000;Error
-8,06700000;Error
-8,06600000;Error
-8,06500000;Error
-8,06400000;Error
-8,06300000;Error
-8,06200000;Error
-8,06100000;Error
-8,06000000;Error
-8,05900000;Error
-8,05800000;Error
-8,05700000;Error
-8,05600000;Error
-8,05500000;Error
-8,05400000;Error
-8,05300000;Error
-8,05200000;Error
-8,05100000;Error
-8,05000000;Error
-8,04900000;Error
-8,04800000;Error
-8,04700000;Error
-8,04600000;Error
-8,04500000;Error
-8,04400000;Error
-8,04300000;Error
-8,04200000;Error
-8,04100000;Error
-8,04000000;Error
-8,03900000;Error
-8,03800000;Error
-8,03700000;Error
-8,03600000;Error
-8,03500000;Error
-8,03400000;Error
-8,03300000;Error
-8,03200000;Error
-8,03100000;Error
-8,03000000;Error
-8,02900000;Error
-8,02800000;Error
-8,02700000;Error
-8,02600000;Error
-8,02500000;Error
-8,02400000;Error
-8,02300000;Error
-8,02200000;Error
-8,02100000;Error
-8,02000000;Error
-8,01900000;Error
-8,01800000;Error
-8,01700000;Error
-8,01600000;Error
-8,01500000;Error
-8,01400000;Error
-8,01300000;Error
-8,01200000;Error
-8,01100000;Error
-8,01000000;Error
-8,00900000;Error
-8,00800000;Error
-8,00700000;Error
-8,00600000;Error
-8,00500000;Error
-8,00400000;Error
-8,00300000;Error
-8,00200000;Error
-8,00100000;Error
-8,00000000;Error
-7,99900000;Error
-7,99800000;Error
-7,99700000;Error
-7,99600000;Error
-7,99500000;Error
-7,99400000;Error
-7,99300000;Error
-7,99200000;Error
-7,99100000;Error
-7,99000000;Error
-7,98900000;Error
-7,98800000;Error
-7,98700000;Error
-7,98600000;Error
-7,98500000;Error
-7,98400000;Error
-7,98300000;Error
-7,98200000;Error
-7,98100000;Error
-7,98000000;Error
-7,97900000;Error
-7,97800000;Error
-7,97700000;Error
-7,97600000;Error
-7,97500000;Error
-7,97400000;Error
-7,97300000;Error
-7,97200000;Error
-7,97100000;Error
-7,97000000;Error
-7,96900000;Error
-7,96800000;Error
-7,96700000;Error
-7,96600000;Error
-7,96500000;Error
-7,96400000;Error
-7,96300000;Error
-7,96200000;Error
-7,96100000;Error
-7,96000000;Error
-7,95900000;Error
-7,95800000;Error
-7,95700000;Error
-7,95600000;Error
-7,95500000;Error
-7,95400000;Error
-7,95300000;Error
-7,95200000;Error
-7,95100000;Error
-7,95000000;Error
-7,94900000;Error
-7,94800000;Error
-7,94700000;Error
-7,94600000;Error
-7,94500000;Error
-7,94400000;Error
-7,94300000;Error
-7,94200000;Error
-7,94100000;Error
-7,94000000;Error
-7,93900000;Error
-7,93800000;Error
-7,93700000;Error
-7,93600000;Error
-7,93500000;Error
-7,93400000;Error
-7,93300000;Error
-7,93200000;Error
-7,93100000;Error
-7,93000000;Error
-7,92900000;Error
-7,92800000;Error
-7,92700000;Error
-7,92600000;Error
-7,92500000;Error
-7,92400000;Error
-7,92300000;Error
-7,92200000;Error
-7,92100000;Error
-7,92000000;Error
-7,91900000;Error
-7,91800000;Error
-7,91700000;Error
-7,91600000;Error
-7,91500000;Error
-7,91400000;Error
-7,91300000;Error
-7,91200000;Error
-7,91100000;Error
-7,91000000;Error
-7,90900000;Error
-7,90800000;Error
-7,90700000;Error
-7,90600000;Error
-7,90500000;Error
-7,90400000;Error
-7,90300000;Error
-7,90200000;Error
-7,90100000;Error
-7,90000000;Error
-7,89900000;Error
-7,89800000;Error
-7,89700000;Error
-7,89600000;Error
-7,89500000;Error
-7,89400000;Error
-7,89300000;Error
-7,89200000;Error
-7,89100000;Error
-7,89000000;Error
-7,88900000;Error
-7,88800000;Error
-7,88700000;Error
-7,88600000;Error
-7,88500000;Error
-7,88400000;Error
-7,88300000;Error
-7,88200000;Error
-7,88100000;Error
-7,88000000;Error
-7,87900000;Error
-7,87800000;Error
-7,87700000;Error
-7,87600000;Error
-7,87500000;Error
-7,87400000;Error
-7,87300000;Error
-7,87200000;Error
-7,87100000;Error
-7,87000000;Error
-7,86900000;Error
-7,86800000;Error
-7,86700000;Error
-7,86600000;Error
-7,86500000;Error
-7,86400000;Error
-7,86300000;Error
-7,86200000;Error
-7,86100000;Error
-7,86000000;Error
-7,85900000;Error
-7,85800000;Error
-7,85700000;Error
-7,85600000;Error
-7,85500000;Error
-7,85400000;Error
-7,85300000;Error
-7,85200000;Error
-7,85100000;Error
-7,85000000;Error
-7,84900000;Error
-7,84800000;Error
-7,84700000;Error
-7,84600000;Error
-7,84500000;Error
-7,84400000;Error
-7,84300000;Error
-7,84200000;Error
-7,84100000;Error
-7,84000000;Error
-7,83900000;Error
-7,83800000;Error
-7,83700000;Error
-7,83600000;Error
-7,83500000;Error
-7,83400000;Error
-7,83300000;Error
-7,83200000;Error
-7,83100000;Error
-7,83000000;Error
-7,82900000;Error
-7,82800000;Error
-7,82700000;Error
-7,82600000;Error
-7,82500000;Error
-7,82400000;Error
-7,82300000;Error
-7,82200000;Error
-7,82100000;Error
-7,82000000;Error
-7,81900000;Error
-7,81800000;Error
-7,81700000;Error
-7,81600000;Error
-7,81500000;Error
-7,81400000;Error
-7,81300000;Error
-7,81200000;Error
-7,81100000;Error
-7,81000000;Error
-7,80900000;Error
-7,80800000;Error
-7,80700000;Error
-7,80600000;Error
-7,80500000;Error
-7,80400000;Error
-7,80300000;Error
-7,80200000;Error
-7,80100000;Error
-7,80000000;Error
-7,79900000;Error
-7,79800000;Error
-7,79700000;Error
-7,79600000;Error
-7,79500000;Error
-7,79400000;Error
-7,79300000;Error
-7,79200000;Error
-7,79100000;Error
-7,79000000;Error
-7,78900000;Error
-7,78800000;Error
-7,78700000;Error
-7,78600000;Error
-7,78500000;Error
-7,78400000;Error
-7,78300000;Error
-7,78200000;Error
-7,78100000;Error
-7,78000000;Error
-7,77900000;Error
-7,77800000;Error
-7,77700000;Error
-7,77600000;Error
-7,77500000;Error
-7,77400000;Error
-7,77300000;Error
-7,77200000;Error
-7,77100000;Error
-7,77000000;Error
-7,76900000;Error
-7,76800000;Error
-7,76700000;Error
-7,76600000;Error
-7,76500000;Error
-7,76400000;Error
-7,76300000;Error
-7,76200000;Error
-7,76100000;Error
-7,76000000;Error
-7,75900000;Error
-7,75800000;Error
-7,75700000;Error
-7,75600000;Error
-7,75500000;Error
-7,75400000;Error
-7,75300000;Error
-7,75200000;Error
-7,75100000;Error
-7,75000000;Error
-7,74900000;Error
-7,74800000;Error
-7,74700000;Error
-7,74600000;Error
-7,74500000;Error
-7,74400000;Error
-7,74300000;Error
-7,74200000;Error
-7,74100000;Error
-7,74000000;Error
-7,73900000;Error
-7,73800000;Error
-7,73700000;Error
-7,73600000;Error
-7,73500000;Error
-7,73400000;Error
-7,73300000;Error
-7,73200000;Error
-7,73100000;Error
-7,73000000;Error
-7,72900000;Error
-7,72800000;Error
-7,72700000;Error
-7,72600000;Error
-7,72500000;Error
-7,72400000;Error
-7,72300000;Error
-7,72200000;Error
-7,72100000;Error
-7,72000000;Error
-7,71900000;Error
-7,71800000;Error
-7,71700000;Error
-7,71600000;Error
-7,71500000;Error
-7,71400000;Error
-7,71300000;Error
-7,71200000;Error
-7,71100000;Error
-7,71000000;Error
-7,70900000;Error
-7,70800000;Error
-7,70700000;Error
-7,70600000;Error
-7,70500000;Error
-7,70400000;Error
-7,70300000;Error
-7,70200000;Error
-7,70100000;Error
-7,70000000;Error
-7,69900000;Error
-7,69800000;Error
-7,69700000;Error
-7,69600000;Error
-7,69500000;Error
-7,69400000;Error
-7,69300000;Error
-7,69200000;Error
-7,69100000;Error
-7,69000000;Error
-7,68900000;Error
-7,68800000;Error
-7,68700000;Error
-7,68600000;Error
-7,68500000;Error
-7,68400000;Error
-7,68300000;Error
-7,68200000;Error
-7,68100000;Error
-7,68000000;Error
-7,67900000;Error
-7,67800000;Error
-7,67700000;Error
-7,67600000;Error
-7,67500000;Error
-7,67400000;Error
-7,67300000;Error
-7,67200000;Error
-7,67100000;Error
-7,67000000;Error
-7,66900000;Error
-7,66800000;Error
-7,66700000;Error
-7,66600000;Error
-7,66500000;Error
-7,66400000;Error
-7,66300000;Error
-7,66200000;Error
-7,66100000;Error
-7,66000000;Error
-7,65900000;Error
-7,65800000;Error
-7,65700000;Error
-7,65600000;Error
-7,65500000;Error
-7,65400000;Error
-7,65300000;Error
-7,65200000;Error
-7,65100000;Error
-7,65000000;Error
-7,64900000;Error
-7,64800000;Error
-7,64700000;Error
-7,64600000;Error
-7,64500000;Error
-7,64400000;Error
-7,64300000;Error
-7,64200000;Error
-7,64100000;Error
-7,64000000;Error
-7,63900000;Error
-7,63800000;Error
-7,63700000;Error
-7,63600000;Error
-7,63500000;Error
-7,63400000;Error
-7,63300000;Error
-7,63200000;Error
-7,63100000;Error
-7,63000000;Error
-7,62900000;Error
-7,62800000;Error
-7,62700000;Error
-7,62600000;Error
-7,62500000;Error
-7,62400000;Error
-7,62300000;Error
-7,62200000;Error
-7,62100000;Error
-7,62000000;Error
-7,61900000;Error
-7,61800000;Error
-7,61700000;Error
-7,61600000;Error
-7,61500000;Error
-7,61400000;Error
-7,61300000;Error
-7,61200000;Error
-7,61100000;Error
-7,61000000;Error
-7,60900000;Error
-7,60800000;Error
-7,60700000;Error
-7,60600000;Error
-7,60500000;Error
-7,60400000;Error
-7,60300000;Error
-7,60200000;Error
-7,60100000;Error
-7,60000000;Error
-7,59900000;Error
-7,59800000;Error
-7,59700000;Error
-7,59600000;Error
-7,59500000;Error
-7,59400000;Error
-7,59300000;Error
-7,59200000;Error
-7,59100000;Error
-7,59000000;Error
-7,58900000;Error
-7,58800000;Error
-7,58700000;Error
-7,58600000;Error
-7,58500000;Error
-7,58400000;Error
-7,58300000;Error
-7,58200000;Error
-7,58100000;Error
-7,58000000;Error
-7,57900000;Error
-7,57800000;Error
-7,57700000;Error
-7,57600000;Error
-7,57500000;Error
-7,57400000;Error
-7,57300000;Error
-7,57200000;Error
-7,57100000;Error
-7,57000000;Error
-7,56900000;Error
-7,56800000;Error
-7,56700000;Error
-7,56600000;Error
-7,56500000;Error
-7,56400000;Error
-7,56300000;Error
-7,56200000;Error
-7,56100000;Error
-7,56000000;Error
-7,55900000;Error
-7,55800000;Error
-7,55700000;Error
-7,55600000;Error
-7,55500000;Error
-7,55400000;Error
-7,55300000;Error
-7,55200000;Error
-7,55100000;Error
-7,55000000;Error
-7,54900000;Error
-7,54800000;Error
-7,54700000;Error
-7,54600000;Error
-7,54500000;Error
-7,54400000;Error
-7,54300000;Error
-7,54200000;Error
-7,54100000;Error
-7,54000000;Error
-7,53900000;Error
-7,53800000;Error
-7,53700000;Error
-7,53600000;Error
-7,53500000;Error
-7,53400000;Error
-7,53300000;Error
-7,53200000;Error
-7,53100000;Error
-7,53000000;Error
-7,52900000;Error
-7,52800000;Error
-7,52700000;Error
-7,52600000;Error
-7,52500000;Error
-7,52400000;Error
-7,52300000;Error
-7,52200000;Error
-7,52100000;Error
-7,52000000;Error
-7,51900000;Error
-7,51800000;Error
-7,51700000;Error
-7,51600000;Error
-7,51500000;Error
-7,51400000;Error
-7,51300000;Error
-7,51200000;Error
-7,51100000;Error
-7,51000000;Error
-7,50900000;Error
-7,50800000;Error
-7,50700000;Error
-7,50600000;Error
-7,50500000;Error
-7,50400000;Error
-7,50300000;Error
-7,50200000;Error
-7,50100000;Error
-7,50000000;Error
-7,49900000;Error
-7,49800000;Error
-7,49700000;Error
-7,49600000;Error
-7,49500000;Error
-7,49400000;Error
-7,49300000;Error
-7,49200000;Error
-7,49100000;Error
-7,49000000;Error
-7,48900000;Error
-7,48800000;Error
-7,48700000;Error
-7,48600000;Error
-7,48500000;Error
-7,48400000;Error
-7,48300000;Error
-7,48200000;Error
-7,48100000;Error
-7,48000000;Error
-7,47900000;Error
-7,47800000;Error
-7,47700000;Error
-7,47600000;Error
-7,47500000;Error
-7,47400000;Error
-7,47300000;Error
-7,47200000;Error
-7,47100000;Error
-7,47000000;Error
-7,46900000;Error
-7,46800000;Error
-7,46700000;Error
-7,46600000;Error
-7,46500000;Error
-7,46400000;Error
-7,46300000;Error
-7,46200000;Error
-7,46100000;Error
-7,46000000;Error
-7,45900000;Error
-7,45800000;Error
-7,45700000;Error
-7,45600000;Error
-7,45500000;Error
-7,45400000;Error
-7,45300000;Error
-7,45200000;Error
-7,45100000;Error
-7,45000000;Error
-7,44900000;Error
-7,44800000;Error
-7,44700000;Error
-7,44600000;Error
-7,44500000;Error
-7,44400000;Error
-7,44300000;Error
-7,44200000;Error
-7,44100000;Error
-7,44000000;Error
-7,43900000;Error
-7,43800000;Error
-7,43700000;Error
-7,43600000;Error
-7,43500000;Error
-7,43400000;Error
-7,43300000;Error
-7,43200000;Error
-7,43100000;Error
-7,43000000;Error
-7,42900000;Error
-7,42800000;Error
-7,42700000;Error
-7,42600000;Error
-7,42500000;Error
-7,42400000;Error
-7,42300000;Error
-7,42200000;Error
-7,42100000;Error
-7,42000000;Error
-7,41900000;Error
-7,41800000;Error
-7,41700000;Error
-7,41600000;Error
-7,41500000;Error
-7,41400000;Error
-7,41300000;Error
-7,41200000;Error
-7,41100000;Error
-7,41000000;Error
-7,40900000;Error
-7,40800000;Error
-7,40700000;Error
-7,40600000;Error
-7,40500000;Error
-7,40400000;Error
-7,40300000;Error
-7,40200000;Error
-7,40100000;Error
-7,40000000;Error
-7,39900000;Error
-7,39800000;Error
-7,39700000;Error
-7,39600000;Error
-7,39500000;Error
-7,39400000;Error
-7,39300000;Error
-7,39200000;Error
-7,39100000;Error
-7,39000000;Error
-7,38900000;Error
-7,38800000;Error
-7,38700000;Error
-7,38600000;Error
-7,38500000;Error
-7,38400000;Error
-7,38300000;Error
-7,38200000;Error
-7,38100000;Error
-7,38000000;Error
-7,37900000;Error
-7,37800000;Error
-7,37700000;Error
-7,37600000;Error
-7,37500000;Error
-7,37400000;Error
-7,37300000;Error
-7,37200000;Error
-7,37100000;Error
-7,37000000;Error
-7,36900000;Error
-7,36800000;Error
-7,36700000;Error
-7,36600000;Error
-7,36500000;Error
-7,36400000;Error
-7,36300000;Error
-7,36200000;Error
-7,36100000;Error
-7,36000000;Error
-7,35900000;Error
-7,35800000;Error
-7,35700000;Error
-7,35600000;Error
-7,35500000;Error
-7,35400000;Error
-7,35300000;Error
-7,35200000;Error
-7,35100000;Error
-7,35000000;Error
-7,34900000;Error
-7,34800000;Error
-7,34700000;Error
-7,34600000;Error
-7,34500000;Error
-7,34400000;Error
-7,34300000;Error
-7,34200000;Error
-7,34100000;Error
-7,34000000;Error
-7,33900000;Error
-7,33800000;Error
-7,33700000;Error
-7,33600000;Error
-7,33500000;Error
-7,33400000;Error
-7,33300000;Error
-7,33200000;Error
-7,33100000;Error
-7,33000000;Error
-7,32900000;Error
-7,32800000;Error
-7,32700000;Error
-7,32600000;Error
-7,32500000;Error
-7,32400000;Error
-7,32300000;Error
-7,32200000;Error
-7,32100000;Error
-7,32000000;Error
-7,31900000;Error
-7,31800000;Error
-7,31700000;Error
-7,31600000;Error
-7,31500000;Error
-7,31400000;Error
-7,31300000;Error
-7,31200000;Error
-7,31100000;Error
-7,31000000;Error
-7,30900000;Error
-7,30800000;Error
-7,30700000;Error
-7,30600000;Error
-7,30500000;Error
-7,30400000;Error
-7,30300000;Error
-7,30200000;Error
-7,30100000;Error
-7,30000000;Error
-7,29900000;Error
-7,29800000;Error
-7,29700000;Error
-7,29600000;Error
-7,29500000;Error
-7,29400000;Error
-7,29300000;Error
-7,29200000;Error
-7,29100000;Error
-7,29000000;Error
-7,28900000;Error
-7,28800000;Error
-7,28700000;Error
-7,28600000;Error
-7,28500000;Error
-7,28400000;Error
-7,28300000;Error
-7,28200000;Error
-7,28100000;Error
-7,28000000;Error
-7,27900000;Error
-7,27800000;Error
-7,27700000;Error
-7,27600000;Error
-7,27500000;Error
-7,27400000;Error
-7,27300000;Error
-7,27200000;Error
-7,27100000;Error
-7,27000000;Error
-7,26900000;Error
-7,26800000;Error
-7,26700000;Error
-7,26600000;Error
-7,26500000;Error
-7,26400000;Error
-7,26300000;Error
-7,26200000;Error
-7,26100000;Error
-7,26000000;Error
-7,25900000;Error
-7,25800000;Error
-7,25700000;Error
-7,25600000;Error
-7,25500000;Error
-7,25400000;Error
-7,25300000;Error
-7,25200000;Error
-7,25100000;Error
-7,25000000;Error
-7,24900000;Error
-7,24800000;Error
-7,24700000;Error
-7,24600000;Error
-7,24500000;Error
-7,24400000;Error
-7,24300000;Error
-7,24200000;Error
-7,24100000;Error
-7,24000000;Error
-7,23900000;Error
-7,23800000;Error
-7,23700000;Error
-7,23600000;Error
-7,23500000;Error
-7,23400000;Error
-7,23300000;Error
-7,23200000;Error
-7,23100000;Error
-7,23000000;Error
-7,22900000;Error
-7,22800000;Error
-7,22700000;Error
-7,22600000;Error
-7,22500000;Error
-7,22400000;Error
-7,22300000;Error
-7,22200000;Error
-7,22100000;Error
-7,22000000;Error
-7,21900000;Error
-7,21800000;Error
-7,21700000;Error
-7,21600000;Error
-7,21500000;Error
-7,21400000;Error
-7,21300000;Error
-7,21200000;Error
-7,21100000;Error
-7,21000000;Error
-7,20900000;Error
-7,20800000;Error
-7,20700000;Error
-7,20600000;Error
-7,20500000;Error
-7,20400000;Error
-7,20300000;Error
-7,20200000;Error
-7,20100000;Error
-7,20000000;Error
-7,19900000;Error
-7,19800000;Error
-7,19700000;Error
-7,19600000;Error
-7,19500000;Error
-7,19400000;Error
-7,19300000;Error
-7,19200000;Error
-7,19100000;Error
-7,19000000;Error
-7,18900000;Error
-7,18800000;Error
-7,18700000;Error
-7,18600000;Error
-7,18500000;Error
-7,18400000;Error
-7,18300000;Error
-7,18200000;Error
-7,18100000;Error
-7,18000000;Error
-7,17900000;Error
-7,17800000;Error
-7,17700000;Error
-7,17600000;Error
-7,17500000;Error
-7,17400000;Error
-7,17300000;Error
-7,17200000;Error
-7,17100000;Error
-7,17000000;Error
-7,16900000;Error
-7,16800000;Error
-7,16700000;Error
-7,16600000;Error
-7,16500000;Error
-7,16400000;Error
-7,16300000;Error
-7,16200000;Error
-7,16100000;Error
-7,16000000;Error
-7,15900000;Error
-7,15800000;Error
-7,15700000;Error
-7,15600000;Error
-7,15500000;Error
-7,15400000;Error
-7,15300000;Error
-7,15200000;Error
-7,15100000;Error
-7,15000000;Error
-7,14900000;Error
-7,14800000;Error
-7,14700000;Error
-7,14600000;Error
-7,14500000;Error
-7,14400000;Error
-7,14300000;Error
-7,14200000;Error
-7,14100000;Error
-7,14000000;Error
-7,13900000;Error
-7,13800000;Error
-7,13700000;Error
-7,13600000;Error
-7,13500000;Error
-7,13400000;Error
-7,13300000;Error
-7,13200000;Error
-7,13100000;Error
-7,13000000;Error
-7,12900000;Error
-7,12800000;Error
-7,12700000;Error
-7,12600000;Error
-7,12500000;Error
-7,12400000;Error
-7,12300000;Error
-7,12200000;Error
-7,12100000;Error
-7,12000000;Error
-7,11900000;Error
-7,11800000;Error
-7,11700000;Error
-7,11600000;Error
-7,11500000;Error
-7,11400000;Error
-7,11300000;Error
-7,11200000;Error
-7,11100000;Error
-7,11000000;Error
-7,10900000;Error
-7,10800000;Error
-7,10700000;Error
-7,10600000;Error
-7,10500000;Error
-7,10400000;Error
-7,10300000;Error
-7,10200000;Error
-7,10100000;Error
-7,10000000;Error
-7,09900000;Error
-7,09800000;Error
-7,09700000;Error
-7,09600000;Error
-7,09500000;Error
-7,09400000;Error
-7,09300000;Error
-7,09200000;Error
-7,09100000;Error
-7,09000000;Error
-7,08900000;Error
-7,08800000;Error
-7,08700000;Error
-7,08600000;Error
-7,08500000;Error
-7,08400000;Error
-7,08300000;Error
-7,08200000;Error
-7,08100000;Error
-7,08000000;Error
-7,07900000;Error
-7,07800000;Error
-7,07700000;Error
-7,07600000;Error
-7,07500000;Error
-7,07400000;Error
-7,07300000;Error
-7,07200000;Error
-7,07100000;Error
-7,07000000;Error
-7,06900000;Error
-7,06800000;Error
-7,06700000;Error
-7,06600000;Error
-7,06500000;Error
-7,06400000;Error
-7,06300000;Error
-7,06200000;Error
-7,06100000;Error
-7,06000000;Error
-7,05900000;Error
-7,05800000;Error
-7,05700000;Error
-7,05600000;Error
-7,05500000;Error
-7,05400000;Error
-7,05300000;Error
-7,05200000;Error
-7,05100000;Error
-7,05000000;Error
-7,04900000;Error
-7,04800000;Error
-7,04700000;Error
-7,04600000;Error
-7,04500000;Error
-7,04400000;Error
-7,04300000;Error
-7,04200000;Error
-7,04100000;Error
-7,04000000;Error
-7,03900000;Error
-7,03800000;Error
-7,03700000;Error
-7,03600000;Error
-7,03500000;Error
-7,03400000;Error
-7,03300000;Error
-7,03200000;Error
-7,03100000;Error
-7,03000000;Error
-7,02900000;Error
-7,02800000;Error
-7,02700000;Error
-7,02600000;Error
-7,02500000;Error
-7,02400000;Error
-7,02300000;Error
-7,02200000;Error
-7,02100000;Error
-7,02000000;Error
-7,01900000;Error
-7,01800000;Error
-7,01700000;Error
-7,01600000;Error
-7,01500000;Error
-7,01400000;Error
-7,01300000;Error
-7,01200000;Error
-7,01100000;Error
-7,01000000;Error
-7,00900000;Error
-7,00800000;Error
-7,00700000;Error
-7,00600000;Error
-7,00500000;Error
-7,00400000;Error
-7,00300000;Error
-7,00200000;Error
-7,00100000;Error
-7,00000000;Error
-6,99900000;Error
-6,99800000;Error
-6,99700000;Error
-6,99600000;Error
-6,99500000;Error
-6,99400000;Error
-6,99300000;Error
-6,99200000;Error
-6,99100000;Error
-6,99000000;Error
-6,98900000;Error
-6,98800000;Error
-6,98700000;Error
-6,98600000;Error
-6,98500000;Error
-6,98400000;Error
-6,98300000;Error
-6,98200000;Error
-6,98100000;Error
-6,98000000;Error
-6,97900000;Error
-6,97800000;Error
-6,97700000;Error
-6,97600000;Error
-6,97500000;Error
-6,97400000;Error
-6,97300000;Error
-6,97200000;Error
-6,97100000;Error
-6,97000000;Error
-6,96900000;Error
-6,96800000;Error
-6,96700000;Error
-6,96600000;Error
-6,96500000;Error
-6,96400000;Error
-6,96300000;Error
-6,96200000;Error
-6,96100000;Error
-6,96000000;Error
-6,95900000;Error
-6,95800000;Error
-6,95700000;Error
-6,95600000;Error
-6,95500000;Error
-6,95400000;Error
-6,95300000;Error
-6,95200000;Error
-6,95100000;Error
-6,95000000;Error
-6,94900000;Error
-6,94800000;Error
-6,94700000;Error
-6,94600000;Error
-6,94500000;Error
-6,94400000;Error
-6,94300000;Error
-6,94200000;Error
-6,94100000;Error
-6,94000000;Error
-6,93900000;Error
-6,93800000;Error
-6,93700000;Error
-6,93600000;Error
-6,93500000;Error
-6,93400000;Error
-6,93300000;Error
-6,93200000;Error
-6,93100000;Error
-6,93000000;Error
-6,92900000;Error
-6,92800000;Error
-6,92700000;Error
-6,92600000;Error
-6,92500000;Error
-6,92400000;Error
-6,92300000;Error
-6,92200000;Error
-6,92100000;Error
-6,92000000;Error
-6,91900000;Error
-6,91800000;Error
-6,91700000;Error
-6,91600000;Error
-6,91500000;Error
-6,91400000;Error
-6,91300000;Error
-6,91200000;Error
-6,91100000;Error
-6,91000000;Error
-6,90900000;Error
-6,90800000;Error
-6,90700000;Error
-6,90600000;Error
-6,90500000;Error
-6,90400000;Error
-6,90300000;Error
-6,90200000;Error
-6,90100000;Error
-6,90000000;Error
-6,89900000;Error
-6,89800000;Error
-6,89700000;Error
-6,89600000;Error
-6,89500000;Error
-6,89400000;Error
-6,89300000;Error
-6,89200000;Error
-6,89100000;Error
-6,89000000;Error
-6,88900000;Error
-6,88800000;Error
-6,88700000;Error
-6,88600000;Error
-6,88500000;Error
-6,88400000;Error
-6,88300000;Error
-6,88200000;Error
-6,88100000;Error
-6,88000000;Error
-6,87900000;Error
-6,87800000;Error
-6,87700000;Error
-6,87600000;Error
-6,87500000;Error
-6,87400000;Error
-6,87300000;Error
-6,87200000;Error
-6,87100000;Error
-6,87000000;Error
-6,86900000;Error
-6,86800000;Error
-6,86700000;Error
-6,86600000;Error
-6,86500000;Error
-6,86400000;Error
-6,86300000;Error
-6,86200000;Error
-6,86100000;Error
-6,86000000;Error
-6,85900000;Error
-6,85800000;Error
-6,85700000;Error
-6,85600000;Error
-6,85500000;Error
-6,85400000;Error
-6,85300000;Error
-6,85200000;Error
-6,85100000;Error
-6,85000000;Error
-6,84900000;Error
-6,84800000;Error
-6,84700000;Error
-6,84600000;Error
-6,84500000;Error
-6,84400000;Error
-6,84300000;Error
-6,84200000;Error
-6,84100000;Error
-6,84000000;Error
-6,83900000;Error
-6,83800000;Error
-6,83700000;Error
-6,83600000;Error
-6,83500000;Error
-6,83400000;Error
-6,83300000;Error
-6,83200000;Error
-6,83100000;Error
-6,83000000;Error
-6,82900000;Error
-6,82800000;Error
-6,82700000;Error
-6,82600000;Error
-6,82500000;Error
-6,82400000;Error
-6,82300000;Error
-6,82200000;Error
-6,82100000;Error
-6,82000000;Error
-6,81900000;Error
-6,81800000;Error
-6,81700000;Error
-6,81600000;Error
-6,81500000;Error
-6,81400000;Error
-6,81300000;Error
-6,81200000;Error
-6,81100000;Error
-6,81000000;Error
-6,80900000;Error
-6,80800000;Error
-6,80700000;Error
-6,80600000;Error
-6,80500000;Error
-6,80400000;Error
-6,80300000;Error
-6,80200000;Error
-6,80100000;Error
-6,80000000;Error
-6,79900000;Error
-6,79800000;Error
-6,79700000;Error
-6,79600000;Error
-6,79500000;Error
-6,79400000;Error
-6,79300000;Error
-6,79200000;Error
-6,79100000;Error
-6,79000000;Error
-6,78900000;Error
-6,78800000;Error
-6,78700000;Error
-6,78600000;Error
-6,78500000;Error
-6,78400000;Error
-6,78300000;Error
-6,78200000;Error
-6,78100000;Error
-6,78000000;Error
-6,77900000;Error
-6,77800000;Error
-6,77700000;Error
-6,77600000;Error
-6,77500000;Error
-6,77400000;Error
-6,77300000;Error
-6,77200000;Error
-6,77100000;Error
-6,77000000;Error
-6,76900000;Error
-6,76800000;Error
-6,76700000;Error
-6,76600000;Error
-6,76500000;Error
-6,76400000;Error
-6,76300000;Error
-6,76200000;Error
-6,76100000;Error
-6,76000000;Error
-6,75900000;Error
-6,75800000;Error
-6,75700000;Error
-6,75600000;Error
-6,75500000;Error
-6,75400000;Error
-6,75300000;Error
-6,75200000;Error
-6,75100000;Error
-6,75000000;Error
-6,74900000;Error
-6,74800000;Error
-6,74700000;Error
-6,74600000;Error
-6,74500000;Error
-6,74400000;Error
-6,74300000;Error
-6,74200000;Error
-6,74100000;Error
-6,74000000;Error
-6,73900000;Error
-6,73800000;Error
-6,73700000;Error
-6,73600000;Error
-6,73500000;Error
-6,73400000;Error
-6,73300000;Error
-6,73200000;Error
-6,73100000;Error
-6,73000000;Error
-6,72900000;Error
-6,72800000;Error
-6,72700000;Error
-6,72600000;Error
-6,72500000;Error
-6,72400000;Error
-6,72300000;Error
-6,72200000;Error
-6,72100000;Error
-6,72000000;Error
-6,71900000;Error
-6,71800000;Error
-6,71700000;Error
-6,71600000;Error
-6,71500000;Error
-6,71400000;Error
-6,71300000;Error
-6,71200000;Error
-6,71100000;Error
-6,71000000;Error
-6,70900000;Error
-6,70800000;Error
-6,70700000;Error
-6,70600000;Error
-6,70500000;Error
-6,70400000;Error
-6,70300000;Error
-6,70200000;Error
-6,70100000;Error
-6,70000000;Error
-6,69900000;Error
-6,69800000;Error
-6,69700000;Error
-6,69600000;Error
-6,69500000;Error
-6,69400000;Error
-6,69300000;Error
-6,69200000;Error
-6,69100000;Error
-6,69000000;Error
-6,68900000;Error
-6,68800000;Error
-6,68700000;Error
-6,68600000;Error
-6,68500000;Error
-6,68400000;Error
-6,68300000;Error
-6,68200000;Error
-6,68100000;Error
-6,68000000;Error
-6,67900000;Error
-6,67800000;Error
-6,67700000;Error
-6,67600000;Error
-6,67500000;Error
-6,67400000;Error
-6,67300000;Error
-6,67200000;Error
-6,67100000;Error
-6,67000000;Error
-6,66900000;Error
-6,66800000;Error
-6,66700000;Error
-6,66600000;Error
-6,66500000;Error
-6,66400000;Error
-6,66300000;Error
-6,66200000;Error
-6,66100000;Error
-6,66000000;Error
-6,65900000;Error
-6,65800000;Error
-6,65700000;Error
-6,65600000;Error
-6,65500000;Error
-6,65400000;Error
-6,65300000;Error
-6,65200000;Error
-6,65100000;Error
-6,65000000;Error
-6,64900000;Error
-6,64800000;Error
-6,64700000;Error
-6,64600000;Error
-6,64500000;Error
-6,64400000;Error
-6,64300000;Error
-6,64200000;Error
-6,64100000;Error
-6,64000000;Error
-6,63900000;Error
-6,63800000;Error
-6,63700000;Error
-6,63600000;Error
-6,63500000;Error
-6,63400000;Error
-6,63300000;Error
-6,63200000;Error
-6,63100000;Error
-6,63000000;Error
-6,62900000;Error
-6,62800000;Error
-6,62700000;Error
-6,62600000;Error
-6,62500000;Error
-6,62400000;Error
-6,62300000;Error
-6,62200000;Error
-6,62100000;Error
-6,62000000;Error
-6,61900000;Error
-6,61800000;Error
-6,61700000;Error
-6,61600000;Error
-6,61500000;Error
-6,61400000;Error
-6,61300000;Error
-6,61200000;Error
-6,61100000;Error
-6,61000000;Error
-6,60900000;Error
-6,60800000;Error
-6,60700000;Error
-6,60600000;Error
-6,60500000;Error
-6,60400000;Error
-6,60300000;Error
-6,60200000;Error
-6,60100000;Error
-6,60000000;Error
-6,59900000;Error
-6,59800000;Error
-6,59700000;Error
-6,59600000;Error
-6,59500000;Error
-6,59400000;Error
-6,59300000;Error
-6,59200000;Error
-6,59100000;Error
-6,59000000;Error
-6,58900000;Error
-6,58800000;Error
-6,58700000;Error
-6,58600000;Error
-6,58500000;Error
-6,58400000;Error
-6,58300000;Error
-6,58200000;Error
-6,58100000;Error
-6,58000000;Error
-6,57900000;Error
-6,57800000;Error
-6,57700000;Error
-6,57600000;Error
-6,57500000;Error
-6,57400000;Error
-6,57300000;Error
-6,57200000;Error
-6,57100000;Error
-6,57000000;Error
-6,56900000;Error
-6,56800000;Error
-6,56700000;Error
-6,56600000;Error
-6,56500000;Error
-6,56400000;Error
-6,56300000;Error
-6,56200000;Error
-6,56100000;Error
-6,56000000;Error
-6,55900000;Error
-6,55800000;Error
-6,55700000;Error
-6,55600000;Error
-6,55500000;Error
-6,55400000;Error
-6,55300000;Error
-6,55200000;Error
-6,55100000;Error
-6,55000000;Error
-6,54900000;Error
-6,54800000;Error
-6,54700000;Error
-6,54600000;Error
-6,54500000;Error
-6,54400000;Error
-6,54300000;Error
-6,54200000;Error
-6,54100000;Error
-6,54000000;Error
-6,53900000;Error
-6,53800000;Error
-6,53700000;Error
-6,53600000;Error
-6,53500000;Error
-6,53400000;Error
-6,53300000;Error
-6,53200000;Error
-6,53100000;Error
-6,53000000;Error
-6,52900000;Error
-6,52800000;Error
-6,52700000;Error
-6,52600000;Error
-6,52500000;Error
-6,52400000;Error
-6,52300000;Error
-6,52200000;Error
-6,52100000;Error
-6,52000000;Error
-6,51900000;Error
-6,51800000;Error
-6,51700000;Error
-6,51600000;Error
-6,51500000;Error
-6,51400000;Error
-6,51300000;Error
-6,51200000;Error
-6,51100000;Error
-6,51000000;Error
-6,50900000;Error
-6,50800000;Error
-6,50700000;Error
-6,50600000;Error
-6,50500000;Error
-6,50400000;Error
-6,50300000;Error
-6,50200000;Error
-6,50100000;Error
-6,50000000;Error
-6,49900000;Error
-6,49800000;Error
-6,49700000;Error
-6,49600000;Error
-6,49500000;Error
-6,49400000;Error
-6,49300000;Error
-6,49200000;Error
-6,49100000;Error
-6,49000000;Error
-6,48900000;Error
-6,48800000;Error
-6,48700000;Error
-6,48600000;Error
-6,48500000;Error
-6,48400000;Error
-6,48300000;Error
-6,48200000;Error
-6,48100000;Error
-6,48000000;Error
-6,47900000;Error
-6,47800000;Error
-6,47700000;Error
-6,47600000;Error
-6,47500000;Error
-6,47400000;Error
-6,47300000;Error
-6,47200000;Error
-6,47100000;Error
-6,47000000;Error
-6,46900000;Error
-6,46800000;Error
-6,46700000;Error
-6,46600000;Error
-6,46500000;Error
-6,46400000;Error
-6,46300000;Error
-6,46200000;Error
-6,46100000;Error
-6,46000000;Error
-6,45900000;Error
-6,45800000;Error
-6,45700000;Error
-6,45600000;Error
-6,45500000;Error
-6,45400000;Error
-6,45300000;Error
-6,45200000;Error
-6,45100000;Error
-6,45000000;Error
-6,44900000;Error
-6,44800000;Error
-6,44700000;Error
-6,44600000;Error
-6,44500000;Error
-6,44400000;Error
-6,44300000;Error
-6,44200000;Error
-6,44100000;Error
-6,44000000;Error
-6,43900000;Error
-6,43800000;Error
-6,43700000;Error
-6,43600000;Error
-6,43500000;Error
-6,43400000;Error
-6,43300000;Error
-6,43200000;Error
-6,43100000;Error
-6,43000000;Error
-6,42900000;Error
-6,42800000;Error
-6,42700000;Error
-6,42600000;Error
-6,42500000;Error
-6,42400000;Error
-6,42300000;Error
-6,42200000;Error
-6,42100000;Error
-6,42000000;Error
-6,41900000;Error
-6,41800000;Error
-6,41700000;Error
-6,41600000;Error
-6,41500000;Error
-6,41400000;Error
-6,41300000;Error
-6,41200000;Error
-6,41100000;Error
-6,41000000;Error
-6,40900000;Error
-6,40800000;Error
-6,40700000;Error
-6,40600000;Error
-6,40500000;Error
-6,40400000;Error
-6,40300000;Error
-6,40200000;Error
-6,40100000;Error
-6,40000000;Error
-6,39900000;Error
-6,39800000;Error
-6,39700000;Error
-6,39600000;Error
-6,39500000;Error
-6,39400000;Error
-6,39300000;Error
-6,39200000;Error
-6,39100000;Error
-6,39000000;Error
-6,38900000;Error
-6,38800000;Error
-6,38700000;Error
-6,38600000;Error
-6,38500000;Error
-6,38400000;Error
-6,38300000;Error
-6,38200000;Error
-6,38100000;Error
-6,38000000;Error
-6,37900000;Error
-6,37800000;Error
-6,37700000;Error
-6,37600000;Error
-6,37500000;Error
-6,37400000;Error
-6,37300000;Error
-6,37200000;Error
-6,37100000;Error
-6,37000000;Error
-6,36900000;Error
-6,36800000;Error
-6,36700000;Error
-6,36600000;Error
-6,36500000;Error
-6,36400000;Error
-6,36300000;Error
-6,36200000;Error
-6,36100000;Error
-6,36000000;Error
-6,35900000;Error
-6,35800000;Error
-6,35700000;Error
-6,35600000;Error
-6,35500000;Error
-6,35400000;Error
-6,35300000;Error
-6,35200000;Error
-6,35100000;Error
-6,35000000;Error
-6,34900000;Error
-6,34800000;Error
-6,34700000;Error
-6,34600000;Error
-6,34500000;Error
-6,34400000;Error
-6,34300000;Error
-6,34200000;Error
-6,34100000;Error
-6,34000000;Error
-6,33900000;Error
-6,33800000;Error
-6,33700000;Error
-6,33600000;Error
-6,33500000;Error
-6,33400000;Error
-6,33300000;Error
-6,33200000;Error
-6,33100000;Error
-6,33000000;Error
-6,32900000;Error
-6,32800000;Error
-6,32700000;Error
-6,32600000;Error
-6,32500000;Error
-6,32400000;Error
-6,32300000;Error
-6,32200000;Error
-6,32100000;Error
-6,32000000;Error
-6,31900000;Error
-6,31800000;Error
-6,31700000;Error
-6,31600000;Error
-6,31500000;Error
-6,31400000;Error
-6,31300000;Error
-6,31200000;Error
-6,31100000;Error
-6,31000000;Error
-6,30900000;Error
-6,30800000;Error
-6,30700000;Error
-6,30600000;Error
-6,30500000;Error
-6,30400000;Error
-6,30300000;Error
-6,30200000;Error
-6,30100000;Error
-6,30000000;Error
-6,29900000;Error
-6,29800000;Error
-6,29700000;Error
-6,29600000;Error
-6,29500000;Error
-6,29400000;Error
-6,29300000;Error
-6,29200000;Error
-6,29100000;Error
-6,29000000;Error
-6,28900000;Error
-6,28800000;Error
-6,28700000;Error
-6,28600000;Error
-6,28500000;Error
-6,28400000;Error
-6,28300000;Error
-6,28200000;Error
-6,28100000;Error
-6,28000000;Error
-6,27900000;Error
-6,27800000;Error
-6,27700000;Error
-6,27600000;Error
-6,27500000;Error
-6,27400000;Error
-6,27300000;Error
-6,27200000;Error
-6,27100000;Error
-6,27000000;Error
-6,26900000;Error
-6,26800000;Error
-6,26700000;Error
-6,26600000;Error
-6,26500000;Error
-6,26400000;Error
-6,26300000;Error
-6,26200000;Error
-6,26100000;Error
-6,26000000;Error
-6,25900000;Error
-6,25800000;Error
-6,25700000;Error
-6,25600000;Error
-6,25500000;Error
-6,25400000;Error
-6,25300000;Error
-6,25200000;Error
-6,25100000;Error
-6,25000000;Error
-6,24900000;Error
-6,24800000;Error
-6,24700000;Error
-6,24600000;Error
-6,24500000;Error
-6,24400000;Error
-6,24300000;Error
-6,24200000;Error
-6,24100000;Error
-6,24000000;Error
-6,23900000;Error
-6,23800000;Error
-6,23700000;Error
-6,23600000;Error
-6,23500000;Error
-6,23400000;Error
-6,23300000;Error
-6,23200000;Error
-6,23100000;Error
-6,23000000;Error
-6,22900000;Error
-6,22800000;Error
-6,22700000;Error
-6,22600000;Error
-6,22500000;Error
-6,22400000;Error
-6,22300000;Error
-6,22200000;Error
-6,22100000;Error
-6,22000000;Error
-6,21900000;Error
-6,21800000;Error
-6,21700000;Error
-6,21600000;Error
-6,21500000;Error
-6,21400000;Error
-6,21300000;Error
-6,21200000;Error
-6,21100000;Error
-6,21000000;Error
-6,20900000;Error
-6,20800000;Error
-6,20700000;Error
-6,20600000;Error
-6,20500000;Error
-6,20400000;Error
-6,20300000;Error
-6,20200000;Error
-6,20100000;Error
-6,20000000;Error
-6,19900000;Error
-6,19800000;Error
-6,19700000;Error
-6,19600000;Error
-6,19500000;Error
-6,19400000;Error
-6,19300000;Error
-6,19200000;Error
-6,19100000;Error
-6,19000000;Error
-6,18900000;Error
-6,18800000;Error
-6,18700000;Error
-6,18600000;Error
-6,18500000;Error
-6,18400000;Error
-6,18300000;Error
-6,18200000;Error
-6,18100000;Error
-6,18000000;Error
-6,17900000;Error
-6,17800000;Error
-6,17700000;Error
-6,17600000;Error
-6,17500000;Error
-6,17400000;Error
-6,17300000;Error
-6,17200000;Error
-6,17100000;Error
-6,17000000;Error
-6,16900000;Error
-6,16800000;Error
-6,16700000;Error
-6,16600000;Error
-6,16500000;Error
-6,16400000;Error
-6,16300000;Error
-6,16200000;Error
-6,16100000;Error
-6,16000000;Error
-6,15900000;Error
-6,15800000;Error
-6,15700000;Error
-6,15600000;Error
-6,15500000;Error
-6,15400000;Error
-6,15300000;Error
-6,15200000;Error
-6,15100000;Error
-6,15000000;Error
-6,14900000;Error
-6,14800000;Error
-6,14700000;Error
-6,14600000;Error
-6,14500000;Error
-6,14400000;Error
-6,14300000;Error
-6,14200000;Error
-6,14100000;Error
-6,14000000;Error
-6,13900000;Error
-6,13800000;Error
-6,13700000;Error
-6,13600000;Error
-6,13500000;Error
-6,13400000;Error
-6,13300000;Error
-6,13200000;Error
-6,13100000;Error
-6,13000000;Error
-6,12900000;Error
-6,12800000;Error
-6,12700000;Error
-6,12600000;Error
-6,12500000;Error
-6,12400000;Error
-6,12300000;Error
-6,12200000;Error
-6,12100000;Error
-6,12000000;Error
-6,11900000;Error
-6,11800000;Error
-6,11700000;Error
-6,11600000;Error
-6,11500000;Error
-6,11400000;Error
-6,11300000;Error
-6,11200000;Error
-6,11100000;Error
-6,11000000;Error
-6,10900000;Error
-6,10800000;Error
-6,10700000;Error
-6,10600000;Error
-6,10500000;Error
-6,10400000;Error
-6,10300000;Error
-6,10200000;Error
-6,10100000;Error
-6,10000000;Error
-6,09900000;Error
-6,09800000;Error
-6,09700000;Error
-6,09600000;Error
-6,09500000;Error
-6,09400000;Error
-6,09300000;Error
-6,09200000;Error
-6,09100000;Error
-6,09000000;Error
-6,08900000;Error
-6,08800000;Error
-6,08700000;Error
-6,08600000;Error
-6,08500000;Error
-6,08400000;Error
-6,08300000;Error
-6,08200000;Error
-6,08100000;Error
-6,08000000;Error
-6,07900000;Error
-6,07800000;Error
-6,07700000;Error
-6,07600000;Error
-6,07500000;Error
-6,07400000;Error
-6,07300000;Error
-6,07200000;Error
-6,07100000;Error
-6,07000000;Error
-6,06900000;Error
-6,06800000;Error
-6,06700000;Error
-6,06600000;Error
-6,06500000;Error
-6,06400000;Error
-6,06300000;Error
-6,06200000;Error
-6,06100000;Error
-6,06000000;Error
-6,05900000;Error
-6,05800000;Error
-6,05700000;Error
-6,05600000;Error
-6,05500000;Error
-6,05400000;Error
-6,05300000;Error
-6,05200000;Error
-6,05100000;Error
-6,05000000;Error
-6,04900000;Error
-6,04800000;Error
-6,04700000;Error
-6,04600000;Error
-6,04500000;Error
-6,04400000;Error
-6,04300000;Error
-6,04200000;Error
-6,04100000;Error
-6,04000000;Error
-6,03900000;Error
-6,03800000;Error
-6,03700000;Error
-6,03600000;Error
-6,03500000;Error
-6,03400000;Error
-6,03300000;Error
-6,03200000;Error
-6,03100000;Error
-6,03000000;Error
-6,02900000;Error
-6,02800000;Error
-6,02700000;Error
-6,02600000;Error
-6,02500000;Error
-6,02400000;Error
-6,02300000;Error
-6,02200000;Error
-6,02100000;Error
-6,02000000;Error
-6,01900000;Error
-6,01800000;Error
-6,01700000;Error
-6,01600000;Error
-6,01500000;Error
-6,01400000;Error
-6,01300000;Error
-6,01200000;Error
-6,01100000;Error
-6,01000000;Error
-6,00900000;Error
-6,00800000;Error
-6,00700000;Error
-6,00600000;Error
-6,00500000;Error
-6,00400000;Error
-6,00300000;Error
-6,00200000;Error
-6,00100000;Error
-6,00000000;Error
-5,99900000;Error
-5,99800000;Error
-5,99700000;Error
-5,99600000;Error
-5,99500000;Error
-5,99400000;Error
-5,99300000;Error
-5,99200000;Error
-5,99100000;Error
-5,99000000;Error
-5,98900000;Error
-5,98800000;Error
-5,98700000;Error
-5,98600000;Error
-5,98500000;Error
-5,98400000;Error
-5,98300000;Error
-5,98200000;Error
-5,98100000;Error
-5,98000000;Error
-5,97900000;Error
-5,97800000;Error
-5,97700000;Error
-5,97600000;Error
-5,97500000;Error
-5,97400000;Error
-5,97300000;Error
-5,97200000;Error
-5,97100000;Error
-5,97000000;Error
-5,96900000;Error
-5,96800000;Error
-5,96700000;Error
-5,96600000;Error
-5,96500000;Error
-5,96400000;Error
-5,96300000;Error
-5,96200000;Error
-5,96100000;Error
-5,96000000;Error
-5,95900000;Error
-5,95800000;Error
-5,95700000;Error
-5,95600000;Error
-5,95500000;Error
-5,95400000;Error
-5,95300000;Error
-5,95200000;Error
-5,95100000;Error
-5,95000000;Error
-5,94900000;Error
-5,94800000;Error
-5,94700000;Error
-5,94600000;Error
-5,94500000;Error
-5,94400000;Error
-5,94300000;Error
-5,94200000;Error
-5,94100000;Error
-5,94000000;Error
-5,93900000;Error
-5,93800000;Error
-5,93700000;Error
-5,93600000;Error
-5,93500000;Error
-5,93400000;Error
-5,93300000;Error
-5,93200000;Error
-5,93100000;Error
-5,93000000;Error
-5,92900000;Error
-5,92800000;Error
-5,92700000;Error
-5,92600000;Error
-5,92500000;Error
-5,92400000;Error
-5,92300000;Error
-5,92200000;Error
-5,92100000;Error
-5,92000000;Error
-5,91900000;Error
-5,91800000;Error
-5,91700000;Error
-5,91600000;Error
-5,91500000;Error
-5,91400000;Error
-5,91300000;Error
-5,91200000;Error
-5,91100000;Error
-5,91000000;Error
-5,90900000;Error
-5,90800000;Error
-5,90700000;Error
-5,90600000;Error
-5,90500000;Error
-5,90400000;Error
-5,90300000;Error
-5,90200000;Error
-5,90100000;Error
-5,90000000;Error
-5,89900000;Error
-5,89800000;Error
-5,89700000;Error
-5,89600000;Error
-5,89500000;Error
-5,89400000;Error
-5,89300000;Error
-5,89200000;Error
-5,89100000;Error
-5,89000000;Error
-5,88900000;Error
-5,88800000;Error
-5,88700000;Error
-5,88600000;Error
-5,88500000;Error
-5,88400000;Error
-5,88300000;Error
-5,88200000;Error
-5,88100000;Error
-5,88000000;Error
-5,87900000;Error
-5,87800000;Error
-5,87700000;Error
-5,87600000;Error
-5,87500000;Error
-5,87400000;Error
-5,87300000;Error
-5,87200000;Error
-5,87100000;Error
-5,87000000;Error
-5,86900000;Error
-5,86800000;Error
-5,86700000;Error
-5,86600000;Error
-5,86500000;Error
-5,86400000;Error
-5,86300000;Error
-5,86200000;Error
-5,86100000;Error
-5,86000000;Error
-5,85900000;Error
-5,85800000;Error
-5,85700000;Error
-5,85600000;Error
-5,85500000;Error
-5,85400000;Error
-5,85300000;Error
-5,85200000;Error
-5,85100000;Error
-5,85000000;Error
-5,84900000;Error
-5,84800000;Error
-5,84700000;Error
-5,84600000;Error
-5,84500000;Error
-5,84400000;Error
-5,84300000;Error
-5,84200000;Error
-5,84100000;Error
-5,84000000;Error
-5,83900000;Error
-5,83800000;Error
-5,83700000;Error
-5,83600000;Error
-5,83500000;Error
-5,83400000;Error
-5,83300000;Error
-5,83200000;Error
-5,83100000;Error
-5,83000000;Error
-5,82900000;Error
-5,82800000;Error
-5,82700000;Error
-5,82600000;Error
-5,82500000;Error
-5,82400000;Error
-5,82300000;Error
-5,82200000;Error
-5,82100000;Error
-5,82000000;Error
-5,81900000;Error
-5,81800000;Error
-5,81700000;Error
-5,81600000;Error
-5,81500000;Error
-5,81400000;Error
-5,81300000;Error
-5,81200000;Error
-5,81100000;Error
-5,81000000;Error
-5,80900000;Error
-5,80800000;Error
-5,80700000;Error
-5,80600000;Error
-5,80500000;Error
-5,80400000;Error
-5,80300000;Error
-5,80200000;Error
-5,80100000;Error
-5,80000000;Error
-5,79900000;Error
-5,79800000;Error
-5,79700000;Error
-5,79600000;Error
-5,79500000;Error
-5,79400000;Error
-5,79300000;Error
-5,79200000;Error
-5,79100000;Error
-5,79000000;Error
-5,78900000;Error
-5,78800000;Error
-5,78700000;Error
-5,78600000;Error
-5,78500000;Error
-5,78400000;Error
-5,78300000;Error
-5,78200000;Error
-5,78100000;Error
-5,78000000;Error
-5,77900000;Error
-5,77800000;Error
-5,77700000;Error
-5,77600000;Error
-5,77500000;Error
-5,77400000;Error
-5,77300000;Error
-5,77200000;Error
-5,77100000;Error
-5,77000000;Error
-5,76900000;Error
-5,76800000;Error
-5,76700000;Error
-5,76600000;Error
-5,76500000;Error
-5,76400000;Error
-5,76300000;Error
-5,76200000;Error
-5,76100000;Error
-5,76000000;Error
-5,75900000;Error
-5,75800000;Error
-5,75700000;Error
-5,75600000;Error
-5,75500000;Error
-5,75400000;Error
-5,75300000;Error
-5,75200000;Error
-5,75100000;Error
-5,75000000;Error
-5,74900000;Error
-5,74800000;Error
-5,74700000;Error
-5,74600000;Error
-5,74500000;Error
-5,74400000;Error
-5,74300000;Error
-5,74200000;Error
-5,74100000;Error
-5,74000000;Error
-5,73900000;Error
-5,73800000;Error
-5,73700000;Error
-5,73600000;Error
-5,73500000;Error
-5,73400000;Error
-5,73300000;Error
-5,73200000;Error
-5,73100000;Error
-5,73000000;Error
-5,72900000;Error
-5,72800000;Error
-5,72700000;Error
-5,72600000;Error
-5,72500000;Error
-5,72400000;Error
-5,72300000;Error
-5,72200000;Error
-5,72100000;Error
-5,72000000;Error
-5,71900000;Error
-5,71800000;Error
-5,71700000;Error
-5,71600000;Error
-5,71500000;Error
-5,71400000;Error
-5,71300000;Error
-5,71200000;Error
-5,71100000;Error
-5,71000000;Error
-5,70900000;Error
-5,70800000;Error
-5,70700000;Error
-5,70600000;Error
-5,70500000;Error
-5,70400000;Error
-5,70300000;Error
-5,70200000;Error
-5,70100000;Error
-5,70000000;Error
-5,69900000;Error
-5,69800000;Error
-5,69700000;Error
-5,69600000;Error
-5,69500000;Error
-5,69400000;Error
-5,69300000;Error
-5,69200000;Error
-5,69100000;Error
-5,69000000;Error
-5,68900000;Error
-5,68800000;Error
-5,68700000;Error
-5,68600000;Error
-5,68500000;Error
-5,68400000;Error
-5,68300000;Error
-5,68200000;Error
-5,68100000;Error
-5,68000000;Error
-5,67900000;Error
-5,67800000;Error
-5,67700000;Error
-5,67600000;Error
-5,67500000;Error
-5,67400000;Error
-5,67300000;Error
-5,67200000;Error
-5,67100000;Error
-5,67000000;Error
-5,66900000;Error
-5,66800000;Error
-5,66700000;Error
-5,66600000;Error
-5,66500000;Error
-5,66400000;Error
-5,66300000;Error
-5,66200000;Error
-5,66100000;Error
-5,66000000;Error
-5,65900000;Error
-5,65800000;Error
-5,65700000;Error
-5,65600000;Error
-5,65500000;Error
-5,65400000;Error
-5,65300000;Error
-5,65200000;Error
-5,65100000;Error
-5,65000000;Error
-5,64900000;Error
-5,64800000;Error
-5,64700000;Error
-5,64600000;Error
-5,64500000;Error
-5,64400000;Error
-5,64300000;Error
-5,64200000;Error
-5,64100000;Error
-5,64000000;Error
-5,63900000;Error
-5,63800000;Error
-5,63700000;Error
-5,63600000;Error
-5,63500000;Error
-5,63400000;Error
-5,63300000;Error
-5,63200000;Error
-5,63100000;Error
-5,63000000;Error
-5,62900000;Error
-5,62800000;Error
-5,62700000;Error
-5,62600000;Error
-5,62500000;Error
-5,62400000;Error
-5,62300000;Error
-5,62200000;Error
-5,62100000;Error
-5,62000000;Error
-5,61900000;Error
-5,61800000;Error
-5,61700000;Error
-5,61600000;Error
-5,61500000;Error
-5,61400000;Error
-5,61300000;Error
-5,61200000;Error
-5,61100000;Error
-5,61000000;Error
-5,60900000;Error
-5,60800000;Error
-5,60700000;Error
-5,60600000;Error
-5,60500000;Error
-5,60400000;Error
-5,60300000;Error
-5,60200000;Error
-5,60100000;Error
-5,60000000;Error
-5,59900000;Error
-5,59800000;Error
-5,59700000;Error
-5,59600000;Error
-5,59500000;Error
-5,59400000;Error
-5,59300000;Error
-5,59200000;Error
-5,59100000;Error
-5,59000000;Error
-5,58900000;Error
-5,58800000;Error
-5,58700000;Error
-5,58600000;Error
-5,58500000;Error
-5,58400000;Error
-5,58300000;Error
-5,58200000;Error
-5,58100000;Error
-5,58000000;Error
-5,57900000;Error
-5,57800000;Error
-5,57700000;Error
-5,57600000;Error
-5,57500000;Error
-5,57400000;Error
-5,57300000;Error
-5,57200000;Error
-5,57100000;Error
-5,57000000;Error
-5,56900000;Error
-5,56800000;Error
-5,56700000;Error
-5,56600000;Error
-5,56500000;Error
-5,56400000;Error
-5,56300000;Error
-5,56200000;Error
-5,56100000;Error
-5,56000000;Error
-5,55900000;Error
-5,55800000;Error
-5,55700000;Error
-5,55600000;Error
-5,55500000;Error
-5,55400000;Error
-5,55300000;Error
-5,55200000;Error
-5,55100000;Error
-5,55000000;Error
-5,54900000;Error
-5,54800000;Error
-5,54700000;Error
-5,54600000;Error
-5,54500000;Error
-5,54400000;Error
-5,54300000;Error
-5,54200000;Error
-5,54100000;Error
-5,54000000;Error
-5,53900000;Error
-5,53800000;Error
-5,53700000;Error
-5,53600000;Error
-5,53500000;Error
-5,53400000;Error
-5,53300000;Error
-5,53200000;Error
-5,53100000;Error
-5,53000000;Error
-5,52900000;Error
-5,52800000;Error
-5,52700000;Error
-5,52600000;Error
-5,52500000;Error
-5,52400000;Error
-5,52300000;Error
-5,52200000;Error
-5,52100000;Error
-5,52000000;Error
-5,51900000;Error
-5,51800000;Error
-5,51700000;Error
-5,51600000;Error
-5,51500000;Error
-5,51400000;Error
-5,51300000;Error
-5,51200000;Error
-5,51100000;Error
-5,51000000;Error
-5,50900000;Error
-5,50800000;Error
-5,50700000;Error
-5,50600000;Error
-5,50500000;Error
-5,50400000;Error
-5,50300000;Error
-5,50200000;Error
-5,50100000;Error
-5,50000000;Error
-5,49900000;Error
-5,49800000;Error
-5,49700000;Error
-5,49600000;Error
-5,49500000;Error
-5,49400000;Error
-5,49300000;Error
-5,49200000;Error
-5,49100000;Error
-5,49000000;Error
-5,48900000;Error
-5,48800000;Error
-5,48700000;Error
-5,48600000;Error
-5,48500000;Error
-5,48400000;Error
-5,48300000;Error
-5,48200000;Error
-5,48100000;Error
-5,48000000;Error
-5,47900000;Error
-5,47800000;Error
-5,47700000;Error
-5,47600000;Error
-5,47500000;Error
-5,47400000;Error
-5,47300000;Error
-5,47200000;Error
-5,47100000;Error
-5,47000000;Error
-5,46900000;Error
-5,46800000;Error
-5,46700000;Error
-5,46600000;Error
-5,46500000;Error
-5,46400000;Error
-5,46300000;Error
-5,46200000;Error
-5,46100000;Error
-5,46000000;Error
-5,45900000;Error
-5,45800000;Error
-5,45700000;Error
-5,45600000;Error
-5,45500000;Error
-5,45400000;Error
-5,45300000;Error
-5,45200000;Error
-5,45100000;Error
-5,45000000;Error
-5,44900000;Error
-5,44800000;Error
-5,44700000;Error
-5,44600000;Error
-5,44500000;Error
-5,44400000;Error
-5,44300000;Error
-5,44200000;Error
-5,44100000;Error
-5,44000000;Error
-5,43900000;Error
-5,43800000;Error
-5,43700000;Error
-5,43600000;Error
-5,43500000;Error
-5,43400000;Error
-5,43300000;Error
-5,43200000;Error
-5,43100000;Error
-5,43000000;Error
-5,42900000;Error
-5,42800000;Error
-5,42700000;Error
-5,42600000;Error
-5,42500000;Error
-5,42400000;Error
-5,42300000;Error
-5,42200000;Error
-5,42100000;Error
-5,42000000;Error
-5,41900000;Error
-5,41800000;Error
-5,41700000;Error
-5,41600000;Error
-5,41500000;Error
-5,41400000;Error
-5,41300000;Error
-5,41200000;Error
-5,41100000;Error
-5,41000000;Error
-5,40900000;Error
-5,40800000;Error
-5,40700000;Error
-5,40600000;Error
-5,40500000;Error
-5,40400000;Error
-5,40300000;Error
-5,40200000;Error
-5,40100000;Error
-5,40000000;Error
-5,39900000;Error
-5,39800000;Error
-5,39700000;Error
-5,39600000;Error
-5,39500000;Error
-5,39400000;Error
-5,39300000;Error
-5,39200000;Error
-5,39100000;Error
-5,39000000;Error
-5,38900000;Error
-5,38800000;Error
-5,38700000;Error
-5,38600000;Error
-5,38500000;Error
-5,38400000;Error
-5,38300000;Error
-5,38200000;Error
-5,38100000;Error
-5,38000000;Error
-5,37900000;Error
-5,37800000;Error
-5,37700000;Error
-5,37600000;Error
-5,37500000;Error
-5,37400000;Error
-5,37300000;Error
-5,37200000;Error
-5,37100000;Error
-5,37000000;Error
-5,36900000;Error
-5,36800000;Error
-5,36700000;Error
-5,36600000;Error
-5,36500000;Error
-5,36400000;Error
-5,36300000;Error
-5,36200000;Error
-5,36100000;Error
-5,36000000;Error
-5,35900000;Error
-5,35800000;Error
-5,35700000;Error
-5,35600000;Error
-5,35500000;Error
-5,35400000;Error
-5,35300000;Error
-5,35200000;Error
-5,35100000;Error
-5,35000000;Error
-5,34900000;Error
-5,34800000;Error
-5,34700000;Error
-5,34600000;Error
-5,34500000;Error
-5,34400000;Error
-5,34300000;Error
-5,34200000;Error
-5,34100000;Error
-5,34000000;Error
-5,33900000;Error
-5,33800000;Error
-5,33700000;Error
-5,33600000;Error
-5,33500000;Error
-5,33400000;Error
-5,33300000;Error
-5,33200000;Error
-5,33100000;Error
-5,33000000;Error
-5,32900000;Error
-5,32800000;Error
-5,32700000;Error
-5,32600000;Error
-5,32500000;Error
-5,32400000;Error
-5,32300000;Error
-5,32200000;Error
-5,32100000;Error
-5,32000000;Error
-5,31900000;Error
-5,31800000;Error
-5,31700000;Error
-5,31600000;Error
-5,31500000;Error
-5,31400000;Error
-5,31300000;Error
-5,31200000;Error
-5,31100000;Error
-5,31000000;Error
-5,30900000;Error
-5,30800000;Error
-5,30700000;Error
-5,30600000;Error
-5,30500000;Error
-5,30400000;Error
-5,30300000;Error
-5,30200000;Error
-5,30100000;Error
-5,30000000;Error
-5,29900000;Error
-5,29800000;Error
-5,29700000;Error
-5,29600000;Error
-5,29500000;Error
-5,29400000;Error
-5,29300000;Error
-5,29200000;Error
-5,29100000;Error
-5,29000000;Error
-5,28900000;Error
-5,28800000;Error
-5,28700000;Error
-5,28600000;Error
-5,28500000;Error
-5,28400000;Error
-5,28300000;Error
-5,28200000;Error
-5,28100000;Error
-5,28000000;Error
-5,27900000;Error
-5,27800000;Error
-5,27700000;Error
-5,27600000;Error
-5,27500000;Error
-5,27400000;Error
-5,27300000;Error
-5,27200000;Error
-5,27100000;Error
-5,27000000;Error
-5,26900000;Error
-5,26800000;Error
-5,26700000;Error
-5,26600000;Error
-5,26500000;Error
-5,26400000;Error
-5,26300000;Error
-5,26200000;Error
-5,26100000;Error
-5,26000000;Error
-5,25900000;Error
-5,25800000;Error
-5,25700000;Error
-5,25600000;Error
-5,25500000;Error
-5,25400000;Error
-5,25300000;Error
-5,25200000;Error
-5,25100000;Error
-5,25000000;Error
-5,24900000;Error
-5,24800000;Error
-5,24700000;Error
-5,24600000;Error
-5,24500000;Error
-5,24400000;Error
-5,24300000;Error
-5,24200000;Error
-5,24100000;Error
-5,24000000;Error
-5,23900000;Error
-5,23800000;Error
-5,23700000;Error
-5,23600000;Error
-5,23500000;Error
-5,23400000;Error
-5,23300000;Error
-5,23200000;Error
-5,23100000;Error
-5,23000000;Error
-5,22900000;Error
-5,22800000;Error
-5,22700000;Error
-5,22600000;Error
-5,22500000;Error
-5,22400000;Error
-5,22300000;Error
-5,22200000;Error
-5,22100000;Error
-5,22000000;Error
-5,21900000;Error
-5,21800000;Error
-5,21700000;Error
-5,21600000;Error
-5,21500000;Error
-5,21400000;Error
-5,21300000;Error
-5,21200000;Error
-5,21100000;Error
-5,21000000;Error
-5,20900000;Error
-5,20800000;Error
-5,20700000;Error
-5,20600000;Error
-5,20500000;Error
-5,20400000;Error
-5,20300000;Error
-5,20200000;Error
-5,20100000;Error
-5,20000000;Error
-5,19900000;Error
-5,19800000;Error
-5,19700000;Error
-5,19600000;Error
-5,19500000;Error
-5,19400000;Error
-5,19300000;Error
-5,19200000;Error
-5,19100000;Error
-5,19000000;Error
-5,18900000;Error
-5,18800000;Error
-5,18700000;Error
-5,18600000;Error
-5,18500000;Error
-5,18400000;Error
-5,18300000;Error
-5,18200000;Error
-5,18100000;Error
-5,18000000;Error
-5,17900000;Error
-5,17800000;Error
-5,17700000;Error
-5,17600000;Error
-5,17500000;Error
-5,17400000;Error
-5,17300000;Error
-5,17200000;Error
-5,17100000;Error
-5,17000000;Error
-5,16900000;Error
-5,16800000;Error
-5,16700000;Error
-5,16600000;Error
-5,16500000;Error
-5,16400000;Error
-5,16300000;Error
-5,16200000;Error
-5,16100000;Error
-5,16000000;Error
-5,15900000;Error
-5,15800000;Error
-5,15700000;Error
-5,15600000;Error
-5,15500000;Error
-5,15400000;Error
-5,15300000;Error
-5,15200000;Error
-5,15100000;Error
-5,15000000;Error
-5,14900000;Error
-5,14800000;Error
-5,14700000;Error
-5,14600000;Error
-5,14500000;Error
-5,14400000;Error
-5,14300000;Error
-5,14200000;Error
-5,14100000;Error
-5,14000000;Error
-5,13900000;Error
-5,13800000;Error
-5,13700000;Error
-5,13600000;Error
-5,13500000;Error
-5,13400000;Error
-5,13300000;Error
-5,13200000;Error
-5,13100000;Error
-5,13000000;Error
-5,12900000;Error
-5,12800000;Error
-5,12700000;Error
-5,12600000;Error
-5,12500000;Error
-5,12400000;Error
-5,12300000;Error
-5,12200000;Error
-5,12100000;Error
-5,12000000;Error
-5,11900000;Error
-5,11800000;Error
-5,11700000;Error
-5,11600000;Error
-5,11500000;Error
-5,11400000;Error
-5,11300000;Error
-5,11200000;Error
-5,11100000;Error
-5,11000000;Error
-5,10900000;Error
-5,10800000;Error
-5,10700000;Error
-5,10600000;Error
-5,10500000;Error
-5,10400000;Error
-5,10300000;Error
-5,10200000;Error
-5,10100000;Error
-5,10000000;Error
-5,09900000;Error
-5,09800000;Error
-5,09700000;Error
-5,09600000;Error
-5,09500000;Error
-5,09400000;Error
-5,09300000;Error
-5,09200000;Error
-5,09100000;Error
-5,09000000;Error
-5,08900000;Error
-5,08800000;Error
-5,08700000;Error
-5,08600000;Error
-5,08500000;Error
-5,08400000;Error
-5,08300000;Error
-5,08200000;Error
-5,08100000;Error
-5,08000000;Error
-5,07900000;Error
-5,07800000;Error
-5,07700000;Error
-5,07600000;Error
-5,07500000;Error
-5,07400000;Error
-5,07300000;Error
-5,07200000;Error
-5,07100000;Error
-5,07000000;Error
-5,06900000;Error
-5,06800000;Error
-5,06700000;Error
-5,06600000;Error
-5,06500000;Error
-5,06400000;Error
-5,06300000;Error
-5,06200000;Error
-5,06100000;Error
-5,06000000;Error
-5,05900000;Error
-5,05800000;Error
-5,05700000;Error
-5,05600000;Error
-5,05500000;Error
-5,05400000;Error
-5,05300000;Error
-5,05200000;Error
-5,05100000;Error
-5,05000000;Error
-5,04900000;Error
-5,04800000;Error
-5,04700000;Error
-5,04600000;Error
-5,04500000;Error
-5,04400000;Error
-5,04300000;Error
-5,04200000;Error
-5,04100000;Error
-5,04000000;Error
-5,03900000;Error
-5,03800000;Error
-5,03700000;Error
-5,03600000;Error
-5,03500000;Error
-5,03400000;Error
-5,03300000;Error
-5,03200000;Error
-5,03100000;Error
-5,03000000;Error
-5,02900000;Error
-5,02800000;Error
-5,02700000;Error
-5,02600000;Error
-5,02500000;Error
-5,02400000;Error
-5,02300000;Error
-5,02200000;Error
-5,02100000;Error
-5,02000000;Error
-5,01900000;Error
-5,01800000;Error
-5,01700000;Error
-5,01600000;Error
-5,01500000;Error
-5,01400000;Error
-5,01300000;Error
-5,01200000;Error
-5,01100000;Error
-5,01000000;Error
-5,00900000;Error
-5,00800000;Error
-5,00700000;Error
-5,00600000;Error
-5,00500000;Error
-5,00400000;Error
-5,00300000;Error
-5,00200000;Error
-5,00100000;Error
-5,00000000;Error
-4,99900000;Error
-4,99800000;Error
-4,99700000;Error
-4,99600000;Error
-4,99500000;Error
-4,99400000;Error
-4,99300000;Error
-4,99200000;Error
-4,99100000;Error
-4,99000000;Error
-4,98900000;Error
-4,98800000;Error
-4,98700000;Error
-4,98600000;Error
-4,98500000;Error
-4,98400000;Error
-4,98300000;Error
-4,98200000;Error
-4,98100000;Error
-4,98000000;Error
-4,97900000;Error
-4,97800000;Error
-4,97700000;Error
-4,97600000;Error
-4,97500000;Error
-4,97400000;Error
-4,97300000;Error
-4,97200000;Error
-4,97100000;Error
-4,97000000;Error
-4,96900000;Error
-4,96800000;Error
-4,96700000;Error
-4,96600000;Error
-4,96500000;Error
-4,96400000;Error
-4,96300000;Error
-4,96200000;Error
-4,96100000;Error
-4,96000000;Error
-4,95900000;Error
-4,95800000;Error
-4,95700000;Error
-4,95600000;Error
-4,95500000;Error
-4,95400000;Error
-4,95300000;Error
-4,95200000;Error
-4,95100000;Error
-4,95000000;Error
-4,94900000;Error
-4,94800000;Error
-4,94700000;Error
-4,94600000;Error
-4,94500000;Error
-4,94400000;Error
-4,94300000;Error
-4,94200000;Error
-4,94100000;Error
-4,94000000;Error
-4,93900000;Error
-4,93800000;Error
-4,93700000;Error
-4,93600000;Error
-4,93500000;Error
-4,93400000;Error
-4,93300000;Error
-4,93200000;Error
-4,93100000;Error
-4,93000000;Error
-4,92900000;Error
-4,92800000;Error
-4,92700000;Error
-4,92600000;Error
-4,92500000;Error
-4,92400000;Error
-4,92300000;Error
-4,92200000;Error
-4,92100000;Error
-4,92000000;Error
-4,91900000;Error
-4,91800000;Error
-4,91700000;Error
-4,91600000;Error
-4,91500000;Error
-4,91400000;Error
-4,91300000;Error
-4,91200000;Error
-4,91100000;Error
-4,91000000;Error
-4,90900000;Error
-4,90800000;Error
-4,90700000;Error
-4,90600000;Error
-4,90500000;Error
-4,90400000;Error
-4,90300000;Error
-4,90200000;Error
-4,90100000;Error
-4,90000000;Error
-4,89900000;Error
-4,89800000;Error
-4,89700000;Error
-4,89600000;Error
-4,89500000;Error
-4,89400000;Error
-4,89300000;Error
-4,89200000;Error
-4,89100000;Error
-4,89000000;Error
-4,88900000;Error
-4,88800000;Error
-4,88700000;Error
-4,88600000;Error
-4,88500000;Error
-4,88400000;Error
-4,88300000;Error
-4,88200000;Error
-4,88100000;Error
-4,88000000;Error
-4,87900000;Error
-4,87800000;Error
-4,87700000;Error
-4,87600000;Error
-4,87500000;Error
-4,87400000;Error
-4,87300000;Error
-4,87200000;Error
-4,87100000;Error
-4,87000000;Error
-4,86900000;Error
-4,86800000;Error
-4,86700000;Error
-4,86600000;Error
-4,86500000;Error
-4,86400000;Error
-4,86300000;Error
-4,86200000;Error
-4,86100000;Error
-4,86000000;Error
-4,85900000;Error
-4,85800000;Error
-4,85700000;Error
-4,85600000;Error
-4,85500000;Error
-4,85400000;Error
-4,85300000;Error
-4,85200000;Error
-4,85100000;Error
-4,85000000;Error
-4,84900000;Error
-4,84800000;Error
-4,84700000;Error
-4,84600000;Error
-4,84500000;Error
-4,84400000;Error
-4,84300000;Error
-4,84200000;Error
-4,84100000;Error
-4,84000000;Error
-4,83900000;Error
-4,83800000;Error
-4,83700000;Error
-4,83600000;Error
-4,83500000;Error
-4,83400000;Error
-4,83300000;Error
-4,83200000;Error
-4,83100000;Error
-4,83000000;Error
-4,82900000;Error
-4,82800000;Error
-4,82700000;Error
-4,82600000;Error
-4,82500000;Error
-4,82400000;Error
-4,82300000;Error
-4,82200000;Error
-4,82100000;Error
-4,82000000;Error
-4,81900000;Error
-4,81800000;Error
-4,81700000;Error
-4,81600000;Error
-4,81500000;Error
-4,81400000;Error
-4,81300000;Error
-4,81200000;Error
-4,81100000;Error
-4,81000000;Error
-4,80900000;Error
-4,80800000;Error
-4,80700000;Error
-4,80600000;Error
-4,80500000;Error
-4,80400000;Error
-4,80300000;Error
-4,80200000;Error
-4,80100000;Error
-4,80000000;Error
-4,79900000;Error
-4,79800000;Error
-4,79700000;Error
-4,79600000;Error
-4,79500000;Error
-4,79400000;Error
-4,79300000;Error
-4,79200000;Error
-4,79100000;Error
-4,79000000;Error
-4,78900000;Error
-4,78800000;Error
-4,78700000;Error
-4,78600000;Error
-4,78500000;Error
-4,78400000;Error
-4,78300000;Error
-4,78200000;Error
-4,78100000;Error
-4,78000000;Error
-4,77900000;Error
-4,77800000;Error
-4,77700000;Error
-4,77600000;Error
-4,77500000;Error
-4,77400000;Error
-4,77300000;Error
-4,77200000;Error
-4,77100000;Error
-4,77000000;Error
-4,76900000;Error
-4,76800000;Error
-4,76700000;Error
-4,76600000;Error
-4,76500000;Error
-4,76400000;Error
-4,76300000;Error
-4,76200000;Error
-4,76100000;Error
-4,76000000;Error
-4,75900000;Error
-4,75800000;Error
-4,75700000;Error
-4,75600000;Error
-4,75500000;Error
-4,75400000;Error
-4,75300000;Error
-4,75200000;Error
-4,75100000;Error
-4,75000000;Error
-4,74900000;Error
-4,74800000;Error
-4,74700000;Error
-4,74600000;Error
-4,74500000;Error
-4,74400000;Error
-4,74300000;Error
-4,74200000;Error
-4,74100000;Error
-4,74000000;Error
-4,73900000;Error
-4,73800000;Error
-4,73700000;Error
-4,73600000;Error
-4,73500000;Error
-4,73400000;Error
-4,73300000;Error
-4,73200000;Error
-4,73100000;Error
-4,73000000;Error
-4,72900000;Error
-4,72800000;Error
-4,72700000;Error
-4,72600000;Error
-4,72500000;Error
-4,72400000;Error
-4,72300000;Error
-4,72200000;Error
-4,72100000;Error
-4,72000000;Error
-4,71900000;Error
-4,71800000;Error
-4,71700000;Error
-4,71600000;Error
-4,71500000;Error
-4,71400000;Error
-4,71300000;Error
-4,71200000;Error
-4,71100000;Error
-4,71000000;Error
-4,70900000;Error
-4,70800000;Error
-4,70700000;Error
-4,70600000;Error
-4,70500000;Error
-4,70400000;Error
-4,70300000;Error
-4,70200000;Error
-4,70100000;Error
-4,70000000;Error
-4,69900000;Error
-4,69800000;Error
-4,69700000;Error
-4,69600000;Error
-4,69500000;Error
-4,69400000;Error
-4,69300000;Error
-4,69200000;Error
-4,69100000;Error
-4,69000000;Error
-4,68900000;Error
-4,68800000;Error
-4,68700000;Error
-4,68600000;Error
-4,68500000;Error
-4,68400000;Error
-4,68300000;Error
-4,68200000;Error
-4,68100000;Error
-4,68000000;Error
-4,67900000;Error
-4,67800000;Error
-4,67700000;Error
-4,67600000;Error
-4,67500000;Error
-4,67400000;Error
-4,67300000;Error
-4,67200000;Error
-4,67100000;Error
-4,67000000;Error
-4,66900000;Error
-4,66800000;Error
-4,66700000;Error
-4,66600000;Error
-4,66500000;Error
-4,66400000;Error
-4,66300000;Error
-4,66200000;Error
-4,66100000;Error
-4,66000000;Error
-4,65900000;Error
-4,65800000;Error
-4,65700000;Error
-4,65600000;Error
-4,65500000;Error
-4,65400000;Error
-4,65300000;Error
-4,65200000;Error
-4,65100000;Error
-4,65000000;Error
-4,64900000;Error
-4,64800000;Error
-4,64700000;Error
-4,64600000;Error
-4,64500000;Error
-4,64400000;Error
-4,64300000;Error
-4,64200000;Error
-4,64100000;Error
-4,64000000;Error
-4,63900000;Error
-4,63800000;Error
-4,63700000;Error
-4,63600000;Error
-4,63500000;Error
-4,63400000;Error
-4,63300000;Error
-4,63200000;Error
-4,63100000;Error
-4,63000000;Error
-4,62900000;Error
-4,62800000;Error
-4,62700000;Error
-4,62600000;Error
-4,62500000;Error
-4,62400000;Error
-4,62300000;Error
-4,62200000;Error
-4,62100000;Error
-4,62000000;Error
-4,61900000;Error
-4,61800000;Error
-4,61700000;Error
-4,61600000;Error
-4,61500000;Error
-4,61400000;Error
-4,61300000;Error
-4,61200000;Error
-4,61100000;Error
-4,61000000;Error
-4,60900000;Error
-4,60800000;Error
-4,60700000;Error
-4,60600000;Error
-4,60500000;Error
-4,60400000;Error
-4,60300000;Error
-4,60200000;Error
-4,60100000;Error
-4,60000000;Error
-4,59900000;Error
-4,59800000;Error
-4,59700000;Error
-4,59600000;Error
-4,59500000;Error
-4,59400000;Error
-4,59300000;Error
-4,59200000;Error
-4,59100000;Error
-4,59000000;Error
-4,58900000;Error
-4,58800000;Error
-4,58700000;Error
-4,58600000;Error
-4,58500000;Error
-4,58400000;Error
-4,58300000;Error
-4,58200000;Error
-4,58100000;Error
-4,58000000;Error
-4,57900000;Error
-4,57800000;Error
-4,57700000;Error
-4,57600000;Error
-4,57500000;Error
-4,57400000;Error
-4,57300000;Error
-4,57200000;Error
-4,57100000;Error
-4,57000000;Error
-4,56900000;Error
-4,56800000;Error
-4,56700000;Error
-4,56600000;Error
-4,56500000;Error
-4,56400000;Error
-4,56300000;Error
-4,56200000;Error
-4,56100000;Error
-4,56000000;Error
-4,55900000;Error
-4,55800000;Error
-4,55700000;Error
-4,55600000;Error
-4,55500000;Error
-4,55400000;Error
-4,55300000;Error
-4,55200000;Error
-4,55100000;Error
-4,55000000;Error
-4,54900000;Error
-4,54800000;Error
-4,54700000;Error
-4,54600000;Error
-4,54500000;Error
-4,54400000;Error
-4,54300000;Error
-4,54200000;Error
-4,54100000;Error
-4,54000000;Error
-4,53900000;Error
-4,53800000;Error
-4,53700000;Error
-4,53600000;Error
-4,53500000;Error
-4,53400000;Error
-4,53300000;Error
-4,53200000;Error
-4,53100000;Error
-4,53000000;Error
-4,52900000;Error
-4,52800000;Error
-4,52700000;Error
-4,52600000;Error
-4,52500000;Error
-4,52400000;Error
-4,52300000;Error
-4,52200000;Error
-4,52100000;Error
-4,52000000;Error
-4,51900000;Error
-4,51800000;Error
-4,51700000;Error
-4,51600000;Error
-4,51500000;Error
-4,51400000;Error
-4,51300000;Error
-4,51200000;Error
-4,51100000;Error
-4,51000000;Error
-4,50900000;Error
-4,50800000;Error
-4,50700000;Error
-4,50600000;Error
-4,50500000;Error
-4,50400000;Error
-4,50300000;Error
-4,50200000;Error
-4,50100000;Error
-4,50000000;Error
-4,49900000;Error
-4,49800000;Error
-4,49700000;Error
-4,49600000;Error
-4,49500000;Error
-4,49400000;Error
-4,49300000;Error
-4,49200000;Error
-4,49100000;Error
-4,49000000;Error
-4,48900000;Error
-4,48800000;Error
-4,48700000;Error
-4,48600000;Error
-4,48500000;Error
-4,48400000;Error
-4,48300000;Error
-4,48200000;Error
-4,48100000;Error
-4,48000000;Error
-4,47900000;Error
-4,47800000;Error
-4,47700000;Error
-4,47600000;Error
-4,47500000;Error
-4,47400000;Error
-4,47300000;Error
-4,47200000;Error
-4,47100000;Error
-4,47000000;Error
-4,46900000;Error
-4,46800000;Error
-4,46700000;Error
-4,46600000;Error
-4,46500000;Error
-4,46400000;Error
-4,46300000;Error
-4,46200000;Error
-4,46100000;Error
-4,46000000;Error
-4,45900000;Error
-4,45800000;Error
-4,45700000;Error
-4,45600000;Error
-4,45500000;Error
-4,45400000;Error
-4,45300000;Error
-4,45200000;Error
-4,45100000;Error
-4,45000000;Error
-4,44900000;Error
-4,44800000;Error
-4,44700000;Error
-4,44600000;Error
-4,44500000;Error
-4,44400000;Error
-4,44300000;Error
-4,44200000;Error
-4,44100000;Error
-4,44000000;Error
-4,43900000;Error
-4,43800000;Error
-4,43700000;Error
-4,43600000;Error
-4,43500000;Error
-4,43400000;Error
-4,43300000;Error
-4,43200000;Error
-4,43100000;Error
-4,43000000;Error
-4,42900000;Error
-4,42800000;Error
-4,42700000;Error
-4,42600000;Error
-4,42500000;Error
-4,42400000;Error
-4,42300000;Error
-4,42200000;Error
-4,42100000;Error
-4,42000000;Error
-4,41900000;Error
-4,41800000;Error
-4,41700000;Error
-4,41600000;Error
-4,41500000;Error
-4,41400000;Error
-4,41300000;Error
-4,41200000;Error
-4,41100000;Error
-4,41000000;Error
-4,40900000;Error
-4,40800000;Error
-4,40700000;Error
-4,40600000;Error
-4,40500000;Error
-4,40400000;Error
-4,40300000;Error
-4,40200000;Error
-4,40100000;Error
-4,40000000;Error
-4,39900000;Error
-4,39800000;Error
-4,39700000;Error
-4,39600000;Error
-4,39500000;Error
-4,39400000;Error
-4,39300000;Error
-4,39200000;Error
-4,39100000;Error
-4,39000000;Error
-4,38900000;Error
-4,38800000;Error
-4,38700000;Error
-4,38600000;Error
-4,38500000;Error
-4,38400000;Error
-4,38300000;Error
-4,38200000;Error
-4,38100000;Error
-4,38000000;Error
-4,37900000;Error
-4,37800000;Error
-4,37700000;Error
-4,37600000;Error
-4,37500000;Error
-4,37400000;Error
-4,37300000;Error
-4,37200000;Error
-4,37100000;Error
-4,37000000;Error
-4,36900000;Error
-4,36800000;Error
-4,36700000;Error
-4,36600000;Error
-4,36500000;Error
-4,36400000;Error
-4,36300000;Error
-4,36200000;Error
-4,36100000;Error
-4,36000000;Error
-4,35900000;Error
-4,35800000;Error
-4,35700000;Error
-4,35600000;Error
-4,35500000;Error
-4,35400000;Error
-4,35300000;Error
-4,35200000;Error
-4,35100000;Error
-4,35000000;Error
-4,34900000;Error
-4,34800000;Error
-4,34700000;Error
-4,34600000;Error
-4,34500000;Error
-4,34400000;Error
-4,34300000;Error
-4,34200000;Error
-4,34100000;Error
-4,34000000;Error
-4,33900000;Error
-4,33800000;Error
-4,33700000;Error
-4,33600000;Error
-4,33500000;Error
-4,33400000;Error
-4,33300000;Error
-4,33200000;Error
-4,33100000;Error
-4,33000000;Error
-4,32900000;Error
-4,32800000;Error
-4,32700000;Error
-4,32600000;Error
-4,32500000;Error
-4,32400000;Error
-4,32300000;Error
-4,32200000;Error
-4,32100000;Error
-4,32000000;Error
-4,31900000;Error
-4,31800000;Error
-4,31700000;Error
-4,31600000;Error
-4,31500000;Error
-4,31400000;Error
-4,31300000;Error
-4,31200000;Error
-4,31100000;Error
-4,31000000;Error
-4,30900000;Error
-4,30800000;Error
-4,30700000;Error
-4,30600000;Error
-4,30500000;Error
-4,30400000;Error
-4,30300000;Error
-4,30200000;Error
-4,30100000;Error
-4,30000000;Error
-4,29900000;Error
-4,29800000;Error
-4,29700000;Error
-4,29600000;Error
-4,29500000;Error
-4,29400000;Error
-4,29300000;Error
-4,29200000;Error
-4,29100000;Error
-4,29000000;Error
-4,28900000;Error
-4,28800000;Error
-4,28700000;Error
-4,28600000;Error
-4,28500000;Error
-4,28400000;Error
-4,28300000;Error
-4,28200000;Error
-4,28100000;Error
-4,28000000;Error
-4,27900000;Error
-4,27800000;Error
-4,27700000;Error
-4,27600000;Error
-4,27500000;Error
-4,27400000;Error
-4,27300000;Error
-4,27200000;Error
-4,27100000;Error
-4,27000000;Error
-4,26900000;Error
-4,26800000;Error
-4,26700000;Error
-4,26600000;Error
-4,26500000;Error
-4,26400000;Error
-4,26300000;Error
-4,26200000;Error
-4,26100000;Error
-4,26000000;Error
-4,25900000;Error
-4,25800000;Error
-4,25700000;Error
-4,25600000;Error
-4,25500000;Error
-4,25400000;Error
-4,25300000;Error
-4,25200000;Error
-4,25100000;Error
-4,25000000;Error
-4,24900000;Error
-4,24800000;Error
-4,24700000;Error
-4,24600000;Error
-4,24500000;Error
-4,24400000;Error
-4,24300000;Error
-4,24200000;Error
-4,24100000;Error
-4,24000000;Error
-4,23900000;Error
-4,23800000;Error
-4,23700000;Error
-4,23600000;Error
-4,23500000;Error
-4,23400000;Error
-4,23300000;Error
-4,23200000;Error
-4,23100000;Error
-4,23000000;Error
-4,22900000;Error
-4,22800000;Error
-4,22700000;Error
-4,22600000;Error
-4,22500000;Error
-4,22400000;Error
-4,22300000;Error
-4,22200000;Error
-4,22100000;Error
-4,22000000;Error
-4,21900000;Error
-4,21800000;Error
-4,21700000;Error
-4,21600000;Error
-4,21500000;Error
-4,21400000;Error
-4,21300000;Error
-4,21200000;Error
-4,21100000;Error
-4,21000000;Error
-4,20900000;Error
-4,20800000;Error
-4,20700000;Error
-4,20600000;Error
-4,20500000;Error
-4,20400000;Error
-4,20300000;Error
-4,20200000;Error
-4,20100000;Error
-4,20000000;Error
-4,19900000;Error
-4,19800000;Error
-4,19700000;Error
-4,19600000;Error
-4,19500000;Error
-4,19400000;Error
-4,19300000;Error
-4,19200000;Error
-4,19100000;Error
-4,19000000;Error
-4,18900000;Error
-4,18800000;Error
-4,18700000;Error
-4,18600000;Error
-4,18500000;Error
-4,18400000;Error
-4,18300000;Error
-4,18200000;Error
-4,18100000;Error
-4,18000000;Error
-4,17900000;Error
-4,17800000;Error
-4,17700000;Error
-4,17600000;Error
-4,17500000;Error
-4,17400000;Error
-4,17300000;Error
-4,17200000;Error
-4,17100000;Error
-4,17000000;Error
-4,16900000;Error
-4,16800000;Error
-4,16700000;Error
-4,16600000;Error
-4,16500000;Error
-4,16400000;Error
-4,16300000;Error
-4,16200000;Error
-4,16100000;Error
-4,16000000;Error
-4,15900000;Error
-4,15800000;Error
-4,15700000;Error
-4,15600000;Error
-4,15500000;Error
-4,15400000;Error
-4,15300000;Error
-4,15200000;Error
-4,15100000;Error
-4,15000000;Error
-4,14900000;Error
-4,14800000;Error
-4,14700000;Error
-4,14600000;Error
-4,14500000;Error
-4,14400000;Error
-4,14300000;Error
-4,14200000;Error
-4,14100000;Error
-4,14000000;Error
-4,13900000;Error
-4,13800000;Error
-4,13700000;Error
-4,13600000;Error
-4,13500000;Error
-4,13400000;Error
-4,13300000;Error
-4,13200000;Error
-4,13100000;Error
-4,13000000;Error
-4,12900000;Error
-4,12800000;Error
-4,12700000;Error
-4,12600000;Error
-4,12500000;Error
-4,12400000;Error
-4,12300000;Error
-4,12200000;Error
-4,12100000;Error
-4,12000000;Error
-4,11900000;Error
-4,11800000;Error
-4,11700000;Error
-4,11600000;Error
-4,11500000;Error
-4,11400000;Error
-4,11300000;Error
-4,11200000;Error
-4,11100000;Error
-4,11000000;Error
-4,10900000;Error
-4,10800000;Error
-4,10700000;Error
-4,10600000;Error
-4,10500000;Error
-4,10400000;Error
-4,10300000;Error
-4,10200000;Error
-4,10100000;Error
-4,10000000;Error
-4,09900000;Error
-4,09800000;Error
-4,09700000;Error
-4,09600000;Error
-4,09500000;Error
-4,09400000;Error
-4,09300000;Error
-4,09200000;Error
-4,09100000;Error
-4,09000000;Error
-4,08900000;Error
-4,08800000;Error
-4,08700000;Error
-4,08600000;Error
-4,08500000;Error
-4,08400000;Error
-4,08300000;Error
-4,08200000;Error
-4,08100000;Error
-4,08000000;Error
-4,07900000;Error
-4,07800000;Error
-4,07700000;Error
-4,07600000;Error
-4,07500000;Error
-4,07400000;Error
-4,07300000;Error
-4,07200000;Error
-4,07100000;Error
-4,07000000;Error
-4,06900000;Error
-4,06800000;Error
-4,06700000;Error
-4,06600000;Error
-4,06500000;Error
-4,06400000;Error
-4,06300000;Error
-4,06200000;Error
-4,06100000;Error
-4,06000000;Error
-4,05900000;Error
-4,05800000;Error
-4,05700000;Error
-4,05600000;Error
-4,05500000;Error
-4,05400000;Error
-4,05300000;Error
-4,05200000;Error
-4,05100000;Error
-4,05000000;Error
-4,04900000;Error
-4,04800000;Error
-4,04700000;Error
-4,04600000;Error
-4,04500000;Error
-4,04400000;Error
-4,04300000;Error
-4,04200000;Error
-4,04100000;Error
-4,04000000;Error
-4,03900000;Error
-4,03800000;Error
-4,03700000;Error
-4,03600000;Error
-4,03500000;Error
-4,03400000;Error
-4,03300000;Error
-4,03200000;Error
-4,03100000;Error
-4,03000000;Error
-4,02900000;Error
-4,02800000;Error
-4,02700000;Error
-4,02600000;Error
-4,02500000;Error
-4,02400000;Error
-4,02300000;Error
-4,02200000;Error
-4,02100000;Error
-4,02000000;Error
-4,01900000;Error
-4,01800000;Error
-4,01700000;Error
-4,01600000;Error
-4,01500000;Error
-4,01400000;Error
-4,01300000;Error
-4,01200000;Error
-4,01100000;Error
-4,01000000;Error
-4,00900000;Error
-4,00800000;Error
-4,00700000;Error
-4,00600000;Error
-4,00500000;Error
-4,00400000;Error
-4,00300000;Error
-4,00200000;Error
-4,00100000;Error
-4,00000000;Error
-3,99900000;Error
-3,99800000;Error
-3,99700000;Error
-3,99600000;Error
-3,99500000;Error
-3,99400000;Error
-3,99300000;Error
-3,99200000;Error
-3,99100000;Error
-3,99000000;Error
-3,98900000;Error
-3,98800000;Error
-3,98700000;Error
-3,98600000;Error
-3,98500000;Error
-3,98400000;Error
-3,98300000;Error
-3,98200000;Error
-3,98100000;Error
-3,98000000;Error
-3,97900000;Error
-3,97800000;Error
-3,97700000;Error
-3,97600000;Error
-3,97500000;Error
-3,97400000;Error
-3,97300000;Error
-3,97200000;Error
-3,97100000;Error
-3,97000000;Error
-3,96900000;Error
-3,96800000;Error
-3,96700000;Error
-3,96600000;Error
-3,96500000;Error
-3,96400000;Error
-3,96300000;Error
-3,96200000;Error
-3,96100000;Error
-3,96000000;Error
-3,95900000;Error
-3,95800000;Error
-3,95700000;Error
-3,95600000;Error
-3,95500000;Error
-3,95400000;Error
-3,95300000;Error
-3,95200000;Error
-3,95100000;Error
-3,95000000;Error
-3,94900000;Error
-3,94800000;Error
-3,94700000;Error
-3,94600000;Error
-3,94500000;Error
-3,94400000;Error
-3,94300000;Error
-3,94200000;Error
-3,94100000;Error
-3,94000000;Error
-3,93900000;Error
-3,93800000;Error
-3,93700000;Error
-3,93600000;Error
-3,93500000;Error
-3,93400000;Error
-3,93300000;Error
-3,93200000;Error
-3,93100000;Error
-3,93000000;Error
-3,92900000;Error
-3,92800000;Error
-3,92700000;Error
-3,92600000;Error
-3,92500000;Error
-3,92400000;Error
-3,92300000;Error
-3,92200000;Error
-3,92100000;Error
-3,92000000;Error
-3,91900000;Error
-3,91800000;Error
-3,91700000;Error
-3,91600000;Error
-3,91500000;Error
-3,91400000;Error
-3,91300000;Error
-3,91200000;Error
-3,91100000;Error
-3,91000000;Error
-3,90900000;Error
-3,90800000;Error
-3,90700000;Error
-3,90600000;Error
-3,90500000;Error
-3,90400000;Error
-3,90300000;Error
-3,90200000;Error
-3,90100000;Error
-3,90000000;Error
-3,89900000;Error
-3,89800000;Error
-3,89700000;Error
-3,89600000;Error
-3,89500000;Error
-3,89400000;Error
-3,89300000;Error
-3,89200000;Error
-3,89100000;Error
-3,89000000;Error
-3,88900000;Error
-3,88800000;Error
-3,88700000;Error
-3,88600000;Error
-3,88500000;Error
-3,88400000;Error
-3,88300000;Error
-3,88200000;Error
-3,88100000;Error
-3,88000000;Error
-3,87900000;Error
-3,87800000;Error
-3,87700000;Error
-3,87600000;Error
-3,87500000;Error
-3,87400000;Error
-3,87300000;Error
-3,87200000;Error
-3,87100000;Error
-3,87000000;Error
-3,86900000;Error
-3,86800000;Error
-3,86700000;Error
-3,86600000;Error
-3,86500000;Error
-3,86400000;Error
-3,86300000;Error
-3,86200000;Error
-3,86100000;Error
-3,86000000;Error
-3,85900000;Error
-3,85800000;Error
-3,85700000;Error
-3,85600000;Error
-3,85500000;Error
-3,85400000;Error
-3,85300000;Error
-3,85200000;Error
-3,85100000;Error
-3,85000000;Error
-3,84900000;Error
-3,84800000;Error
-3,84700000;Error
-3,84600000;Error
-3,84500000;Error
-3,84400000;Error
-3,84300000;Error
-3,84200000;Error
-3,84100000;Error
-3,84000000;Error
-3,83900000;Error
-3,83800000;Error
-3,83700000;Error
-3,83600000;Error
-3,83500000;Error
-3,83400000;Error
-3,83300000;Error
-3,83200000;Error
-3,83100000;Error
-3,83000000;Error
-3,82900000;Error
-3,82800000;Error
-3,82700000;Error
-3,82600000;Error
-3,82500000;Error
-3,82400000;Error
-3,82300000;Error
-3,82200000;Error
-3,82100000;Error
-3,82000000;Error
-3,81900000;Error
-3,81800000;Error
-3,81700000;Error
-3,81600000;Error
-3,81500000;Error
-3,81400000;Error
-3,81300000;Error
-3,81200000;Error
-3,81100000;Error
-3,81000000;Error
-3,80900000;Error
-3,80800000;Error
-3,80700000;Error
-3,80600000;Error
-3,80500000;Error
-3,80400000;Error
-3,80300000;Error
-3,80200000;Error
-3,80100000;Error
-3,80000000;Error
-3,79900000;Error
-3,79800000;Error
-3,79700000;Error
-3,79600000;Error
-3,79500000;Error
-3,79400000;Error
-3,79300000;Error
-3,79200000;Error
-3,79100000;Error
-3,79000000;Error
-3,78900000;Error
-3,78800000;Error
-3,78700000;Error
-3,78600000;Error
-3,78500000;Error
-3,78400000;Error
-3,78300000;Error
-3,78200000;Error
-3,78100000;Error
-3,78000000;Error
-3,77900000;Error
-3,77800000;Error
-3,77700000;Error
-3,77600000;Error
-3,77500000;Error
-3,77400000;Error
-3,77300000;Error
-3,77200000;Error
-3,77100000;Error
-3,77000000;Error
-3,76900000;Error
-3,76800000;Error
-3,76700000;Error
-3,76600000;Error
-3,76500000;Error
-3,76400000;Error
-3,76300000;Error
-3,76200000;Error
-3,76100000;Error
-3,76000000;Error
-3,75900000;Error
-3,75800000;Error
-3,75700000;Error
-3,75600000;Error
-3,75500000;Error
-3,75400000;Error
-3,75300000;Error
-3,75200000;Error
-3,75100000;Error
-3,75000000;Error
-3,74900000;Error
-3,74800000;Error
-3,74700000;Error
-3,74600000;Error
-3,74500000;Error
-3,74400000;Error
-3,74300000;Error
-3,74200000;Error
-3,74100000;Error
-3,74000000;Error
-3,73900000;Error
-3,73800000;Error
-3,73700000;Error
-3,73600000;Error
-3,73500000;Error
-3,73400000;Error
-3,73300000;Error
-3,73200000;Error
-3,73100000;Error
-3,73000000;Error
-3,72900000;Error
-3,72800000;Error
-3,72700000;Error
-3,72600000;Error
-3,72500000;Error
-3,72400000;Error
-3,72300000;Error
-3,72200000;Error
-3,72100000;Error
-3,72000000;Error
-3,71900000;Error
-3,71800000;Error
-3,71700000;Error
-3,71600000;Error
-3,71500000;Error
-3,71400000;Error
-3,71300000;Error
-3,71200000;Error
-3,71100000;Error
-3,71000000;Error
-3,70900000;Error
-3,70800000;Error
-3,70700000;Error
-3,70600000;Error
-3,70500000;Error
-3,70400000;Error
-3,70300000;Error
-3,70200000;Error
-3,70100000;Error
-3,70000000;Error
-3,69900000;Error
-3,69800000;Error
-3,69700000;Error
-3,69600000;Error
-3,69500000;Error
-3,69400000;Error
-3,69300000;Error
-3,69200000;Error
-3,69100000;Error
-3,69000000;Error
-3,68900000;Error
-3,68800000;Error
-3,68700000;Error
-3,68600000;Error
-3,68500000;Error
-3,68400000;Error
-3,68300000;Error
-3,68200000;Error
-3,68100000;Error
-3,68000000;Error
-3,67900000;Error
-3,67800000;Error
-3,67700000;Error
-3,67600000;Error
-3,67500000;Error
-3,67400000;Error
-3,67300000;Error
-3,67200000;Error
-3,67100000;Error
-3,67000000;Error
-3,66900000;Error
-3,66800000;Error
-3,66700000;Error
-3,66600000;Error
-3,66500000;Error
-3,66400000;Error
-3,66300000;Error
-3,66200000;Error
-3,66100000;Error
-3,66000000;Error
-3,65900000;Error
-3,65800000;Error
-3,65700000;Error
-3,65600000;Error
-3,65500000;Error
-3,65400000;Error
-3,65300000;Error
-3,65200000;Error
-3,65100000;Error
-3,65000000;Error
-3,64900000;Error
-3,64800000;Error
-3,64700000;Error
-3,64600000;Error
-3,64500000;Error
-3,64400000;Error
-3,64300000;Error
-3,64200000;Error
-3,64100000;Error
-3,64000000;Error
-3,63900000;Error
-3,63800000;Error
-3,63700000;Error
-3,63600000;Error
-3,63500000;Error
-3,63400000;Error
-3,63300000;Error
-3,63200000;Error
-3,63100000;Error
-3,63000000;Error
-3,62900000;Error
-3,62800000;Error
-3,62700000;Error
-3,62600000;Error
-3,62500000;Error
-3,62400000;Error
-3,62300000;Error
-3,62200000;Error
-3,62100000;Error
-3,62000000;Error
-3,61900000;Error
-3,61800000;Error
-3,61700000;Error
-3,61600000;Error
-3,61500000;Error
-3,61400000;Error
-3,61300000;Error
-3,61200000;Error
-3,61100000;Error
-3,61000000;Error
-3,60900000;Error
-3,60800000;Error
-3,60700000;Error
-3,60600000;Error
-3,60500000;Error
-3,60400000;Error
-3,60300000;Error
-3,60200000;Error
-3,60100000;Error
-3,60000000;Error
-3,59900000;Error
-3,59800000;Error
-3,59700000;Error
-3,59600000;Error
-3,59500000;Error
-3,59400000;Error
-3,59300000;Error
-3,59200000;Error
-3,59100000;Error
-3,59000000;Error
-3,58900000;Error
-3,58800000;Error
-3,58700000;Error
-3,58600000;Error
-3,58500000;Error
-3,58400000;Error
-3,58300000;Error
-3,58200000;Error
-3,58100000;Error
-3,58000000;Error
-3,57900000;Error
-3,57800000;Error
-3,57700000;Error
-3,57600000;Error
-3,57500000;Error
-3,57400000;Error
-3,57300000;Error
-3,57200000;Error
-3,57100000;Error
-3,57000000;Error
-3,56900000;Error
-3,56800000;Error
-3,56700000;Error
-3,56600000;Error
-3,56500000;Error
-3,56400000;Error
-3,56300000;Error
-3,56200000;Error
-3,56100000;Error
-3,56000000;Error
-3,55900000;Error
-3,55800000;Error
-3,55700000;Error
-3,55600000;Error
-3,55500000;Error
-3,55400000;Error
-3,55300000;Error
-3,55200000;Error
-3,55100000;Error
-3,55000000;Error
-3,54900000;Error
-3,54800000;Error
-3,54700000;Error
-3,54600000;Error
-3,54500000;Error
-3,54400000;Error
-3,54300000;Error
-3,54200000;Error
-3,54100000;Error
-3,54000000;Error
-3,53900000;Error
-3,53800000;Error
-3,53700000;Error
-3,53600000;Error
-3,53500000;Error
-3,53400000;Error
-3,53300000;Error
-3,53200000;Error
-3,53100000;Error
-3,53000000;Error
-3,52900000;Error
-3,52800000;Error
-3,52700000;Error
-3,52600000;Error
-3,52500000;Error
-3,52400000;Error
-3,52300000;Error
-3,52200000;Error
-3,52100000;Error
-3,52000000;Error
-3,51900000;Error
-3,51800000;Error
-3,51700000;Error
-3,51600000;Error
-3,51500000;Error
-3,51400000;Error
-3,51300000;Error
-3,51200000;Error
-3,51100000;Error
-3,51000000;Error
-3,50900000;Error
-3,50800000;Error
-3,50700000;Error
-3,50600000;Error
-3,50500000;Error
-3,50400000;Error
-3,50300000;Error
-3,50200000;Error
-3,50100000;Error
-3,50000000;Error
-3,49900000;Error
-3,49800000;Error
-3,49700000;Error
-3,49600000;Error
-3,49500000;Error
-3,49400000;Error
-3,49300000;Error
-3,49200000;Error
-3,49100000;Error
-3,49000000;Error
-3,48900000;Error
-3,48800000;Error
-3,48700000;Error
-3,48600000;Error
-3,48500000;Error
-3,48400000;Error
-3,48300000;Error
-3,48200000;Error
-3,48100000;Error
-3,48000000;Error
-3,47900000;Error
-3,47800000;Error
-3,47700000;Error
-3,47600000;Error
-3,47500000;Error
-3,47400000;Error
-3,47300000;Error
-3,47200000;Error
-3,47100000;Error
-3,47000000;Error
-3,46900000;Error
-3,46800000;Error
-3,46700000;Error
-3,46600000;Error
-3,46500000;Error
-3,46400000;Error
-3,46300000;Error
-3,46200000;Error
-3,46100000;Error
-3,46000000;Error
-3,45900000;Error
-3,45800000;Error
-3,45700000;Error
-3,45600000;Error
-3,45500000;Error
-3,45400000;Error
-3,45300000;Error
-3,45200000;Error
-3,45100000;Error
-3,45000000;Error
-3,44900000;Error
-3,44800000;Error
-3,44700000;Error
-3,44600000;Error
-3,44500000;Error
-3,44400000;Error
-3,44300000;Error
-3,44200000;Error
-3,44100000;Error
-3,44000000;Error
-3,43900000;Error
-3,43800000;Error
-3,43700000;Error
-3,43600000;Error
-3,43500000;Error
-3,43400000;Error
-3,43300000;Error
-3,43200000;Error
-3,43100000;Error
-3,43000000;Error
-3,42900000;Error
-3,42800000;Error
-3,42700000;Error
-3,42600000;Error
-3,42500000;Error
-3,42400000;Error
-3,42300000;Error
-3,42200000;Error
-3,42100000;Error
-3,42000000;Error
-3,41900000;Error
-3,41800000;Error
-3,41700000;Error
-3,41600000;Error
-3,41500000;Error
-3,41400000;Error
-3,41300000;Error
-3,41200000;Error
-3,41100000;Error
-3,41000000;Error
-3,40900000;Error
-3,40800000;Error
-3,40700000;Error
-3,40600000;Error
-3,40500000;Error
-3,40400000;Error
-3,40300000;Error
-3,40200000;Error
-3,40100000;Error
-3,40000000;Error
-3,39900000;Error
-3,39800000;Error
-3,39700000;Error
-3,39600000;Error
-3,39500000;Error
-3,39400000;Error
-3,39300000;Error
-3,39200000;Error
-3,39100000;Error
-3,39000000;Error
-3,38900000;Error
-3,38800000;Error
-3,38700000;Error
-3,38600000;Error
-3,38500000;Error
-3,38400000;Error
-3,38300000;Error
-3,38200000;Error
-3,38100000;Error
-3,38000000;Error
-3,37900000;Error
-3,37800000;Error
-3,37700000;Error
-3,37600000;Error
-3,37500000;Error
-3,37400000;Error
-3,37300000;Error
-3,37200000;Error
-3,37100000;Error
-3,37000000;Error
-3,36900000;Error
-3,36800000;Error
-3,36700000;Error
-3,36600000;Error
-3,36500000;Error
-3,36400000;Error
-3,36300000;Error
-3,36200000;Error
-3,36100000;Error
-3,36000000;Error
-3,35900000;Error
-3,35800000;Error
-3,35700000;Error
-3,35600000;Error
-3,35500000;Error
-3,35400000;Error
-3,35300000;Error
-3,35200000;Error
-3,35100000;Error
-3,35000000;Error
-3,34900000;Error
-3,34800000;Error
-3,34700000;Error
-3,34600000;Error
-3,34500000;Error
-3,34400000;Error
-3,34300000;Error
-3,34200000;Error
-3,34100000;Error
-3,34000000;Error
-3,33900000;Error
-3,33800000;Error
-3,33700000;Error
-3,33600000;Error
-3,33500000;Error
-3,33400000;Error
-3,33300000;Error
-3,33200000;Error
-3,33100000;Error
-3,33000000;Error
-3,32900000;Error
-3,32800000;Error
-3,32700000;Error
-3,32600000;Error
-3,32500000;Error
-3,32400000;Error
-3,32300000;Error
-3,32200000;Error
-3,32100000;Error
-3,32000000;Error
-3,31900000;Error
-3,31800000;Error
-3,31700000;Error
-3,31600000;Error
-3,31500000;Error
-3,31400000;Error
-3,31300000;Error
-3,31200000;Error
-3,31100000;Error
-3,31000000;Error
-3,30900000;Error
-3,30800000;Error
-3,30700000;Error
-3,30600000;Error
-3,30500000;Error
-3,30400000;Error
-3,30300000;Error
-3,30200000;Error
-3,30100000;Error
-3,30000000;Error
-3,29900000;Error
-3,29800000;Error
-3,29700000;Error
-3,29600000;Error
-3,29500000;Error
-3,29400000;Error
-3,29300000;Error
-3,29200000;Error
-3,29100000;Error
-3,29000000;Error
-3,28900000;Error
-3,28800000;Error
-3,28700000;Error
-3,28600000;Error
-3,28500000;Error
-3,28400000;Error
-3,28300000;Error
-3,28200000;Error
-3,28100000;Error
-3,28000000;Error
-3,27900000;Error
-3,27800000;Error
-3,27700000;Error
-3,27600000;Error
-3,27500000;Error
-3,27400000;Error
-3,27300000;Error
-3,27200000;Error
-3,27100000;Error
-3,27000000;Error
-3,26900000;Error
-3,26800000;Error
-3,26700000;Error
-3,26600000;Error
-3,26500000;Error
-3,26400000;Error
-3,26300000;Error
-3,26200000;Error
-3,26100000;Error
-3,26000000;Error
-3,25900000;Error
-3,25800000;Error
-3,25700000;Error
-3,25600000;Error
-3,25500000;Error
-3,25400000;Error
-3,25300000;Error
-3,25200000;Error
-3,25100000;Error
-3,25000000;Error
-3,24900000;Error
-3,24800000;Error
-3,24700000;Error
-3,24600000;Error
-3,24500000;Error
-3,24400000;Error
-3,24300000;Error
-3,24200000;Error
-3,24100000;Error
-3,24000000;Error
-3,23900000;Error
-3,23800000;Error
-3,23700000;Error
-3,23600000;Error
-3,23500000;Error
-3,23400000;Error
-3,23300000;Error
-3,23200000;Error
-3,23100000;Error
-3,23000000;Error
-3,22900000;Error
-3,22800000;Error
-3,22700000;Error
-3,22600000;Error
-3,22500000;Error
-3,22400000;Error
-3,22300000;Error
-3,22200000;Error
-3,22100000;Error
-3,22000000;Error
-3,21900000;Error
-3,21800000;Error
-3,21700000;Error
-3,21600000;Error
-3,21500000;Error
-3,21400000;Error
-3,21300000;Error
-3,21200000;Error
-3,21100000;Error
-3,21000000;Error
-3,20900000;Error
-3,20800000;Error
-3,20700000;Error
-3,20600000;Error
-3,20500000;Error
-3,20400000;Error
-3,20300000;Error
-3,20200000;Error
-3,20100000;Error
-3,20000000;Error
-3,19900000;Error
-3,19800000;Error
-3,19700000;Error
-3,19600000;Error
-3,19500000;Error
-3,19400000;Error
-3,19300000;Error
-3,19200000;Error
-3,19100000;Error
-3,19000000;Error
-3,18900000;Error
-3,18800000;Error
-3,18700000;Error
-3,18600000;Error
-3,18500000;Error
-3,18400000;Error
-3,18300000;Error
-3,18200000;Error
-3,18100000;Error
-3,18000000;Error
-3,17900000;Error
-3,17800000;Error
-3,17700000;Error
-3,17600000;Error
-3,17500000;Error
-3,17400000;Error
-3,17300000;Error
-3,17200000;Error
-3,17100000;Error
-3,17000000;Error
-3,16900000;Error
-3,16800000;Error
-3,16700000;Error
-3,16600000;Error
-3,16500000;Error
-3,16400000;Error
-3,16300000;Error
-3,16200000;Error
-3,16100000;Error
-3,16000000;Error
-3,15900000;Error
-3,15800000;Error
-3,15700000;Error
-3,15600000;Error
-3,15500000;Error
-3,15400000;Error
-3,15300000;Error
-3,15200000;Error
-3,15100000;Error
-3,15000000;Error
-3,14900000;Error
-3,14800000;Error
-3,14700000;Error
-3,14600000;Error
-3,14500000;Error
-3,14400000;Error
-3,14300000;Error
-3,14200000;Error
-3,14100000;Error
-3,14000000;Error
-3,13900000;Error
-3,13800000;Error
-3,13700000;Error
-3,13600000;Error
-3,13500000;Error
-3,13400000;Error
-3,13300000;Error
-3,13200000;Error
-3,13100000;Error
-3,13000000;Error
-3,12900000;Error
-3,12800000;Error
-3,12700000;Error
-3,12600000;Error
-3,12500000;Error
-3,12400000;Error
-3,12300000;Error
-3,12200000;Error
-3,12100000;Error
-3,12000000;Error
-3,11900000;Error
-3,11800000;Error
-3,11700000;Error
-3,11600000;Error
-3,11500000;Error
-3,11400000;Error
-3,11300000;Error
-3,11200000;Error
-3,11100000;Error
-3,11000000;Error
-3,10900000;Error
-3,10800000;Error
-3,10700000;Error
-3,10600000;Error
-3,10500000;Error
-3,10400000;Error
-3,10300000;Error
-3,10200000;Error
-3,10100000;Error
-3,10000000;Error
-3,09900000;Error
-3,09800000;Error
-3,09700000;Error
-3,09600000;Error
-3,09500000;Error
-3,09400000;Error
-3,09300000;Error
-3,09200000;Error
-3,09100000;Error
-3,09000000;Error
-3,08900000;Error
-3,08800000;Error
-3,08700000;Error
-3,08600000;Error
-3,08500000;Error
-3,08400000;Error
-3,08300000;Error
-3,08200000;Error
-3,08100000;Error
-3,08000000;Error
-3,07900000;Error
-3,07800000;Error
-3,07700000;Error
-3,07600000;Error
-3,07500000;Error
-3,07400000;Error
-3,07300000;Error
-3,07200000;Error
-3,07100000;Error
-3,07000000;Error
-3,06900000;Error
-3,06800000;Error
-3,06700000;Error
-3,06600000;Error
-3,06500000;Error
-3,06400000;Error
-3,06300000;Error
-3,06200000;Error
-3,06100000;Error
-3,06000000;Error
-3,05900000;Error
-3,05800000;Error
-3,05700000;Error
-3,05600000;Error
-3,05500000;Error
-3,05400000;Error
-3,05300000;Error
-3,05200000;Error
-3,05100000;Error
-3,05000000;Error
-3,04900000;Error
-3,04800000;Error
-3,04700000;Error
-3,04600000;Error
-3,04500000;Error
-3,04400000;Error
-3,04300000;Error
-3,04200000;Error
-3,04100000;Error
-3,04000000;Error
-3,03900000;Error
-3,03800000;Error
-3,03700000;Error
-3,03600000;Error
-3,03500000;Error
-3,03400000;Error
-3,03300000;Error
-3,03200000;Error
-3,03100000;Error
-3,03000000;Error
-3,02900000;Error
-3,02800000;Error
-3,02700000;Error
-3,02600000;Error
-3,02500000;Error
-3,02400000;Error
-3,02300000;Error
-3,02200000;Error
-3,02100000;Error
-3,02000000;Error
-3,01900000;Error
-3,01800000;Error
-3,01700000;Error
-3,01600000;Error
-3,01500000;Error
-3,01400000;Error
-3,01300000;Error
-3,01200000;Error
-3,01100000;Error
-3,01000000;Error
-3,00900000;Error
-3,00800000;Error
-3,00700000;Error
-3,00600000;Error
-3,00500000;Error
-3,00400000;Error
-3,00300000;Error
-3,00200000;Error
-3,00100000;Error
-3,00000000;Error
-2,99900000;Error
-2,99800000;Error
-2,99700000;Error
-2,99600000;Error
-2,99500000;Error
-2,99400000;Error
-2,99300000;Error
-2,99200000;Error
-2,99100000;Error
-2,99000000;Error
-2,98900000;Error
-2,98800000;Error
-2,98700000;Error
-2,98600000;Error
-2,98500000;Error
-2,98400000;Error
-2,98300000;Error
-2,98200000;Error
-2,98100000;Error
-2,98000000;Error
-2,97900000;Error
-2,97800000;Error
-2,97700000;Error
-2,97600000;Error
-2,97500000;Error
-2,97400000;Error
-2,97300000;Error
-2,97200000;Error
-2,97100000;Error
-2,97000000;Error
-2,96900000;Error
-2,96800000;Error
-2,96700000;Error
-2,96600000;Error
-2,96500000;Error
-2,96400000;Error
-2,96300000;Error
-2,96200000;Error
-2,96100000;Error
-2,96000000;Error
-2,95900000;Error
-2,95800000;Error
-2,95700000;Error
-2,95600000;Error
-2,95500000;Error
-2,95400000;Error
-2,95300000;Error
-2,95200000;Error
-2,95100000;Error
-2,95000000;Error
-2,94900000;Error
-2,94800000;Error
-2,94700000;Error
-2,94600000;Error
-2,94500000;Error
-2,94400000;Error
-2,94300000;Error
-2,94200000;Error
-2,94100000;Error
-2,94000000;Error
-2,93900000;Error
-2,93800000;Error
-2,93700000;Error
-2,93600000;Error
-2,93500000;Error
-2,93400000;Error
-2,93300000;Error
-2,93200000;Error
-2,93100000;Error
-2,93000000;Error
-2,92900000;Error
-2,92800000;Error
-2,92700000;Error
-2,92600000;Error
-2,92500000;Error
-2,92400000;Error
-2,92300000;Error
-2,92200000;Error
-2,92100000;Error
-2,92000000;Error
-2,91900000;Error
-2,91800000;Error
-2,91700000;Error
-2,91600000;Error
-2,91500000;Error
-2,91400000;Error
-2,91300000;Error
-2,91200000;Error
-2,91100000;Error
-2,91000000;Error
-2,90900000;Error
-2,90800000;Error
-2,90700000;Error
-2,90600000;Error
-2,90500000;Error
-2,90400000;Error
-2,90300000;Error
-2,90200000;Error
-2,90100000;Error
-2,90000000;Error
-2,89900000;Error
-2,89800000;Error
-2,89700000;Error
-2,89600000;Error
-2,89500000;Error
-2,89400000;Error
-2,89300000;Error
-2,89200000;Error
-2,89100000;Error
-2,89000000;Error
-2,88900000;Error
-2,88800000;Error
-2,88700000;Error
-2,88600000;Error
-2,88500000;Error
-2,88400000;Error
-2,88300000;Error
-2,88200000;Error
-2,88100000;Error
-2,88000000;Error
-2,87900000;Error
-2,87800000;Error
-2,87700000;Error
-2,87600000;Error
-2,87500000;Error
-2,87400000;Error
-2,87300000;Error
-2,87200000;Error
-2,87100000;Error
-2,87000000;Error
-2,86900000;Error
-2,86800000;Error
-2,86700000;Error
-2,86600000;Error
-2,86500000;Error
-2,86400000;Error
-2,86300000;Error
-2,86200000;Error
-2,86100000;Error
-2,86000000;Error
-2,85900000;Error
-2,85800000;Error
-2,85700000;Error
-2,85600000;Error
-2,85500000;Error
-2,85400000;Error
-2,85300000;Error
-2,85200000;Error
-2,85100000;Error
-2,85000000;Error
-2,84900000;Error
-2,84800000;Error
-2,84700000;Error
-2,84600000;Error
-2,84500000;Error
-2,84400000;Error
-2,84300000;Error
-2,84200000;Error
-2,84100000;Error
-2,84000000;Error
-2,83900000;Error
-2,83800000;Error
-2,83700000;Error
-2,83600000;Error
-2,83500000;Error
-2,83400000;Error
-2,83300000;Error
-2,83200000;Error
-2,83100000;Error
-2,83000000;Error
-2,82900000;Error
-2,82800000;Error
-2,82700000;Error
-2,82600000;Error
-2,82500000;Error
-2,82400000;Error
-2,82300000;Error
-2,82200000;Error
-2,82100000;Error
-2,82000000;Error
-2,81900000;Error
-2,81800000;Error
-2,81700000;Error
-2,81600000;Error
-2,81500000;Error
-2,81400000;Error
-2,81300000;Error
-2,81200000;Error
-2,81100000;Error
-2,81000000;Error
-2,80900000;Error
-2,80800000;Error
-2,80700000;Error
-2,80600000;Error
-2,80500000;Error
-2,80400000;Error
-2,80300000;Error
-2,80200000;Error
-2,80100000;Error
-2,80000000;Error
-2,79900000;Error
-2,79800000;Error
-2,79700000;Error
-2,79600000;Error
-2,79500000;Error
-2,79400000;Error
-2,79300000;Error
-2,79200000;Error
-2,79100000;Error
-2,79000000;Error
-2,78900000;Error
-2,78800000;Error
-2,78700000;Error
-2,78600000;Error
-2,78500000;Error
-2,78400000;Error
-2,78300000;Error
-2,78200000;Error
-2,78100000;Error
-2,78000000;Error
-2,77900000;Error
-2,77800000;Error
-2,77700000;Error
-2,77600000;Error
-2,77500000;Error
-2,77400000;Error
-2,77300000;Error
-2,77200000;Error
-2,77100000;Error
-2,77000000;Error
-2,76900000;Error
-2,76800000;Error
-2,76700000;Error
-2,76600000;Error
-2,76500000;Error
-2,76400000;Error
-2,76300000;Error
-2,76200000;Error
-2,76100000;Error
-2,76000000;Error
-2,75900000;Error
-2,75800000;Error
-2,75700000;Error
-2,75600000;Error
-2,75500000;Error
-2,75400000;Error
-2,75300000;Error
-2,75200000;Error
-2,75100000;Error
-2,75000000;Error
-2,74900000;Error
-2,74800000;Error
-2,74700000;Error
-2,74600000;Error
-2,74500000;Error
-2,74400000;Error
-2,74300000;Error
-2,74200000;Error
-2,74100000;Error
-2,74000000;Error
-2,73900000;Error
-2,73800000;Error
-2,73700000;Error
-2,73600000;Error
-2,73500000;Error
-2,73400000;Error
-2,73300000;Error
-2,73200000;Error
-2,73100000;Error
-2,73000000;Error
-2,72900000;Error
-2,72800000;Error
-2,72700000;Error
-2,72600000;Error
-2,72500000;Error
-2,72400000;Error
-2,72300000;Error
-2,72200000;Error
-2,72100000;Error
-2,72000000;Error
-2,71900000;Error
-2,71800000;Error
-2,71700000;Error
-2,71600000;Error
-2,71500000;Error
-2,71400000;Error
-2,71300000;Error
-2,71200000;Error
-2,71100000;Error
-2,71000000;Error
-2,70900000;Error
-2,70800000;Error
-2,70700000;Error
-2,70600000;Error
-2,70500000;Error
-2,70400000;Error
-2,70300000;Error
-2,70200000;Error
-2,70100000;Error
-2,70000000;Error
-2,69900000;Error
-2,69800000;Error
-2,69700000;Error
-2,69600000;Error
-2,69500000;Error
-2,69400000;Error
-2,69300000;Error
-2,69200000;Error
-2,69100000;Error
-2,69000000;Error
-2,68900000;Error
-2,68800000;Error
-2,68700000;Error
-2,68600000;Error
-2,68500000;Error
-2,68400000;Error
-2,68300000;Error
-2,68200000;Error
-2,68100000;Error
-2,68000000;Error
-2,67900000;Error
-2,67800000;Error
-2,67700000;Error
-2,67600000;Error
-2,67500000;Error
-2,67400000;Error
-2,67300000;Error
-2,67200000;Error
-2,67100000;Error
-2,67000000;Error
-2,66900000;Error
-2,66800000;Error
-2,66700000;Error
-2,66600000;Error
-2,66500000;Error
-2,66400000;Error
-2,66300000;Error
-2,66200000;Error
-2,66100000;Error
-2,66000000;Error
-2,65900000;Error
-2,65800000;Error
-2,65700000;Error
-2,65600000;Error
-2,65500000;Error
-2,65400000;Error
-2,65300000;Error
-2,65200000;Error
-2,65100000;Error
-2,65000000;Error
-2,64900000;Error
-2,64800000;Error
-2,64700000;Error
-2,64600000;Error
-2,64500000;Error
-2,64400000;Error
-2,64300000;Error
-2,64200000;Error
-2,64100000;Error
-2,64000000;Error
-2,63900000;Error
-2,63800000;Error
-2,63700000;Error
-2,63600000;Error
-2,63500000;Error
-2,63400000;Error
-2,63300000;Error
-2,63200000;Error
-2,63100000;Error
-2,63000000;Error
-2,62900000;Error
-2,62800000;Error
-2,62700000;Error
-2,62600000;Error
-2,62500000;Error
-2,62400000;Error
-2,62300000;Error
-2,62200000;Error
-2,62100000;Error
-2,62000000;Error
-2,61900000;Error
-2,61800000;Error
-2,61700000;Error
-2,61600000;Error
-2,61500000;Error
-2,61400000;Error
-2,61300000;Error
-2,61200000;Error
-2,61100000;Error
-2,61000000;Error
-2,60900000;Error
-2,60800000;Error
-2,60700000;Error
-2,60600000;Error
-2,60500000;Error
-2,60400000;Error
-2,60300000;Error
-2,60200000;Error
-2,60100000;Error
-2,60000000;Error
-2,59900000;Error
-2,59800000;Error
-2,59700000;Error
-2,59600000;Error
-2,59500000;Error
-2,59400000;Error
-2,59300000;Error
-2,59200000;Error
-2,59100000;Error
-2,59000000;Error
-2,58900000;Error
-2,58800000;Error
-2,58700000;Error
-2,58600000;Error
-2,58500000;Error
-2,58400000;Error
-2,58300000;Error
-2,58200000;Error
-2,58100000;Error
-2,58000000;Error
-2,57900000;Error
-2,57800000;Error
-2,57700000;Error
-2,57600000;Error
-2,57500000;Error
-2,57400000;Error
-2,57300000;Error
-2,57200000;Error
-2,57100000;Error
-2,57000000;Error
-2,56900000;Error
-2,56800000;Error
-2,56700000;Error
-2,56600000;Error
-2,56500000;Error
-2,56400000;Error
-2,56300000;Error
-2,56200000;Error
-2,56100000;Error
-2,56000000;Error
-2,55900000;Error
-2,55800000;Error
-2,55700000;Error
-2,55600000;Error
-2,55500000;Error
-2,55400000;Error
-2,55300000;Error
-2,55200000;Error
-2,55100000;Error
-2,55000000;Error
-2,54900000;Error
-2,54800000;Error
-2,54700000;Error
-2,54600000;Error
-2,54500000;Error
-2,54400000;Error
-2,54300000;Error
-2,54200000;Error
-2,54100000;Error
-2,54000000;Error
-2,53900000;Error
-2,53800000;Error
-2,53700000;Error
-2,53600000;Error
-2,53500000;Error
-2,53400000;Error
-2,53300000;Error
-2,53200000;Error
-2,53100000;Error
-2,53000000;Error
-2,52900000;Error
-2,52800000;Error
-2,52700000;Error
-2,52600000;Error
-2,52500000;Error
-2,52400000;Error
-2,52300000;Error
-2,52200000;Error
-2,52100000;Error
-2,52000000;Error
-2,51900000;Error
-2,51800000;Error
-2,51700000;Error
-2,51600000;Error
-2,51500000;Error
-2,51400000;Error
-2,51300000;Error
-2,51200000;Error
-2,51100000;Error
-2,51000000;Error
-2,50900000;Error
-2,50800000;Error
-2,50700000;Error
-2,50600000;Error
-2,50500000;Error
-2,50400000;Error
-2,50300000;Error
-2,50200000;Error
-2,50100000;Error
-2,50000000;Error
-2,49900000;Error
-2,49800000;Error
-2,49700000;Error
-2,49600000;Error
-2,49500000;Error
-2,49400000;Error
-2,49300000;Error
-2,49200000;Error
-2,49100000;Error
-2,49000000;Error
-2,48900000;Error
-2,48800000;Error
-2,48700000;Error
-2,48600000;Error
-2,48500000;Error
-2,48400000;Error
-2,48300000;Error
-2,48200000;Error
-2,48100000;Error
-2,48000000;Error
-2,47900000;Error
-2,47800000;Error
-2,47700000;Error
-2,47600000;Error
-2,47500000;Error
-2,47400000;Error
-2,47300000;Error
-2,47200000;Error
-2,47100000;Error
-2,47000000;Error
-2,46900000;Error
-2,46800000;Error
-2,46700000;Error
-2,46600000;Error
-2,46500000;Error
-2,46400000;Error
-2,46300000;Error
-2,46200000;Error
-2,46100000;Error
-2,46000000;Error
-2,45900000;Error
-2,45800000;Error
-2,45700000;Error
-2,45600000;Error
-2,45500000;Error
-2,45400000;Error
-2,45300000;Error
-2,45200000;Error
-2,45100000;Error
-2,45000000;Error
-2,44900000;Error
-2,44800000;Error
-2,44700000;Error
-2,44600000;Error
-2,44500000;Error
-2,44400000;Error
-2,44300000;Error
-2,44200000;Error
-2,44100000;Error
-2,44000000;Error
-2,43900000;Error
-2,43800000;Error
-2,43700000;Error
-2,43600000;Error
-2,43500000;Error
-2,43400000;Error
-2,43300000;Error
-2,43200000;Error
-2,43100000;Error
-2,43000000;Error
-2,42900000;Error
-2,42800000;Error
-2,42700000;Error
-2,42600000;Error
-2,42500000;Error
-2,42400000;Error
-2,42300000;Error
-2,42200000;Error
-2,42100000;Error
-2,42000000;Error
-2,41900000;Error
-2,41800000;Error
-2,41700000;Error
-2,41600000;Error
-2,41500000;Error
-2,41400000;Error
-2,41300000;Error
-2,41200000;Error
-2,41100000;Error
-2,41000000;Error
-2,40900000;Error
-2,40800000;Error
-2,40700000;Error
-2,40600000;Error
-2,40500000;Error
-2,40400000;Error
-2,40300000;Error
-2,40200000;Error
-2,40100000;Error
-2,40000000;Error
-2,39900000;Error
-2,39800000;Error
-2,39700000;Error
-2,39600000;Error
-2,39500000;Error
-2,39400000;Error
-2,39300000;Error
-2,39200000;Error
-2,39100000;Error
-2,39000000;Error
-2,38900000;Error
-2,38800000;Error
-2,38700000;Error
-2,38600000;Error
-2,38500000;Error
-2,38400000;Error
-2,38300000;Error
-2,38200000;Error
-2,38100000;Error
-2,38000000;Error
-2,37900000;Error
-2,37800000;Error
-2,37700000;Error
-2,37600000;Error
-2,37500000;Error
-2,37400000;Error
-2,37300000;Error
-2,37200000;Error
-2,37100000;Error
-2,37000000;Error
-2,36900000;Error
-2,36800000;Error
-2,36700000;Error
-2,36600000;Error
-2,36500000;Error
-2,36400000;Error
-2,36300000;Error
-2,36200000;Error
-2,36100000;Error
-2,36000000;Error
-2,35900000;Error
-2,35800000;Error
-2,35700000;Error
-2,35600000;Error
-2,35500000;Error
-2,35400000;Error
-2,35300000;Error
-2,35200000;Error
-2,35100000;Error
-2,35000000;Error
-2,34900000;Error
-2,34800000;Error
-2,34700000;Error
-2,34600000;Error
-2,34500000;Error
-2,34400000;Error
-2,34300000;Error
-2,34200000;Error
-2,34100000;Error
-2,34000000;Error
-2,33900000;Error
-2,33800000;Error
-2,33700000;Error
-2,33600000;Error
-2,33500000;Error
-2,33400000;Error
-2,33300000;Error
-2,33200000;Error
-2,33100000;Error
-2,33000000;Error
-2,32900000;Error
-2,32800000;Error
-2,32700000;Error
-2,32600000;Error
-2,32500000;Error
-2,32400000;Error
-2,32300000;Error
-2,32200000;Error
-2,32100000;Error
-2,32000000;Error
-2,31900000;Error
-2,31800000;Error
-2,31700000;Error
-2,31600000;Error
-2,31500000;Error
-2,31400000;Error
-2,31300000;Error
-2,31200000;Error
-2,31100000;Error
-2,31000000;Error
-2,30900000;Error
-2,30800000;Error
-2,30700000;Error
-2,30600000;Error
-2,30500000;Error
-2,30400000;Error
-2,30300000;Error
-2,30200000;Error
-2,30100000;Error
-2,30000000;Error
-2,29900000;Error
-2,29800000;Error
-2,29700000;Error
-2,29600000;Error
-2,29500000;Error
-2,29400000;Error
-2,29300000;Error
-2,29200000;Error
-2,29100000;Error
-2,29000000;Error
-2,28900000;Error
-2,28800000;Error
-2,28700000;Error
-2,28600000;Error
-2,28500000;Error
-2,28400000;Error
-2,28300000;Error
-2,28200000;Error
-2,28100000;Error
-2,28000000;Error
-2,27900000;Error
-2,27800000;Error
-2,27700000;Error
-2,27600000;Error
-2,27500000;Error
-2,27400000;Error
-2,27300000;Error
-2,27200000;Error
-2,27100000;Error
-2,27000000;Error
-2,26900000;Error
-2,26800000;Error
-2,26700000;Error
-2,26600000;Error
-2,26500000;Error
-2,26400000;Error
-2,26300000;Error
-2,26200000;Error
-2,26100000;Error
-2,26000000;Error
-2,25900000;Error
-2,25800000;Error
-2,25700000;Error
-2,25600000;Error
-2,25500000;Error
-2,25400000;Error
-2,25300000;Error
-2,25200000;Error
-2,25100000;Error
-2,25000000;Error
-2,24900000;Error
-2,24800000;Error
-2,24700000;Error
-2,24600000;Error
-2,24500000;Error
-2,24400000;Error
-2,24300000;Error
-2,24200000;Error
-2,24100000;Error
-2,24000000;Error
-2,23900000;Error
-2,23800000;Error
-2,23700000;Error
-2,23600000;Error
-2,23500000;Error
-2,23400000;Error
-2,23300000;Error
-2,23200000;Error
-2,23100000;Error
-2,23000000;Error
-2,22900000;Error
-2,22800000;Error
-2,22700000;Error
-2,22600000;Error
-2,22500000;Error
-2,22400000;Error
-2,22300000;Error
-2,22200000;Error
-2,22100000;Error
-2,22000000;Error
-2,21900000;Error
-2,21800000;Error
-2,21700000;Error
-2,21600000;Error
-2,21500000;Error
-2,21400000;Error
-2,21300000;Error
-2,21200000;Error
-2,21100000;Error
-2,21000000;Error
-2,20900000;Error
-2,20800000;Error
-2,20700000;Error
-2,20600000;Error
-2,20500000;Error
-2,20400000;Error
-2,20300000;Error
-2,20200000;Error
-2,20100000;Error
-2,20000000;Error
-2,19900000;Error
-2,19800000;Error
-2,19700000;Error
-2,19600000;Error
-2,19500000;Error
-2,19400000;Error
-2,19300000;Error
-2,19200000;Error
-2,19100000;Error
-2,19000000;Error
-2,18900000;Error
-2,18800000;Error
-2,18700000;Error
-2,18600000;Error
-2,18500000;Error
-2,18400000;Error
-2,18300000;Error
-2,18200000;Error
-2,18100000;Error
-2,18000000;Error
-2,17900000;Error
-2,17800000;Error
-2,17700000;Error
-2,17600000;Error
-2,17500000;Error
-2,17400000;Error
-2,17300000;Error
-2,17200000;Error
-2,17100000;Error
-2,17000000;Error
-2,16900000;Error
-2,16800000;Error
-2,16700000;Error
-2,16600000;Error
-2,16500000;Error
-2,16400000;Error
-2,16300000;Error
-2,16200000;Error
-2,16100000;Error
-2,16000000;Error
-2,15900000;Error
-2,15800000;Error
-2,15700000;Error
-2,15600000;Error
-2,15500000;Error
-2,15400000;Error
-2,15300000;Error
-2,15200000;Error
-2,15100000;Error
-2,15000000;Error
-2,14900000;Error
-2,14800000;Error
-2,14700000;Error
-2,14600000;Error
-2,14500000;Error
-2,14400000;Error
-2,14300000;Error
-2,14200000;Error
-2,14100000;Error
-2,14000000;Error
-2,13900000;Error
-2,13800000;Error
-2,13700000;Error
-2,13600000;Error
-2,13500000;Error
-2,13400000;Error
-2,13300000;Error
-2,13200000;Error
-2,13100000;Error
-2,13000000;Error
-2,12900000;Error
-2,12800000;Error
-2,12700000;Error
-2,12600000;Error
-2,12500000;Error
-2,12400000;Error
-2,12300000;Error
-2,12200000;Error
-2,12100000;Error
-2,12000000;Error
-2,11900000;Error
-2,11800000;Error
-2,11700000;Error
-2,11600000;Error
-2,11500000;Error
-2,11400000;Error
-2,11300000;Error
-2,11200000;Error
-2,11100000;Error
-2,11000000;Error
-2,10900000;Error
-2,10800000;Error
-2,10700000;Error
-2,10600000;Error
-2,10500000;Error
-2,10400000;Error
-2,10300000;Error
-2,10200000;Error
-2,10100000;Error
-2,10000000;Error
-2,09900000;Error
-2,09800000;Error
-2,09700000;Error
-2,09600000;Error
-2,09500000;Error
-2,09400000;Error
-2,09300000;Error
-2,09200000;Error
-2,09100000;Error
-2,09000000;Error
-2,08900000;Error
-2,08800000;Error
-2,08700000;Error
-2,08600000;Error
-2,08500000;Error
-2,08400000;Error
-2,08300000;Error
-2,08200000;Error
-2,08100000;Error
-2,08000000;Error
-2,07900000;Error
-2,07800000;Error
-2,07700000;Error
-2,07600000;Error
-2,07500000;Error
-2,07400000;Error
-2,07300000;Error
-2,07200000;Error
-2,07100000;Error
-2,07000000;Error
-2,06900000;Error
-2,06800000;Error
-2,06700000;Error
-2,06600000;Error
-2,06500000;Error
-2,06400000;Error
-2,06300000;Error
-2,06200000;Error
-2,06100000;Error
-2,06000000;Error
-2,05900000;Error
-2,05800000;Error
-2,05700000;Error
-2,05600000;Error
-2,05500000;Error
-2,05400000;Error
-2,05300000;Error
-2,05200000;Error
-2,05100000;Error
-2,05000000;Error
-2,04900000;Error
-2,04800000;Error
-2,04700000;Error
-2,04600000;Error
-2,04500000;Error
-2,04400000;Error
-2,04300000;Error
-2,04200000;Error
-2,04100000;Error
-2,04000000;Error
-2,03900000;Error
-2,03800000;Error
-2,03700000;Error
-2,03600000;Error
-2,03500000;Error
-2,03400000;Error
-2,03300000;Error
-2,03200000;Error
-2,03100000;Error
-2,03000000;Error
-2,02900000;Error
-2,02800000;Error
-2,02700000;Error
-2,02600000;Error
-2,02500000;Error
-2,02400000;Error
-2,02300000;Error
-2,02200000;Error
-2,02100000;Error
-2,02000000;Error
-2,01900000;Error
-2,01800000;Error
-2,01700000;Error
-2,01600000;Error
-2,01500000;Error
-2,01400000;Error
-2,01300000;Error
-2,01200000;Error
-2,01100000;Error
-2,01000000;Error
-2,00900000;Error
-2,00800000;Error
-2,00700000;Error
-2,00600000;Error
-2,00500000;Error
-2,00400000;Error
-2,00300000;Error
-2,00200000;Error
-2,00100000;Error
-2,00000000;Error
-1,99900000;Error
-1,99800000;Error
-1,99700000;Error
-1,99600000;Error
-1,99500000;Error
-1,99400000;Error
-1,99300000;Error
-1,99200000;Error
-1,99100000;Error
-1,99000000;Error
-1,98900000;Error
-1,98800000;Error
-1,98700000;Error
-1,98600000;Error
-1,98500000;Error
-1,98400000;Error
-1,98300000;Error
-1,98200000;Error
-1,98100000;Error
-1,98000000;Error
-1,97900000;Error
-1,97800000;Error
-1,97700000;Error
-1,97600000;Error
-1,97500000;Error
-1,97400000;Error
-1,97300000;Error
-1,97200000;Error
-1,97100000;Error
-1,97000000;Error
-1,96900000;Error
-1,96800000;Error
-1,96700000;Error
-1,96600000;Error
-1,96500000;Error
-1,96400000;Error
-1,96300000;Error
-1,96200000;Error
-1,96100000;Error
-1,96000000;Error
-1,95900000;Error
-1,95800000;Error
-1,95700000;Error
-1,95600000;Error
-1,95500000;Error
-1,95400000;Error
-1,95300000;Error
-1,95200000;Error
-1,95100000;Error
-1,95000000;Error
-1,94900000;Error
-1,94800000;Error
-1,94700000;Error
-1,94600000;Error
-1,94500000;Error
-1,94400000;Error
-1,94300000;Error
-1,94200000;Error
-1,94100000;Error
-1,94000000;Error
-1,93900000;Error
-1,93800000;Error
-1,93700000;Error
-1,93600000;Error
-1,93500000;Error
-1,93400000;Error
-1,93300000;Error
-1,93200000;Error
-1,93100000;Error
-1,93000000;Error
-1,92900000;Error
-1,92800000;Error
-1,92700000;Error
-1,92600000;Error
-1,92500000;Error
-1,92400000;Error
-1,92300000;Error
-1,92200000;Error
-1,92100000;Error
-1,92000000;Error
-1,91900000;Error
-1,91800000;Error
-1,91700000;Error
-1,91600000;Error
-1,91500000;Error
-1,91400000;Error
-1,91300000;Error
-1,91200000;Error
-1,91100000;Error
-1,91000000;Error
-1,90900000;Error
-1,90800000;Error
-1,90700000;Error
-1,90600000;Error
-1,90500000;Error
-1,90400000;Error
-1,90300000;Error
-1,90200000;Error
-1,90100000;Error
-1,90000000;Error
-1,89900000;Error
-1,89800000;Error
-1,89700000;Error
-1,89600000;Error
-1,89500000;Error
-1,89400000;Error
-1,89300000;Error
-1,89200000;Error
-1,89100000;Error
-1,89000000;Error
-1,88900000;Error
-1,88800000;Error
-1,88700000;Error
-1,88600000;Error
-1,88500000;Error
-1,88400000;Error
-1,88300000;Error
-1,88200000;Error
-1,88100000;Error
-1,88000000;Error
-1,87900000;Error
-1,87800000;Error
-1,87700000;Error
-1,87600000;Error
-1,87500000;Error
-1,87400000;Error
-1,87300000;Error
-1,87200000;Error
-1,87100000;Error
-1,87000000;Error
-1,86900000;Error
-1,86800000;Error
-1,86700000;Error
-1,86600000;Error
-1,86500000;Error
-1,86400000;Error
-1,86300000;Error
-1,86200000;Error
-1,86100000;Error
-1,86000000;Error
-1,85900000;Error
-1,85800000;Error
-1,85700000;Error
-1,85600000;Error
-1,85500000;Error
-1,85400000;Error
-1,85300000;Error
-1,85200000;Error
-1,85100000;Error
-1,85000000;Error
-1,84900000;Error
-1,84800000;Error
-1,84700000;Error
-1,84600000;Error
-1,84500000;Error
-1,84400000;Error
-1,84300000;Error
-1,84200000;Error
-1,84100000;Error
-1,84000000;Error
-1,83900000;Error
-1,83800000;Error
-1,83700000;Error
-1,83600000;Error
-1,83500000;Error
-1,83400000;Error
-1,83300000;Error
-1,83200000;Error
-1,83100000;Error
-1,83000000;Error
-1,82900000;Error
-1,82800000;Error
-1,82700000;Error
-1,82600000;Error
-1,82500000;Error
-1,82400000;Error
-1,82300000;Error
-1,82200000;Error
-1,82100000;Error
-1,82000000;Error
-1,81900000;Error
-1,81800000;Error
-1,81700000;Error
-1,81600000;Error
-1,81500000;Error
-1,81400000;Error
-1,81300000;Error
-1,81200000;Error
-1,81100000;Error
-1,81000000;Error
-1,80900000;Error
-1,80800000;Error
-1,80700000;Error
-1,80600000;Error
-1,80500000;Error
-1,80400000;Error
-1,80300000;Error
-1,80200000;Error
-1,80100000;Error
-1,80000000;Error
-1,79900000;Error
-1,79800000;Error
-1,79700000;Error
-1,79600000;Error
-1,79500000;Error
-1,79400000;Error
-1,79300000;Error
-1,79200000;Error
-1,79100000;Error
-1,79000000;Error
-1,78900000;Error
-1,78800000;Error
-1,78700000;Error
-1,78600000;Error
-1,78500000;Error
-1,78400000;Error
-1,78300000;Error
-1,78200000;Error
-1,78100000;Error
-1,78000000;Error
-1,77900000;Error
-1,77800000;Error
-1,77700000;Error
-1,77600000;Error
-1,77500000;Error
-1,77400000;Error
-1,77300000;Error
-1,77200000;Error
-1,77100000;Error
-1,77000000;Error
-1,76900000;Error
-1,76800000;Error
-1,76700000;Error
-1,76600000;Error
-1,76500000;Error
-1,76400000;Error
-1,76300000;Error
-1,76200000;Error
-1,76100000;Error
-1,76000000;Error
-1,75900000;Error
-1,75800000;Error
-1,75700000;Error
-1,75600000;Error
-1,75500000;Error
-1,75400000;Error
-1,75300000;Error
-1,75200000;Error
-1,75100000;Error
-1,75000000;Error
-1,74900000;Error
-1,74800000;Error
-1,74700000;Error
-1,74600000;Error
-1,74500000;Error
-1,74400000;Error
-1,74300000;Error
-1,74200000;Error
-1,74100000;Error
-1,74000000;Error
-1,73900000;Error
-1,73800000;Error
-1,73700000;Error
-1,73600000;Error
-1,73500000;Error
-1,73400000;Error
-1,73300000;Error
-1,73200000;Error
-1,73100000;Error
-1,73000000;Error
-1,72900000;Error
-1,72800000;Error
-1,72700000;Error
-1,72600000;Error
-1,72500000;Error
-1,72400000;Error
-1,72300000;Error
-1,72200000;Error
-1,72100000;Error
-1,72000000;Error
-1,71900000;Error
-1,71800000;Error
-1,71700000;Error
-1,71600000;Error
-1,71500000;Error
-1,71400000;Error
-1,71300000;Error
-1,71200000;Error
-1,71100000;Error
-1,71000000;Error
-1,70900000;Error
-1,70800000;Error
-1,70700000;Error
-1,70600000;Error
-1,70500000;Error
-1,70400000;Error
-1,70300000;Error
-1,70200000;Error
-1,70100000;Error
-1,70000000;Error
-1,69900000;Error
-1,69800000;Error
-1,69700000;Error
-1,69600000;Error
-1,69500000;Error
-1,69400000;Error
-1,69300000;Error
-1,69200000;Error
-1,69100000;Error
-1,69000000;Error
-1,68900000;Error
-1,68800000;Error
-1,68700000;Error
-1,68600000;Error
-1,68500000;Error
-1,68400000;Error
-1,68300000;Error
-1,68200000;Error
-1,68100000;Error
-1,68000000;Error
-1,67900000;Error
-1,67800000;Error
-1,67700000;Error
-1,67600000;Error
-1,67500000;Error
-1,67400000;Error
-1,67300000;Error
-1,67200000;Error
-1,67100000;Error
-1,67000000;Error
-1,66900000;Error
-1,66800000;Error
-1,66700000;Error
-1,66600000;Error
-1,66500000;Error
-1,66400000;Error
-1,66300000;Error
-1,66200000;Error
-1,66100000;Error
-1,66000000;Error
-1,65900000;Error
-1,65800000;Error
-1,65700000;Error
-1,65600000;Error
-1,65500000;Error
-1,65400000;Error
-1,65300000;Error
-1,65200000;Error
-1,65100000;Error
-1,65000000;Error
-1,64900000;Error
-1,64800000;Error
-1,64700000;Error
-1,64600000;Error
-1,64500000;Error
-1,64400000;Error
-1,64300000;Error
-1,64200000;Error
-1,64100000;Error
-1,64000000;Error
-1,63900000;Error
-1,63800000;Error
-1,63700000;Error
-1,63600000;Error
-1,63500000;Error
-1,63400000;Error
-1,63300000;Error
-1,63200000;Error
-1,63100000;Error
-1,63000000;Error
-1,62900000;Error
-1,62800000;Error
-1,62700000;Error
-1,62600000;Error
-1,62500000;Error
-1,62400000;Error
-1,62300000;Error
-1,62200000;Error
-1,62100000;Error
-1,62000000;Error
-1,61900000;Error
-1,61800000;Error
-1,61700000;Error
-1,61600000;Error
-1,61500000;Error
-1,61400000;Error
-1,61300000;Error
-1,61200000;Error
-1,61100000;Error
-1,61000000;Error
-1,60900000;Error
-1,60800000;Error
-1,60700000;Error
-1,60600000;Error
-1,60500000;Error
-1,60400000;Error
-1,60300000;Error
-1,60200000;Error
-1,60100000;Error
-1,60000000;Error
-1,59900000;Error
-1,59800000;Error
-1,59700000;Error
-1,59600000;Error
-1,59500000;Error
-1,59400000;Error
-1,59300000;Error
-1,59200000;Error
-1,59100000;Error
-1,59000000;Error
-1,58900000;Error
-1,58800000;Error
-1,58700000;Error
-1,58600000;Error
-1,58500000;Error
-1,58400000;Error
-1,58300000;Error
-1,58200000;Error
-1,58100000;Error
-1,58000000;Error
-1,57900000;Error
-1,57800000;Error
-1,57700000;Error
-1,57600000;Error
-1,57500000;Error
-1,57400000;Error
-1,57300000;Error
-1,57200000;Error
-1,57100000;Error
-1,57000000;Error
-1,56900000;Error
-1,56800000;Error
-1,56700000;Error
-1,56600000;Error
-1,56500000;Error
-1,56400000;Error
-1,56300000;Error
-1,56200000;Error
-1,56100000;Error
-1,56000000;Error
-1,55900000;Error
-1,55800000;Error
-1,55700000;Error
-1,55600000;Error
-1,55500000;Error
-1,55400000;Error
-1,55300000;Error
-1,55200000;Error
-1,55100000;Error
-1,55000000;Error
-1,54900000;Error
-1,54800000;Error
-1,54700000;Error
-1,54600000;Error
-1,54500000;Error
-1,54400000;Error
-1,54300000;Error
-1,54200000;Error
-1,54100000;Error
-1,54000000;Error
-1,53900000;Error
-1,53800000;Error
-1,53700000;Error
-1,53600000;Error
-1,53500000;Error
-1,53400000;Error
-1,53300000;Error
-1,53200000;Error
-1,53100000;Error
-1,53000000;Error
-1,52900000;Error
-1,52800000;Error
-1,52700000;Error
-1,52600000;Error
-1,52500000;Error
-1,52400000;Error
-1,52300000;Error
-1,52200000;Error
-1,52100000;Error
-1,52000000;Error
-1,51900000;Error
-1,51800000;Error
-1,51700000;Error
-1,51600000;Error
-1,51500000;Error
-1,51400000;Error
-1,51300000;Error
-1,51200000;Error
-1,51100000;Error
-1,51000000;Error
-1,50900000;Error
-1,50800000;Error
-1,50700000;Error
-1,50600000;Error
-1,50500000;Error
-1,50400000;Error
-1,50300000;Error
-1,50200000;Error
-1,50100000;Error
-1,50000000;Error
-1,49900000;Error
-1,49800000;Error
-1,49700000;Error
-1,49600000;Error
-1,49500000;Error
-1,49400000;Error
-1,49300000;Error
-1,49200000;Error
-1,49100000;Error
-1,49000000;Error
-1,48900000;Error
-1,48800000;Error
-1,48700000;Error
-1,48600000;Error
-1,48500000;Error
-1,48400000;Error
-1,48300000;Error
-1,48200000;Error
-1,48100000;Error
-1,48000000;Error
-1,47900000;Error
-1,47800000;Error
-1,47700000;Error
-1,47600000;Error
-1,47500000;Error
-1,47400000;Error
-1,47300000;Error
-1,47200000;Error
-1,47100000;Error
-1,47000000;Error
-1,46900000;Error
-1,46800000;Error
-1,46700000;Error
-1,46600000;Error
-1,46500000;Error
-1,46400000;Error
-1,46300000;Error
-1,46200000;Error
-1,46100000;Error
-1,46000000;Error
-1,45900000;Error
-1,45800000;Error
-1,45700000;Error
-1,45600000;Error
-1,45500000;Error
-1,45400000;Error
-1,45300000;Error
-1,45200000;Error
-1,45100000;Error
-1,45000000;Error
-1,44900000;Error
-1,44800000;Error
-1,44700000;Error
-1,44600000;Error
-1,44500000;Error
-1,44400000;Error
-1,44300000;Error
-1,44200000;Error
-1,44100000;Error
-1,44000000;Error
-1,43900000;Error
-1,43800000;Error
-1,43700000;Error
-1,43600000;Error
-1,43500000;Error
-1,43400000;Error
-1,43300000;Error
-1,43200000;Error
-1,43100000;Error
-1,43000000;Error
-1,42900000;Error
-1,42800000;Error
-1,42700000;Error
-1,42600000;Error
-1,42500000;Error
-1,42400000;Error
-1,42300000;Error
-1,42200000;Error
-1,42100000;Error
-1,42000000;Error
-1,41900000;Error
-1,41800000;Error
-1,41700000;Error
-1,41600000;Error
-1,41500000;Error
-1,41400000;Error
-1,41300000;Error
-1,41200000;Error
-1,41100000;Error
-1,41000000;Error
-1,40900000;Error
-1,40800000;Error
-1,40700000;Error
-1,40600000;Error
-1,40500000;Error
-1,40400000;Error
-1,40300000;Error
-1,40200000;Error
-1,40100000;Error
-1,40000000;Error
-1,39900000;Error
-1,39800000;Error
-1,39700000;Error
-1,39600000;Error
-1,39500000;Error
-1,39400000;Error
-1,39300000;Error
-1,39200000;Error
-1,39100000;Error
-1,39000000;Error
-1,38900000;Error
-1,38800000;Error
-1,38700000;Error
-1,38600000;Error
-1,38500000;Error
-1,38400000;Error
-1,38300000;Error
-1,38200000;Error
-1,38100000;Error
-1,38000000;Error
-1,37900000;Error
-1,37800000;Error
-1,37700000;Error
-1,37600000;Error
-1,37500000;Error
-1,37400000;Error
-1,37300000;Error
-1,37200000;Error
-1,37100000;Error
-1,37000000;Error
-1,36900000;Error
-1,36800000;Error
-1,36700000;Error
-1,36600000;Error
-1,36500000;Error
-1,36400000;Error
-1,36300000;Error
-1,36200000;Error
-1,36100000;Error
-1,36000000;Error
-1,35900000;Error
-1,35800000;Error
-1,35700000;Error
-1,35600000;Error
-1,35500000;Error
-1,35400000;Error
-1,35300000;Error
-1,35200000;Error
-1,35100000;Error
-1,35000000;Error
-1,34900000;Error
-1,34800000;Error
-1,34700000;Error
-1,34600000;Error
-1,34500000;Error
-1,34400000;Error
-1,34300000;Error
-1,34200000;Error
-1,34100000;Error
-1,34000000;Error
-1,33900000;Error
-1,33800000;Error
-1,33700000;Error
-1,33600000;Error
-1,33500000;Error
-1,33400000;Error
-1,33300000;Error
-1,33200000;Error
-1,33100000;Error
-1,33000000;Error
-1,32900000;Error
-1,32800000;Error
-1,32700000;Error
-1,32600000;Error
-1,32500000;Error
-1,32400000;Error
-1,32300000;Error
-1,32200000;Error
-1,32100000;Error
-1,32000000;Error
-1,31900000;Error
-1,31800000;Error
-1,31700000;Error
-1,31600000;Error
-1,31500000;Error
-1,31400000;Error
-1,31300000;Error
-1,31200000;Error
-1,31100000;Error
-1,31000000;Error
-1,30900000;Error
-1,30800000;Error
-1,30700000;Error
-1,30600000;Error
-1,30500000;Error
-1,30400000;Error
-1,30300000;Error
-1,30200000;Error
-1,30100000;Error
-1,30000000;Error
-1,29900000;Error
-1,29800000;Error
-1,29700000;Error
-1,29600000;Error
-1,29500000;Error
-1,29400000;Error
-1,29300000;Error
-1,29200000;Error
-1,29100000;Error
-1,29000000;Error
-1,28900000;Error
-1,28800000;Error
-1,28700000;Error
-1,28600000;Error
-1,28500000;Error
-1,28400000;Error
-1,28300000;Error
-1,28200000;Error
-1,28100000;Error
-1,28000000;Error
-1,27900000;Error
-1,27800000;Error
-1,27700000;Error
-1,27600000;Error
-1,27500000;Error
-1,27400000;Error
-1,27300000;Error
-1,27200000;Error
-1,27100000;Error
-1,27000000;Error
-1,26900000;Error
-1,26800000;Error
-1,26700000;Error
-1,26600000;Error
-1,26500000;Error
-1,26400000;Error
-1,26300000;Error
-1,26200000;Error
-1,26100000;Error
-1,26000000;Error
-1,25900000;Error
-1,25800000;Error
-1,25700000;Error
-1,25600000;Error
-1,25500000;Error
-1,25400000;Error
-1,25300000;Error
-1,25200000;Error
-1,25100000;Error
-1,25000000;Error
-1,24900000;Error
-1,24800000;Error
-1,24700000;Error
-1,24600000;Error
-1,24500000;Error
-1,24400000;Error
-1,24300000;Error
-1,24200000;Error
-1,24100000;Error
-1,24000000;Error
-1,23900000;Error
-1,23800000;Error
-1,23700000;Error
-1,23600000;Error
-1,23500000;Error
-1,23400000;Error
-1,23300000;Error
-1,23200000;Error
-1,23100000;Error
-1,23000000;Error
-1,22900000;Error
-1,22800000;Error
-1,22700000;Error
-1,22600000;Error
-1,22500000;Error
-1,22400000;Error
-1,22300000;Error
-1,22200000;Error
-1,22100000;Error
-1,22000000;Error
-1,21900000;Error
-1,21800000;Error
-1,21700000;Error
-1,21600000;Error
-1,21500000;Error
-1,21400000;Error
-1,21300000;Error
-1,21200000;Error
-1,21100000;Error
-1,21000000;Error
-1,20900000;Error
-1,20800000;Error
-1,20700000;Error
-1,20600000;Error
-1,20500000;Error
-1,20400000;Error
-1,20300000;Error
-1,20200000;Error
-1,20100000;Error
-1,20000000;Error
-1,19900000;Error
-1,19800000;Error
-1,19700000;Error
-1,19600000;Error
-1,19500000;Error
-1,19400000;Error
-1,19300000;Error
-1,19200000;Error
-1,19100000;Error
-1,19000000;Error
-1,18900000;Error
-1,18800000;Error
-1,18700000;Error
-1,18600000;Error
-1,18500000;Error
-1,18400000;Error
-1,18300000;Error
-1,18200000;Error
-1,18100000;Error
-1,18000000;Error
-1,17900000;Error
-1,17800000;Error
-1,17700000;Error
-1,17600000;Error
-1,17500000;Error
-1,17400000;Error
-1,17300000;Error
-1,17200000;Error
-1,17100000;Error
-1,17000000;Error
-1,16900000;Error
-1,16800000;Error
-1,16700000;Error
-1,16600000;Error
-1,16500000;Error
-1,16400000;Error
-1,16300000;Error
-1,16200000;Error
-1,16100000;Error
-1,16000000;Error
-1,15900000;Error
-1,15800000;Error
-1,15700000;Error
-1,15600000;Error
-1,15500000;Error
-1,15400000;Error
-1,15300000;Error
-1,15200000;Error
-1,15100000;Error
-1,15000000;Error
-1,14900000;Error
-1,14800000;Error
-1,14700000;Error
-1,14600000;Error
-1,14500000;Error
-1,14400000;Error
-1,14300000;Error
-1,14200000;Error
-1,14100000;Error
-1,14000000;Error
-1,13900000;Error
-1,13800000;Error
-1,13700000;Error
-1,13600000;Error
-1,13500000;Error
-1,13400000;Error
-1,13300000;Error
-1,13200000;Error
-1,13100000;Error
-1,13000000;Error
-1,12900000;Error
-1,12800000;Error
-1,12700000;Error
-1,12600000;Error
-1,12500000;Error
-1,12400000;Error
-1,12300000;Error
-1,12200000;Error
-1,12100000;Error
-1,12000000;Error
-1,11900000;Error
-1,11800000;Error
-1,11700000;Error
-1,11600000;Error
-1,11500000;Error
-1,11400000;Error
-1,11300000;Error
-1,11200000;Error
-1,11100000;Error
-1,11000000;Error
-1,10900000;Error
-1,10800000;Error
-1,10700000;Error
-1,10600000;Error
-1,10500000;Error
-1,10400000;Error
-1,10300000;Error
-1,10200000;Error
-1,10100000;Error
-1,10000000;Error
-1,09900000;Error
-1,09800000;Error
-1,09700000;Error
-1,09600000;Error
-1,09500000;Error
-1,09400000;Error
-1,09300000;Error
-1,09200000;Error
-1,09100000;Error
-1,09000000;Error
-1,08900000;Error
-1,08800000;Error
-1,08700000;Error
-1,08600000;Error
-1,08500000;Error
-1,08400000;Error
-1,08300000;Error
-1,08200000;Error
-1,08100000;Error
-1,08000000;Error
-1,07900000;Error
-1,07800000;Error
-1,07700000;Error
-1,07600000;Error
-1,07500000;Error
-1,07400000;Error
-1,07300000;Error
-1,07200000;Error
-1,07100000;Error
-1,07000000;Error
-1,06900000;Error
-1,06800000;Error
-1,06700000;Error
-1,06600000;Error
-1,06500000;Error
-1,06400000;Error
-1,06300000;Error
-1,06200000;Error
-1,06100000;Error
-1,06000000;Error
-1,05900000;Error
-1,05800000;Error
-1,05700000;Error
-1,05600000;Error
-1,05500000;Error
-1,05400000;Error
-1,05300000;Error
-1,05200000;Error
-1,05100000;Error
-1,05000000;Error
-1,04900000;Error
-1,04800000;Error
-1,04700000;Error
-1,04600000;Error
-1,04500000;Error
-1,04400000;Error
-1,04300000;Error
-1,04200000;Error
-1,04100000;Error
-1,04000000;Error
-1,03900000;Error
-1,03800000;Error
-1,03700000;Error
-1,03600000;Error
-1,03500000;Error
-1,03400000;Error
-1,03300000;Error
-1,03200000;Error
-1,03100000;Error
-1,03000000;Error
-1,02900000;Error
-1,02800000;Error
-1,02700000;Error
-1,02600000;Error
-1,02500000;Error
-1,02400000;Error
-1,02300000;Error
-1,02200000;Error
-1,02100000;Error
-1,02000000;Error
-1,01900000;Error
-1,01800000;Error
-1,01700000;Error
-1,01600000;Error
-1,01500000;Error
-1,01400000;Error
-1,01300000;Error
-1,01200000;Error
-1,01100000;Error
-1,01000000;Error
-1,00900000;Error
-1,00800000;Error
-1,00700000;Error
-1,00600000;Error
-1,00500000;Error
-1,00400000;Error
-1,00300000;Error
-1,00200000;Error
-1,00100000;Error
-1,00000000;Error
-0,99900000;Error
-0,99800000;Error
-0,99700000;Error
-0,99600000;Error
-0,99500000;Error
-0,99400000;Error
-0,99300000;Error
-0,99200000;Error
-0,99100000;Error
-0,99000000;Error
-0,98900000;Error
-0,98800000;Error
-0,98700000;Error
-0,98600000;Error
-0,98500000;Error
-0,98400000;Error
-0,98300000;Error
-0,98200000;Error
-0,98100000;Error
-0,98000000;Error
-0,97900000;Error
-0,97800000;Error
-0,97700000;Error
-0,97600000;Error
-0,97500000;Error
-0,97400000;Error
-0,97300000;Error
-0,97200000;Error
-0,97100000;Error
-0,97000000;Error
-0,96900000;Error
-0,96800000;Error
-0,96700000;Error
-0,96600000;Error
-0,96500000;Error
-0,96400000;Error
-0,96300000;Error
-0,96200000;Error
-0,96100000;Error
-0,96000000;Error
-0,95900000;Error
-0,95800000;Error
-0,95700000;Error
-0,95600000;Error
-0,95500000;Error
-0,95400000;Error
-0,95300000;Error
-0,95200000;Error
-0,95100000;Error
-0,95000000;Error
-0,94900000;Error
-0,94800000;Error
-0,94700000;Error
-0,94600000;Error
-0,94500000;Error
-0,94400000;Error
-0,94300000;Error
-0,94200000;Error
-0,94100000;Error
-0,94000000;Error
-0,93900000;Error
-0,93800000;Error
-0,93700000;Error
-0,93600000;Error
-0,93500000;Error
-0,93400000;Error
-0,93300000;Error
-0,93200000;Error
-0,93100000;Error
-0,93000000;Error
-0,92900000;Error
-0,92800000;Error
-0,92700000;Error
-0,92600000;Error
-0,92500000;Error
-0,92400000;Error
-0,92300000;Error
-0,92200000;Error
-0,92100000;Error
-0,92000000;Error
-0,91900000;Error
-0,91800000;Error
-0,91700000;Error
-0,91600000;Error
-0,91500000;Error
-0,91400000;Error
-0,91300000;Error
-0,91200000;Error
-0,91100000;Error
-0,91000000;Error
-0,90900000;Error
-0,90800000;Error
-0,90700000;Error
-0,90600000;Error
-0,90500000;Error
-0,90400000;Error
-0,90300000;Error
-0,90200000;Error
-0,90100000;Error
-0,90000000;Error
-0,89900000;Error
-0,89800000;Error
-0,89700000;Error
-0,89600000;Error
-0,89500000;Error
-0,89400000;Error
-0,89300000;Error
-0,89200000;Error
-0,89100000;Error
-0,89000000;Error
-0,88900000;Error
-0,88800000;Error
-0,88700000;Error
-0,88600000;Error
-0,88500000;Error
-0,88400000;Error
-0,88300000;Error
-0,88200000;Error
-0,88100000;Error
-0,88000000;Error
-0,87900000;Error
-0,87800000;Error
-0,87700000;Error
-0,87600000;Error
-0,87500000;Error
-0,87400000;Error
-0,87300000;Error
-0,87200000;Error
-0,87100000;Error
-0,87000000;Error
-0,86900000;Error
-0,86800000;Error
-0,86700000;Error
-0,86600000;Error
-0,86500000;Error
-0,86400000;Error
-0,86300000;Error
-0,86200000;Error
-0,86100000;Error
-0,86000000;Error
-0,85900000;Error
-0,85800000;Error
-0,85700000;Error
-0,85600000;Error
-0,85500000;Error
-0,85400000;Error
-0,85300000;Error
-0,85200000;Error
-0,85100000;Error
-0,85000000;Error
-0,84900000;Error
-0,84800000;Error
-0,84700000;Error
-0,84600000;Error
-0,84500000;Error
-0,84400000;Error
-0,84300000;Error
-0,84200000;Error
-0,84100000;Error
-0,84000000;Error
-0,83900000;Error
-0,83800000;Error
-0,83700000;Error
-0,83600000;Error
-0,83500000;Error
-0,83400000;Error
-0,83300000;Error
-0,83200000;Error
-0,83100000;Error
-0,83000000;Error
-0,82900000;Error
-0,82800000;Error
-0,82700000;Error
-0,82600000;Error
-0,82500000;Error
-0,82400000;Error
-0,82300000;Error
-0,82200000;Error
-0,82100000;Error
-0,82000000;Error
-0,81900000;Error
-0,81800000;Error
-0,81700000;Error
-0,81600000;Error
-0,81500000;Error
-0,81400000;Error
-0,81300000;Error
-0,81200000;Error
-0,81100000;Error
-0,81000000;Error
-0,80900000;Error
-0,80800000;Error
-0,80700000;Error
-0,80600000;Error
-0,80500000;Error
-0,80400000;Error
-0,80300000;Error
-0,80200000;Error
-0,80100000;Error
-0,80000000;Error
-0,79900000;Error
-0,79800000;Error
-0,79700000;Error
-0,79600000;Error
-0,79500000;Error
-0,79400000;Error
-0,79300000;Error
-0,79200000;Error
-0,79100000;Error
-0,79000000;Error
-0,78900000;Error
-0,78800000;Error
-0,78700000;Error
-0,78600000;Error
-0,78500000;Error
-0,78400000;Error
-0,78300000;Error
-0,78200000;Error
-0,78100000;Error
-0,78000000;Error
-0,77900000;Error
-0,77800000;Error
-0,77700000;Error
-0,77600000;Error
-0,77500000;Error
-0,77400000;Error
-0,77300000;Error
-0,77200000;Error
-0,77100000;Error
-0,77000000;Error
-0,76900000;Error
-0,76800000;Error
-0,76700000;Error
-0,76600000;Error
-0,76500000;Error
-0,76400000;Error
-0,76300000;Error
-0,76200000;Error
-0,76100000;Error
-0,76000000;Error
-0,75900000;Error
-0,75800000;Error
-0,75700000;Error
-0,75600000;Error
-0,75500000;Error
-0,75400000;Error
-0,75300000;Error
-0,75200000;Error
-0,75100000;Error
-0,75000000;Error
-0,74900000;Error
-0,74800000;Error
-0,74700000;Error
-0,74600000;Error
-0,74500000;Error
-0,74400000;Error
-0,74300000;Error
-0,74200000;Error
-0,74100000;Error
-0,74000000;Error
-0,73900000;Error
-0,73800000;Error
-0,73700000;Error
-0,73600000;Error
-0,73500000;Error
-0,73400000;Error
-0,73300000;Error
-0,73200000;Error
-0,73100000;Error
-0,73000000;Error
-0,72900000;Error
-0,72800000;Error
-0,72700000;Error
-0,72600000;Error
-0,72500000;Error
-0,72400000;Error
-0,72300000;Error
-0,72200000;Error
-0,72100000;Error
-0,72000000;Error
-0,71900000;Error
-0,71800000;Error
-0,71700000;Error
-0,71600000;Error
-0,71500000;Error
-0,71400000;Error
-0,71300000;Error
-0,71200000;Error
-0,71100000;Error
-0,71000000;Error
-0,70900000;Error
-0,70800000;Error
-0,70700000;Error
-0,70600000;Error
-0,70500000;Error
-0,70400000;Error
-0,70300000;Error
-0,70200000;Error
-0,70100000;Error
-0,70000000;Error
-0,69900000;Error
-0,69800000;Error
-0,69700000;Error
-0,69600000;Error
-0,69500000;Error
-0,69400000;Error
-0,69300000;Error
-0,69200000;Error
-0,69100000;Error
-0,69000000;Error
-0,68900000;Error
-0,68800000;Error
-0,68700000;Error
-0,68600000;Error
-0,68500000;Error
-0,68400000;Error
-0,68300000;Error
-0,68200000;Error
-0,68100000;Error
-0,68000000;Error
-0,67900000;Error
-0,67800000;Error
-0,67700000;Error
-0,67600000;Error
-0,67500000;Error
-0,67400000;Error
-0,67300000;Error
-0,67200000;Error
-0,67100000;Error
-0,67000000;Error
-0,66900000;Error
-0,66800000;Error
-0,66700000;Error
-0,66600000;Error
-0,66500000;Error
-0,66400000;Error
-0,66300000;Error
-0,66200000;Error
-0,66100000;Error
-0,66000000;Error
-0,65900000;Error
-0,65800000;Error
-0,65700000;Error
-0,65600000;Error
-0,65500000;Error
-0,65400000;Error
-0,65300000;Error
-0,65200000;Error
-0,65100000;Error
-0,65000000;Error
-0,64900000;Error
-0,64800000;Error
-0,64700000;Error
-0,64600000;Error
-0,64500000;Error
-0,64400000;Error
-0,64300000;Error
-0,64200000;Error
-0,64100000;Error
-0,64000000;Error
-0,63900000;Error
-0,63800000;Error
-0,63700000;Error
-0,63600000;Error
-0,63500000;Error
-0,63400000;Error
-0,63300000;Error
-0,63200000;Error
-0,63100000;Error
-0,63000000;Error
-0,62900000;Error
-0,62800000;Error
-0,62700000;Error
-0,62600000;Error
-0,62500000;Error
-0,62400000;Error
-0,62300000;Error
-0,62200000;Error
-0,62100000;Error
-0,62000000;Error
-0,61900000;Error
-0,61800000;Error
-0,61700000;Error
-0,61600000;Error
-0,61500000;Error
-0,61400000;Error
-0,61300000;Error
-0,61200000;Error
-0,61100000;Error
-0,61000000;Error
-0,60900000;Error
-0,60800000;Error
-0,60700000;Error
-0,60600000;Error
-0,60500000;Error
-0,60400000;Error
-0,60300000;Error
-0,60200000;Error
-0,60100000;Error
-0,60000000;Error
-0,59900000;Error
-0,59800000;Error
-0,59700000;Error
-0,59600000;Error
-0,59500000;Error
-0,59400000;Error
-0,59300000;Error
-0,59200000;Error
-0,59100000;Error
-0,59000000;Error
-0,58900000;Error
-0,58800000;Error
-0,58700000;Error
-0,58600000;Error
-0,58500000;Error
-0,58400000;Error
-0,58300000;Error
-0,58200000;Error
-0,58100000;Error
-0,58000000;Error
-0,57900000;Error
-0,57800000;Error
-0,57700000;Error
-0,57600000;Error
-0,57500000;Error
-0,57400000;Error
-0,57300000;Error
-0,57200000;Error
-0,57100000;Error
-0,57000000;Error
-0,56900000;Error
-0,56800000;Error
-0,56700000;Error
-0,56600000;Error
-0,56500000;Error
-0,56400000;Error
-0,56300000;Error
-0,56200000;Error
-0,56100000;Error
-0,56000000;Error
-0,55900000;Error
-0,55800000;Error
-0,55700000;Error
-0,55600000;Error
-0,55500000;Error
-0,55400000;Error
-0,55300000;Error
-0,55200000;Error
-0,55100000;Error
-0,55000000;Error
-0,54900000;Error
-0,54800000;Error
-0,54700000;Error
-0,54600000;Error
-0,54500000;Error
-0,54400000;Error
-0,54300000;Error
-0,54200000;Error
-0,54100000;Error
-0,54000000;Error
-0,53900000;Error
-0,53800000;Error
-0,53700000;Error
-0,53600000;Error
-0,53500000;Error
-0,53400000;Error
-0,53300000;Error
-0,53200000;Error
-0,53100000;Error
-0,53000000;Error
-0,52900000;Error
-0,52800000;Error
-0,52700000;Error
-0,52600000;Error
-0,52500000;Error
-0,52400000;Error
-0,52300000;Error
-0,52200000;Error
-0,52100000;Error
-0,52000000;Error
-0,51900000;Error
-0,51800000;Error
-0,51700000;Error
-0,51600000;Error
-0,51500000;Error
-0,51400000;Error
-0,51300000;Error
-0,51200000;Error
-0,51100000;Error
-0,51000000;Error
-0,50900000;Error
-0,50800000;Error
-0,50700000;Error
-0,50600000;Error
-0,50500000;Error
-0,50400000;Error
-0,50300000;Error
-0,50200000;Error
-0,50100000;Error
-0,50000000;Error
-0,49900000;Error
-0,49800000;Error
-0,49700000;Error
-0,49600000;Error
-0,49500000;Error
-0,49400000;Error
-0,49300000;Error
-0,49200000;Error
-0,49100000;Error
-0,49000000;Error
-0,48900000;Error
-0,48800000;Error
-0,48700000;Error
-0,48600000;Error
-0,48500000;Error
-0,48400000;Error
-0,48300000;Error
-0,48200000;Error
-0,48100000;Error
-0,48000000;Error
-0,47900000;Error
-0,47800000;Error
-0,47700000;Error
-0,47600000;Error
-0,47500000;Error
-0,47400000;Error
-0,47300000;Error
-0,47200000;Error
-0,47100000;Error
-0,47000000;Error
-0,46900000;Error
-0,46800000;Error
-0,46700000;Error
-0,46600000;Error
-0,46500000;Error
-0,46400000;Error
-0,46300000;Error
-0,46200000;Error
-0,46100000;Error
-0,46000000;Error
-0,45900000;Error
-0,45800000;Error
-0,45700000;Error
-0,45600000;Error
-0,45500000;Error
-0,45400000;Error
-0,45300000;Error
-0,45200000;Error
-0,45100000;Error
-0,45000000;Error
-0,44900000;Error
-0,44800000;Error
-0,44700000;Error
-0,44600000;Error
-0,44500000;Error
-0,44400000;Error
-0,44300000;Error
-0,44200000;Error
-0,44100000;Error
-0,44000000;Error
-0,43900000;Error
-0,43800000;Error
-0,43700000;Error
-0,43600000;Error
-0,43500000;Error
-0,43400000;Error
-0,43300000;Error
-0,43200000;Error
-0,43100000;Error
-0,43000000;Error
-0,42900000;Error
-0,42800000;Error
-0,42700000;Error
-0,42600000;Error
-0,42500000;Error
-0,42400000;Error
-0,42300000;Error
-0,42200000;Error
-0,42100000;Error
-0,42000000;Error
-0,41900000;Error
-0,41800000;Error
-0,41700000;Error
-0,41600000;Error
-0,41500000;Error
-0,41400000;Error
-0,41300000;Error
-0,41200000;Error
-0,41100000;Error
-0,41000000;Error
-0,40900000;Error
-0,40800000;Error
-0,40700000;Error
-0,40600000;Error
-0,40500000;Error
-0,40400000;Error
-0,40300000;Error
-0,40200000;Error
-0,40100000;Error
-0,40000000;Error
-0,39900000;Error
-0,39800000;Error
-0,39700000;Error
-0,39600000;Error
-0,39500000;Error
-0,39400000;Error
-0,39300000;Error
-0,39200000;Error
-0,39100000;Error
-0,39000000;Error
-0,38900000;Error
-0,38800000;Error
-0,38700000;Error
-0,38600000;Error
-0,38500000;Error
-0,38400000;Error
-0,38300000;Error
-0,38200000;Error
-0,38100000;Error
-0,38000000;Error
-0,37900000;Error
-0,37800000;Error
-0,37700000;Error
-0,37600000;Error
-0,37500000;Error
-0,37400000;Error
-0,37300000;Error
-0,37200000;Error
-0,37100000;Error
-0,37000000;Error
-0,36900000;Error
-0,36800000;Error
-0,36700000;Error
-0,36600000;Error
-0,36500000;Error
-0,36400000;Error
-0,36300000;Error
-0,36200000;Error
-0,36100000;Error
-0,36000000;Error
-0,35900000;Error
-0,35800000;Error
-0,35700000;Error
-0,35600000;Error
-0,35500000;Error
-0,35400000;Error
-0,35300000;Error
-0,35200000;Error
-0,35100000;Error
-0,35000000;Error
-0,34900000;Error
-0,34800000;Error
-0,34700000;Error
-0,34600000;Error
-0,34500000;Error
-0,34400000;Error
-0,34300000;Error
-0,34200000;Error
-0,34100000;Error
-0,34000000;Error
-0,33900000;Error
-0,33800000;Error
-0,33700000;Error
-0,33600000;Error
-0,33500000;Error
-0,33400000;Error
-0,33300000;Error
-0,33200000;Error
-0,33100000;Error
-0,33000000;Error
-0,32900000;Error
-0,32800000;Error
-0,32700000;Error
-0,32600000;Error
-0,32500000;Error
-0,32400000;Error
-0,32300000;Error
-0,32200000;Error
-0,32100000;Error
-0,32000000;Error
-0,31900000;Error
-0,31800000;Error
-0,31700000;Error
-0,31600000;Error
-0,31500000;Error
-0,31400000;Error
-0,31300000;Error
-0,31200000;Error
-0,31100000;Error
-0,31000000;Error
-0,30900000;Error
-0,30800000;Error
-0,30700000;Error
-0,30600000;Error
-0,30500000;Error
-0,30400000;Error
-0,30300000;Error
-0,30200000;Error
-0,30100000;Error
-0,30000000;Error
-0,29900000;Error
-0,29800000;Error
-0,29700000;Error
-0,29600000;Error
-0,29500000;Error
-0,29400000;Error
-0,29300000;Error
-0,29200000;Error
-0,29100000;Error
-0,29000000;Error
-0,28900000;Error
-0,28800000;Error
-0,28700000;Error
-0,28600000;Error
-0,28500000;Error
-0,28400000;Error
-0,28300000;Error
-0,28200000;Error
-0,28100000;Error
-0,28000000;Error
-0,27900000;Error
-0,27800000;Error
-0,27700000;Error
-0,27600000;Error
-0,27500000;Error
-0,27400000;Error
-0,27300000;Error
-0,27200000;Error
-0,27100000;Error
-0,27000000;Error
-0,26900000;Error
-0,26800000;Error
-0,26700000;Error
-0,26600000;Error
-0,26500000;Error
-0,26400000;Error
-0,26300000;Error
-0,26200000;Error
-0,26100000;Error
-0,26000000;Error
-0,25900000;Error
-0,25800000;Error
-0,25700000;Error
-0,25600000;Error
-0,25500000;Error
-0,25400000;Error
-0,25300000;Error
-0,25200000;Error
-0,25100000;Error
-0,25000000;Error
-0,24900000;Error
-0,24800000;Error
-0,24700000;Error
-0,24600000;Error
-0,24500000;Error
-0,24400000;Error
-0,24300000;Error
-0,24200000;Error
-0,24100000;Error
-0,24000000;Error
-0,23900000;Error
-0,23800000;Error
-0,23700000;Error
-0,23600000;Error
-0,23500000;Error
-0,23400000;Error
-0,23300000;Error
-0,23200000;Error
-0,23100000;Error
-0,23000000;Error
-0,22900000;Error
-0,22800000;Error
-0,22700000;Error
-0,22600000;Error
-0,22500000;Error
-0,22400000;Error
-0,22300000;Error
-0,22200000;Error
-0,22100000;Error
-0,22000000;Error
-0,21900000;Error
-0,21800000;Error
-0,21700000;Error
-0,21600000;Error
-0,21500000;Error
-0,21400000;Error
-0,21300000;Error
-0,21200000;Error
-0,21100000;Error
-0,21000000;Error
-0,20900000;Error
-0,20800000;Error
-0,20700000;Error
-0,20600000;Error
-0,20500000;Error
-0,20400000;Error
-0,20300000;Error
-0,20200000;Error
-0,20100000;Error
-0,20000000;Error
-0,19900000;Error
-0,19800000;Error
-0,19700000;Error
-0,19600000;Error
-0,19500000;Error
-0,19400000;Error
-0,19300000;Error
-0,19200000;Error
-0,19100000;Error
-0,19000000;Error
-0,18900000;Error
-0,18800000;Error
-0,18700000;Error
-0,18600000;Error
-0,18500000;Error
-0,18400000;Error
-0,18300000;Error
-0,18200000;Error
-0,18100000;Error
-0,18000000;Error
-0,17900000;Error
-0,17800000;Error
-0,17700000;Error
-0,17600000;Error
-0,17500000;Error
-0,17400000;Error
-0,17300000;Error
-0,17200000;Error
-0,17100000;Error
-0,17000000;Error
-0,16900000;Error
-0,16800000;Error
-0,16700000;Error
-0,16600000;Error
-0,16500000;Error
-0,16400000;Error
-0,16300000;Error
-0,16200000;Error
-0,16100000;Error
-0,16000000;Error
-0,15900000;Error
-0,15800000;Error
-0,15700000;Error
-0,15600000;Error
-0,15500000;Error
-0,15400000;Error
-0,15300000;Error
-0,15200000;Error
-0,15100000;Error
-0,15000000;Error
-0,14900000;Error
-0,14800000;Error
-0,14700000;Error
-0,14600000;Error
-0,14500000;Error
-0,14400000;Error
-0,14300000;Error
-0,14200000;Error
-0,14100000;Error
-0,14000000;Error
-0,13900000;Error
-0,13800000;Error
-0,13700000;Error
-0,13600000;Error
-0,13500000;Error
-0,13400000;Error
-0,13300000;Error
-0,13200000;Error
-0,13100000;Error
-0,13000000;Error
-0,12900000;Error
-0,12800000;Error
-0,12700000;Error
-0,12600000;Error
-0,12500000;Error
-0,12400000;Error
-0,12300000;Error
-0,12200000;Error
-0,12100000;Error
-0,12000000;Error
-0,11900000;Error
-0,11800000;Error
-0,11700000;Error
-0,11600000;Error
-0,11500000;Error
-0,11400000;Error
-0,11300000;Error
-0,11200000;Error
-0,11100000;Error
-0,11000000;Error
-0,10900000;Error
-0,10800000;Error
-0,10700000;Error
-0,10600000;Error
-0,10500000;Error
-0,10400000;Error
-0,10300000;Error
-0,10200000;Error
-0,10100000;Error
-0,10000000;Error
-0,09900000;Error
-0,09800000;Error
-0,09700000;Error
-0,09600000;Error
-0,09500000;Error
-0,09400000;Error
-0,09300000;Error
-0,09200000;Error
-0,09100000;Error
-0,09000000;Error
-0,08900000;Error
-0,08800000;Error
-0,08700000;Error
-0,08600000;Error
-0,08500000;Error
-0,08400000;Error
-0,08300000;Error
-0,08200000;Error
-0,08100000;Error
-0,08000000;Error
-0,07900000;Error
-0,07800000;Error
-0,07700000;Error
-0,07600000;Error
-0,07500000;Error
-0,07400000;Error
-0,07300000;Error
-0,07200000;Error
-0,07100000;Error
-0,07000000;Error
-0,06900000;Error
-0,06800000;Error
-0,06700000;Error
-0,06600000;Error
-0,06500000;Error
-0,06400000;Error
-0,06300000;Error
-0,06200000;Error
-0,06100000;Error
-0,06000000;Error
-0,05900000;Error
-0,05800000;Error
-0,05700000;Error
-0,05600000;Error
-0,05500000;Error
-0,05400000;Error
-0,05300000;Error
-0,05200000;Error
-0,05100000;Error
-0,05000000;Error
-0,04900000;Error
-0,04800000;Error
-0,04700000;Error
-0,04600000;Error
-0,04500000;Error
-0,04400000;Error
-0,04300000;Error
-0,04200000;Error
-0,04100000;Error
-0,04000000;Error
-0,03900000;Error
-0,03800000;Error
-0,03700000;Error
-0,03600000;Error
-0,03500000;Error
-0,03400000;Error
-0,03300000;Error
-0,03200000;Error
-0,03100000;Error
-0,03000000;Error
-0,02900000;Error
-0,02800000;Error
-0,02700000;Error
-0,02600000;Error
-0,02500000;Error
-0,02400000;Error
-0,02300000;Error
-0,02200000;Error
-0,02100000;Error
-0,02000000;Error
-0,01900000;Error
-0,01800000;Error
-0,01700000;Error
-0,01600000;Error
-0,01500000;Error
-0,01400000;Error
-0,01300000;Error
-0,01200000;Error
-0,01100000;Error
-0,01000000;Error
-0,00900000;Error
-0,00800000;Error
-0,00700000;Error
-0,00600000;Error
-0,00500000;Error
-0,00400000;Error
-0,00300000;Error
-0,00200000;Error
-0,00100000;Error
-0,00000000;Error
0,00100000;-6,90775436
0,00200000;-6,21460717
0,00300000;-5,80914207
0,00400000;-5,52146000
0,00500000;-5,29831646
0,00600000;-5,11599490
0,00700000;-4,96184422
0,00800000;-4,82831282
0,00900000;-4,71052981
0,01000000;-4,60516928
0,01100000;-4,50985909
0,01200000;-4,42284775
0,01300000;-4,34280500
0,01400000;-4,26869707
0,01500000;-4,19970417
0,01600000;-4,13516564
0,01700000;-4,07454105
0,01800000;-4,01738266
0,01900000;-3,96331539
0,02000000;-3,91202214
0,02100000;-3,86323196
0,02200000;-3,81671196
0,02300000;-3,77226017
0,02400000;-3,72970057
0,02500000;-3,68887855
0,02600000;-3,64965787
0,02700000;-3,61191755
0,02800000;-3,57554989
0,02900000;-3,54045862
0,03000000;-3,50655699
0,03100000;-3,47376718
0,03200000;-3,44201846
0,03300000;-3,41124689
0,03400000;-3,38139387
0,03500000;-3,35240639
0,03600000;-3,32423541
0,03700000;-3,29683646
0,03800000;-3,27016822
0,03900000;-3,24419272
0,04000000;-3,21887503
0,04100000;-3,19418239
0,04200000;-3,17008478
0,04300000;-3,14655438
0,04400000;-3,12356478
0,04500000;-3,10109200
0,04600000;-3,07911299
0,04700000;-3,05760684
0,04800000;-3,03655348
0,04900000;-3,01593405
0,05000000;-2,99573138
0,05100000;-2,97592877
0,05200000;-2,95651070
0,05300000;-2,93746252
0,05400000;-2,91877038
0,05500000;-2,90042124
0,05600000;-2,88240272
0,05700000;-2,86470312
0,05800000;-2,84731134
0,05900000;-2,83021709
0,06000000;-2,81340993
0,06100000;-2,79688059
0,06200000;-2,78062001
0,06300000;-2,76461983
0,06400000;-2,74887141
0,06500000;-2,73336716
0,06600000;-2,71809983
0,06700000;-2,70306188
0,06800000;-2,68824671
0,06900000;-2,67364805
0,07000000;-2,65925922
0,07100000;-2,64507448
0,07200000;-2,63108838
0,07300000;-2,61729494
0,07400000;-2,60368943
0,07500000;-2,59026628
0,07600000;-2,57702119
0,07700000;-2,56394897
0,07800000;-2,55104570
0,07900000;-2,53830652
0,08000000;-2,52572787
0,08100000;-2,51330546
0,08200000;-2,50103523
0,08300000;-2,48891398
0,08400000;-2,47693763
0,08500000;-2,46510329
0,08600000;-2,45340706
0,08700000;-2,44184636
0,08800000;-2,43041777
0,08900000;-2,41911803
0,09000000;-2,40794484
0,09100000;-2,39689511
0,09200000;-2,38596584
0,09300000;-2,37515503
0,09400000;-2,36445984
0,09500000;-2,35387752
0,09600000;-2,34340633
0,09700000;-2,33304363
0,09800000;-2,32278690
0,09900000;-2,31263464
0,10000000;-2,30258440
0,10100000;-2,29263415
0,10200000;-2,28278163
0,10300000;-2,27302555
0,10400000;-2,26336372
0,10500000;-2,25379401
0,10600000;-2,24431537
0,10700000;-2,23492572
0,10800000;-2,22562341
0,10900000;-2,21640648
0,11000000;-2,20727409
0,11100000;-2,19822435
0,11200000;-2,18925576
0,11300000;-2,18036688
0,11400000;-2,17155598
0,11500000;-2,16282239
0,11600000;-2,15416440
0,11700000;-2,14558073
0,11800000;-2,13706974
0,11900000;-2,12863096
0,12000000;-2,12026279
0,12100000;-2,11196407
0,12200000;-2,10373363
0,12300000;-2,09557000
0,12400000;-2,08747288
0,12500000;-2,07944079
0,12600000;-2,07147269
0,12700000;-2,06356758
0,12800000;-2,05572446
0,12900000;-2,04794199
0,13000000;-2,04022003
0,13100000;-2,03255723
0,13200000;-2,02495270
0,13300000;-2,01740555
0,13400000;-2,00991494
0,13500000;-2,00247961
0,13600000;-1,99509959
0,13700000;-1,98777362
0,13800000;-1,98050092
0,13900000;-1,97328073
0,14000000;-1,96611230
0,14100000;-1,95899445
0,14200000;-1,95192736
0,14300000;-1,94490986
0,14400000;-1,93794126
0,14500000;-1,93102088
0,14600000;-1,92414805
0,14700000;-1,91732214
0,14800000;-1,91054250
0,14900000;-1,90380809
0,15000000;-1,89711917
0,15100000;-1,89047470
0,15200000;-1,88387407
0,15300000;-1,87731673
0,15400000;-1,87080210
0,15500000;-1,86432963
0,15600000;-1,85789878
0,15700000;-1,85150858
0,15800000;-1,84515942
0,15900000;-1,83885032
0,16000000;-1,83258076
0,16100000;-1,82635027
0,16200000;-1,82015835
0,16300000;-1,81400453
0,16400000;-1,80788834
0,16500000;-1,80180933
0,16600000;-1,79576660
0,16700000;-1,78976064
0,16800000;-1,78379053
0,16900000;-1,77785585
0,17000000;-1,77195618
0,17100000;-1,76609111
0,17200000;-1,76026023
0,17300000;-1,75446316
0,17400000;-1,74869949
0,17500000;-1,74296885
0,17600000;-1,73727038
0,17700000;-1,73160471
0,17800000;-1,72597095
0,17900000;-1,72036875
0,18000000;-1,71479775
0,18100000;-1,70925762
0,18200000;-1,70374800
0,18300000;-1,69826858
0,18400000;-1,69281901
0,18500000;-1,68739898
0,18600000;-1,68200816
0,18700000;-1,67664573
0,18800000;-1,67131245
0,18900000;-1,66600745
0,19000000;-1,66073045
0,19100000;-1,65548114
0,19200000;-1,65025924
0,19300000;-1,64506447
0,19400000;-1,63989654
0,19500000;-1,63475518
0,19600000;-1,62964011
0,19700000;-1,62455108
0,19800000;-1,61948781
0,19900000;-1,61445004
0,20000000;-1,60943699
0,20100000;-1,60444950
0,20200000;-1,59948677
0,20300000;-1,59454853
0,20400000;-1,58963457
0,20500000;-1,58474463
0,20600000;-1,57987848
0,20700000;-1,57503589
0,20800000;-1,57021664
0,20900000;-1,56542050
0,21000000;-1,56064726
0,21100000;-1,55589669
0,21200000;-1,55116857
0,21300000;-1,54646271
0,21400000;-1,54177888
0,21500000;-1,53711633
0,21600000;-1,53247601
0,21700000;-1,52785711
0,21800000;-1,52325945
0,21900000;-1,51868283
0,22000000;-1,51412705
0,22100000;-1,50959194
0,22200000;-1,50507729
0,22300000;-1,50058294
0,22400000;-1,49610869
0,22500000;-1,49165437
0,22600000;-1,48721980
0,22700000;-1,48280481
0,22800000;-1,47840923
0,22900000;-1,47403288
0,23000000;-1,46967559
0,23100000;-1,46533721
0,23200000;-1,46101698
0,23300000;-1,45671595
0,23400000;-1,45243334
0,23500000;-1,44816898
0,23600000;-1,44392273
0,23700000;-1,43969444
0,23800000;-1,43548394
0,23900000;-1,43129110
0,24000000;-1,42711576
0,24100000;-1,42295778
0,24200000;-1,41881702
0,24300000;-1,41469333
0,24400000;-1,41058658
0,24500000;-1,40649662
0,24600000;-1,40242332
0,24700000;-1,39836654
0,24800000;-1,39432615
0,24900000;-1,39030202
0,25000000;-1,38629402
0,25100000;-1,38230202
0,25200000;-1,37832526
0,25300000;-1,37436491
0,25400000;-1,37042017
0,25500000;-1,36649094
0,25600000;-1,36257708
0,25700000;-1,35867848
0,25800000;-1,35479501
0,25900000;-1,35092657
0,26000000;-1,34707303
0,26100000;-1,34323429
0,26200000;-1,33941022
0,26300000;-1,33560072
0,26400000;-1,33180567
0,26500000;-1,32802498
0,26600000;-1,32425852
0,26700000;-1,32050619
0,26800000;-1,31676789
0,26900000;-1,31304351
0,27000000;-1,30933295
0,27100000;-1,30563611
0,27200000;-1,30195288
0,27300000;-1,29828317
0,27400000;-1,29462687
0,27500000;-1,29098322
0,27600000;-1,28735350
0,27700000;-1,28373690
0,27800000;-1,28013333
0,27900000;-1,27654270
0,28000000;-1,27296492
0,28100000;-1,26939989
0,28200000;-1,26584752
0,28300000;-1,26230772
0,28400000;-1,25878041
0,28500000;-1,25526550
0,28600000;-1,25176290
0,28700000;-1,24827252
0,28800000;-1,24479428
0,28900000;-1,24132810
0,29000000;-1,23787388
0,29100000;-1,23443156
0,29200000;-1,23100105
0,29300000;-1,22758226
0,29400000;-1,22417512
0,29500000;-1,22077955
0,29600000;-1,21739547
0,29700000;-1,21402280
0,29800000;-1,21066147
0,29900000;-1,20731140
0,30000000;-1,20397251
0,30100000;-1,20064473
0,30200000;-1,19732800
0,30300000;-1,19402222
0,30400000;-1,19072664
0,30500000;-1,18744261
0,30600000;-1,18416932
0,30700000;-1,18090671
0,30800000;-1,17765471
0,30900000;-1,17441325
0,31000000;-1,17118226
0,31100000;-1,16796168
0,31200000;-1,16475143
0,31300000;-1,16155146
0,31400000;-1,15836169
0,31500000;-1,15518206
0,31600000;-1,15201251
0,31700000;-1,14885297
0,31800000;-1,14570339
0,31900000;-1,14256369
0,32000000;-1,13943382
0,32100000;-1,13631371
0,32200000;-1,13320331
0,32300000;-1,13010255
0,32400000;-1,12701137
0,32500000;-1,12392972
0,32600000;-1,12085754
0,32700000;-1,11779476
0,32800000;-1,11474134
0,32900000;-1,11169721
0,33000000;-1,10866232
0,33100000;-1,10563662
0,33200000;-1,10262003
0,33300000;-1,09961253
0,33400000;-1,09661403
0,33500000;-1,09362451
0,33600000;-1,09064389
0,33700000;-1,08767213
0,33800000;-1,08470842
0,33900000;-1,08175425
0,34000000;-1,07880877
0,34100000;-1,07587195
0,34200000;-1,07294372
0,34300000;-1,07002404
0,34400000;-1,06711286
0,34500000;-1,06421013
0,34600000;-1,06131580
0,34700000;-1,05842983
0,34800000;-1,05555215
0,34900000;-1,05268274
0,35000000;-1,04982153
0,35100000;-1,04696848
0,35200000;-1,04412355
0,35300000;-1,04128669
0,35400000;-1,03845786
0,35500000;-1,03563700
0,35600000;-1,03282408
0,35700000;-1,03001905
0,35800000;-1,02722186
0,35900000;-1,02443247
0,36000000;-1,02165085
0,36100000;-1,01887694
0,36200000;-1,01611070
0,36300000;-1,01335209
0,36400000;-1,01060107
0,36500000;-1,00785760
0,36600000;-1,00512163
0,36700000;-1,00239313
0,36800000;-0,99967205
0,36900000;-0,99695836
0,37000000;-0,99425201
0,37100000;-0,99155296
0,37200000;-0,98886118
0,37300000;-0,98617662
0,37400000;-0,98349925
0,37500000;-0,98082904
0,37600000;-0,97816593
0,37700000;-0,97550989
0,37800000;-0,97286089
0,37900000;-0,97021889
0,38000000;-0,96758385
0,38100000;-0,96495494
0,38200000;-0,96233374
0,38300000;-0,95971940
0,38400000;-0,95711186
0,38500000;-0,95451111
0,38600000;-0,95191711
0,38700000;-0,94932981
0,38800000;-0,94674919
0,38900000;-0,94417522
0,39000000;-0,94160785
0,39100000;-0,93904705
0,39200000;-0,93649279
0,39300000;-0,93394505
0,39400000;-0,93140377
0,39500000;-0,92886894
0,39600000;-0,92634051
0,39700000;-0,92381846
0,39800000;-0,92130276
0,39900000;-0,91879336
0,40000000;-0,91629025
0,40100000;-0,91379339
0,40200000;-0,91130274
0,40300000;-0,90881829
0,40400000;-0,90633999
0,40500000;-0,90386781
0,40600000;-0,90140173
0,40700000;-0,89894172
0,40800000;-0,89648775
0,40900000;-0,89403978
0,41000000;-0,89159779
0,41100000;-0,88916174
0,41200000;-0,88673162
0,41300000;-0,88430739
0,41400000;-0,88188902
0,41500000;-0,87947648
0,41600000;-0,87706975
0,41700000;-0,87466880
0,41800000;-0,87227360
0,41900000;-0,86988412
0,42000000;-0,86750034
0,42100000;-0,86512222
0,42200000;-0,86274975
0,42300000;-0,86038289
0,42400000;-0,85802163
0,42500000;-0,85566592
0,42600000;-0,85331575
0,42700000;-0,85097109
0,42800000;-0,84863191
0,42900000;-0,84629820
0,43000000;-0,84396991
0,43100000;-0,84164704
0,43200000;-0,83932954
0,43300000;-0,83701741
0,43400000;-0,83471061
0,43500000;-0,83240828
0,43600000;-0,83011210
0,43700000;-0,82782117
0,43800000;-0,82553549
0,43900000;-0,82325501
0,44000000;-0,82097973
0,44100000;-0,81870961
0,44200000;-0,81644463
0,44300000;-0,81418476
0,44400000;-0,81192999
0,44500000;-0,80968030
0,44600000;-0,80743565
0,44700000;-0,80519603
0,44800000;-0,80296141
0,44900000;-0,80073178
0,45000000;-0,79850710
0,45100000;-0,79628737
0,45200000;-0,79407255
0,45300000;-0,79186262
0,45400000;-0,78965756
0,45500000;-0,78745736
0,45600000;-0,78526199
0,45700000;-0,78307142
0,45800000;-0,78088564
0,45900000;-0,77870463
0,46000000;-0,77652837
0,46100000;-0,77435683
0,46200000;-0,77218999
0,46300000;-0,77002784
0,46400000;-0,76787036
0,46500000;-0,76571752
0,46600000;-0,76356930
0,46700000;-0,76142569
0,46800000;-0,75928666
0,46900000;-0,75715220
0,47000000;-0,75502228
0,47100000;-0,75289689
0,47200000;-0,75077601
0,47300000;-0,74865962
0,47400000;-0,74654769
0,47500000;-0,74444022
0,47600000;-0,74233718
0,47700000;-0,74023855
0,47800000;-0,73814432
0,47900000;-0,73605446
0,48000000;-0,73396896
0,48100000;-0,73188780
0,48200000;-0,72981096
0,48300000;-0,72773843
0,48400000;-0,72567019
0,48500000;-0,72360621
0,48600000;-0,72154648
0,48700000;-0,71949099
0,48800000;-0,71743971
0,48900000;-0,71539263
0,49000000;-0,71334974
0,49100000;-0,71131100
0,49200000;-0,70927642
0,49300000;-0,70724597
0,49400000;-0,70521963
0,49500000;-0,70319739
0,49600000;-0,70117923
0,49700000;-0,69916513
0,49800000;-0,69715509
0,49900000;-0,69514907
0,50000000;-0,69314707
0,50100000;-0,69114907
0,50200000;-0,68915506
0,50300000;-0,68716501
0,50400000;-0,68517892
0,50500000;-0,68319587
0,50600000;-0,68121766
0,50700000;-0,67924336
0,50800000;-0,67727294
0,50900000;-0,67530640
0,51000000;-0,67334371
0,51100000;-0,67138487
0,51200000;-0,66942986
0,51300000;-0,66747867
0,51400000;-0,66553127
0,51500000;-0,66358766
0,51600000;-0,66164781
0,51700000;-0,65971173
0,51800000;-0,65777938
0,51900000;-0,65585076
0,52000000;-0,65392585
0,52100000;-0,65200464
0,52200000;-0,65008711
0,52300000;-0,64817325
0,52400000;-0,64626305
0,52500000;-0,64435649
0,52600000;-0,64245355
0,52700000;-0,64055423
0,52800000;-0,63865851
0,52900000;-0,63676638
0,53000000;-0,63487782
0,53100000;-0,63299282
0,53200000;-0,63111136
0,53300000;-0,62923344
0,53400000;-0,62735904
0,53500000;-0,62548814
0,53600000;-0,62362074
0,53700000;-0,62175682
0,53800000;-0,61989637
0,53900000;-0,61803937
0,54000000;-0,61618581
0,54100000;-0,61433568
0,54200000;-0,61248897
0,54300000;-0,61064566
0,54400000;-0,60880574
0,54500000;-0,60696920
0,54600000;-0,60513603
0,54700000;-0,60330621
0,54800000;-0,60147973
0,54900000;-0,59965659
0,55000000;-0,59783676
0,55100000;-0,59602024
0,55200000;-0,59420701
0,55300000;-0,59239706
0,55400000;-0,59059038
0,55500000;-0,58878696
0,55600000;-0,58698679
0,55700000;-0,58518985
0,55800000;-0,58339613
0,55900000;-0,58160562
0,56000000;-0,57981832
0,56100000;-0,57803420
0,56200000;-0,57625326
0,56300000;-0,57447549
0,56400000;-0,57270087
0,56500000;-0,57092940
0,56600000;-0,56916106
0,56700000;-0,56739584
0,56800000;-0,56563373
0,56900000;-0,56387471
0,57000000;-0,56211879
0,57100000;-0,56036595
0,57200000;-0,55861617
0,57300000;-0,55686945
0,57400000;-0,55512577
0,57500000;-0,55338513
0,57600000;-0,55164751
0,57700000;-0,54991291
0,57800000;-0,54818131
0,57900000;-0,54645271
0,58000000;-0,54472708
0,58100000;-0,54300443
0,58200000;-0,54128475
0,58300000;-0,53956801
0,58400000;-0,53785422
0,58500000;-0,53614336
0,58600000;-0,53443542
0,58700000;-0,53273039
0,58800000;-0,53102826
0,58900000;-0,52932903
0,59000000;-0,52763268
0,59100000;-0,52593920
0,59200000;-0,52424858
0,59300000;-0,52256082
0,59400000;-0,52087590
0,59500000;-0,51919382
0,59600000;-0,51751456
0,59700000;-0,51583719
0,59800000;-0,51416358
0,59900000;-0,51249276
0,60000000;-0,51082473
0,60100000;-0,50915948
0,60200000;-0,50749699
0,60300000;-0,50583726
0,60400000;-0,50418028
0,60500000;-0,50252605
0,60600000;-0,50087454
0,60700000;-0,49922576
0,60800000;-0,49757969
0,60900000;-0,49593632
0,61000000;-0,49429565
0,61100000;-0,49265767
0,61200000;-0,49102236
0,61300000;-0,48938973
0,61400000;-0,48775975
0,61500000;-0,48613243
0,61600000;-0,48450775
0,61700000;-0,48288571
0,61800000;-0,48126629
0,61900000;-0,47964949
0,62000000;-0,47803530
0,62100000;-0,47642371
0,62200000;-0,47481471
0,62300000;-0,47320830
0,62400000;-0,47160447
0,62500000;-0,47000320
0,62600000;-0,46840449
0,62700000;-0,46680833
0,62800000;-0,46521472
0,62900000;-0,46362364
0,63000000;-0,46203509
0,63100000;-0,46044906
0,63200000;-0,45886554
0,63300000;-0,45728452
0,63400000;-0,45570600
0,63500000;-0,45412996
0,63600000;-0,45255641
0,63700000;-0,45098532
0,63800000;-0,44941670
0,63900000;-0,44785054
0,64000000;-0,44628683
0,64100000;-0,44472556
0,64200000;-0,44316672
0,64300000;-0,44161031
0,64400000;-0,44005631
0,64500000;-0,43850473
0,64600000;-0,43695555
0,64700000;-0,43540876
0,64800000;-0,43386437
0,64900000;-0,43232236
0,65000000;-0,43078272
0,65100000;-0,42924544
0,65200000;-0,42771053
0,65300000;-0,42617797
0,65400000;-0,42464775
0,65500000;-0,42311987
0,65600000;-0,42159432
0,65700000;-0,42007110
0,65800000;-0,41855019
0,65900000;-0,41703159
0,66000000;-0,41551530
0,66100000;-0,41400130
0,66200000;-0,41248959
0,66300000;-0,41098016
0,66400000;-0,40947300
0,66500000;-0,40796811
0,66600000;-0,40646549
0,66700000;-0,40496512
0,66800000;-0,40346699
0,66900000;-0,40197111
0,67000000;-0,40047746
0,67100000;-0,39898604
0,67200000;-0,39749684
0,67300000;-0,39600985
0,67400000;-0,39452508
0,67500000;-0,39304250
0,67600000;-0,39156212
0,67700000;-0,39008392
0,67800000;-0,38860791
0,67900000;-0,38713407
0,68000000;-0,38566241
0,68100000;-0,38419290
0,68200000;-0,38272555
0,68300000;-0,38126035
0,68400000;-0,37979730
0,68500000;-0,37833638
0,68600000;-0,37687759
0,68700000;-0,37542093
0,68800000;-0,37396638
0,68900000;-0,37251395
0,69000000;-0,37106363
0,69100000;-0,36961540
0,69200000;-0,36816927
0,69300000;-0,36672523
0,69400000;-0,36528327
0,69500000;-0,36384339
0,69600000;-0,36240558
0,69700000;-0,36096983
0,69800000;-0,35953614
0,69900000;-0,35810450
0,70000000;-0,35667491
0,70100000;-0,35524736
0,70200000;-0,35382184
0,70300000;-0,35239835
0,70400000;-0,35097689
0,70500000;-0,34955744
0,70600000;-0,34814001
0,70700000;-0,34672458
0,70800000;-0,34531116
0,70900000;-0,34389973
0,71000000;-0,34249028
0,71100000;-0,34108282
0,71200000;-0,33967734
0,71300000;-0,33827383
0,71400000;-0,33687229
0,71500000;-0,33547271
0,71600000;-0,33407412
0,71700000;-0,33267847
0,71800000;-0,33128477
0,71900000;-0,32989301
0,72000000;-0,32850318
0,72100000;-0,32711528
0,72200000;-0,32572931
0,72300000;-0,32434525
0,72400000;-0,32296310
0,72500000;-0,32158286
0,72600000;-0,32020452
0,72700000;-0,31882808
0,72800000;-0,31745353
0,72900000;-0,31608087
0,73000000;-0,31471009
0,73100000;-0,31334118
0,73200000;-0,31197415
0,73300000;-0,31060898
0,73400000;-0,30924567
0,73500000;-0,30788422
0,73600000;-0,30652461
0,73700000;-0,30516686
0,73800000;-0,30381094
0,73900000;-0,30245686
0,74000000;-0,30110461
0,74100000;-0,29975418
0,74200000;-0,29840558
0,74300000;-0,29705879
0,74400000;-0,29571382
0,74500000;-0,29437065
0,74600000;-0,29302928
0,74700000;-0,29168971
0,74800000;-0,29035193
0,74900000;-0,28901593
0,75000000;-0,28768172
0,75100000;-0,28634929
0,75200000;-0,28501862
0,75300000;-0,28368973
0,75400000;-0,28236260
0,75500000;-0,28103723
0,75600000;-0,27971361
0,75700000;-0,27839174
0,75800000;-0,27707162
0,75900000;-0,27575324
0,76000000;-0,27443659
0,76100000;-0,27312168
0,76200000;-0,27180849
0,76300000;-0,27049702
0,76400000;-0,26918727
0,76500000;-0,26787923
0,76600000;-0,26657290
0,76700000;-0,26526828
0,76800000;-0,26396535
0,76900000;-0,26266412
0,77000000;-0,26136458
0,77100000;-0,26006673
0,77200000;-0,25877056
0,77300000;-0,25747607
0,77400000;-0,25618325
0,77500000;-0,25489210
0,77600000;-0,25360261
0,77700000;-0,25231479
0,77800000;-0,25102862
0,77900000;-0,24974410
0,78000000;-0,24846123
0,78100000;-0,24718001
0,78200000;-0,24590042
0,78300000;-0,24462247
0,78400000;-0,24334615
0,78500000;-0,24207145
0,78600000;-0,24079838
0,78700000;-0,23952693
0,78800000;-0,23825709
0,78900000;-0,23698887
0,79000000;-0,23572225
0,79100000;-0,23445723
0,79200000;-0,23319381
0,79300000;-0,23193198
0,79400000;-0,23067174
0,79500000;-0,22941309
0,79600000;-0,22815602
0,79700000;-0,22690053
0,79800000;-0,22564662
0,79900000;-0,22439427
0,80000000;-0,22314349
0,80100000;-0,22189427
0,80200000;-0,22064662
0,80300000;-0,21940051
0,80400000;-0,21815596
0,80500000;-0,21691295
0,80600000;-0,21567149
0,80700000;-0,21443157
0,80800000;-0,21319318
0,80900000;-0,21195632
0,81000000;-0,21072099
0,81100000;-0,20948719
0,81200000;-0,20825490
0,81300000;-0,20702413
0,81400000;-0,20579488
0,81500000;-0,20456713
0,81600000;-0,20334089
0,81700000;-0,20211615
0,81800000;-0,20089291
0,81900000;-0,19967117
0,82000000;-0,19845091
0,82100000;-0,19723214
0,82200000;-0,19601486
0,82300000;-0,19479905
0,82400000;-0,19358473
0,82500000;-0,19237187
0,82600000;-0,19116048
0,82700000;-0,18995056
0,82800000;-0,18874211
0,82900000;-0,18753511
0,83000000;-0,18632956
0,83100000;-0,18512547
0,83200000;-0,18392282
0,83300000;-0,18272162
0,83400000;-0,18152186
0,83500000;-0,18032354
0,83600000;-0,17912665
0,83700000;-0,17793120
0,83800000;-0,17673717
0,83900000;-0,17554456
0,84000000;-0,17435338
0,84100000;-0,17316361
0,84200000;-0,17197525
0,84300000;-0,17078831
0,84400000;-0,16960278
0,84500000;-0,16841864
0,84600000;-0,16723591
0,84700000;-0,16605458
0,84800000;-0,16487464
0,84900000;-0,16369609
0,85000000;-0,16251892
0,85100000;-0,16134314
0,85200000;-0,16016875
0,85300000;-0,15899573
0,85400000;-0,15782408
0,85500000;-0,15665380
0,85600000;-0,15548490
0,85700000;-0,15431736
0,85800000;-0,15315118
0,85900000;-0,15198635
0,86000000;-0,15082192
0,86100000;-0,14965984
0,86200000;-0,14849911
0,86300000;-0,14733972
0,86400000;-0,14618168
0,86500000;-0,14502497
0,86600000;-0,14386960
0,86700000;-0,14271557
0,86800000;-0,14156286
0,86900000;-0,14041147
0,87000000;-0,13926142
0,87100000;-0,13811268
0,87200000;-0,13696526
0,87300000;-0,13581915
0,87400000;-0,13467435
0,87500000;-0,13353086
0,87600000;-0,13238868
0,87700000;-0,13124780
0,87800000;-0,13010822
0,87900000;-0,12896994
0,88000000;-0,12783295
0,88100000;-0,12669725
0,88200000;-0,12556283
0,88300000;-0,12442971
0,88400000;-0,12329786
0,88500000;-0,12216730
0,88600000;-0,12103800
0,88700000;-0,11990999
0,88800000;-0,11878324
0,88900000;-0,11765776
0,89000000;-0,11653355
0,89100000;-0,11541060
0,89200000;-0,11428890
0,89300000;-0,11316847
0,89400000;-0,11204928
0,89500000;-0,11093135
0,89600000;-0,10981467
0,89700000;-0,10869923
0,89800000;-0,10758503
0,89900000;-0,10647207
0,90000000;-0,10536035
0,90100000;-0,10424987
0,90200000;-0,10314061
0,90300000;-0,10203259
0,90400000;-0,10092579
0,90500000;-0,09982021
0,90600000;-0,09871586
0,90700000;-0,09761272
0,90800000;-0,09651080
0,90900000;-0,09541009
0,91000000;-0,09431059
0,91100000;-0,09321229
0,91200000;-0,09211521
0,91300000;-0,09101932
0,91400000;-0,08992463
0,91500000;-0,08883114
0,91600000;-0,08773885
0,91700000;-0,08664775
0,91800000;-0,08555783
0,91900000;-0,08446910
0,92000000;-0,08338156
0,92100000;-0,08229520
0,92200000;-0,08121001
0,92300000;-0,08012600
0,92400000;-0,07904317
0,92500000;-0,07796151
0,92600000;-0,07688101
0,92700000;-0,07580168
0,92800000;-0,07472352
0,92900000;-0,07364651
0,93000000;-0,07257067
0,93100000;-0,07149598
0,93200000;-0,07042244
0,93300000;-0,06935006
0,93400000;-0,06827882
0,93500000;-0,06720873
0,93600000;-0,06613979
0,93700000;-0,06507198
0,93800000;-0,06400532
0,93900000;-0,06293979
0,94000000;-0,06187539
0,94100000;-0,06081213
0,94200000;-0,05974999
0,94300000;-0,05868899
0,94400000;-0,05762910
0,94500000;-0,05657034
0,94600000;-0,05551270
0,94700000;-0,05445618
0,94800000;-0,05340077
0,94900000;-0,05234648
0,95000000;-0,05129329
0,95100000;-0,05024121
0,95200000;-0,04919024
0,95300000;-0,04814037
0,95400000;-0,04709160
0,95500000;-0,04604394
0,95600000;-0,04499736
0,95700000;-0,04395189
0,95800000;-0,04290750
0,95900000;-0,04186420
0,96000000;-0,04082199
0,96100000;-0,03978087
0,96200000;-0,03874083
0,96300000;-0,03770187
0,96400000;-0,03666398
0,96500000;-0,03562718
0,96600000;-0,03459144
0,96700000;-0,03355678
0,96800000;-0,03252319
0,96900000;-0,03149067
0,97000000;-0,03045921
0,97100000;-0,02942881
0,97200000;-0,02839947
0,97300000;-0,02737120
0,97400000;-0,02634398
0,97500000;-0,02531781
0,97600000;-0,02429269
0,97700000;-0,02326863
0,97800000;-0,02224469
0,97900000;-0,02122284
0,98000000;-0,02020202
0,98100000;-0,01918223
0,98200000;-0,01816347
0,98300000;-0,01714574
0,98400000;-0,01612903
0,98500000;-0,01511335
0,98600000;-0,01409869
0,98700000;-0,01308505
0,98800000;-0,01207243
0,98900000;-0,01106083
0,99000000;-0,01005025
0,99100000;-0,00904068
0,99200000;-0,00803213
0,99300000;-0,00702459
0,99400000;-0,00601805
0,99500000;-0,00501253
0,99600000;-0,00400802
0,99700000;-0,00300451
0,99800000;-0,00200200
0,99900000;-0,00100050
1,00000000;-0,00000000
1,00100000;0,00099950
1,00200000;0,00199800
1,00300000;0,00299551
1,00400000;0,00399202
1,00500000;0,00498753
1,00600000;0,00598205
1,00700000;0,00697559
1,00800000;0,00796813
1,00900000;0,00895968
1,01000000;0,00995025
1,01100000;0,01093983
1,01200000;0,01192843
1,01300000;0,01291605
1,01400000;0,01390268
1,01500000;0,01488834
1,01600000;0,01587302
1,01700000;0,01685672
1,01800000;0,01783944
1,01900000;0,01882120
1,02000000;0,01980198
1,02100000;0,02078179
1,02200000;0,02176063
1,02300000;0,02273851
1,02400000;0,02371653
1,02500000;0,02469261
1,02600000;0,02566775
1,02700000;0,02664193
1,02800000;0,02761517
1,02900000;0,02858746
1,03000000;0,02955880
1,03100000;0,03052920
1,03200000;0,03149867
1,03300000;0,03246719
1,03400000;0,03343478
1,03500000;0,03440143
1,03600000;0,03536714
1,03700000;0,03633193
1,03800000;0,03729578
1,03900000;0,03825871
1,04000000;0,03922071
1,04100000;0,04018179
1,04200000;0,04114194
1,04300000;0,04210117
1,04400000;0,04305949
1,04500000;0,04401688
1,04600000;0,04497336
1,04700000;0,04592893
1,04800000;0,04688358
1,04900000;0,04783733
1,05000000;0,04879016
1,05100000;0,04974209
1,05200000;0,05069311
1,05300000;0,05164323
1,05400000;0,05259245
1,05500000;0,05354076
1,05600000;0,05448818
1,05700000;0,05543470
1,05800000;0,05638033
1,05900000;0,05732506
1,06000000;0,05826890
1,06100000;0,05921185
1,06200000;0,06015391
1,06300000;0,06109509
1,06400000;0,06203538
1,06500000;0,06297479
1,06600000;0,06391331
1,06700000;0,06485096
1,06800000;0,06578773
1,06900000;0,06672362
1,07000000;0,06765863
1,07100000;0,06859277
1,07200000;0,06952604
1,07300000;0,07045844
1,07400000;0,07138997
1,07500000;0,07232064
1,07600000;0,07325044
1,07700000;0,07417937
1,07800000;0,07510744
1,07900000;0,07603465
1,08000000;0,07696101
1,08100000;0,07788650
1,08200000;0,07881114
1,08300000;0,07973493
1,08400000;0,08065786
1,08500000;0,08157994
1,08600000;0,08250117
1,08700000;0,08342156
1,08800000;0,08434110
1,08900000;0,08525979
1,09000000;0,08617764
1,09100000;0,08709464
1,09200000;0,08801081
1,09300000;0,08892614
1,09400000;0,08984063
1,09500000;0,09075429
1,09600000;0,09166711
1,09700000;0,09257910
1,09800000;0,09349025
1,09900000;0,09440058
1,10000000;0,09531008
1,10100000;0,09621875
1,10200000;0,09712660
1,10300000;0,09803363
1,10400000;0,09893983
1,10500000;0,09984521
1,10600000;0,10074977
1,10700000;0,10165352
1,10800000;0,10255645
1,10900000;0,10345856
1,11000000;0,10435986
1,11100000;0,10526035
1,11200000;0,10616003
1,11300000;0,10705890
1,11400000;0,10795696
1,11500000;0,10885421
1,11600000;0,10975067
1,11700000;0,11064631
1,11800000;0,11154116
1,11900000;0,11243521
1,12000000;0,11332845
1,12100000;0,11422090
1,12200000;0,11511256
1,12300000;0,11600341
1,12400000;0,11689348
1,12500000;0,11778275
1,12600000;0,11867124
1,12700000;0,11955893
1,12800000;0,12044584
1,12900000;0,12133196
1,13000000;0,12221729
1,13100000;0,12310185
1,13200000;0,12398561
1,13300000;0,12486860
1,13400000;0,12575081
1,13500000;0,12663225
1,13600000;0,12751290
1,13700000;0,12839278
1,13800000;0,12927189
1,13900000;0,13015022
1,14000000;0,13102778
1,14100000;0,13190457
1,14200000;0,13278060
1,14300000;0,13365585
1,14400000;0,13453034
1,14500000;0,13540407
1,14600000;0,13627703
1,14700000;0,13714923
1,14800000;0,13802067
1,14900000;0,13889136
1,15000000;0,13976128
1,15100000;0,14063045
1,15200000;0,14149886
1,15300000;0,14236651
1,15400000;0,14323342
1,15500000;0,14409957
1,15600000;0,14496497
1,15700000;0,14582963
1,15800000;0,14669353
1,15900000;0,14755669
1,16000000;0,14841911
1,16100000;0,14928078
1,16200000;0,15014171
1,16300000;0,15100190
1,16400000;0,15186235
1,16500000;0,15272108
1,16600000;0,15357908
1,16700000;0,15443635
1,16800000;0,15529288
1,16900000;0,15614868
1,17000000;0,15700374
1,17100000;0,15785808
1,17200000;0,15871169
1,17300000;0,15956456
1,17400000;0,16041672
1,17500000;0,16126814
1,17600000;0,16211884
1,17700000;0,16296882
1,17800000;0,16381808
1,17900000;0,16466661
1,18000000;0,16551443
1,18100000;0,16636153
1,18200000;0,16720791
1,18300000;0,16805358
1,18400000;0,16889853
1,18500000;0,16974277
1,18600000;0,17058629
1,18700000;0,17142911
1,18800000;0,17227121
1,18900000;0,17311261
1,19000000;0,17395330
1,19100000;0,17479328
1,19200000;0,17563256
1,19300000;0,17647113
1,19400000;0,17730900
1,19500000;0,17814617
1,19600000;0,17898264
1,19700000;0,17981841
1,19800000;0,18065349
1,19900000;0,18148786
1,20000000;0,18232154
1,20100000;0,18315453
1,20200000;0,18398682
1,20300000;0,18481842
1,20400000;0,18564933
1,20500000;0,18647955
1,20600000;0,18730908
1,20700000;0,18813792
1,20800000;0,18896608
1,20900000;0,18979355
1,21000000;0,19062034
1,21100000;0,19144644
1,21200000;0,19227187
1,21300000;0,19309661
1,21400000;0,19392067
1,21500000;0,19474405
1,21600000;0,19556676
1,21700000;0,19638879
1,21800000;0,19721014
1,21900000;0,19803082
1,22000000;0,19885083
1,22100000;0,19967017
1,22200000;0,20048883
1,22300000;0,20130683
1,22400000;0,20212415
1,22500000;0,20294081
1,22600000;0,20375681
1,22700000;0,20457213
1,22800000;0,20538680
1,22900000;0,20620080
1,23000000;0,20701413
1,23100000;0,20782681
1,23200000;0,20863883
1,23300000;0,20945019
1,23400000;0,21026089
1,23500000;0,21107093
1,23600000;0,21188032
1,23700000;0,21268905
1,23800000;0,21349713
1,23900000;0,21430456
1,24000000;0,21511133
1,24100000;0,21591746
1,24200000;0,21672293
1,24300000;0,21752776
1,24400000;0,21833194
1,24500000;0,21913548
1,24600000;0,21993837
1,24700000;0,22074061
1,24800000;0,22154221
1,24900000;0,22234317
1,25000000;0,22314349
1,25100000;0,22394317
1,25200000;0,22474221
1,25300000;0,22554061
1,25400000;0,22633838
1,25500000;0,22713550
1,25600000;0,22793200
1,25700000;0,22872786
1,25800000;0,22952308
1,25900000;0,23031768
1,26000000;0,23111164
1,26100000;0,23190498
1,26200000;0,23269768
1,26300000;0,23348976
1,26400000;0,23428121
1,26500000;0,23507204
1,26600000;0,23586224
1,26700000;0,23665181
1,26800000;0,23744076
1,26900000;0,23822909
1,27000000;0,23901680
1,27100000;0,23980389
1,27200000;0,24059036
1,27300000;0,24137622
1,27400000;0,24216145
1,27500000;0,24294607
1,27600000;0,24373007
1,27700000;0,24451346
1,27800000;0,24529624
1,27900000;0,24607840
1,28000000;0,24685996
1,28100000;0,24764090
1,28200000;0,24842123
1,28300000;0,24920096
1,28400000;0,24998007
1,28500000;0,25075858
1,28600000;0,25153649
1,28700000;0,25231379
1,28800000;0,25309048
1,28900000;0,25386658
1,29000000;0,25464207
1,29100000;0,25541696
1,29200000;0,25619125
1,29300000;0,25696494
1,29400000;0,25773803
1,29500000;0,25851053
1,29600000;0,25928243
1,29700000;0,26005373
1,29800000;0,26082444
1,29900000;0,26159456
1,30000000;0,26236408
1,30100000;0,26313301
1,30200000;0,26390135
1,30300000;0,26466910
1,30400000;0,26543626
1,30500000;0,26620284
1,30600000;0,26696882
1,30700000;0,26773422
1,30800000;0,26849903
1,30900000;0,26926326
1,31000000;0,27002691
1,31100000;0,27078997
1,31200000;0,27155245
1,31300000;0,27231435
1,31400000;0,27307567
1,31500000;0,27383642
1,31600000;0,27459658
1,31700000;0,27535616
1,31800000;0,27611517
1,31900000;0,27687360
1,32000000;0,27763146
1,32100000;0,27838874
1,32200000;0,27914546
1,32300000;0,27990159
1,32400000;0,28065716
1,32500000;0,28141216
1,32600000;0,28216658
1,32700000;0,28292044
1,32800000;0,28367373
1,32900000;0,28442645
1,33000000;0,28517861
1,33100000;0,28593020
1,33200000;0,28668123
1,33300000;0,28743169
1,33400000;0,28818159
1,33500000;0,28893093
1,33600000;0,28967971
1,33700000;0,29042792
1,33800000;0,29117558
1,33900000;0,29192268
1,34000000;0,29266922
1,34100000;0,29341520
1,34200000;0,29416063
1,34300000;0,29490550
1,34400000;0,29564982
1,34500000;0,29639358
1,34600000;0,29713679
1,34700000;0,29787945
1,34800000;0,29862156
1,34900000;0,29936311
1,35000000;0,30010412
1,35100000;0,30084458
1,35200000;0,30158449
1,35300000;0,30232385
1,35400000;0,30306267
1,35500000;0,30380094
1,35600000;0,30453867
1,35700000;0,30527585
1,35800000;0,30601249
1,35900000;0,30674859
1,36000000;0,30748414
1,36100000;0,30821916
1,36200000;0,30895363
1,36300000;0,30968757
1,36400000;0,31042096
1,36500000;0,31115382
1,36600000;0,31188614
1,36700000;0,31261793
1,36800000;0,31334918
1,36900000;0,31407990
1,37000000;0,31481008
1,37100000;0,31553973
1,37200000;0,31626885
1,37300000;0,31699744
1,37400000;0,31772549
1,37500000;0,31845302
1,37600000;0,31918002
1,37700000;0,31990648
1,37800000;0,32063243
1,37900000;0,32135784
1,38000000;0,32208273
1,38100000;0,32280709
1,38200000;0,32353093
1,38300000;0,32425424
1,38400000;0,32497704
1,38500000;0,32569931
1,38600000;0,32642105
1,38700000;0,32714228
1,38800000;0,32786299
1,38900000;0,32858318
1,39000000;0,32930285
1,39100000;0,33002200
1,39200000;0,33074064
1,39300000;0,33145875
1,39400000;0,33217636
1,39500000;0,33289345
1,39600000;0,33361002
1,39700000;0,33432706
1,39800000;0,33504262
1,39900000;0,33575767
1,40000000;0,33647221
1,40100000;0,33718624
1,40200000;0,33789977
1,40300000;0,33861278
1,40400000;0,33932528
1,40500000;0,34003728
1,40600000;0,34074877
1,40700000;0,34145975
1,40800000;0,34217023
1,40900000;0,34288021
1,41000000;0,34358968
1,41100000;0,34429865
1,41200000;0,34500711
1,41300000;0,34571508
1,41400000;0,34642254
1,41500000;0,34712950
1,41600000;0,34783596
1,41700000;0,34854193
1,41800000;0,34924740
1,41900000;0,34995237
1,42000000;0,35065684
1,42100000;0,35136082
1,42200000;0,35206430
1,42300000;0,35276728
1,42400000;0,35346978
1,42500000;0,35417178
1,42600000;0,35487329
1,42700000;0,35557430
1,42800000;0,35627483
1,42900000;0,35697486
1,43000000;0,35767441
1,43100000;0,35837346
1,43200000;0,35907203
1,43300000;0,35977011
1,43400000;0,36046770
1,43500000;0,36116481
1,43600000;0,36186143
1,43700000;0,36255756
1,43800000;0,36325321
1,43900000;0,36394838
1,44000000;0,36464307
1,44100000;0,36533727
1,44200000;0,36603099
1,44300000;0,36672423
1,44400000;0,36741699
1,44500000;0,36810927
1,44600000;0,36880107
1,44700000;0,36949240
1,44800000;0,37018324
1,44900000;0,37087361
1,45000000;0,37156350
1,45100000;0,37225292
1,45200000;0,37294186
1,45300000;0,37363033
1,45400000;0,37431832
1,45500000;0,37500584
1,45600000;0,37569289
1,45700000;0,37637947
1,45800000;0,37706557
1,45900000;0,37775121
1,46000000;0,37843637
1,46100000;0,37912107
1,46200000;0,37980530
1,46300000;0,38048905
1,46400000;0,38117235
1,46500000;0,38185517
1,46600000;0,38253753
1,46700000;0,38321943
1,46800000;0,38390086
1,46900000;0,38458182
1,47000000;0,38526233
1,47100000;0,38594237
1,47200000;0,38662194
1,47300000;0,38730106
1,47400000;0,38797971
1,47500000;0,38865791
1,47600000;0,38933564
1,47700000;0,39001292
1,47800000;0,39068974
1,47900000;0,39136610
1,48000000;0,39204200
1,48100000;0,39271745
1,48200000;0,39339244
1,48300000;0,39406697
1,48400000;0,39474105
1,48500000;0,39541468
1,48600000;0,39608785
1,48700000;0,39676057
1,48800000;0,39743284
1,48900000;0,39810465
1,49000000;0,39877602
1,49100000;0,39944693
1,49200000;0,40011740
1,49300000;0,40078741
1,49400000;0,40145698
1,49500000;0,40212610
1,49600000;0,40279477
1,49700000;0,40346299
1,49800000;0,40413077
1,49900000;0,40479810
1,50000000;0,40546499
1,50100000;0,40613143
1,50200000;0,40679743
1,50300000;0,40746299
1,50400000;0,40812810
1,50500000;0,40879277
1,50600000;0,40945700
1,50700000;0,41012079
1,50800000;0,41078414
1,50900000;0,41144705
1,51000000;0,41210952
1,51100000;0,41277155
1,51200000;0,41343314
1,51300000;0,41409429
1,51400000;0,41475501
1,51500000;0,41541529
1,51600000;0,41607514
1,51700000;0,41673455
1,51800000;0,41739353
1,51900000;0,41805207
1,52000000;0,41871018
1,52100000;0,41936785
1,52200000;0,42002510
1,52300000;0,42068191
1,52400000;0,42133829
1,52500000;0,42199424
1,52600000;0,42264976
1,52700000;0,42330485
1,52800000;0,42395952
1,52900000;0,42461375
1,53000000;0,42526756
1,53100000;0,42592094
1,53200000;0,42657389
1,53300000;0,42722641
1,53400000;0,42787851
1,53500000;0,42853019
1,53600000;0,42918144
1,53700000;0,42983227
1,53800000;0,43048267
1,53900000;0,43113265
1,54000000;0,43178221
1,54100000;0,43243135
1,54200000;0,43308006
1,54300000;0,43372836
1,54400000;0,43437624
1,54500000;0,43502369
1,54600000;0,43567073
1,54700000;0,43631735
1,54800000;0,43696355
1,54900000;0,43760933
1,55000000;0,43825470
1,55100000;0,43889965
1,55200000;0,43954418
1,55300000;0,44018830
1,55400000;0,44083201
1,55500000;0,44147530
1,55600000;0,44211817
1,55700000;0,44276064
1,55800000;0,44340269
1,55900000;0,44404433
1,56000000;0,44468556
1,56100000;0,44532637
1,56200000;0,44596678
1,56300000;0,44660678
1,56400000;0,44724636
1,56500000;0,44788554
1,56600000;0,44852431
1,56700000;0,44916267
1,56800000;0,44980063
1,56900000;0,45043818
1,57000000;0,45107532
1,57100000;0,45171205
1,57200000;0,45234839
1,57300000;0,45298431
1,57400000;0,45361983
1,57500000;0,45425495
1,57600000;0,45488967
1,57700000;0,45552398
1,57800000;0,45615789
1,57900000;0,45679140
1,58000000;0,45742451
1,58100000;0,45805721
1,58200000;0,45868952
1,58300000;0,45932143
1,58400000;0,45995294
1,58500000;0,46058405
1,58600000;0,46121476
1,58700000;0,46184507
1,58800000;0,46247499
1,58900000;0,46310451
1,59000000;0,46373363
1,59100000;0,46436236
1,59200000;0,46499069
1,59300000;0,46561863
1,59400000;0,46624618
1,59500000;0,46687333
1,59600000;0,46750009
1,59700000;0,46812645
1,59800000;0,46875243
1,59900000;0,46937801
1,60000000;0,47000320
1,60100000;0,47062800
1,60200000;0,47125241
1,60300000;0,47187643
1,60400000;0,47250006
1,60500000;0,47312330
1,60600000;0,47374615
1,60700000;0,47436862
1,60800000;0,47499070
1,60900000;0,47561239
1,61000000;0,47623369
1,61100000;0,47685461
1,61200000;0,47747515
1,61300000;0,47809530
1,61400000;0,47871506
1,61500000;0,47933444
1,61600000;0,47995344
1,61700000;0,48057206
1,61800000;0,48119029
1,61900000;0,48180814
1,62000000;0,48242561
1,62100000;0,48304269
1,62200000;0,48365940
1,62300000;0,48427573
1,62400000;0,48489168
1,62500000;0,48550724
1,62600000;0,48612243
1,62700000;0,48673724
1,62800000;0,48735168
1,62900000;0,48796573
1,63000000;0,48857941
1,63100000;0,48919271
1,63200000;0,48980564
1,63300000;0,49041819
1,63400000;0,49103036
1,63500000;0,49164216
1,63600000;0,49225359
1,63700000;0,49286464
1,63800000;0,49347532
1,63900000;0,49408563
1,64000000;0,49469557
1,64100000;0,49530513
1,64200000;0,49591432
1,64300000;0,49652314
1,64400000;0,49713159
1,64500000;0,49773967
1,64600000;0,49834738
1,64700000;0,49895472
1,64800000;0,49956170
1,64900000;0,50016830
1,65000000;0,50077454
1,65100000;0,50138041
1,65200000;0,50198591
1,65300000;0,50259104
1,65400000;0,50319581
1,65500000;0,50380022
1,65600000;0,50440426
1,65700000;0,50500793
1,65800000;0,50561124
1,65900000;0,50621419
1,66000000;0,50681677
1,66100000;0,50741899
1,66200000;0,50802084
1,66300000;0,50862234
1,66400000;0,50922347
1,66500000;0,50982425
1,66600000;0,51042466
1,66700000;0,51102471
1,66800000;0,51162440
1,66900000;0,51222373
1,67000000;0,51282270
1,67100000;0,51342132
1,67200000;0,51401957
1,67300000;0,51461747
1,67400000;0,51521501
1,67500000;0,51581219
1,67600000;0,51640902
1,67700000;0,51700643
1,67800000;0,51760256
1,67900000;0,51819832
1,68000000;0,51879374
1,68100000;0,51938880
1,68200000;0,51998351
1,68300000;0,52057786
1,68400000;0,52117186
1,68500000;0,52176551
1,68600000;0,52235880
1,68700000;0,52295174
1,68800000;0,52354434
1,68900000;0,52413658
1,69000000;0,52472847
1,69100000;0,52532001
1,69200000;0,52591120
1,69300000;0,52650204
1,69400000;0,52709253
1,69500000;0,52768268
1,69600000;0,52827247
1,69700000;0,52886192
1,69800000;0,52945102
1,69900000;0,53003977
1,70000000;0,53062818
1,70100000;0,53121624
1,70200000;0,53180396
1,70300000;0,53239133
1,70400000;0,53297836
1,70500000;0,53356504
1,70600000;0,53415138
1,70700000;0,53473737
1,70800000;0,53532302
1,70900000;0,53590833
1,71000000;0,53649329
1,71100000;0,53707792
1,71200000;0,53766220
1,71300000;0,53824614
1,71400000;0,53882974
1,71500000;0,53941300
1,71600000;0,53999592
1,71700000;0,54057850
1,71800000;0,54116074
1,71900000;0,54174264
1,72000000;0,54232420
1,72100000;0,54290543
1,72200000;0,54348632
1,72300000;0,54406687
1,72400000;0,54464708
1,72500000;0,54522696
1,72600000;0,54580650
1,72700000;0,54638571
1,72800000;0,54696458
1,72900000;0,54754311
1,73000000;0,54812131
1,73100000;0,54869918
1,73200000;0,54927671
1,73300000;0,54985391
1,73400000;0,55043078
1,73500000;0,55100731
1,73600000;0,55158351
1,73700000;0,55215938
1,73800000;0,55273492
1,73900000;0,55331013
1,74000000;0,55388501
1,74100000;0,55445955
1,74200000;0,55503377
1,74300000;0,55560765
1,74400000;0,55618121
1,74500000;0,55675444
1,74600000;0,55732734
1,74700000;0,55789991
1,74800000;0,55847216
1,74900000;0,55904408
1,75000000;0,55961567
1,75100000;0,56018693
1,75200000;0,56075787
1,75300000;0,56132848
1,75400000;0,56189877
1,75500000;0,56246873
1,75600000;0,56303837
1,75700000;0,56360768
1,75800000;0,56417667
1,75900000;0,56474533
1,76000000;0,56531367
1,76100000;0,56588169
1,76200000;0,56644939
1,76300000;0,56701676
1,76400000;0,56758382
1,76500000;0,56815055
1,76600000;0,56871696
1,76700000;0,56928305
1,76800000;0,56984882
1,76900000;0,57041427
1,77000000;0,57097940
1,77100000;0,57154421
1,77200000;0,57210870
1,77300000;0,57267287
1,77400000;0,57323673
1,77500000;0,57380027
1,77600000;0,57436349
1,77700000;0,57492639
1,77800000;0,57548898
1,77900000;0,57605125
1,78000000;0,57661320
1,78100000;0,57717484
1,78200000;0,57773616
1,78300000;0,57829717
1,78400000;0,57885786
1,78500000;0,57941824
1,78600000;0,57997831
1,78700000;0,58053806
1,78800000;0,58109750
1,78900000;0,58165662
1,79000000;0,58221544
1,79100000;0,58277394
1,79200000;0,58333213
1,79300000;0,58389001
1,79400000;0,58444757
1,79500000;0,58500483
1,79600000;0,58556178
1,79700000;0,58611841
1,79800000;0,58667474
1,79900000;0,58723075
1,80000000;0,58778646
1,80100000;0,58834186
1,80200000;0,58889695
1,80300000;0,58945174
1,80400000;0,59000621
1,80500000;0,59056038
1,80600000;0,59111424
1,80700000;0,59166779
1,80800000;0,59222104
1,80900000;0,59277399
1,81000000;0,59332662
1,81100000;0,59387895
1,81200000;0,59443098
1,81300000;0,59498270
1,81400000;0,59553412
1,81500000;0,59608523
1,81600000;0,59663604
1,81700000;0,59718655
1,81800000;0,59773675
1,81900000;0,59828666
1,82000000;0,59883625
1,82100000;0,59938555
1,82200000;0,59993455
1,82300000;0,60048324
1,82400000;0,60103164
1,82500000;0,60157973
1,82600000;0,60212752
1,82700000;0,60267501
1,82800000;0,60322221
1,82900000;0,60376910
1,83000000;0,60431570
1,83100000;0,60486199
1,83200000;0,60540799
1,83300000;0,60595369
1,83400000;0,60649909
1,83500000;0,60704420
1,83600000;0,60758901
1,83700000;0,60813352
1,83800000;0,60867773
1,83900000;0,60922165
1,84000000;0,60976527
1,84100000;0,61030860
1,84200000;0,61085163
1,84300000;0,61139437
1,84400000;0,61193682
1,84500000;0,61247897
1,84600000;0,61302082
1,84700000;0,61356238
1,84800000;0,61410365
1,84900000;0,61464463
1,85000000;0,61518531
1,85100000;0,61572570
1,85200000;0,61626580
1,85300000;0,61680561
1,85400000;0,61734513
1,85500000;0,61788435
1,85600000;0,61842329
1,85700000;0,61896193
1,85800000;0,61950029
1,85900000;0,62003835
1,86000000;0,62057613
1,86100000;0,62111362
1,86200000;0,62165081
1,86300000;0,62218772
1,86400000;0,62272435
1,86500000;0,62326068
1,86600000;0,62379672
1,86700000;0,62433248
1,86800000;0,62486796
1,86900000;0,62540314
1,87000000;0,62593804
1,87100000;0,62647265
1,87200000;0,62700698
1,87300000;0,62754102
1,87400000;0,62807478
1,87500000;0,62860825
1,87600000;0,62914144
1,87700000;0,62967434
1,87800000;0,63020696
1,87900000;0,63073930
1,88000000;0,63127135
1,88100000;0,63180312
1,88200000;0,63233461
1,88300000;0,63286581
1,88400000;0,63339673
1,88500000;0,63392737
1,88600000;0,63445773
1,88700000;0,63498781
1,88800000;0,63551761
1,88900000;0,63604713
1,89000000;0,63657636
1,89100000;0,63710532
1,89200000;0,63763400
1,89300000;0,63816239
1,89400000;0,63869051
1,89500000;0,63921835
1,89600000;0,63974591
1,89700000;0,64027319
1,89800000;0,64080020
1,89900000;0,64132693
1,90000000;0,64185338
1,90100000;0,64237955
1,90200000;0,64290545
1,90300000;0,64343107
1,90400000;0,64395641
1,90500000;0,64448148
1,90600000;0,64500627
1,90700000;0,64553079
1,90800000;0,64605503
1,90900000;0,64657899
1,91000000;0,64710269
1,91100000;0,64762611
1,91200000;0,64814925
1,91300000;0,64867212
1,91400000;0,64919472
1,91500000;0,64971704
1,91600000;0,65023910
1,91700000;0,65076088
1,91800000;0,65128238
1,91900000;0,65180362
1,92000000;0,65232458
1,92100000;0,65284528
1,92200000;0,65336570
1,92300000;0,65388585
1,92400000;0,65440573
1,92500000;0,65492534
1,92600000;0,65544468
1,92700000;0,65596375
1,92800000;0,65648255
1,92900000;0,65700108
1,93000000;0,65751935
1,93100000;0,65803734
1,93200000;0,65855507
1,93300000;0,65907253
1,93400000;0,65958972
1,93500000;0,66010664
1,93600000;0,66062330
1,93700000;0,66113969
1,93800000;0,66165581
1,93900000;0,66217167
1,94000000;0,66268726
1,94100000;0,66320259
1,94200000;0,66371765
1,94300000;0,66423244
1,94400000;0,66474697
1,94500000;0,66526124
1,94600000;0,66577524
1,94700000;0,66628897
1,94800000;0,66680245
1,94900000;0,66731566
1,95000000;0,66782860
1,95100000;0,66834129
1,95200000;0,66885371
1,95300000;0,66936586
1,95400000;0,66987776
1,95500000;0,67038939
1,95600000;0,67090076
1,95700000;0,67141187
1,95800000;0,67192272
1,95900000;0,67243331
1,96000000;0,67294364
1,96100000;0,67345371
1,96200000;0,67396351
1,96300000;0,67447306
1,96400000;0,67498235
1,96500000;0,67549138
1,96600000;0,67600015
1,96700000;0,67650866
1,96800000;0,67701691
1,96900000;0,67752491
1,97000000;0,67803264
1,97100000;0,67854012
1,97200000;0,67904734
1,97300000;0,67955430
1,97400000;0,68006101
1,97500000;0,68056746
1,97600000;0,68107365
1,97700000;0,68157959
1,97800000;0,68208527
1,97900000;0,68259070
1,98000000;0,68309587
1,98100000;0,68360079
1,98200000;0,68410634
1,98300000;0,68461076
1,98400000;0,68511492
1,98500000;0,68561882
1,98600000;0,68612247
1,98700000;0,68662587
1,98800000;0,68712901
1,98900000;0,68763190
1,99000000;0,68813454
1,99100000;0,68863693
1,99200000;0,68913906
1,99300000;0,68964094
1,99400000;0,69014257
1,99500000;0,69064395
1,99600000;0,69114507
1,99700000;0,69164595
1,99800000;0,69214658
1,99900000;0,69264695
2,00000000;0,69314707
2,00100000;0,69364695
2,00200000;0,69414657
2,00300000;0,69464595
2,00400000;0,69514507
2,00500000;0,69564395
2,00600000;0,69614258
2,00700000;0,69664096
2,00800000;0,69713909
2,00900000;0,69763697
2,01000000;0,69813461
2,01100000;0,69863199
2,01200000;0,69912913
2,01300000;0,69962603
2,01400000;0,70012267
2,01500000;0,70061907
2,01600000;0,70111523
2,01700000;0,70161114
2,01800000;0,70210680
2,01900000;0,70260221
2,02000000;0,70309738
2,02100000;0,70359231
2,02200000;0,70408699
2,02300000;0,70458143
2,02400000;0,70507562
2,02500000;0,70556957
2,02600000;0,70606327
2,02700000;0,70655673
2,02800000;0,70704995
2,02900000;0,70754292
2,03000000;0,70803565
2,03100000;0,70852814
2,03200000;0,70902039
2,03300000;0,70951239
2,03400000;0,71000415
2,03500000;0,71049567
2,03600000;0,71098695
2,03700000;0,71147799
2,03800000;0,71196879
2,03900000;0,71245934
2,04000000;0,71294966
2,04100000;0,71343973
2,04200000;0,71392957
2,04300000;0,71441916
2,04400000;0,71490852
2,04500000;0,71539763
2,04600000;0,71588651
2,04700000;0,71637515
2,04800000;0,71686355
2,04900000;0,71735171
2,05000000;0,71783963
2,05100000;0,71832731
2,05200000;0,71881476
2,05300000;0,71930197
2,05400000;0,71978894
2,05500000;0,72027568
2,05600000;0,72076218
2,05700000;0,72124844
2,05800000;0,72173446
2,05900000;0,72222025
2,06000000;0,72270581
2,06100000;0,72319112
2,06200000;0,72367621
2,06300000;0,72416105
2,06400000;0,72464566
2,06500000;0,72513004
2,06600000;0,72561418
2,06700000;0,72609809
2,06800000;0,72658177
2,06900000;0,72706521
2,07000000;0,72754841
2,07100000;0,72803139
2,07200000;0,72851413
2,07300000;0,72899664
2,07400000;0,72947891
2,07500000;0,72996095
2,07600000;0,73044276
2,07700000;0,73092434
2,07800000;0,73140569
2,07900000;0,73188680
2,08000000;0,73236769
2,08100000;0,73284834
2,08200000;0,73332876
2,08300000;0,73380895
2,08400000;0,73428891
2,08500000;0,73476864
2,08600000;0,73524814
2,08700000;0,73572741
2,08800000;0,73620645
2,08900000;0,73668526
2,09000000;0,73716384
2,09100000;0,73764219
2,09200000;0,73812032
2,09300000;0,73859821
2,09400000;0,73907588
2,09500000;0,73955332
2,09600000;0,74003053
2,09700000;0,74050751
2,09800000;0,74098427
2,09900000;0,74146080
2,10000000;0,74193710
2,10100000;0,74241318
2,10200000;0,74288902
2,10300000;0,74336465
2,10400000;0,74384004
2,10500000;0,74431521
2,10600000;0,74479016
2,10700000;0,74526488
2,10800000;0,74573937
2,10900000;0,74621364
2,11000000;0,74668768
2,11100000;0,74716150
2,11200000;0,74763510
2,11300000;0,74810847
2,11400000;0,74858162
2,11500000;0,74905454
2,11600000;0,74952724
2,11700000;0,74999971
2,11800000;0,75047197
2,11900000;0,75094400
2,12000000;0,75141580
2,12100000;0,75188739
2,12200000;0,75235875
2,12300000;0,75282989
2,12400000;0,75330081
2,12500000;0,75377151
2,12600000;0,75424198
2,12700000;0,75471224
2,12800000;0,75518227
2,12900000;0,75565208
2,13000000;0,75612167
2,13100000;0,75659104
2,13200000;0,75706019
2,13300000;0,75752913
2,13400000;0,75799784
2,13500000;0,75846633
2,13600000;0,75893460
2,13700000;0,75940265
2,13800000;0,75987049
2,13900000;0,76033810
2,14000000;0,76080550
2,14100000;0,76127268
2,14200000;0,76173964
2,14300000;0,76220638
2,14400000;0,76267290
2,14500000;0,76313921
2,14600000;0,76360530
2,14700000;0,76407117
2,14800000;0,76453683
2,14900000;0,76500226
2,15000000;0,76546749
2,15100000;0,76593249
2,15200000;0,76639728
2,15300000;0,76686185
2,15400000;0,76732621
2,15500000;0,76779035
2,15600000;0,76825428
2,15700000;0,76871799
2,15800000;0,76918149
2,15900000;0,76964477
2,16000000;0,77010784
2,16100000;0,77057069
2,16200000;0,77103333
2,16300000;0,77149576
2,16400000;0,77195797
2,16500000;0,77241996
2,16600000;0,77288175
2,16700000;0,77334332
2,16800000;0,77380468
2,16900000;0,77426582
2,17000000;0,77472676
2,17100000;0,77518748
2,17200000;0,77564798
2,17300000;0,77610828
2,17400000;0,77656837
2,17500000;0,77702824
2,17600000;0,77748790
2,17700000;0,77794735
2,17800000;0,77840659
2,17900000;0,77886562
2,18000000;0,77932443
2,18100000;0,77978304
2,18200000;0,78024144
2,18300000;0,78069963
2,18400000;0,78115760
2,18500000;0,78161537
2,18600000;0,78207293
2,18700000;0,78253028
2,18800000;0,78298742
2,18900000;0,78344435
2,19000000;0,78390107
2,19100000;0,78435758
2,19200000;0,78481389
2,19300000;0,78526999
2,19400000;0,78572587
2,19500000;0,78618156
2,19600000;0,78663703
2,19700000;0,78709230
2,19800000;0,78754735
2,19900000;0,78800221
2,20000000;0,78845685
2,20100000;0,78891129
2,20200000;0,78936552
2,20300000;0,78981955
2,20400000;0,79027337
2,20500000;0,79072698
2,20600000;0,79118039
2,20700000;0,79163359
2,20800000;0,79208659
2,20900000;0,79253938
2,21000000;0,79299197
2,21100000;0,79344435
2,21200000;0,79389653
2,21300000;0,79434851
2,21400000;0,79480027
2,21500000;0,79525184
2,21600000;0,79570320
2,21700000;0,79615436
2,21800000;0,79660531
2,21900000;0,79705607
2,22000000;0,79750661
2,22100000;0,79795696
2,22200000;0,79840710
2,22300000;0,79885704
2,22400000;0,79930678
2,22500000;0,79975631
2,22600000;0,80020565
2,22700000;0,80065478
2,22800000;0,80110371
2,22900000;0,80155244
2,23000000;0,80200096
2,23100000;0,80244929
2,23200000;0,80289741
2,23300000;0,80334534
2,23400000;0,80379306
2,23500000;0,80424058
2,23600000;0,80468791
2,23700000;0,80513503
2,23800000;0,80558195
2,23900000;0,80602868
2,24000000;0,80647520
2,24100000;0,80692152
2,24200000;0,80736765
2,24300000;0,80781358
2,24400000;0,80825930
2,24500000;0,80870483
2,24600000;0,80915016
2,24700000;0,80959530
2,24800000;0,81004023
2,24900000;0,81048497
2,25000000;0,81092950
2,25100000;0,81137385
2,25200000;0,81181799
2,25300000;0,81226194
2,25400000;0,81270569
2,25500000;0,81314924
2,25600000;0,81359259
2,25700000;0,81403575
2,25800000;0,81447872
2,25900000;0,81492148
2,26000000;0,81536405
2,26100000;0,81580643
2,26200000;0,81624861
2,26300000;0,81669059
2,26400000;0,81713238
2,26500000;0,81757397
2,26600000;0,81801537
2,26700000;0,81845658
2,26800000;0,81889759
2,26900000;0,81933840
2,27000000;0,81977902
2,27100000;0,82021945
2,27200000;0,82065968
2,27300000;0,82109972
2,27400000;0,82153956
2,27500000;0,82197922
2,27600000;0,82241867
2,27700000;0,82285794
2,27800000;0,82329701
2,27900000;0,82373589
2,28000000;0,82417458
2,28100000;0,82461307
2,28200000;0,82505138
2,28300000;0,82548949
2,28400000;0,82592741
2,28500000;0,82636513
2,28600000;0,82680267
2,28700000;0,82724001
2,28800000;0,82767717
2,28900000;0,82811413
2,29000000;0,82855090
2,29100000;0,82898748
2,29200000;0,82942387
2,29300000;0,82986007
2,29400000;0,83029608
2,29500000;0,83073189
2,29600000;0,83116752
2,29700000;0,83160296
2,29800000;0,83203821
2,29900000;0,83247327
2,30000000;0,83290899
2,30100000;0,83334368
2,30200000;0,83377818
2,30300000;0,83421249
2,30400000;0,83464661
2,30500000;0,83508054
2,30600000;0,83551428
2,30700000;0,83594784
2,30800000;0,83638121
2,30900000;0,83681439
2,31000000;0,83724738
2,31100000;0,83768019
2,31200000;0,83811281
2,31300000;0,83854524
2,31400000;0,83897748
2,31500000;0,83940954
2,31600000;0,83984141
2,31700000;0,84027310
2,31800000;0,84070460
2,31900000;0,84113591
2,32000000;0,84156703
2,32100000;0,84199797
2,32200000;0,84242873
2,32300000;0,84285930
2,32400000;0,84328968
2,32500000;0,84371988
2,32600000;0,84414990
2,32700000;0,84457972
2,32800000;0,84500937
2,32900000;0,84543883
2,33000000;0,84586810
2,33100000;0,84629720
2,33200000;0,84672610
2,33300000;0,84715483
2,33400000;0,84758337
2,33500000;0,84801172
2,33600000;0,84843990
2,33700000;0,84886788
2,33800000;0,84929569
2,33900000;0,84972331
2,34000000;0,85015075
2,34100000;0,85057801
2,34200000;0,85100509
2,34300000;0,85143198
2,34400000;0,85185869
2,34500000;0,85228522
2,34600000;0,85271157
2,34700000;0,85313773
2,34800000;0,85356372
2,34900000;0,85398952
2,35000000;0,85441514
2,35100000;0,85484058
2,35200000;0,85526584
2,35300000;0,85569092
2,35400000;0,85611582
2,35500000;0,85654053
2,35600000;0,85696507
2,35700000;0,85738943
2,35800000;0,85781360
2,35900000;0,85823760
2,36000000;0,85866142
2,36100000;0,85908506
2,36200000;0,85950852
2,36300000;0,85993179
2,36400000;0,86035489
2,36500000;0,86077782
2,36600000;0,86120056
2,36700000;0,86162312
2,36800000;0,86204551
2,36900000;0,86246771
2,37000000;0,86288974
2,37100000;0,86331159
2,37200000;0,86373326
2,37300000;0,86415476
2,37400000;0,86457608
2,37500000;0,86499722
2,37600000;0,86541818
2,37700000;0,86583896
2,37800000;0,86625957
2,37900000;0,86668000
2,38000000;0,86710026
2,38100000;0,86752034
2,38200000;0,86794024
2,38300000;0,86835997
2,38400000;0,86877951
2,38500000;0,86919889
2,38600000;0,86961809
2,38700000;0,87003711
2,38800000;0,87045595
2,38900000;0,87087463
2,39000000;0,87129312
2,39100000;0,87171144
2,39200000;0,87212959
2,39300000;0,87254756
2,39400000;0,87296536
2,39500000;0,87338298
2,39600000;0,87380043
2,39700000;0,87421770
2,39800000;0,87463480
2,39900000;0,87505173
2,40000000;0,87546848
2,40100000;0,87588506
2,40200000;0,87630146
2,40300000;0,87671769
2,40400000;0,87713375
2,40500000;0,87754963
2,40600000;0,87796535
2,40700000;0,87838089
2,40800000;0,87879625
2,40900000;0,87921145
2,41000000;0,87962647
2,41100000;0,88004132
2,41200000;0,88045600
2,41300000;0,88087050
2,41400000;0,88128484
2,41500000;0,88169900
2,41600000;0,88211299
2,41700000;0,88252681
2,41800000;0,88294046
2,41900000;0,88335394
2,42000000;0,88376724
2,42100000;0,88418038
2,42200000;0,88459335
2,42300000;0,88500614
2,42400000;0,88541877
2,42500000;0,88583122
2,42600000;0,88624350
2,42700000;0,88665562
2,42800000;0,88706756
2,42900000;0,88747934
2,43000000;0,88789094
2,43100000;0,88830238
2,43200000;0,88871365
2,43300000;0,88912474
2,43400000;0,88953567
2,43500000;0,88994643
2,43600000;0,89035702
2,43700000;0,89076745
2,43800000;0,89117770
2,43900000;0,89158779
2,44000000;0,89199770
2,44100000;0,89240745
2,44200000;0,89281704
2,44300000;0,89322645
2,44400000;0,89363570
2,44500000;0,89404478
2,44600000;0,89445369
2,44700000;0,89486243
2,44800000;0,89527101
2,44900000;0,89567942
2,45000000;0,89608767
2,45100000;0,89649575
2,45200000;0,89690366
2,45300000;0,89731140
2,45400000;0,89771898
2,45500000;0,89812639
2,45600000;0,89853364
2,45700000;0,89894072
2,45800000;0,89934764
2,45900000;0,89975439
2,46000000;0,90016097
2,46100000;0,90056739
2,46200000;0,90097364
2,46300000;0,90137973
2,46400000;0,90178566
2,46500000;0,90219142
2,46600000;0,90259701
2,46700000;0,90300244
2,46800000;0,90340771
2,46900000;0,90381281
2,47000000;0,90421775
2,47100000;0,90462252
2,47200000;0,90502713
2,47300000;0,90543158
2,47400000;0,90583586
2,47500000;0,90623998
2,47600000;0,90664394
2,47700000;0,90704773
2,47800000;0,90745136
2,47900000;0,90785483
2,48000000;0,90825813
2,48100000;0,90866127
2,48200000;0,90906425
2,48300000;0,90946707
2,48400000;0,90986973
2,48500000;0,91027222
2,48600000;0,91067455
2,48700000;0,91107672
2,48800000;0,91147873
2,48900000;0,91188057
2,49000000;0,91228226
2,49100000;0,91268378
2,49200000;0,91308514
2,49300000;0,91348634
2,49400000;0,91388738
2,49500000;0,91428826
2,49600000;0,91468898
2,49700000;0,91508954
2,49800000;0,91548994
2,49900000;0,91589017
2,50000000;0,91629025
2,50100000;0,91669017
2,50200000;0,91708993
2,50300000;0,91748952
2,50400000;0,91788896
2,50500000;0,91828824
2,50600000;0,91868736
2,50700000;0,91908632
2,50800000;0,91948512
2,50900000;0,91988376
2,51000000;0,92028224
2,51100000;0,92068057
2,51200000;0,92107873
2,51300000;0,92147674
2,51400000;0,92187459
2,51500000;0,92227228
2,51600000;0,92266981
2,51700000;0,92306718
2,51800000;0,92346440
2,51900000;0,92386146
2,52000000;0,92425836
2,52100000;0,92465510
2,52200000;0,92505169
2,52300000;0,92544812
2,52400000;0,92584439
2,52500000;0,92624051
2,52600000;0,92663646
2,52700000;0,92703227
2,52800000;0,92742791
2,52900000;0,92782340
2,53000000;0,92821873
2,53100000;0,92861391
2,53200000;0,92900893
2,53300000;0,92940379
2,53400000;0,92979850
2,53500000;0,93019305
2,53600000;0,93058744
2,53700000;0,93098169
2,53800000;0,93137577
2,53900000;0,93176970
2,54000000;0,93216348
2,54100000;0,93255710
2,54200000;0,93295056
2,54300000;0,93334387
2,54400000;0,93373703
2,54500000;0,93413003
2,54600000;0,93452287
2,54700000;0,93491557
2,54800000;0,93530810
2,54900000;0,93570049
2,55000000;0,93609272
2,55100000;0,93648479
2,55200000;0,93687672
2,55300000;0,93726849
2,55400000;0,93766010
2,55500000;0,93805156
2,55600000;0,93844287
2,55700000;0,93883403
2,55800000;0,93922503
2,55900000;0,93961588
2,56000000;0,94000658
2,56100000;0,94039713
2,56200000;0,94078752
2,56300000;0,94117776
2,56400000;0,94156785
2,56500000;0,94195778
2,56600000;0,94234757
2,56700000;0,94273720
2,56800000;0,94312668
2,56900000;0,94351601
2,57000000;0,94390518
2,57100000;0,94429421
2,57200000;0,94468308
2,57300000;0,94507181
2,57400000;0,94546038
2,57500000;0,94584880
2,57600000;0,94623707
2,57700000;0,94662519
2,57800000;0,94701316
2,57900000;0,94740097
2,58000000;0,94778864
2,58100000;0,94817616
2,58200000;0,94856353
2,58300000;0,94895075
2,58400000;0,94933781
2,58500000;0,94972473
2,58600000;0,95011150
2,58700000;0,95049812
2,58800000;0,95088459
2,58900000;0,95127091
2,59000000;0,95165708
2,59100000;0,95204310
2,59200000;0,95242897
2,59300000;0,95281470
2,59400000;0,95320027
2,59500000;0,95358570
2,59600000;0,95397097
2,59700000;0,95435610
2,59800000;0,95474108
2,59900000;0,95512592
2,60000000;0,95551060
2,60100000;0,95589514
2,60200000;0,95627953
2,60300000;0,95666377
2,60400000;0,95704786
2,60500000;0,95743181
2,60600000;0,95781561
2,60700000;0,95819926
2,60800000;0,95858276
2,60900000;0,95896612
2,61000000;0,95934933
2,61100000;0,95973240
2,61200000;0,96011531
2,61300000;0,96049808
2,61400000;0,96088071
2,61500000;0,96126318
2,61600000;0,96164552
2,61700000;0,96202770
2,61800000;0,96240974
2,61900000;0,96279163
2,62000000;0,96317338
2,62100000;0,96355498
2,62200000;0,96393644
2,62300000;0,96431775
2,62400000;0,96469891
2,62500000;0,96507993
2,62600000;0,96546081
2,62700000;0,96584234
2,62800000;0,96622293
2,62900000;0,96660337
2,63000000;0,96698367
2,63100000;0,96736382
2,63200000;0,96774384
2,63300000;0,96812370
2,63400000;0,96850342
2,63500000;0,96888300
2,63600000;0,96926243
2,63700000;0,96964172
2,63800000;0,97002087
2,63900000;0,97039987
2,64000000;0,97077873
2,64100000;0,97115745
2,64200000;0,97153602
2,64300000;0,97191445
2,64400000;0,97229273
2,64500000;0,97267087
2,64600000;0,97304887
2,64700000;0,97342673
2,64800000;0,97380444
2,64900000;0,97418201
2,65000000;0,97455944
2,65100000;0,97493673
2,65200000;0,97531387
2,65300000;0,97569087
2,65400000;0,97606773
2,65500000;0,97644445
2,65600000;0,97682103
2,65700000;0,97719746
2,65800000;0,97757375
2,65900000;0,97794990
2,66000000;0,97832591
2,66100000;0,97870178
2,66200000;0,97907751
2,66300000;0,97945309
2,66400000;0,97982854
2,66500000;0,98020384
2,66600000;0,98057900
2,66700000;0,98095403
2,66800000;0,98132891
2,66900000;0,98170365
2,67000000;0,98207825
2,67100000;0,98245271
2,67200000;0,98282703
2,67300000;0,98320121
2,67400000;0,98357525
2,67500000;0,98394915
2,67600000;0,98432291
2,67700000;0,98469653
2,67800000;0,98507001
2,67900000;0,98544336
2,68000000;0,98581656
2,68100000;0,98618962
2,68200000;0,98656255
2,68300000;0,98693533
2,68400000;0,98730798
2,68500000;0,98768049
2,68600000;0,98805285
2,68700000;0,98842509
2,68800000;0,98879718
2,68900000;0,98916913
2,69000000;0,98954094
2,69100000;0,98991262
2,69200000;0,99028416
2,69300000;0,99065556
2,69400000;0,99102682
2,69500000;0,99139795
2,69600000;0,99176894
2,69700000;0,99213979
2,69800000;0,99251050
2,69900000;0,99288107
2,70000000;0,99325151
2,70100000;0,99362181
2,70200000;0,99399197
2,70300000;0,99436200
2,70400000;0,99473189
2,70500000;0,99510164
2,70600000;0,99547126
2,70700000;0,99584074
2,70800000;0,99621008
2,70900000;0,99657929
2,71000000;0,99694836
2,71100000;0,99731729
2,71200000;0,99768609
2,71300000;0,99805475
2,71400000;0,99842328
2,71500000;0,99879167
2,71600000;0,99915992
2,71700000;0,99952804
2,71800000;0,99989603
2,71900000;1,00026387
2,72000000;1,00063159
2,72100000;1,00099916
2,72200000;1,00136661
2,72300000;1,00173392
2,72400000;1,00210109
2,72500000;1,00246813
2,72600000;1,00283503
2,72700000;1,00320180
2,72800000;1,00356843
2,72900000;1,00393493
2,73000000;1,00430130
2,73100000;1,00466753
2,73200000;1,00503363
2,73300000;1,00539959
2,73400000;1,00576542
2,73500000;1,00613112
2,73600000;1,00649668
2,73700000;1,00686211
2,73800000;1,00722740
2,73900000;1,00759256
2,74000000;1,00795759
2,74100000;1,00832249
2,74200000;1,00868725
2,74300000;1,00905188
2,74400000;1,00941638
2,74500000;1,00978074
2,74600000;1,01014497
2,74700000;1,01050907
2,74800000;1,01087303
2,74900000;1,01123687
2,75000000;1,01160057
2,75100000;1,01196413
2,75200000;1,01232757
2,75300000;1,01269088
2,75400000;1,01305405
2,75500000;1,01341709
2,75600000;1,01378000
2,75700000;1,01414277
2,75800000;1,01450542
2,75900000;1,01486793
2,76000000;1,01523032
2,76100000;1,01559257
2,76200000;1,01595469
2,76300000;1,01631668
2,76400000;1,01667853
2,76500000;1,01704026
2,76600000;1,01740186
2,76700000;1,01776332
2,76800000;1,01812466
2,76900000;1,01848586
2,77000000;1,01884694
2,77100000;1,01920788
2,77200000;1,01956869
2,77300000;1,01992938
2,77400000;1,02028993
2,77500000;1,02065035
2,77600000;1,02101065
2,77700000;1,02137081
2,77800000;1,02173084
2,77900000;1,02209075
2,78000000;1,02245052
2,78100000;1,02281017
2,78200000;1,02316968
2,78300000;1,02352907
2,78400000;1,02388833
2,78500000;1,02424746
2,78600000;1,02460646
2,78700000;1,02496533
2,78800000;1,02532407
2,78900000;1,02568269
2,79000000;1,02604117
2,79100000;1,02639953
2,79200000;1,02675775
2,79300000;1,02711585
2,79400000;1,02747383
2,79500000;1,02783167
2,79600000;1,02818939
2,79700000;1,02854697
2,79800000;1,02890443
2,79900000;1,02926176
2,80000000;1,02961897
2,80100000;1,02997605
2,80200000;1,03033300
2,80300000;1,03068982
2,80400000;1,03104651
2,80500000;1,03140308
2,80600000;1,03175952
2,80700000;1,03211583
2,80800000;1,03247202
2,80900000;1,03282808
2,81000000;1,03318401
2,81100000;1,03353982
2,81200000;1,03389550
2,81300000;1,03425105
2,81400000;1,03460648
2,81500000;1,03496178
2,81600000;1,03531695
2,81700000;1,03567200
2,81800000;1,03602692
2,81900000;1,03638172
2,82000000;1,03673639
2,82100000;1,03709093
2,82200000;1,03744535
2,82300000;1,03779965
2,82400000;1,03815381
2,82500000;1,03850786
2,82600000;1,03886177
2,82700000;1,03921556
2,82800000;1,03956923
2,82900000;1,03992277
2,83000000;1,04027619
2,83100000;1,04062948
2,83200000;1,04098265
2,83300000;1,04133569
2,83400000;1,04168861
2,83500000;1,04204140
2,83600000;1,04239407
2,83700000;1,04274662
2,83800000;1,04309904
2,83900000;1,04345133
2,84000000;1,04380350
2,84100000;1,04415555
2,84200000;1,04450748
2,84300000;1,04485928
2,84400000;1,04521095
2,84500000;1,04556251
2,84600000;1,04591393
2,84700000;1,04626524
2,84800000;1,04661642
2,84900000;1,04696748
2,85000000;1,04731842
2,85100000;1,04766923
2,85200000;1,04801992
2,85300000;1,04837049
2,85400000;1,04872093
2,85500000;1,04907125
2,85600000;1,04942145
2,85700000;1,04977153
2,85800000;1,05012148
2,85900000;1,05047131
2,86000000;1,05082102
2,86100000;1,05117061
2,86200000;1,05152007
2,86300000;1,05186941
2,86400000;1,05221863
2,86500000;1,05256773
2,86600000;1,05291671
2,86700000;1,05326556
2,86800000;1,05361429
2,86900000;1,05396290
2,87000000;1,05431139
2,87100000;1,05465976
2,87200000;1,05500801
2,87300000;1,05535614
2,87400000;1,05570414
2,87500000;1,05605202
2,87600000;1,05639979
2,87700000;1,05674743
2,87800000;1,05709495
2,87900000;1,05744235
2,88000000;1,05778963
2,88100000;1,05813679
2,88200000;1,05848382
2,88300000;1,05883074
2,88400000;1,05917754
2,88500000;1,05952422
2,88600000;1,05987077
2,88700000;1,06021721
2,88800000;1,06056353
2,88900000;1,06090973
2,89000000;1,06125580
2,89100000;1,06160176
2,89200000;1,06194760
2,89300000;1,06229332
2,89400000;1,06263892
2,89500000;1,06298439
2,89600000;1,06332975
2,89700000;1,06367500
2,89800000;1,06402012
2,89900000;1,06436512
2,90000000;1,06471000
2,90100000;1,06505477
2,90200000;1,06539941
2,90300000;1,06574394
2,90400000;1,06608835
2,90500000;1,06643264
2,90600000;1,06677681
2,90700000;1,06712086
2,90800000;1,06746480
2,90900000;1,06780861
2,91000000;1,06815231
2,91100000;1,06849589
2,91200000;1,06883935
2,91300000;1,06918270
2,91400000;1,06952592
2,91500000;1,06986903
2,91600000;1,07021202
2,91700000;1,07055490
2,91800000;1,07089765
2,91900000;1,07124029
2,92000000;1,07158281
2,92100000;1,07192521
2,92200000;1,07226750
2,92300000;1,07260967
2,92400000;1,07295172
2,92500000;1,07329366
2,92600000;1,07363547
2,92700000;1,07397718
2,92800000;1,07431876
2,92900000;1,07466023
2,93000000;1,07500158
2,93100000;1,07534281
2,93200000;1,07568393
2,93300000;1,07602493
2,93400000;1,07636582
2,93500000;1,07670659
2,93600000;1,07704724
2,93700000;1,07738778
2,93800000;1,07772820
2,93900000;1,07806851
2,94000000;1,07840870
2,94100000;1,07874877
2,94200000;1,07908873
2,94300000;1,07942857
2,94400000;1,07976830
2,94500000;1,08010791
2,94600000;1,08044741
2,94700000;1,08078679
2,94800000;1,08112606
2,94900000;1,08146521
2,95000000;1,08180425
2,95100000;1,08214317
2,95200000;1,08248197
2,95300000;1,08282066
2,95400000;1,08315924
2,95500000;1,08349770
2,95600000;1,08383605
2,95700000;1,08417429
2,95800000;1,08451240
2,95900000;1,08485041
2,96000000;1,08518906
2,96100000;1,08552684
2,96200000;1,08586450
2,96300000;1,08620205
2,96400000;1,08653949
2,96500000;1,08687681
2,96600000;1,08721402
2,96700000;1,08755112
2,96800000;1,08788810
2,96900000;1,08822497
2,97000000;1,08856173
2,97100000;1,08889837
2,97200000;1,08923490
2,97300000;1,08957132
2,97400000;1,08990762
2,97500000;1,09024381
2,97600000;1,09057989
2,97700000;1,09091585
2,97800000;1,09125170
2,97900000;1,09158744
2,98000000;1,09192307
2,98100000;1,09225858
2,98200000;1,09259398
2,98300000;1,09292927
2,98400000;1,09326444
2,98500000;1,09359951
2,98600000;1,09393446
2,98700000;1,09426930
2,98800000;1,09460402
2,98900000;1,09493864
2,99000000;1,09527314
2,99100000;1,09560753
2,99200000;1,09594181
2,99300000;1,09627598
2,99400000;1,09661003
2,99500000;1,09694398
2,99600000;1,09727781
2,99700000;1,09761153
2,99800000;1,09794514
2,99900000;1,09827864
3,00000000;1,09861203
3,00100000;1,09894531
3,00200000;1,09927847
3,00300000;1,09961153
3,00400000;1,09994447
3,00500000;1,10027730
3,00600000;1,10061002
3,00700000;1,10094264
3,00800000;1,10127514
3,00900000;1,10160753
3,01000000;1,10193981
3,01100000;1,10227198
3,01200000;1,10260403
3,01300000;1,10293598
3,01400000;1,10326782
3,01500000;1,10359955
3,01600000;1,10393117
3,01700000;1,10426268
3,01800000;1,10459408
3,01900000;1,10492537
3,02000000;1,10525655
3,02100000;1,10558761
3,02200000;1,10591857
3,02300000;1,10624943
3,02400000;1,10658017
3,02500000;1,10691080
3,02600000;1,10724132
3,02700000;1,10757173
3,02800000;1,10790204
3,02900000;1,10823223
3,03000000;1,10856232
3,03100000;1,10889230
3,03200000;1,10922216
3,03300000;1,10955192
3,03400000;1,10988157
3,03500000;1,11021112
3,03600000;1,11054055
3,03700000;1,11086988
3,03800000;1,11119909
3,03900000;1,11152820
3,04000000;1,11185720
3,04100000;1,11218609
3,04200000;1,11251488
3,04300000;1,11284355
3,04400000;1,11317212
3,04500000;1,11350058
3,04600000;1,11382893
3,04700000;1,11415717
3,04800000;1,11448531
3,04900000;1,11481334
3,05000000;1,11514126
3,05100000;1,11546907
3,05200000;1,11579678
3,05300000;1,11612438
3,05400000;1,11645187
3,05500000;1,11677925
3,05600000;1,11710653
3,05700000;1,11743370
3,05800000;1,11776076
3,05900000;1,11808772
3,06000000;1,11841457
3,06100000;1,11874131
3,06200000;1,11906795
3,06300000;1,11939448
3,06400000;1,11972090
3,06500000;1,12004722
3,06600000;1,12037342
3,06700000;1,12069953
3,06800000;1,12102552
3,06900000;1,12135141
3,07000000;1,12167720
3,07100000;1,12200288
3,07200000;1,12232845
3,07300000;1,12265392
3,07400000;1,12297928
3,07500000;1,12330453
3,07600000;1,12362968
3,07700000;1,12395472
3,07800000;1,12427966
3,07900000;1,12460449
3,08000000;1,12492922
3,08100000;1,12525384
3,08200000;1,12557835
3,08300000;1,12590276
3,08400000;1,12622707
3,08500000;1,12655127
3,08600000;1,12687536
3,08700000;1,12719935
3,08800000;1,12752324
3,08900000;1,12784702
3,09000000;1,12817069
3,09100000;1,12849426
3,09200000;1,12881773
3,09300000;1,12914109
3,09400000;1,12946435
3,09500000;1,12978750
3,09600000;1,13011055
3,09700000;1,13043349
3,09800000;1,13075633
3,09900000;1,13107906
3,10000000;1,13140170
3,10100000;1,13172422
3,10200000;1,13204664
3,10300000;1,13236896
3,10400000;1,13269118
3,10500000;1,13301329
3,10600000;1,13333530
3,10700000;1,13365720
3,10800000;1,13397900
3,10900000;1,13430070
3,11000000;1,13462229
3,11100000;1,13494378
3,11200000;1,13526517
3,11300000;1,13558645
3,11400000;1,13590763
3,11500000;1,13622871
3,11600000;1,13654968
3,11700000;1,13687055
3,11800000;1,13719132
3,11900000;1,13751198
3,12000000;1,13783255
3,12100000;1,13815301
3,12200000;1,13847336
3,12300000;1,13879362
3,12400000;1,13911377
3,12500000;1,13943382
3,12600000;1,13975376
3,12700000;1,14007361
3,12800000;1,14039335
3,12900000;1,14071299
3,13000000;1,14103253
3,13100000;1,14135196
3,13200000;1,14167130
3,13300000;1,14199053
3,13400000;1,14230966
3,13500000;1,14262869
3,13600000;1,14294761
3,13700000;1,14326644
3,13800000;1,14358516
3,13900000;1,14390378
3,14000000;1,14422230
3,14100000;1,14454072
3,14200000;1,14485904
3,14300000;1,14517725
3,14400000;1,14549537
3,14500000;1,14581338
3,14600000;1,14613129
3,14700000;1,14644910
3,14800000;1,14676681
3,14900000;1,14708442
3,15000000;1,14740193
3,15100000;1,14771934
3,15200000;1,14803665
3,15300000;1,14835385
3,15400000;1,14867096
3,15500000;1,14898796
3,15600000;1,14930487
3,15700000;1,14962167
3,15800000;1,14993838
3,15900000;1,15025498
3,16000000;1,15057148
3,16100000;1,15088789
3,16200000;1,15120419
3,16300000;1,15152039
3,16400000;1,15183650
3,16500000;1,15215250
3,16600000;1,15246840
3,16700000;1,15278421
3,16800000;1,15309991
3,16900000;1,15341551
3,17000000;1,15373102
3,17100000;1,15404642
3,17200000;1,15436173
3,17300000;1,15467694
3,17400000;1,15499204
3,17500000;1,15530705
3,17600000;1,15562196
3,17700000;1,15593677
3,17800000;1,15625148
3,17900000;1,15656609
3,18000000;1,15688060
3,18100000;1,15719502
3,18200000;1,15750933
3,18300000;1,15782355
3,18400000;1,15813766
3,18500000;1,15845168
3,18600000;1,15876560
3,18700000;1,15907942
3,18800000;1,15939315
3,18900000;1,15970677
3,19000000;1,16002030
3,19100000;1,16033372
3,19200000;1,16064705
3,19300000;1,16096029
3,19400000;1,16127342
3,19500000;1,16158645
3,19600000;1,16189939
3,19700000;1,16221223
3,19800000;1,16252497
3,19900000;1,16283762
3,20000000;1,16315016
3,20100000;1,16346261
3,20200000;1,16377496
3,20300000;1,16408722
3,20400000;1,16439937
3,20500000;1,16471143
3,20600000;1,16502339
3,20700000;1,16533525
3,20800000;1,16564702
3,20900000;1,16595869
3,21000000;1,16627026
3,21100000;1,16658174
3,21200000;1,16689312
3,21300000;1,16720440
3,21400000;1,16751558
3,21500000;1,16782667
3,21600000;1,16813766
3,21700000;1,16844855
3,21800000;1,16875935
3,21900000;1,16907005
3,22000000;1,16938066
3,22100000;1,16969116
3,22200000;1,17000157
3,22300000;1,17031189
3,22400000;1,17062211
3,22500000;1,17093223
3,22600000;1,17124226
3,22700000;1,17155219
3,22800000;1,17186202
3,22900000;1,17217176
3,23000000;1,17248140
3,23100000;1,17279095
3,23200000;1,17310040
3,23300000;1,17340976
3,23400000;1,17371901
3,23500000;1,17402818
3,23600000;1,17433725
3,23700000;1,17464622
3,23800000;1,17495510
3,23900000;1,17526388
3,24000000;1,17557256
3,24100000;1,17588116
3,24200000;1,17618965
3,24300000;1,17649805
3,24400000;1,17680636
3,24500000;1,17711457
3,24600000;1,17742268
3,24700000;1,17773071
3,24800000;1,17803863
3,24900000;1,17834646
3,25000000;1,17865420
3,25100000;1,17896184
3,25200000;1,17926939
3,25300000;1,17957684
3,25400000;1,17988420
3,25500000;1,18019146
3,25600000;1,18049863
3,25700000;1,18080571
3,25800000;1,18111269
3,25900000;1,18141957
3,26000000;1,18172636
3,26100000;1,18203306
3,26200000;1,18233967
3,26300000;1,18264618
3,26400000;1,18295259
3,26500000;1,18325891
3,26600000;1,18356514
3,26700000;1,18387128
3,26800000;1,18417732
3,26900000;1,18448327
3,27000000;1,18478912
3,27100000;1,18509488
3,27200000;1,18540055
3,27300000;1,18570612
3,27400000;1,18601160
3,27500000;1,18631699
3,27600000;1,18662228
3,27700000;1,18692748
3,27800000;1,18723259
3,27900000;1,18753760
3,28000000;1,18784252
3,28100000;1,18814735
3,28200000;1,18845208
3,28300000;1,18875673
3,28400000;1,18906128
3,28500000;1,18936573
3,28600000;1,18967010
3,28700000;1,18997437
3,28800000;1,19027855
3,28900000;1,19058263
3,29000000;1,19088663
3,29100000;1,19119053
3,29200000;1,19149434
3,29300000;1,19179805
3,29400000;1,19210168
3,29500000;1,19240521
3,29600000;1,19270865
3,29700000;1,19301271
3,29800000;1,19331597
3,29900000;1,19361914
3,30000000;1,19392221
3,30100000;1,19422520
3,30200000;1,19452809
3,30300000;1,19483089
3,30400000;1,19513360
3,30500000;1,19543621
3,30600000;1,19573874
3,30700000;1,19604117
3,30800000;1,19634351
3,30900000;1,19664577
3,31000000;1,19694792
3,31100000;1,19724999
3,31200000;1,19755197
3,31300000;1,19785385
3,31400000;1,19815565
3,31500000;1,19845735
3,31600000;1,19875897
3,31700000;1,19906049
3,31800000;1,19936192
3,31900000;1,19966326
3,32000000;1,19996451
3,32100000;1,20026566
3,32200000;1,20056673
3,32300000;1,20086771
3,32400000;1,20116860
3,32500000;1,20146939
3,32600000;1,20177010
3,32700000;1,20207071
3,32800000;1,20237124
3,32900000;1,20267167
3,33000000;1,20297202
3,33100000;1,20327227
3,33200000;1,20357243
3,33300000;1,20387251
3,33400000;1,20417249
3,33500000;1,20447238
3,33600000;1,20477219
3,33700000;1,20507190
3,33800000;1,20537153
3,33900000;1,20567106
3,34000000;1,20597051
3,34100000;1,20626986
3,34200000;1,20656913
3,34300000;1,20686830
3,34400000;1,20716739
3,34500000;1,20746639
3,34600000;1,20776529
3,34700000;1,20806411
3,34800000;1,20836284
3,34900000;1,20866148
3,35000000;1,20896003
3,35100000;1,20925849
3,35200000;1,20955687
3,35300000;1,20985515
3,35400000;1,21015334
3,35500000;1,21045145
3,35600000;1,21074947
3,35700000;1,21104739
3,35800000;1,21134523
3,35900000;1,21164298
3,36000000;1,21194065
3,36100000;1,21223822
3,36200000;1,21253570
3,36300000;1,21283310
3,36400000;1,21313041
3,36500000;1,21342763
3,36600000;1,21372476
3,36700000;1,21402180
3,36800000;1,21431876
3,36900000;1,21461562
3,37000000;1,21491240
3,37100000;1,21520909
3,37200000;1,21550569
3,37300000;1,21580221
3,37400000;1,21609864
3,37500000;1,21639497
3,37600000;1,21669123
3,37700000;1,21698739
3,37800000;1,21728346
3,37900000;1,21757945
3,38000000;1,21787535
3,38100000;1,21817117
3,38200000;1,21846689
3,38300000;1,21876253
3,38400000;1,21905808
3,38500000;1,21935354
3,38600000;1,21964892
3,38700000;1,21994421
3,38800000;1,22023941
3,38900000;1,22053452
3,39000000;1,22082955
3,39100000;1,22112449
3,39200000;1,22141934
3,39300000;1,22171411
3,39400000;1,22200879
3,39500000;1,22230338
3,39600000;1,22259789
3,39700000;1,22289231
3,39800000;1,22318664
3,39900000;1,22348088
3,40000000;1,22377504
3,40100000;1,22406912
3,40200000;1,22436310
3,40300000;1,22465700
3,40400000;1,22495082
3,40500000;1,22524454
3,40600000;1,22553818
3,40700000;1,22583174
3,40800000;1,22612521
3,40900000;1,22641859
3,41000000;1,22671189
3,41100000;1,22700510
3,41200000;1,22729822
3,41300000;1,22759126
3,41400000;1,22788421
3,41500000;1,22817708
3,41600000;1,22846986
3,41700000;1,22876256
3,41800000;1,22905517
3,41900000;1,22934769
3,42000000;1,22964013
3,42100000;1,22993248
3,42200000;1,23022475
3,42300000;1,23051693
3,42400000;1,23080903
3,42500000;1,23110104
3,42600000;1,23139297
3,42700000;1,23168481
3,42800000;1,23197657
3,42900000;1,23226824
3,43000000;1,23255982
3,43100000;1,23285132
3,43200000;1,23314274
3,43300000;1,23343407
3,43400000;1,23372532
3,43500000;1,23401648
3,43600000;1,23430755
3,43700000;1,23459855
3,43800000;1,23488945
3,43900000;1,23518028
3,44000000;1,23547101
3,44100000;1,23576167
3,44200000;1,23605224
3,44300000;1,23634272
3,44400000;1,23663312
3,44500000;1,23692344
3,44600000;1,23721367
3,44700000;1,23750382
3,44800000;1,23779388
3,44900000;1,23808386
3,45000000;1,23837376
3,45100000;1,23866357
3,45200000;1,23895329
3,45300000;1,23924294
3,45400000;1,23953250
3,45500000;1,23982197
3,45600000;1,24011136
3,45700000;1,24040067
3,45800000;1,24068990
3,45900000;1,24097904
3,46000000;1,24126809
3,46100000;1,24155707
3,46200000;1,24184596
3,46300000;1,24213476
3,46400000;1,24242349
3,46500000;1,24271213
3,46600000;1,24300068
3,46700000;1,24328916
3,46800000;1,24357755
3,46900000;1,24386586
3,47000000;1,24415408
3,47100000;1,24444222
3,47200000;1,24473028
3,47300000;1,24501825
3,47400000;1,24530615
3,47500000;1,24559395
3,47600000;1,24588168
3,47700000;1,24616932
3,47800000;1,24645688
3,47900000;1,24674436
3,48000000;1,24703176
3,48100000;1,24731907
3,48200000;1,24760630
3,48300000;1,24789345
3,48400000;1,24818052
3,48500000;1,24846750
3,48600000;1,24875440
3,48700000;1,24904122
3,48800000;1,24932795
3,48900000;1,24961461
3,49000000;1,24990118
3,49100000;1,25018767
3,49200000;1,25047408
3,49300000;1,25076040
3,49400000;1,25104665
3,49500000;1,25133281
3,49600000;1,25161889
3,49700000;1,25190489
3,49800000;1,25219080
3,49900000;1,25247664
3,50000000;1,25276239
3,50100000;1,25304806
3,50200000;1,25333365
3,50300000;1,25361916
3,50400000;1,25390459
3,50500000;1,25418993
3,50600000;1,25447519
3,50700000;1,25476038
3,50800000;1,25504548
3,50900000;1,25533050
3,51000000;1,25561544
3,51100000;1,25590029
3,51200000;1,25618507
3,51300000;1,25646976
3,51400000;1,25675438
3,51500000;1,25703891
3,51600000;1,25732336
3,51700000;1,25760774
3,51800000;1,25789203
3,51900000;1,25817624
3,52000000;1,25846036
3,52100000;1,25874441
3,52200000;1,25902838
3,52300000;1,25931227
3,52400000;1,25959607
3,52500000;1,25987980
3,52600000;1,26016344
3,52700000;1,26044701
3,52800000;1,26073049
3,52900000;1,26101390
3,53000000;1,26129722
3,53100000;1,26158047
3,53200000;1,26186363
3,53300000;1,26214671
3,53400000;1,26242971
3,53500000;1,26271264
3,53600000;1,26299548
3,53700000;1,26327824
3,53800000;1,26356093
3,53900000;1,26384353
3,54000000;1,26412605
3,54100000;1,26440850
3,54200000;1,26469086
3,54300000;1,26497314
3,54400000;1,26525535
3,54500000;1,26553747
3,54600000;1,26581952
3,54700000;1,26610148
3,54800000;1,26638337
3,54900000;1,26666518
3,55000000;1,26694690
3,55100000;1,26722855
3,55200000;1,26751012
3,55300000;1,26779161
3,55400000;1,26807302
3,55500000;1,26835435
3,55600000;1,26863560
3,55700000;1,26891677
3,55800000;1,26919787
3,55900000;1,26947888
3,56000000;1,26975982
3,56100000;1,27004067
3,56200000;1,27032145
3,56300000;1,27060215
3,56400000;1,27088277
3,56500000;1,27116331
3,56600000;1,27144378
3,56700000;1,27172416
3,56800000;1,27200447
3,56900000;1,27228469
3,57000000;1,27256484
3,57100000;1,27284491
3,57200000;1,27312490
3,57300000;1,27340482
3,57400000;1,27368465
3,57500000;1,27396441
3,57600000;1,27424409
3,57700000;1,27452369
3,57800000;1,27480321
3,57900000;1,27508265
3,58000000;1,27536202
3,58100000;1,27564131
3,58200000;1,27592051
3,58300000;1,27619965
3,58400000;1,27647870
3,58500000;1,27675768
3,58600000;1,27703657
3,58700000;1,27731540
3,58800000;1,27759414
3,58900000;1,27787280
3,59000000;1,27815139
3,59100000;1,27842990
3,59200000;1,27870833
3,59300000;1,27898669
3,59400000;1,27926496
3,59500000;1,27954316
3,59600000;1,27982129
3,59700000;1,28009933
3,59800000;1,28037730
3,59900000;1,28065519
3,60000000;1,28093300
3,60100000;1,28121074
3,60200000;1,28148840
3,60300000;1,28176598
3,60400000;1,28204348
3,60500000;1,28232091
3,60600000;1,28259826
3,60700000;1,28287554
3,60800000;1,28315273
3,60900000;1,28342985
3,61000000;1,28370690
3,61100000;1,28398387
3,61200000;1,28426076
3,61300000;1,28453757
3,61400000;1,28481431
3,61500000;1,28509097
3,61600000;1,28536755
3,61700000;1,28564406
3,61800000;1,28592049
3,61900000;1,28619684
3,62000000;1,28647312
3,62100000;1,28674932
3,62200000;1,28702545
3,62300000;1,28730150
3,62400000;1,28757747
3,62500000;1,28785337
3,62600000;1,28812919
3,62700000;1,28840493
3,62800000;1,28868060
3,62900000;1,28895619
3,63000000;1,28923171
3,63100000;1,28950715
3,63200000;1,28978251
3,63300000;1,29005780
3,63400000;1,29033302
3,63500000;1,29060815
3,63600000;1,29088322
3,63700000;1,29115888
3,63800000;1,29143379
3,63900000;1,29170863
3,64000000;1,29198339
3,64100000;1,29225808
3,64200000;1,29253269
3,64300000;1,29280723
3,64400000;1,29308169
3,64500000;1,29335607
3,64600000;1,29363038
3,64700000;1,29390462
3,64800000;1,29417877
3,64900000;1,29445286
3,65000000;1,29472687
3,65100000;1,29500080
3,65200000;1,29527466
3,65300000;1,29554844
3,65400000;1,29582215
3,65500000;1,29609579
3,65600000;1,29636935
3,65700000;1,29664283
3,65800000;1,29691624
3,65900000;1,29718958
3,66000000;1,29746284
3,66100000;1,29773602
3,66200000;1,29800913
3,66300000;1,29828217
3,66400000;1,29855513
3,66500000;1,29882802
3,66600000;1,29910083
3,66700000;1,29937357
3,66800000;1,29964623
3,66900000;1,29991882
3,67000000;1,30019134
3,67100000;1,30046378
3,67200000;1,30073615
3,67300000;1,30100844
3,67400000;1,30128066
3,67500000;1,30155280
3,67600000;1,30182487
3,67700000;1,30209687
3,67800000;1,30236879
3,67900000;1,30264064
3,68000000;1,30291242
3,68100000;1,30318412
3,68200000;1,30345574
3,68300000;1,30372730
3,68400000;1,30399878
3,68500000;1,30427018
3,68600000;1,30454151
3,68700000;1,30481277
3,68800000;1,30508396
3,68900000;1,30535507
3,69000000;1,30562611
3,69100000;1,30589707
3,69200000;1,30616796
3,69300000;1,30643878
3,69400000;1,30670953
3,69500000;1,30698020
3,69600000;1,30725080
3,69700000;1,30752132
3,69800000;1,30779177
3,69900000;1,30806215
3,70000000;1,30833246
3,70100000;1,30860269
3,70200000;1,30887285
3,70300000;1,30914293
3,70400000;1,30941295
3,70500000;1,30968289
3,70600000;1,30995276
3,70700000;1,31022255
3,70800000;1,31049227
3,70900000;1,31076192
3,71000000;1,31103150
3,71100000;1,31130100
3,71200000;1,31157044
3,71300000;1,31183979
3,71400000;1,31210908
3,71500000;1,31237829
3,71600000;1,31264744
3,71700000;1,31291650
3,71800000;1,31318550
3,71900000;1,31345443
3,72000000;1,31372328
3,72100000;1,31399206
3,72200000;1,31426076
3,72300000;1,31452940
3,72400000;1,31479796
3,72500000;1,31506645
3,72600000;1,31533487
3,72700000;1,31560322
3,72800000;1,31587149
3,72900000;1,31613970
3,73000000;1,31640783
3,73100000;1,31667589
3,73200000;1,31694387
3,73300000;1,31721179
3,73400000;1,31747963
3,73500000;1,31774740
3,73600000;1,31801511
3,73700000;1,31828273
3,73800000;1,31855029
3,73900000;1,31881778
3,74000000;1,31908519
3,74100000;1,31935253
3,74200000;1,31961980
3,74300000;1,31988700
3,74400000;1,32015413
3,74500000;1,32042119
3,74600000;1,32068817
3,74700000;1,32095509
3,74800000;1,32122193
3,74900000;1,32148870
3,75000000;1,32175540
3,75100000;1,32202203
3,75200000;1,32228859
3,75300000;1,32255508
3,75400000;1,32282149
3,75500000;1,32308784
3,75600000;1,32335411
3,75700000;1,32362032
3,75800000;1,32388645
3,75900000;1,32415251
3,76000000;1,32441850
3,76100000;1,32468442
3,76200000;1,32495027
3,76300000;1,32521605
3,76400000;1,32548176
3,76500000;1,32574740
3,76600000;1,32601297
3,76700000;1,32627846
3,76800000;1,32654389
3,76900000;1,32680925
3,77000000;1,32707453
3,77100000;1,32733975
3,77200000;1,32760489
3,77300000;1,32786997
3,77400000;1,32813497
3,77500000;1,32839990
3,77600000;1,32866477
3,77700000;1,32892956
3,77800000;1,32919429
3,77900000;1,32945894
3,78000000;1,32972352
3,78100000;1,32998804
3,78200000;1,33025248
3,78300000;1,33051685
3,78400000;1,33078116
3,78500000;1,33104539
3,78600000;1,33130955
3,78700000;1,33157365
3,78800000;1,33183767
3,78900000;1,33210163
3,79000000;1,33236551
3,79100000;1,33262933
3,79200000;1,33289308
3,79300000;1,33315675
3,79400000;1,33342036
3,79500000;1,33368390
3,79600000;1,33394736
3,79700000;1,33421076
3,79800000;1,33447409
3,79900000;1,33473735
3,80000000;1,33500054
3,80100000;1,33526366
3,80200000;1,33552672
3,80300000;1,33578970
3,80400000;1,33605261
3,80500000;1,33631546
3,80600000;1,33657823
3,80700000;1,33684094
3,80800000;1,33710358
3,80900000;1,33736615
3,81000000;1,33762865
3,81100000;1,33789108
3,81200000;1,33815344
3,81300000;1,33841573
3,81400000;1,33867796
3,81500000;1,33894011
3,81600000;1,33920220
3,81700000;1,33946422
3,81800000;1,33972617
3,81900000;1,33998805
3,82000000;1,34024986
3,82100000;1,34051160
3,82200000;1,34077328
3,82300000;1,34103489
3,82400000;1,34129643
3,82500000;1,34155790
3,82600000;1,34181930
3,82700000;1,34208063
3,82800000;1,34234190
3,82900000;1,34260309
3,83000000;1,34286422
3,83100000;1,34312528
3,83200000;1,34338627
3,83300000;1,34364720
3,83400000;1,34390805
3,83500000;1,34416884
3,83600000;1,34442956
3,83700000;1,34469021
3,83800000;1,34495080
3,83900000;1,34521132
3,84000000;1,34547176
3,84100000;1,34573214
3,84200000;1,34599246
3,84300000;1,34625270
3,84400000;1,34651288
3,84500000;1,34677299
3,84600000;1,34703303
3,84700000;1,34729301
3,84800000;1,34755291
3,84900000;1,34781275
3,85000000;1,34807252
3,85100000;1,34833223
3,85200000;1,34859187
3,85300000;1,34885144
3,85400000;1,34911094
3,85500000;1,34937037
3,85600000;1,34962974
3,85700000;1,34988904
3,85800000;1,35014827
3,85900000;1,35040744
3,86000000;1,35066654
3,86100000;1,35092557
3,86200000;1,35118453
3,86300000;1,35144343
3,86400000;1,35170226
3,86500000;1,35196102
3,86600000;1,35221972
3,86700000;1,35247835
3,86800000;1,35273691
3,86900000;1,35299541
3,87000000;1,35325384
3,87100000;1,35351220
3,87200000;1,35377050
3,87300000;1,35402872
3,87400000;1,35428689
3,87500000;1,35454498
3,87600000;1,35480301
3,87700000;1,35506097
3,87800000;1,35531887
3,87900000;1,35557670
3,88000000;1,35583446
3,88100000;1,35609216
3,88200000;1,35634979
3,88300000;1,35660735
3,88400000;1,35686485
3,88500000;1,35712228
3,88600000;1,35737964
3,88700000;1,35763694
3,88800000;1,35789418
3,88900000;1,35815134
3,89000000;1,35840844
3,89100000;1,35866548
3,89200000;1,35892244
3,89300000;1,35917935
3,89400000;1,35943618
3,89500000;1,35969295
3,89600000;1,35994966
3,89700000;1,36020629
3,89800000;1,36046287
3,89900000;1,36071937
3,90000000;1,36097581
3,90100000;1,36123219
3,90200000;1,36148850
3,90300000;1,36174474
3,90400000;1,36200092
3,90500000;1,36225703
3,90600000;1,36251308
3,90700000;1,36276906
3,90800000;1,36302497
3,90900000;1,36328082
3,91000000;1,36353661
3,91100000;1,36379233
3,91200000;1,36404798
3,91300000;1,36430357
3,91400000;1,36455909
3,91500000;1,36481455
3,91600000;1,36506994
3,91700000;1,36532527
3,91800000;1,36558053
3,91900000;1,36583573
3,92000000;1,36609086
3,92100000;1,36634593
3,92200000;1,36660093
3,92300000;1,36685587
3,92400000;1,36711074
3,92500000;1,36736555
3,92600000;1,36762029
3,92700000;1,36787497
3,92800000;1,36812958
3,92900000;1,36838412
3,93000000;1,36863861
3,93100000;1,36889303
3,93200000;1,36914738
3,93300000;1,36940167
3,93400000;1,36965589
3,93500000;1,36991005
3,93600000;1,37016414
3,93700000;1,37041817
3,93800000;1,37067214
3,93900000;1,37092604
3,94000000;1,37117988
3,94100000;1,37143365
3,94200000;1,37168736
3,94300000;1,37194100
3,94400000;1,37219458
3,94500000;1,37244809
3,94600000;1,37270154
3,94700000;1,37295493
3,94800000;1,37320825
3,94900000;1,37346151
3,95000000;1,37371470
3,95100000;1,37396783
3,95200000;1,37422090
3,95300000;1,37447390
3,95400000;1,37472684
3,95500000;1,37497971
3,95600000;1,37523252
3,95700000;1,37548527
3,95800000;1,37573795
3,95900000;1,37599057
3,96000000;1,37624312
3,96100000;1,37649561
3,96200000;1,37674804
3,96300000;1,37700040
3,96400000;1,37725270
3,96500000;1,37750494
3,96600000;1,37775711
3,96700000;1,37800922
3,96800000;1,37826126
3,96900000;1,37851324
3,97000000;1,37876516
3,97100000;1,37901702
3,97200000;1,37926881
3,97300000;1,37952053
3,97400000;1,37977220
3,97500000;1,38002380
3,97600000;1,38027534
3,97700000;1,38052681
3,97800000;1,38077822
3,97900000;1,38103021
3,98000000;1,38128150
3,98100000;1,38153272
3,98200000;1,38178388
3,98300000;1,38203498
3,98400000;1,38228602
3,98500000;1,38253699
3,98600000;1,38278790
3,98700000;1,38303874
3,98800000;1,38328952
3,98900000;1,38354024
3,99000000;1,38379090
3,99100000;1,38404149
3,99200000;1,38429203
3,99300000;1,38454249
3,99400000;1,38479290
3,99500000;1,38504324
3,99600000;1,38529352
3,99700000;1,38554374
3,99800000;1,38579390
3,99900000;1,38604399
4,00000000;1,38629402
4,00100000;1,38654399
4,00200000;1,38679389
4,00300000;1,38704373
4,00400000;1,38729352
4,00500000;1,38754323
4,00600000;1,38779289
4,00700000;1,38804248
4,00800000;1,38829201
4,00900000;1,38854148
4,01000000;1,38879089
4,01100000;1,38904023
4,01200000;1,38928951
4,01300000;1,38953873
4,01400000;1,38978789
4,01500000;1,39003699
4,01600000;1,39028602
4,01700000;1,39053499
4,01800000;1,39078390
4,01900000;1,39103275
4,02000000;1,39128154
4,02100000;1,39153026
4,02200000;1,39177892
4,02300000;1,39202752
4,02400000;1,39227606
4,02500000;1,39252454
4,02600000;1,39277295
4,02700000;1,39302131
4,02800000;1,39326960
4,02900000;1,39351783
4,03000000;1,39376600
4,03100000;1,39401410
4,03200000;1,39426215
4,03300000;1,39451013
4,03400000;1,39475806
4,03500000;1,39500592
4,03600000;1,39525372
4,03700000;1,39550145
4,03800000;1,39574913
4,03900000;1,39599675
4,04000000;1,39624430
4,04100000;1,39649179
4,04200000;1,39673922
4,04300000;1,39698659
4,04400000;1,39723390
4,04500000;1,39748115
4,04600000;1,39772834
4,04700000;1,39797546
4,04800000;1,39822253
4,04900000;1,39846953
4,05000000;1,39871648
4,05100000;1,39896336
4,05200000;1,39921018
4,05300000;1,39945694
4,05400000;1,39970364
4,05500000;1,39995028
4,05600000;1,40019685
4,05700000;1,40044337
4,05800000;1,40068982
4,05900000;1,40093622
4,06000000;1,40118255
4,06100000;1,40142883
4,06200000;1,40167504
4,06300000;1,40192119
4,06400000;1,40216729
4,06500000;1,40241332
4,06600000;1,40265929
4,06700000;1,40290520
4,06800000;1,40315105
4,06900000;1,40339684
4,07000000;1,40364257
4,07100000;1,40388823
4,07200000;1,40413384
4,07300000;1,40437939
4,07400000;1,40462488
4,07500000;1,40487031
4,07600000;1,40511567
4,07700000;1,40536098
4,07800000;1,40560623
4,07900000;1,40585141
4,08000000;1,40609654
4,08100000;1,40634161
4,08200000;1,40658661
4,08300000;1,40683156
4,08400000;1,40707645
4,08500000;1,40732127
4,08600000;1,40756604
4,08700000;1,40781075
4,08800000;1,40805539
4,08900000;1,40829998
4,09000000;1,40854451
4,09100000;1,40878897
4,09200000;1,40903338
4,09300000;1,40927773
4,09400000;1,40952202
4,09500000;1,40976625
4,09600000;1,41001042
4,09700000;1,41025452
4,09800000;1,41049857
4,09900000;1,41074256
4,10000000;1,41098649
4,10100000;1,41123037
4,10200000;1,41147418
4,10300000;1,41171793
4,10400000;1,41196162
4,10500000;1,41220526
4,10600000;1,41244883
4,10700000;1,41269234
4,10800000;1,41293580
4,10900000;1,41317920
4,11000000;1,41342253
4,11100000;1,41366581
4,11200000;1,41390903
4,11300000;1,41415219
4,11400000;1,41439529
4,11500000;1,41463833
4,11600000;1,41488131
4,11700000;1,41512424
4,11800000;1,41536710
4,11900000;1,41560991
4,12000000;1,41585265
4,12100000;1,41609534
4,12200000;1,41633797
4,12300000;1,41658054
4,12400000;1,41682305
4,12500000;1,41706550
4,12600000;1,41730789
4,12700000;1,41755023
4,12800000;1,41779250
4,12900000;1,41803472
4,13000000;1,41827688
4,13100000;1,41851898
4,13200000;1,41876102
4,13300000;1,41900300
4,13400000;1,41924493
4,13500000;1,41948679
4,13600000;1,41972860
4,13700000;1,41997035
4,13800000;1,42021204
4,13900000;1,42045367
4,14000000;1,42069524
4,14100000;1,42093676
4,14200000;1,42117821
4,14300000;1,42141961
4,14400000;1,42166095
4,14500000;1,42190223
4,14600000;1,42214346
4,14700000;1,42238462
4,14800000;1,42262573
4,14900000;1,42286678
4,15000000;1,42310777
4,15100000;1,42334870
4,15200000;1,42358958
4,15300000;1,42383040
4,15400000;1,42407115
4,15500000;1,42431186
4,15600000;1,42455250
4,15700000;1,42479308
4,15800000;1,42503361
4,15900000;1,42527408
4,16000000;1,42551449
4,16100000;1,42575485
4,16200000;1,42599514
4,16300000;1,42623538
4,16400000;1,42647556
4,16500000;1,42671568
4,16600000;1,42695575
4,16700000;1,42719576
4,16800000;1,42743571
4,16900000;1,42767560
4,17000000;1,42791543
4,17100000;1,42815521
4,17200000;1,42839493
4,17300000;1,42863459
4,17400000;1,42887420
4,17500000;1,42911375
4,17600000;1,42935324
4,17700000;1,42959267
4,17800000;1,42983205
4,17900000;1,43007137
4,18000000;1,43031063
4,18100000;1,43054983
4,18200000;1,43078898
4,18300000;1,43102807
4,18400000;1,43126710
4,18500000;1,43150607
4,18600000;1,43174499
4,18700000;1,43198385
4,18800000;1,43222266
4,18900000;1,43246140
4,19000000;1,43270009
4,19100000;1,43293873
4,19200000;1,43317730
4,19300000;1,43341582
4,19400000;1,43365428
4,19500000;1,43389269
4,19600000;1,43413104
4,19700000;1,43436933
4,19800000;1,43460756
4,19900000;1,43484574
4,20000000;1,43508386
4,20100000;1,43532193
4,20200000;1,43555994
4,20300000;1,43579789
4,20400000;1,43603578
4,20500000;1,43627362
4,20600000;1,43651140
4,20700000;1,43674913
4,20800000;1,43698680
4,20900000;1,43722441
4,21000000;1,43746197
4,21100000;1,43769947
4,21200000;1,43793691
4,21300000;1,43817430
4,21400000;1,43841163
4,21500000;1,43864890
4,21600000;1,43888612
4,21700000;1,43912328
4,21800000;1,43936038
4,21900000;1,43959743
4,22000000;1,43983442
4,22100000;1,44007136
4,22200000;1,44030824
4,22300000;1,44054507
4,22400000;1,44078183
4,22500000;1,44101855
4,22600000;1,44125520
4,22700000;1,44149180
4,22800000;1,44172835
4,22900000;1,44196484
4,23000000;1,44220127
4,23100000;1,44243764
4,23200000;1,44267396
4,23300000;1,44291023
4,23400000;1,44314644
4,23500000;1,44338259
4,23600000;1,44361869
4,23700000;1,44385473
4,23800000;1,44409072
4,23900000;1,44432665
4,24000000;1,44456252
4,24100000;1,44479834
4,24200000;1,44503410
4,24300000;1,44526981
4,24400000;1,44550546
4,24500000;1,44574106
4,24600000;1,44597660
4,24700000;1,44621209
4,24800000;1,44644752
4,24900000;1,44668289
4,25000000;1,44691821
4,25100000;1,44715348
4,25200000;1,44738868
4,25300000;1,44762384
4,25400000;1,44785894
4,25500000;1,44809398
4,25600000;1,44832897
4,25700000;1,44856390
4,25800000;1,44879878
4,25900000;1,44903360
4,26000000;1,44926837
4,26100000;1,44950308
4,26200000;1,44973773
4,26300000;1,44997234
4,26400000;1,45020688
4,26500000;1,45044137
4,26600000;1,45067581
4,26700000;1,45091019
4,26800000;1,45114452
4,26900000;1,45137879
4,27000000;1,45161301
4,27100000;1,45184717
4,27200000;1,45208128
4,27300000;1,45231533
4,27400000;1,45254933
4,27500000;1,45278327
4,27600000;1,45301716
4,27700000;1,45325099
4,27800000;1,45348477
4,27900000;1,45371850
4,28000000;1,45395216
4,28100000;1,45418578
4,28200000;1,45441934
4,28300000;1,45465285
4,28400000;1,45488630
4,28500000;1,45511969
4,28600000;1,45535304
4,28700000;1,45558632
4,28800000;1,45581956
4,28900000;1,45605274
4,29000000;1,45628586
4,29100000;1,45651893
4,29200000;1,45675195
4,29300000;1,45698491
4,29400000;1,45721782
4,29500000;1,45745067
4,29600000;1,45768347
4,29700000;1,45791622
4,29800000;1,45814891
4,29900000;1,45838154
4,30000000;1,45861413
4,30100000;1,45884665
4,30200000;1,45907913
4,30300000;1,45931155
4,30400000;1,45954391
4,30500000;1,45977623
4,30600000;1,46000849
4,30700000;1,46024069
4,30800000;1,46047284
4,30900000;1,46070494
4,31000000;1,46093698
4,31100000;1,46116897
4,31200000;1,46140090
4,31300000;1,46163279
4,31400000;1,46186461
4,31500000;1,46209639
4,31600000;1,46232811
4,31700000;1,46255977
4,31800000;1,46279139
4,31900000;1,46302294
4,32000000;1,46325445
4,32100000;1,46348590
4,32200000;1,46371791
4,32300000;1,46394926
4,32400000;1,46418055
4,32500000;1,46441179
4,32600000;1,46464298
4,32700000;1,46487411
4,32800000;1,46510519
4,32900000;1,46533621
4,33000000;1,46556719
4,33100000;1,46579811
4,33200000;1,46602897
4,33300000;1,46625978
4,33400000;1,46649054
4,33500000;1,46672125
4,33600000;1,46695190
4,33700000;1,46718250
4,33800000;1,46741305
4,33900000;1,46764354
4,34000000;1,46787398
4,34100000;1,46810437
4,34200000;1,46833470
4,34300000;1,46856498
4,34400000;1,46879521
4,34500000;1,46902539
4,34600000;1,46925551
4,34700000;1,46948558
4,34800000;1,46971559
4,34900000;1,46994556
4,35000000;1,47017547
4,35100000;1,47040532
4,35200000;1,47063513
4,35300000;1,47086488
4,35400000;1,47109458
4,35500000;1,47132423
4,35600000;1,47155382
4,35700000;1,47178336
4,35800000;1,47201285
4,35900000;1,47224228
4,36000000;1,47247167
4,36100000;1,47270100
4,36200000;1,47293027
4,36300000;1,47315950
4,36400000;1,47338867
4,36500000;1,47361779
4,36600000;1,47384686
4,36700000;1,47407588
4,36800000;1,47430484
4,36900000;1,47453375
4,37000000;1,47476261
4,37100000;1,47499141
4,37200000;1,47522016
4,37300000;1,47544887
4,37400000;1,47567751
4,37500000;1,47590611
4,37600000;1,47613465
4,37700000;1,47636315
4,37800000;1,47659159
4,37900000;1,47681997
4,38000000;1,47704831
4,38100000;1,47727659
4,38200000;1,47750482
4,38300000;1,47773300
4,38400000;1,47796113
4,38500000;1,47818920
4,38600000;1,47841723
4,38700000;1,47864520
4,38800000;1,47887312
4,38900000;1,47910098
4,39000000;1,47932880
4,39100000;1,47955656
4,39200000;1,47978427
4,39300000;1,48001193
4,39400000;1,48023954
4,39500000;1,48046710
4,39600000;1,48069460
4,39700000;1,48092205
4,39800000;1,48114945
4,39900000;1,48137680
4,40000000;1,48160410
4,40100000;1,48183134
4,40200000;1,48205854
4,40300000;1,48228568
4,40400000;1,48251277
4,40500000;1,48273981
4,40600000;1,48296680
4,40700000;1,48319373
4,40800000;1,48342062
4,40900000;1,48364745
4,41000000;1,48387423
4,41100000;1,48410096
4,41200000;1,48432764
4,41300000;1,48455427
4,41400000;1,48478085
4,41500000;1,48500737
4,41600000;1,48523384
4,41700000;1,48546027
4,41800000;1,48568664
4,41900000;1,48591296
4,42000000;1,48613923
4,42100000;1,48636544
4,42200000;1,48659161
4,42300000;1,48681772
4,42400000;1,48704379
4,42500000;1,48726980
4,42600000;1,48749576
4,42700000;1,48772167
4,42800000;1,48794753
4,42900000;1,48817334
4,43000000;1,48839910
4,43100000;1,48862481
4,43200000;1,48885046
4,43300000;1,48907607
4,43400000;1,48930162
4,43500000;1,48952712
4,43600000;1,48975258
4,43700000;1,48997798
4,43800000;1,49020333
4,43900000;1,49042863
4,44000000;1,49065388
4,44100000;1,49087908
4,44200000;1,49110422
4,44300000;1,49132932
4,44400000;1,49155437
4,44500000;1,49177936
4,44600000;1,49200431
4,44700000;1,49222920
4,44800000;1,49245405
4,44900000;1,49267884
4,45000000;1,49290358
4,45100000;1,49312827
4,45200000;1,49335292
4,45300000;1,49357751
4,45400000;1,49380205
4,45500000;1,49402654
4,45600000;1,49425098
4,45700000;1,49447537
4,45800000;1,49469971
4,45900000;1,49492400
4,46000000;1,49514824
4,46100000;1,49537242
4,46200000;1,49559656
4,46300000;1,49582065
4,46400000;1,49604469
4,46500000;1,49626868
4,46600000;1,49649261
4,46700000;1,49671650
4,46800000;1,49694034
4,46900000;1,49716413
4,47000000;1,49738786
4,47100000;1,49761155
4,47200000;1,49783519
4,47300000;1,49805877
4,47400000;1,49828231
4,47500000;1,49850580
4,47600000;1,49872923
4,47700000;1,49895262
4,47800000;1,49917596
4,47900000;1,49939925
4,48000000;1,49962248
4,48100000;1,49984567
4,48200000;1,50006881
4,48300000;1,50029190
4,48400000;1,50051494
4,48500000;1,50073792
4,48600000;1,50096086
4,48700000;1,50118375
4,48800000;1,50140659
4,48900000;1,50162938
4,49000000;1,50185212
4,49100000;1,50207481
4,49200000;1,50229745
4,49300000;1,50252005
4,49400000;1,50274259
4,49500000;1,50296508
4,49600000;1,50318752
4,49700000;1,50340992
4,49800000;1,50363226
4,49900000;1,50385455
4,50000000;1,50407680
4,50100000;1,50429900
4,50200000;1,50452114
4,50300000;1,50474324
4,50400000;1,50496529
4,50500000;1,50518729
4,50600000;1,50540923
4,50700000;1,50563113
4,50800000;1,50585299
4,50900000;1,50607479
4,51000000;1,50629654
4,51100000;1,50651824
4,51200000;1,50673990
4,51300000;1,50696150
4,51400000;1,50718306
4,51500000;1,50740456
4,51600000;1,50762602
4,51700000;1,50784743
4,51800000;1,50806879
4,51900000;1,50829010
4,52000000;1,50851136
4,52100000;1,50873257
4,52200000;1,50895374
4,52300000;1,50917485
4,52400000;1,50939592
4,52500000;1,50961694
4,52600000;1,50983790
4,52700000;1,51005882
4,52800000;1,51027969
4,52900000;1,51050051
4,53000000;1,51072129
4,53100000;1,51094201
4,53200000;1,51116269
4,53300000;1,51138331
4,53400000;1,51160389
4,53500000;1,51182442
4,53600000;1,51204490
4,53700000;1,51226534
4,53800000;1,51248572
4,53900000;1,51270605
4,54000000;1,51292634
4,54100000;1,51314658
4,54200000;1,51336677
4,54300000;1,51358691
4,54400000;1,51380700
4,54500000;1,51402705
4,54600000;1,51424704
4,54700000;1,51446699
4,54800000;1,51468689
4,54900000;1,51490674
4,55000000;1,51512654
4,55100000;1,51534630
4,55200000;1,51556600
4,55300000;1,51578566
4,55400000;1,51600527
4,55500000;1,51622483
4,55600000;1,51644434
4,55700000;1,51666381
4,55800000;1,51688322
4,55900000;1,51710259
4,56000000;1,51732191
4,56100000;1,51754119
4,56200000;1,51776041
4,56300000;1,51797959
4,56400000;1,51819871
4,56500000;1,51841779
4,56600000;1,51863683
4,56700000;1,51885581
4,56800000;1,51907475
4,56900000;1,51929363
4,57000000;1,51951247
4,57100000;1,51973127
4,57200000;1,51995001
4,57300000;1,52016871
4,57400000;1,52038736
4,57500000;1,52060596
4,57600000;1,52082451
4,57700000;1,52104302
4,57800000;1,52126147
4,57900000;1,52147988
4,58000000;1,52169825
4,58100000;1,52191656
4,58200000;1,52213483
4,58300000;1,52235305
4,58400000;1,52257122
4,58500000;1,52278934
4,58600000;1,52300742
4,58700000;1,52322545
4,58800000;1,52344343
4,58900000;1,52366136
4,59000000;1,52387925
4,59100000;1,52409709
4,59200000;1,52431488
4,59300000;1,52453263
4,59400000;1,52475032
4,59500000;1,52496797
4,59600000;1,52518557
4,59700000;1,52540313
4,59800000;1,52562064
4,59900000;1,52583810
4,60000000;1,52605551
4,60100000;1,52627287
4,60200000;1,52649019
4,60300000;1,52670746
4,60400000;1,52692469
4,60500000;1,52714186
4,60600000;1,52735899
4,60700000;1,52757608
4,60800000;1,52779311
4,60900000;1,52801010
4,61000000;1,52822704
4,61100000;1,52844393
4,61200000;1,52866078
4,61300000;1,52887758
4,61400000;1,52909433
4,61500000;1,52931104
4,61600000;1,52952770
4,61700000;1,52974431
4,61800000;1,52996087
4,61900000;1,53017739
4,62000000;1,53039386
4,62100000;1,53061029
4,62200000;1,53082667
4,62300000;1,53104300
4,62400000;1,53125928
4,62500000;1,53147552
4,62600000;1,53169171
4,62700000;1,53190785
4,62800000;1,53212395
4,62900000;1,53234000
4,63000000;1,53255600
4,63100000;1,53277196
4,63200000;1,53298787
4,63300000;1,53320373
4,63400000;1,53341955
4,63500000;1,53363532
4,63600000;1,53385105
4,63700000;1,53406672
4,63800000;1,53428236
4,63900000;1,53449794
4,64000000;1,53471348
4,64100000;1,53492897
4,64200000;1,53514441
4,64300000;1,53535981
4,64400000;1,53557517
4,64500000;1,53579047
4,64600000;1,53600573
4,64700000;1,53622094
4,64800000;1,53643611
4,64900000;1,53665123
4,65000000;1,53686631
4,65100000;1,53708133
4,65200000;1,53729632
4,65300000;1,53751125
4,65400000;1,53772614
4,65500000;1,53794098
4,65600000;1,53815578
4,65700000;1,53837053
4,65800000;1,53858524
4,65900000;1,53879990
4,66000000;1,53901451
4,66100000;1,53922908
4,66200000;1,53944360
4,66300000;1,53965807
4,66400000;1,53987250
4,66500000;1,54008688
4,66600000;1,54030122
4,66700000;1,54051609
4,66800000;1,54073034
4,66900000;1,54094454
4,67000000;1,54115869
4,67100000;1,54137280
4,67200000;1,54158687
4,67300000;1,54180088
4,67400000;1,54201485
4,67500000;1,54222878
4,67600000;1,54244266
4,67700000;1,54265649
4,67800000;1,54287028
4,67900000;1,54308402
4,68000000;1,54329772
4,68100000;1,54351137
4,68200000;1,54372498
4,68300000;1,54393854
4,68400000;1,54415205
4,68500000;1,54436552
4,68600000;1,54457894
4,68700000;1,54479232
4,68800000;1,54500565
4,68900000;1,54521894
4,69000000;1,54543218
4,69100000;1,54564538
4,69200000;1,54585853
4,69300000;1,54607163
4,69400000;1,54628469
4,69500000;1,54649771
4,69600000;1,54671068
4,69700000;1,54692360
4,69800000;1,54713648
4,69900000;1,54734931
4,70000000;1,54756210
4,70100000;1,54777484
4,70200000;1,54798754
4,70300000;1,54820019
4,70400000;1,54841279
4,70500000;1,54862536
4,70600000;1,54883787
4,70700000;1,54905034
4,70800000;1,54926277
4,70900000;1,54947515
4,71000000;1,54968748
4,71100000;1,54989977
4,71200000;1,55011202
4,71300000;1,55032422
4,71400000;1,55053638
4,71500000;1,55074849
4,71600000;1,55096055
4,71700000;1,55117257
4,71800000;1,55138455
4,71900000;1,55159648
4,72000000;1,55180836
4,72100000;1,55202020
4,72200000;1,55223200
4,72300000;1,55244375
4,72400000;1,55265546
4,72500000;1,55286712
4,72600000;1,55307874
4,72700000;1,55329031
4,72800000;1,55350183
4,72900000;1,55371332
4,73000000;1,55392475
4,73100000;1,55413615
4,73200000;1,55434750
4,73300000;1,55455880
4,73400000;1,55477006
4,73500000;1,55498127
4,73600000;1,55519244
4,73700000;1,55540357
4,73800000;1,55561465
4,73900000;1,55582568
4,74000000;1,55603667
4,74100000;1,55624762
4,74200000;1,55645852
4,74300000;1,55666938
4,74400000;1,55688020
4,74500000;1,55709096
4,74600000;1,55730169
4,74700000;1,55751237
4,74800000;1,55772300
4,74900000;1,55793360
4,75000000;1,55814414
4,75100000;1,55835465
4,75200000;1,55856510
4,75300000;1,55877552
4,75400000;1,55898589
4,75500000;1,55919621
4,75600000;1,55940650
4,75700000;1,55961673
4,75800000;1,55982693
4,75900000;1,56003708
4,76000000;1,56024718
4,76100000;1,56045724
4,76200000;1,56066726
4,76300000;1,56087723
4,76400000;1,56108716
4,76500000;1,56129704
4,76600000;1,56150688
4,76700000;1,56171668
4,76800000;1,56192643
4,76900000;1,56213614
4,77000000;1,56234580
4,77100000;1,56255542
4,77200000;1,56276500
4,77300000;1,56297453
4,77400000;1,56318402
4,77500000;1,56339347
4,77600000;1,56360287
4,77700000;1,56381222
4,77800000;1,56402154
4,77900000;1,56423081
4,78000000;1,56444003
4,78100000;1,56464921
4,78200000;1,56485835
4,78300000;1,56506744
4,78400000;1,56527649
4,78500000;1,56548550
4,78600000;1,56569446
4,78700000;1,56590338
4,78800000;1,56611226
4,78900000;1,56632109
4,79000000;1,56652988
4,79100000;1,56673863
4,79200000;1,56694733
4,79300000;1,56715599
4,79400000;1,56736460
4,79500000;1,56757317
4,79600000;1,56778170
4,79700000;1,56799018
4,79800000;1,56819862
4,79900000;1,56840702
4,80000000;1,56861537
4,80100000;1,56882368
4,80200000;1,56903195
4,80300000;1,56924017
4,80400000;1,56944835
4,80500000;1,56965649
4,80600000;1,56986458
4,80700000;1,57007263
4,80800000;1,57028064
4,80900000;1,57048860
4,81000000;1,57069652
4,81100000;1,57090440
4,81200000;1,57111223
4,81300000;1,57132003
4,81400000;1,57152777
4,81500000;1,57173548
4,81600000;1,57194314
4,81700000;1,57215076
4,81800000;1,57235833
4,81900000;1,57256586
4,82000000;1,57277335
4,82100000;1,57298080
4,82200000;1,57318820
4,82300000;1,57339556
4,82400000;1,57360288
4,82500000;1,57381015
4,82600000;1,57401738
4,82700000;1,57422457
4,82800000;1,57443171
4,82900000;1,57463882
4,83000000;1,57484588
4,83100000;1,57505289
4,83200000;1,57525987
4,83300000;1,57546680
4,83400000;1,57567368
4,83500000;1,57588053
4,83600000;1,57608733
4,83700000;1,57629409
4,83800000;1,57650081
4,83900000;1,57670748
4,84000000;1,57691411
4,84100000;1,57712070
4,84200000;1,57732725
4,84300000;1,57753375
4,84400000;1,57774021
4,84500000;1,57794663
4,84600000;1,57815300
4,84700000;1,57835934
4,84800000;1,57856563
4,84900000;1,57877187
4,85000000;1,57897808
4,85100000;1,57918424
4,85200000;1,57939036
4,85300000;1,57959644
4,85400000;1,57980248
4,85500000;1,58000847
4,85600000;1,58021442
4,85700000;1,58042033
4,85800000;1,58062619
4,85900000;1,58083202
4,86000000;1,58103780
4,86100000;1,58124353
4,86200000;1,58144923
4,86300000;1,58165488
4,86400000;1,58186050
4,86500000;1,58206606
4,86600000;1,58227159
4,86700000;1,58247708
4,86800000;1,58268252
4,86900000;1,58288792
4,87000000;1,58309328
4,87100000;1,58329859
4,87200000;1,58350387
4,87300000;1,58370910
4,87400000;1,58391429
4,87500000;1,58411944
4,87600000;1,58432454
4,87700000;1,58452960
4,87800000;1,58473463
4,87900000;1,58493961
4,88000000;1,58514454
4,88100000;1,58534944
4,88200000;1,58555429
4,88300000;1,58575910
4,88400000;1,58596387
4,88500000;1,58616860
4,88600000;1,58637328
4,88700000;1,58657793
4,88800000;1,58678253
4,88900000;1,58698709
4,89000000;1,58719161
4,89100000;1,58739608
4,89200000;1,58760052
4,89300000;1,58780491
4,89400000;1,58800926
4,89500000;1,58821357
4,89600000;1,58841784
4,89700000;1,58862206
4,89800000;1,58882625
4,89900000;1,58903039
4,90000000;1,58923449
4,90100000;1,58943855
4,90200000;1,58964257
4,90300000;1,58984654
4,90400000;1,59005048
4,90500000;1,59025437
4,90600000;1,59045822
4,90700000;1,59066203
4,90800000;1,59086580
4,90900000;1,59106952
4,91000000;1,59127321
4,91100000;1,59147685
4,91200000;1,59168045
4,91300000;1,59188401
4,91400000;1,59208753
4,91500000;1,59229101
4,91600000;1,59249445
4,91700000;1,59269784
4,91800000;1,59290119
4,91900000;1,59310451
4,92000000;1,59330778
4,92100000;1,59351101
4,92200000;1,59371420
4,92300000;1,59391734
4,92400000;1,59412045
4,92500000;1,59432351
4,92600000;1,59452653
4,92700000;1,59472952
4,92800000;1,59493246
4,92900000;1,59513536
4,93000000;1,59533822
4,93100000;1,59554103
4,93200000;1,59574381
4,93300000;1,59594654
4,93400000;1,59614924
4,93500000;1,59635189
4,93600000;1,59655450
4,93700000;1,59675707
4,93800000;1,59695960
4,93900000;1,59716209
4,94000000;1,59736454
4,94100000;1,59756694
4,94200000;1,59776931
4,94300000;1,59797163
4,94400000;1,59817392
4,94500000;1,59837616
4,94600000;1,59857836
4,94700000;1,59878052
4,94800000;1,59898264
4,94900000;1,59918472
4,95000000;1,59938676
4,95100000;1,59958876
4,95200000;1,59979072
4,95300000;1,59999263
4,95400000;1,60019451
4,95500000;1,60039634
4,95600000;1,60059814
4,95700000;1,60079989
4,95800000;1,60100160
4,95900000;1,60120327
4,96000000;1,60140491
4,96100000;1,60160650
4,96200000;1,60180805
4,96300000;1,60200955
4,96400000;1,60221102
4,96500000;1,60241245
4,96600000;1,60261384
4,96700000;1,60281519
4,96800000;1,60301649
4,96900000;1,60321776
4,97000000;1,60341898
4,97100000;1,60362017
4,97200000;1,60382131
4,97300000;1,60402242
4,97400000;1,60422348
4,97500000;1,60442450
4,97600000;1,60462549
4,97700000;1,60482643
4,97800000;1,60502733
4,97900000;1,60522819
4,98000000;1,60542901
4,98100000;1,60562979
4,98200000;1,60583053
4,98300000;1,60603123
4,98400000;1,60623189
4,98500000;1,60643251
4,98600000;1,60663309
4,98700000;1,60683363
4,98800000;1,60703413
4,98900000;1,60723459
4,99000000;1,60743501
4,99100000;1,60763539
4,99200000;1,60783572
4,99300000;1,60803602
4,99400000;1,60823628
4,99500000;1,60843650
4,99600000;1,60863668
4,99700000;1,60883681
4,99800000;1,60903691
4,99900000;1,60923697
5,00000000;1,60943699
5,00100000;1,60963696
5,00200000;1,60983690
5,00300000;1,61003680
5,00400000;1,61023666
5,00500000;1,61043648
5,00600000;1,61063625
5,00700000;1,61083599
5,00800000;1,61103569
5,00900000;1,61123535
5,01000000;1,61143497
5,01100000;1,61163454
5,01200000;1,61183464
5,01300000;1,61203414
5,01400000;1,61223360
5,01500000;1,61243302
5,01600000;1,61263240
5,01700000;1,61283174
5,01800000;1,61303104
5,01900000;1,61323030
5,02000000;1,61342953
5,02100000;1,61362871
5,02200000;1,61382785
5,02300000;1,61402695
5,02400000;1,61422602
5,02500000;1,61442504
5,02600000;1,61462403
5,02700000;1,61482297
5,02800000;1,61502187
5,02900000;1,61522074
5,03000000;1,61541957
5,03100000;1,61561835
5,03200000;1,61581710
5,03300000;1,61601581
5,03400000;1,61621447
5,03500000;1,61641310
5,03600000;1,61661169
5,03700000;1,61681024
5,03800000;1,61700875
5,03900000;1,61720722
5,04000000;1,61740565
5,04100000;1,61760404
5,04200000;1,61780240
5,04300000;1,61800071
5,04400000;1,61819898
5,04500000;1,61839722
5,04600000;1,61859541
5,04700000;1,61879357
5,04800000;1,61899169
5,04900000;1,61918976
5,05000000;1,61938780
5,05100000;1,61958580
5,05200000;1,61978376
5,05300000;1,61998168
5,05400000;1,62017956
5,05500000;1,62037741
5,05600000;1,62057521
5,05700000;1,62077297
5,05800000;1,62097070
5,05900000;1,62116838
5,06000000;1,62136603
5,06100000;1,62156364
5,06200000;1,62176121
5,06300000;1,62195874
5,06400000;1,62215623
5,06500000;1,62235368
5,06600000;1,62255109
5,06700000;1,62274847
5,06800000;1,62294580
5,06900000;1,62314310
5,07000000;1,62334035
5,07100000;1,62353757
5,07200000;1,62373475
5,07300000;1,62393189
5,07400000;1,62412899
5,07500000;1,62432605
5,07600000;1,62452308
5,07700000;1,62472006
5,07800000;1,62491701
5,07900000;1,62511392
5,08000000;1,62531078
5,08100000;1,62550761
5,08200000;1,62570441
5,08300000;1,62590116
5,08400000;1,62609787
5,08500000;1,62629455
5,08600000;1,62649118
5,08700000;1,62668778
5,08800000;1,62688434
5,08900000;1,62708086
5,09000000;1,62727734
5,09100000;1,62747378
5,09200000;1,62767019
5,09300000;1,62786655
5,09400000;1,62806288
5,09500000;1,62825917
5,09600000;1,62845542
5,09700000;1,62865163
5,09800000;1,62884781
5,09900000;1,62904394
5,10000000;1,62924004
5,10100000;1,62943609
5,10200000;1,62963211
5,10300000;1,62982810
5,10400000;1,63002404
5,10500000;1,63021994
5,10600000;1,63041581
5,10700000;1,63061164
5,10800000;1,63080742
5,10900000;1,63100318
5,11000000;1,63119889
5,11100000;1,63139456
5,11200000;1,63159020
5,11300000;1,63178580
5,11400000;1,63198136
5,11500000;1,63217688
5,11600000;1,63237236
5,11700000;1,63256780
5,11800000;1,63276321
5,11900000;1,63295858
5,12000000;1,63315391
5,12100000;1,63334920
5,12200000;1,63354446
5,12300000;1,63373967
5,12400000;1,63393485
5,12500000;1,63412999
5,12600000;1,63432509
5,12700000;1,63452015
5,12800000;1,63471518
5,12900000;1,63491017
5,13000000;1,63510512
5,13100000;1,63530003
5,13200000;1,63549490
5,13300000;1,63568974
5,13400000;1,63588453
5,13500000;1,63607929
5,13600000;1,63627401
5,13700000;1,63646870
5,13800000;1,63666334
5,13900000;1,63685795
5,14000000;1,63705252
5,14100000;1,63724705
5,14200000;1,63744155
5,14300000;1,63763601
5,14400000;1,63783042
5,14500000;1,63802480
5,14600000;1,63821915
5,14700000;1,63841345
5,14800000;1,63860772
5,14900000;1,63880195
5,15000000;1,63899614
5,15100000;1,63919030
5,15200000;1,63938441
5,15300000;1,63957849
5,15400000;1,63977253
5,15500000;1,63996654
5,15600000;1,64016050
5,15700000;1,64035443
5,15800000;1,64054832
5,15900000;1,64074218
5,16000000;1,64093599
5,16100000;1,64112977
5,16200000;1,64132351
5,16300000;1,64151721
5,16400000;1,64171088
5,16500000;1,64190451
5,16600000;1,64209810
5,16700000;1,64229165
5,16800000;1,64248517
5,16900000;1,64267865
5,17000000;1,64287209
5,17100000;1,64306549
5,17200000;1,64325886
5,17300000;1,64345218
5,17400000;1,64364548
5,17500000;1,64383873
5,17600000;1,64403195
5,17700000;1,64422513
5,17800000;1,64441827
5,17900000;1,64461137
5,18000000;1,64480444
5,18100000;1,64499747
5,18200000;1,64519046
5,18300000;1,64538342
5,18400000;1,64557634
5,18500000;1,64576922
5,18600000;1,64596206
5,18700000;1,64615487
5,18800000;1,64634764
5,18900000;1,64654037
5,19000000;1,64673306
5,19100000;1,64692572
5,19200000;1,64711834
5,19300000;1,64731093
5,19400000;1,64750347
5,19500000;1,64769598
5,19600000;1,64788846
5,19700000;1,64808089
5,19800000;1,64827329
5,19900000;1,64846565
5,20000000;1,64865798
5,20100000;1,64885026
5,20200000;1,64904252
5,20300000;1,64923473
5,20400000;1,64942691
5,20500000;1,64961905
5,20600000;1,64981115
5,20700000;1,65000321
5,20800000;1,65019524
5,20900000;1,65038724
5,21000000;1,65057919
5,21100000;1,65077111
5,21200000;1,65096299
5,21300000;1,65115484
5,21400000;1,65134664
5,21500000;1,65153842
5,21600000;1,65173015
5,21700000;1,65192185
5,21800000;1,65211351
5,21900000;1,65230513
5,22000000;1,65249672
5,22100000;1,65268827
5,22200000;1,65287979
5,22300000;1,65307126
5,22400000;1,65326270
5,22500000;1,65345411
5,22600000;1,65364548
5,22700000;1,65383681
5,22800000;1,65402810
5,22900000;1,65421936
5,23000000;1,65441058
5,23100000;1,65460176
5,23200000;1,65479291
5,23300000;1,65498402
5,23400000;1,65517510
5,23500000;1,65536614
5,23600000;1,65555714
5,23700000;1,65574810
5,23800000;1,65593903
5,23900000;1,65612993
5,24000000;1,65632078
5,24100000;1,65651160
5,24200000;1,65670239
5,24300000;1,65689313
5,24400000;1,65708384
5,24500000;1,65727452
5,24600000;1,65746515
5,24700000;1,65765576
5,24800000;1,65784632
5,24900000;1,65803685
5,25000000;1,65822734
5,25100000;1,65841780
5,25200000;1,65860822
5,25300000;1,65879860
5,25400000;1,65898895
5,25500000;1,65917926
5,25600000;1,65936954
5,25700000;1,65955977
5,25800000;1,65974998
5,25900000;1,65994014
5,26000000;1,66013027
5,26100000;1,66032037
5,26200000;1,66051043
5,26300000;1,66070045
5,26400000;1,66089043
5,26500000;1,66108038
5,26600000;1,66127030
5,26700000;1,66146018
5,26800000;1,66165002
5,26900000;1,66183982
5,27000000;1,66202959
5,27100000;1,66221933
5,27200000;1,66240902
5,27300000;1,66259868
5,27400000;1,66278831
5,27500000;1,66297790
5,27600000;1,66316745
5,27700000;1,66335697
5,27800000;1,66354645
5,27900000;1,66373590
5,28000000;1,66392531
5,28100000;1,66411468
5,28200000;1,66430402
5,28300000;1,66449332
5,28400000;1,66468259
5,28500000;1,66487182
5,28600000;1,66506101
5,28700000;1,66525017
5,28800000;1,66543930
5,28900000;1,66562838
5,29000000;1,66581744
5,29100000;1,66600645
5,29200000;1,66619543
5,29300000;1,66638438
5,29400000;1,66657329
5,29500000;1,66676216
5,29600000;1,66695100
5,29700000;1,66713980
5,29800000;1,66732857
5,29900000;1,66751730
5,30000000;1,66770599
5,30100000;1,66789465
5,30200000;1,66808327
5,30300000;1,66827186
5,30400000;1,66846042
5,30500000;1,66864893
5,30600000;1,66883741
5,30700000;1,66902586
5,30800000;1,66921427
5,30900000;1,66940265
5,31000000;1,66959099
5,31100000;1,66977929
5,31200000;1,66996756
5,31300000;1,67015579
5,31400000;1,67034399
5,31500000;1,67053215
5,31600000;1,67072028
5,31700000;1,67090837
5,31800000;1,67109643
5,31900000;1,67128445
5,32000000;1,67147243
5,32100000;1,67166038
5,32200000;1,67184830
5,32300000;1,67203618
5,32400000;1,67222402
5,32500000;1,67241183
5,32600000;1,67259961
5,32700000;1,67278734
5,32800000;1,67297505
5,32900000;1,67316271
5,33000000;1,67335035
5,33100000;1,67353795
5,33200000;1,67372551
5,33300000;1,67391303
5,33400000;1,67410053
5,33500000;1,67428798
5,33600000;1,67447541
5,33700000;1,67466279
5,33800000;1,67485014
5,33900000;1,67503746
5,34000000;1,67522474
5,34100000;1,67541199
5,34200000;1,67559920
5,34300000;1,67578637
5,34400000;1,67597352
5,34500000;1,67616062
5,34600000;1,67634769
5,34700000;1,67653473
5,34800000;1,67672173
5,34900000;1,67690870
5,35000000;1,67709563
5,35100000;1,67728252
5,35200000;1,67746938
5,35300000;1,67765621
5,35400000;1,67784300
5,35500000;1,67802976
5,35600000;1,67821648
5,35700000;1,67840317
5,35800000;1,67859035
5,35900000;1,67877697
5,36000000;1,67896355
5,36100000;1,67915010
5,36200000;1,67933661
5,36300000;1,67952309
5,36400000;1,67970954
5,36500000;1,67989595
5,36600000;1,68008232
5,36700000;1,68026866
5,36800000;1,68045497
5,36900000;1,68064124
5,37000000;1,68082747
5,37100000;1,68101368
5,37200000;1,68119984
5,37300000;1,68138597
5,37400000;1,68157207
5,37500000;1,68175813
5,37600000;1,68194416
5,37700000;1,68213016
5,37800000;1,68231612
5,37900000;1,68250204
5,38000000;1,68268793
5,38100000;1,68287378
5,38200000;1,68305961
5,38300000;1,68324539
5,38400000;1,68343114
5,38500000;1,68361686
5,38600000;1,68380254
5,38700000;1,68398819
5,38800000;1,68417380
5,38900000;1,68435938
5,39000000;1,68454493
5,39100000;1,68473044
5,39200000;1,68491592
5,39300000;1,68510136
5,39400000;1,68528676
5,39500000;1,68547214
5,39600000;1,68565748
5,39700000;1,68584278
5,39800000;1,68602805
5,39900000;1,68621329
5,40000000;1,68639849
5,40100000;1,68658365
5,40200000;1,68676879
5,40300000;1,68695388
5,40400000;1,68713895
5,40500000;1,68732398
5,40600000;1,68750897
5,40700000;1,68769394
5,40800000;1,68787886
5,40900000;1,68806376
5,41000000;1,68824861
5,41100000;1,68843344
5,41200000;1,68861823
5,41300000;1,68880299
5,41400000;1,68898771
5,41500000;1,68917240
5,41600000;1,68935705
5,41700000;1,68954167
5,41800000;1,68972626
5,41900000;1,68991081
5,42000000;1,69009532
5,42100000;1,69027981
5,42200000;1,69046426
5,42300000;1,69064867
5,42400000;1,69083306
5,42500000;1,69101740
5,42600000;1,69120172
5,42700000;1,69138600
5,42800000;1,69157024
5,42900000;1,69175445
5,43000000;1,69193863
5,43100000;1,69212277
5,43200000;1,69230688
5,43300000;1,69249096
5,43400000;1,69267500
5,43500000;1,69285901
5,43600000;1,69304299
5,43700000;1,69322693
5,43800000;1,69341083
5,43900000;1,69359471
5,44000000;1,69377855
5,44100000;1,69396235
5,44200000;1,69414612
5,44300000;1,69432986
5,44400000;1,69451356
5,44500000;1,69469723
5,44600000;1,69488087
5,44700000;1,69506447
5,44800000;1,69524804
5,44900000;1,69543158
5,45000000;1,69561508
5,45100000;1,69579855
5,45200000;1,69598198
5,45300000;1,69616538
5,45400000;1,69634875
5,45500000;1,69653209
5,45600000;1,69671539
5,45700000;1,69689865
5,45800000;1,69708188
5,45900000;1,69726508
5,46000000;1,69744825
5,46100000;1,69763138
5,46200000;1,69781448
5,46300000;1,69799754
5,46400000;1,69818058
5,46500000;1,69836357
5,46600000;1,69854654
5,46700000;1,69872947
5,46800000;1,69891237
5,46900000;1,69909523
5,47000000;1,69927806
5,47100000;1,69946086
5,47200000;1,69964362
5,47300000;1,69982635
5,47400000;1,70000905
5,47500000;1,70019172
5,47600000;1,70037435
5,47700000;1,70055694
5,47800000;1,70073951
5,47900000;1,70092204
5,48000000;1,70110453
5,48100000;1,70128700
5,48200000;1,70146943
5,48300000;1,70165183
5,48400000;1,70183419
5,48500000;1,70201652
5,48600000;1,70219882
5,48700000;1,70238108
5,48800000;1,70256331
5,48900000;1,70274551
5,49000000;1,70292767
5,49100000;1,70310981
5,49200000;1,70329190
5,49300000;1,70347397
5,49400000;1,70365600
5,49500000;1,70383800
5,49600000;1,70401997
5,49700000;1,70420190
5,49800000;1,70438380
5,49900000;1,70456566
5,50000000;1,70474750
5,50100000;1,70492930
5,50200000;1,70511106
5,50300000;1,70529280
5,50400000;1,70547450
5,50500000;1,70565617
5,50600000;1,70583780
5,50700000;1,70601941
5,50800000;1,70620097
5,50900000;1,70638251
5,51000000;1,70656401
5,51100000;1,70674548
5,51200000;1,70692692
5,51300000;1,70710833
5,51400000;1,70728970
5,51500000;1,70747104
5,51600000;1,70765234
5,51700000;1,70783362
5,51800000;1,70801486
5,51900000;1,70819606
5,52000000;1,70837724
5,52100000;1,70855838
5,52200000;1,70873949
5,52300000;1,70892056
5,52400000;1,70910161
5,52500000;1,70928262
5,52600000;1,70946359
5,52700000;1,70964454
5,52800000;1,70982545
5,52900000;1,71000633
5,53000000;1,71018718
5,53100000;1,71036799
5,53200000;1,71054877
5,53300000;1,71072952
5,53400000;1,71091024
5,53500000;1,71109092
5,53600000;1,71127157
5,53700000;1,71145219
5,53800000;1,71163277
5,53900000;1,71181333
5,54000000;1,71199385
5,54100000;1,71217433
5,54200000;1,71235479
5,54300000;1,71253521
5,54400000;1,71271560
5,54500000;1,71289596
5,54600000;1,71307628
5,54700000;1,71325658
5,54800000;1,71343684
5,54900000;1,71361706
5,55000000;1,71379726
5,55100000;1,71397742
5,55200000;1,71415755
5,55300000;1,71433765
5,55400000;1,71451771
5,55500000;1,71469775
5,55600000;1,71487775
5,55700000;1,71505771
5,55800000;1,71523765
5,55900000;1,71541755
5,56000000;1,71559742
5,56100000;1,71577726
5,56200000;1,71595707
5,56300000;1,71613684
5,56400000;1,71631658
5,56500000;1,71649629
5,56600000;1,71667597
5,56700000;1,71685561
5,56800000;1,71703523
5,56900000;1,71721481
5,57000000;1,71739435
5,57100000;1,71757387
5,57200000;1,71775335
5,57300000;1,71793280
5,57400000;1,71811222
5,57500000;1,71829161
5,57600000;1,71847096
5,57700000;1,71865029
5,57800000;1,71882958
5,57900000;1,71900883
5,58000000;1,71918806
5,58100000;1,71936725
5,58200000;1,71954641
5,58300000;1,71972554
5,58400000;1,71990464
5,58500000;1,72008371
5,58600000;1,72026274
5,58700000;1,72044174
5,58800000;1,72062071
5,58900000;1,72079965
5,59000000;1,72097855
5,59100000;1,72115743
5,59200000;1,72133627
5,59300000;1,72151508
5,59400000;1,72169385
5,59500000;1,72187260
5,59600000;1,72205131
5,59700000;1,72222999
5,59800000;1,72240864
5,59900000;1,72258726
5,60000000;1,72276585
5,60100000;1,72294440
5,60200000;1,72312292
5,60300000;1,72330141
5,60400000;1,72347987
5,60500000;1,72365830
5,60600000;1,72383669
5,60700000;1,72401505
5,60800000;1,72419339
5,60900000;1,72437168
5,61000000;1,72454995
5,61100000;1,72472819
5,61200000;1,72490639
5,61300000;1,72508456
5,61400000;1,72526270
5,61500000;1,72544081
5,61600000;1,72561889
5,61700000;1,72579693
5,61800000;1,72597495
5,61900000;1,72615293
5,62000000;1,72633088
5,62100000;1,72650880
5,62200000;1,72668668
5,62300000;1,72686454
5,62400000;1,72704236
5,62500000;1,72722015
5,62600000;1,72739791
5,62700000;1,72757564
5,62800000;1,72775334
5,62900000;1,72793100
5,63000000;1,72810864
5,63100000;1,72828624
5,63200000;1,72846381
5,63300000;1,72864135
5,63400000;1,72881886
5,63500000;1,72899633
5,63600000;1,72917378
5,63700000;1,72935119
5,63800000;1,72952857
5,63900000;1,72970592
5,64000000;1,72988324
5,64100000;1,73006053
5,64200000;1,73023779
5,64300000;1,73041501
5,64400000;1,73059220
5,64500000;1,73076937
5,64600000;1,73094650
5,64700000;1,73112360
5,64800000;1,73130066
5,64900000;1,73147770
5,65000000;1,73165470
5,65100000;1,73183168
5,65200000;1,73200862
5,65300000;1,73218553
5,65400000;1,73236241
5,65500000;1,73253926
5,65600000;1,73271608
5,65700000;1,73289286
5,65800000;1,73306962
5,65900000;1,73324634
5,66000000;1,73342303
5,66100000;1,73359969
5,66200000;1,73377632
5,66300000;1,73395292
5,66400000;1,73412949
5,66500000;1,73430602
5,66600000;1,73448253
5,66700000;1,73465900
5,66800000;1,73483545
5,66900000;1,73501186
5,67000000;1,73518824
5,67100000;1,73536459
5,67200000;1,73554091
5,67300000;1,73571719
5,67400000;1,73589345
5,67500000;1,73606967
5,67600000;1,73624587
5,67700000;1,73642203
5,67800000;1,73659816
5,67900000;1,73677426
5,68000000;1,73695033
5,68100000;1,73712637
5,68200000;1,73730238
5,68300000;1,73747836
5,68400000;1,73765430
5,68500000;1,73783022
5,68600000;1,73800610
5,68700000;1,73818196
5,68800000;1,73835778
5,68900000;1,73853357
5,69000000;1,73870933
5,69100000;1,73888506
5,69200000;1,73906076
5,69300000;1,73923642
5,69400000;1,73941206
5,69500000;1,73958767
5,69600000;1,73976324
5,69700000;1,73993879
5,69800000;1,74011430
5,69900000;1,74028978
5,70000000;1,74046523
5,70100000;1,74064066
5,70200000;1,74081605
5,70300000;1,74099141
5,70400000;1,74116673
5,70500000;1,74134254
5,70600000;1,74151781
5,70700000;1,74169305
5,70800000;1,74186825
5,70900000;1,74204343
5,71000000;1,74221858
5,71100000;1,74239369
5,71200000;1,74256878
5,71300000;1,74274383
5,71400000;1,74291885
5,71500000;1,74309384
5,71600000;1,74326881
5,71700000;1,74344374
5,71800000;1,74361864
5,71900000;1,74379351
5,72000000;1,74396835
5,72100000;1,74414316
5,72200000;1,74431793
5,72300000;1,74449268
5,72400000;1,74466740
5,72500000;1,74484209
5,72600000;1,74501674
5,72700000;1,74519137
5,72800000;1,74536596
5,72900000;1,74554053
5,73000000;1,74571506
5,73100000;1,74588957
5,73200000;1,74606404
5,73300000;1,74623848
5,73400000;1,74641289
5,73500000;1,74658728
5,73600000;1,74676163
5,73700000;1,74693595
5,73800000;1,74711024
5,73900000;1,74728450
5,74000000;1,74745873
5,74100000;1,74763293
5,74200000;1,74780710
5,74300000;1,74798124
5,74400000;1,74815535
5,74500000;1,74832943
5,74600000;1,74850347
5,74700000;1,74867749
5,74800000;1,74885148
5,74900000;1,74902544
5,75000000;1,74919936
5,75100000;1,74937326
5,75200000;1,74954713
5,75300000;1,74972096
5,75400000;1,74989477
5,75500000;1,75006855
5,75600000;1,75024229
5,75700000;1,75041601
5,75800000;1,75058969
5,75900000;1,75076335
5,76000000;1,75093697
5,76100000;1,75111057
5,76200000;1,75128413
5,76300000;1,75145767
5,76400000;1,75163117
5,76500000;1,75180465
5,76600000;1,75197809
5,76700000;1,75215150
5,76800000;1,75232489
5,76900000;1,75249824
5,77000000;1,75267157
5,77100000;1,75284486
5,77200000;1,75301812
5,77300000;1,75319136
5,77400000;1,75336456
5,77500000;1,75353774
5,77600000;1,75371088
5,77700000;1,75388399
5,77800000;1,75405708
5,77900000;1,75423013
5,78000000;1,75440316
5,78100000;1,75457615
5,78200000;1,75474912
5,78300000;1,75492205
5,78400000;1,75509495
5,78500000;1,75526783
5,78600000;1,75544067
5,78700000;1,75561349
5,78800000;1,75578627
5,78900000;1,75595903
5,79000000;1,75613175
5,79100000;1,75630445
5,79200000;1,75647711
5,79300000;1,75664975
5,79400000;1,75682236
5,79500000;1,75699493
5,79600000;1,75716748
5,79700000;1,75734000
5,79800000;1,75751248
5,79900000;1,75768494
5,80000000;1,75785737
5,80100000;1,75802977
5,80200000;1,75820213
5,80300000;1,75837447
5,80400000;1,75854678
5,80500000;1,75871906
5,80600000;1,75889131
5,80700000;1,75906353
5,80800000;1,75923572
5,80900000;1,75940788
5,81000000;1,75958001
5,81100000;1,75975211
5,81200000;1,75992418
5,81300000;1,76009622
5,81400000;1,76026823
5,81500000;1,76044022
5,81600000;1,76061217
5,81700000;1,76078409
5,81800000;1,76095599
5,81900000;1,76112785
5,82000000;1,76129969
5,82100000;1,76147149
5,82200000;1,76164327
5,82300000;1,76181501
5,82400000;1,76198673
5,82500000;1,76215842
5,82600000;1,76233008
5,82700000;1,76250170
5,82800000;1,76267330
5,82900000;1,76284487
5,83000000;1,76301641
5,83100000;1,76318792
5,83200000;1,76335940
5,83300000;1,76353086
5,83400000;1,76370228
5,83500000;1,76387367
5,83600000;1,76404503
5,83700000;1,76421637
5,83800000;1,76438767
5,83900000;1,76455895
5,84000000;1,76473020
5,84100000;1,76490141
5,84200000;1,76507260
5,84300000;1,76524376
5,84400000;1,76541489
5,84500000;1,76558599
5,84600000;1,76575706
5,84700000;1,76592810
5,84800000;1,76609911
5,84900000;1,76627009
5,85000000;1,76644105
5,85100000;1,76661197
5,85200000;1,76678287
5,85300000;1,76695373
5,85400000;1,76712457
5,85500000;1,76729538
5,85600000;1,76746615
5,85700000;1,76763690
5,85800000;1,76780762
5,85900000;1,76797831
5,86000000;1,76814897
5,86100000;1,76831961
5,86200000;1,76849021
5,86300000;1,76866079
5,86400000;1,76883133
5,86500000;1,76900185
5,86600000;1,76917233
5,86700000;1,76934279
5,86800000;1,76951322
5,86900000;1,76968362
5,87000000;1,76985399
5,87100000;1,77002433
5,87200000;1,77019465
5,87300000;1,77036493
5,87400000;1,77053518
5,87500000;1,77070541
5,87600000;1,77087561
5,87700000;1,77104577
5,87800000;1,77121591
5,87900000;1,77138602
5,88000000;1,77155610
5,88100000;1,77172616
5,88200000;1,77189618
5,88300000;1,77206617
5,88400000;1,77223614
5,88500000;1,77240608
5,88600000;1,77257598
5,88700000;1,77274586
5,88800000;1,77291571
5,88900000;1,77308553
5,89000000;1,77325533
5,89100000;1,77342509
5,89200000;1,77359482
5,89300000;1,77376453
5,89400000;1,77393421
5,89500000;1,77410385
5,89600000;1,77427347
5,89700000;1,77444307
5,89800000;1,77461263
5,89900000;1,77478216
5,90000000;1,77495166
5,90100000;1,77512114
5,90200000;1,77529059
5,90300000;1,77546001
5,90400000;1,77562939
5,90500000;1,77579876
5,90600000;1,77596809
5,90700000;1,77613739
5,90800000;1,77630667
5,90900000;1,77647591
5,91000000;1,77664513
5,91100000;1,77681432
5,91200000;1,77698348
5,91300000;1,77715261
5,91400000;1,77732171
5,91500000;1,77749079
5,91600000;1,77765983
5,91700000;1,77782885
5,91800000;1,77799784
5,91900000;1,77816680
5,92000000;1,77833573
5,92100000;1,77850464
5,92200000;1,77867351
5,92300000;1,77884236
5,92400000;1,77901117
5,92500000;1,77917996
5,92600000;1,77934872
5,92700000;1,77951745
5,92800000;1,77968616
5,92900000;1,77985483
5,93000000;1,78002348
5,93100000;1,78019210
5,93200000;1,78036069
5,93300000;1,78052925
5,93400000;1,78069778
5,93500000;1,78086629
5,93600000;1,78103476
5,93700000;1,78120321
5,93800000;1,78137163
5,93900000;1,78154002
5,94000000;1,78170838
5,94100000;1,78187672
5,94200000;1,78204503
5,94300000;1,78221330
5,94400000;1,78238155
5,94500000;1,78254977
5,94600000;1,78271797
5,94700000;1,78288613
5,94800000;1,78305427
5,94900000;1,78322238
5,95000000;1,78339045
5,95100000;1,78355851
5,95200000;1,78372653
5,95300000;1,78389452
5,95400000;1,78406249
5,95500000;1,78423043
5,95600000;1,78439834
5,95700000;1,78456622
5,95800000;1,78473408
5,95900000;1,78490190
5,96000000;1,78506970
5,96100000;1,78523747
5,96200000;1,78540521
5,96300000;1,78557292
5,96400000;1,78574061
5,96500000;1,78590827
5,96600000;1,78607589
5,96700000;1,78624350
5,96800000;1,78641107
5,96900000;1,78657861
5,97000000;1,78674613
5,97100000;1,78691362
5,97200000;1,78708108
5,97300000;1,78724851
5,97400000;1,78741591
5,97500000;1,78758329
5,97600000;1,78775064
5,97700000;1,78791796
5,97800000;1,78808525
5,97900000;1,78825252
5,98000000;1,78841975
5,98100000;1,78858696
5,98200000;1,78875414
5,98300000;1,78892129
5,98400000;1,78908842
5,98500000;1,78925551
5,98600000;1,78942258
5,98700000;1,78958962
5,98800000;1,78975664
5,98900000;1,78992362
5,99000000;1,79009058
5,99100000;1,79025751
5,99200000;1,79042441
5,99300000;1,79059128
5,99400000;1,79075813
5,99500000;1,79092495
5,99600000;1,79109174
5,99700000;1,79125850
5,99800000;1,79142523
5,99900000;1,79159194
6,00000000;1,79175862
6,00100000;1,79192527
6,00200000;1,79209189
6,00300000;1,79225849
6,00400000;1,79242506
6,00500000;1,79259160
6,00600000;1,79275811
6,00700000;1,79292459
6,00800000;1,79309105
6,00900000;1,79325748
6,01000000;1,79342388
6,01100000;1,79359025
6,01200000;1,79375660
6,01300000;1,79392292
6,01400000;1,79408921
6,01500000;1,79425547
6,01600000;1,79442171
6,01700000;1,79458791
6,01800000;1,79475409
6,01900000;1,79492025
6,02000000;1,79508637
6,02100000;1,79525247
6,02200000;1,79541854
6,02300000;1,79558458
6,02400000;1,79575060
6,02500000;1,79591658
6,02600000;1,79608254
6,02700000;1,79624847
6,02800000;1,79641438
6,02900000;1,79658026
6,03000000;1,79674610
6,03100000;1,79691193
6,03200000;1,79707772
6,03300000;1,79724349
6,03400000;1,79740923
6,03500000;1,79757494
6,03600000;1,79774062
6,03700000;1,79790628
6,03800000;1,79807191
6,03900000;1,79823751
6,04000000;1,79840309
6,04100000;1,79856863
6,04200000;1,79873415
6,04300000;1,79889965
6,04400000;1,79906511
6,04500000;1,79923055
6,04600000;1,79939596
6,04700000;1,79956134
6,04800000;1,79972670
6,04900000;1,79989203
6,05000000;1,80005733
6,05100000;1,80022260
6,05200000;1,80038785
6,05300000;1,80055355
6,05400000;1,80071875
6,05500000;1,80088391
6,05600000;1,80104905
6,05700000;1,80121416
6,05800000;1,80137925
6,05900000;1,80154430
6,06000000;1,80170933
6,06100000;1,80187433
6,06200000;1,80203931
6,06300000;1,80220425
6,06400000;1,80236917
6,06500000;1,80253407
6,06600000;1,80269893
6,06700000;1,80286377
6,06800000;1,80302858
6,06900000;1,80319337
6,07000000;1,80335813
6,07100000;1,80352286
6,07200000;1,80368756
6,07300000;1,80385223
6,07400000;1,80401688
6,07500000;1,80418150
6,07600000;1,80434610
6,07700000;1,80451067
6,07800000;1,80467521
6,07900000;1,80483972
6,08000000;1,80500421
6,08100000;1,80516866
6,08200000;1,80533310
6,08300000;1,80549750
6,08400000;1,80566188
6,08500000;1,80582623
6,08600000;1,80599055
6,08700000;1,80615485
6,08800000;1,80631912
6,08900000;1,80648336
6,09000000;1,80664758
6,09100000;1,80681177
6,09200000;1,80697593
6,09300000;1,80714007
6,09400000;1,80730418
6,09500000;1,80746826
6,09600000;1,80763231
6,09700000;1,80779634
6,09800000;1,80796034
6,09900000;1,80812431
6,10000000;1,80828826
6,10100000;1,80845218
6,10200000;1,80861607
6,10300000;1,80877994
6,10400000;1,80894378
6,10500000;1,80910759
6,10600000;1,80927138
6,10700000;1,80943513
6,10800000;1,80959887
6,10900000;1,80976257
6,11000000;1,80992625
6,11100000;1,81008990
6,11200000;1,81025353
6,11300000;1,81041712
6,11400000;1,81058070
6,11500000;1,81074424
6,11600000;1,81090776
6,11700000;1,81107125
6,11800000;1,81123471
6,11900000;1,81139815
6,12000000;1,81156156
6,12100000;1,81172495
6,12200000;1,81188830
6,12300000;1,81205163
6,12400000;1,81221494
6,12500000;1,81237822
6,12600000;1,81254147
6,12700000;1,81270469
6,12800000;1,81286789
6,12900000;1,81303106
6,13000000;1,81319420
6,13100000;1,81335732
6,13200000;1,81352041
6,13300000;1,81368348
6,13400000;1,81384651
6,13500000;1,81400953
6,13600000;1,81417251
6,13700000;1,81433547
6,13800000;1,81449840
6,13900000;1,81466131
6,14000000;1,81482418
6,14100000;1,81498704
6,14200000;1,81514986
6,14300000;1,81531266
6,14400000;1,81547543
6,14500000;1,81563818
6,14600000;1,81580090
6,14700000;1,81596359
6,14800000;1,81612626
6,14900000;1,81628890
6,15000000;1,81645151
6,15100000;1,81661410
6,15200000;1,81677666
6,15300000;1,81693919
6,15400000;1,81710170
6,15500000;1,81726418
6,15600000;1,81742664
6,15700000;1,81758907
6,15800000;1,81775147
6,15900000;1,81791385
6,16000000;1,81807620
6,16100000;1,81823852
6,16200000;1,81840082
6,16300000;1,81856309
6,16400000;1,81872533
6,16500000;1,81888755
6,16600000;1,81904974
6,16700000;1,81921191
6,16800000;1,81937404
6,16900000;1,81953616
6,17000000;1,81969824
6,17100000;1,81986030
6,17200000;1,82002234
6,17300000;1,82018435
6,17400000;1,82034633
6,17500000;1,82050828
6,17600000;1,82067021
6,17700000;1,82083211
6,17800000;1,82099399
6,17900000;1,82115584
6,18000000;1,82131766
6,18100000;1,82147946
6,18200000;1,82164123
6,18300000;1,82180298
6,18400000;1,82196470
6,18500000;1,82212639
6,18600000;1,82228806
6,18700000;1,82244970
6,18800000;1,82261132
6,18900000;1,82277290
6,19000000;1,82293447
6,19100000;1,82309600
6,19200000;1,82325751
6,19300000;1,82341900
6,19400000;1,82358046
6,19500000;1,82374189
6,19600000;1,82390330
6,19700000;1,82406468
6,19800000;1,82422603
6,19900000;1,82438736
6,20000000;1,82454866
6,20100000;1,82470994
6,20200000;1,82487119
6,20300000;1,82503241
6,20400000;1,82519361
6,20500000;1,82535478
6,20600000;1,82551593
6,20700000;1,82567705
6,20800000;1,82583814
6,20900000;1,82599921
6,21000000;1,82616025
6,21100000;1,82632127
6,21200000;1,82648226
6,21300000;1,82664322
6,21400000;1,82680416
6,21500000;1,82696507
6,21600000;1,82712596
6,21700000;1,82728682
6,21800000;1,82744765
6,21900000;1,82760846
6,22000000;1,82776925
6,22100000;1,82793000
6,22200000;1,82809074
6,22300000;1,82825144
6,22400000;1,82841212
6,22500000;1,82857278
6,22600000;1,82873340
6,22700000;1,82889401
6,22800000;1,82905458
6,22900000;1,82921513
6,23000000;1,82937566
6,23100000;1,82953616
6,23200000;1,82969663
6,23300000;1,82985708
6,23400000;1,83001750
6,23500000;1,83017790
6,23600000;1,83033827
6,23700000;1,83049861
6,23800000;1,83065893
6,23900000;1,83081923
6,24000000;1,83097950
6,24100000;1,83113974
6,24200000;1,83129995
6,24300000;1,83146014
6,24400000;1,83162031
6,24500000;1,83178045
6,24600000;1,83194056
6,24700000;1,83210065
6,24800000;1,83226071
6,24900000;1,83242075
6,25000000;1,83258076
6,25100000;1,83274075
6,25200000;1,83290071
6,25300000;1,83306064
6,25400000;1,83322055
6,25500000;1,83338044
6,25600000;1,83354029
6,25700000;1,83370013
6,25800000;1,83385993
6,25900000;1,83401971
6,26000000;1,83417947
6,26100000;1,83433920
6,26200000;1,83449890
6,26300000;1,83465858
6,26400000;1,83481824
6,26500000;1,83497786
6,26600000;1,83513747
6,26700000;1,83529704
6,26800000;1,83545660
6,26900000;1,83561612
6,27000000;1,83577562
6,27100000;1,83593510
6,27200000;1,83609455
6,27300000;1,83625397
6,27400000;1,83641337
6,27500000;1,83657275
6,27600000;1,83673210
6,27700000;1,83689142
6,27800000;1,83705072
6,27900000;1,83720999
6,28000000;1,83736923
6,28100000;1,83752846
6,28200000;1,83768765
6,28300000;1,83784682
6,28400000;1,83800597
6,28500000;1,83816509
6,28600000;1,83832418
6,28700000;1,83848325
6,28800000;1,83864230
6,28900000;1,83880132
6,29000000;1,83896031
6,29100000;1,83911928
6,29200000;1,83927822
6,29300000;1,83943714
6,29400000;1,83959603
6,29500000;1,83975490
6,29600000;1,83991374
6,29700000;1,84007256
6,29800000;1,84023135
6,29900000;1,84039012
6,30000000;1,84054886
6,30100000;1,84070757
6,30200000;1,84086626
6,30300000;1,84102493
6,30400000;1,84118357
6,30500000;1,84134218
6,30600000;1,84150077
6,30700000;1,84165934
6,30800000;1,84181788
6,30900000;1,84197639
6,31000000;1,84213488
6,31100000;1,84229335
6,31200000;1,84245179
6,31300000;1,84261020
6,31400000;1,84276859
6,31500000;1,84292696
6,31600000;1,84308529
6,31700000;1,84324361
6,31800000;1,84340190
6,31900000;1,84356016
6,32000000;1,84371840
6,32100000;1,84387661
6,32200000;1,84403480
6,32300000;1,84419297
6,32400000;1,84435110
6,32500000;1,84450922
6,32600000;1,84466731
6,32700000;1,84482537
6,32800000;1,84498341
6,32900000;1,84514142
6,33000000;1,84529941
6,33100000;1,84545737
6,33200000;1,84561531
6,33300000;1,84577323
6,33400000;1,84593112
6,33500000;1,84608898
6,33600000;1,84624682
6,33700000;1,84640463
6,33800000;1,84656242
6,33900000;1,84672019
6,34000000;1,84687793
6,34100000;1,84703564
6,34200000;1,84719333
6,34300000;1,84735100
6,34400000;1,84750864
6,34500000;1,84766625
6,34600000;1,84782384
6,34700000;1,84798141
6,34800000;1,84813895
6,34900000;1,84829646
6,35000000;1,84845395
6,35100000;1,84861142
6,35200000;1,84876886
6,35300000;1,84892628
6,35400000;1,84908367
6,35500000;1,84924104
6,35600000;1,84939838
6,35700000;1,84955570
6,35800000;1,84971299
6,35900000;1,84987026
6,36000000;1,85002750
6,36100000;1,85018472
6,36200000;1,85034191
6,36300000;1,85049908
6,36400000;1,85065623
6,36500000;1,85081335
6,36600000;1,85097044
6,36700000;1,85112751
6,36800000;1,85128456
6,36900000;1,85144158
6,37000000;1,85159858
6,37100000;1,85175555
6,37200000;1,85191250
6,37300000;1,85206942
6,37400000;1,85222632
6,37500000;1,85238319
6,37600000;1,85254004
6,37700000;1,85269686
6,37800000;1,85285366
6,37900000;1,85301044
6,38000000;1,85316719
6,38100000;1,85332391
6,38200000;1,85348061
6,38300000;1,85363729
6,38400000;1,85379394
6,38500000;1,85395057
6,38600000;1,85410717
6,38700000;1,85426375
6,38800000;1,85442031
6,38900000;1,85457683
6,39000000;1,85473334
6,39100000;1,85488982
6,39200000;1,85504628
6,39300000;1,85520271
6,39400000;1,85535911
6,39500000;1,85551550
6,39600000;1,85567186
6,39700000;1,85582819
6,39800000;1,85598450
6,39900000;1,85614078
6,40000000;1,85629751
6,40100000;1,85645375
6,40200000;1,85660996
6,40300000;1,85676615
6,40400000;1,85692231
6,40500000;1,85707845
6,40600000;1,85723457
6,40700000;1,85739066
6,40800000;1,85754672
6,40900000;1,85770276
6,41000000;1,85785878
6,41100000;1,85801477
6,41200000;1,85817074
6,41300000;1,85832669
6,41400000;1,85848261
6,41500000;1,85863850
6,41600000;1,85879437
6,41700000;1,85895022
6,41800000;1,85910604
6,41900000;1,85926184
6,42000000;1,85941762
6,42100000;1,85957337
6,42200000;1,85972909
6,42300000;1,85988480
6,42400000;1,86004047
6,42500000;1,86019613
6,42600000;1,86035175
6,42700000;1,86050736
6,42800000;1,86066294
6,42900000;1,86081850
6,43000000;1,86097403
6,43100000;1,86112954
6,43200000;1,86128502
6,43300000;1,86144048
6,43400000;1,86159591
6,43500000;1,86175133
6,43600000;1,86190671
6,43700000;1,86206208
6,43800000;1,86221741
6,43900000;1,86237273
6,44000000;1,86252802
6,44100000;1,86268329
6,44200000;1,86283853
6,44300000;1,86299375
6,44400000;1,86314894
6,44500000;1,86330411
6,44600000;1,86345926
6,44700000;1,86361438
6,44800000;1,86376948
6,44900000;1,86392455
6,45000000;1,86407960
6,45100000;1,86423463
6,45200000;1,86438963
6,45300000;1,86454460
6,45400000;1,86469956
6,45500000;1,86485449
6,45600000;1,86500939
6,45700000;1,86516427
6,45800000;1,86531913
6,45900000;1,86547397
6,46000000;1,86562878
6,46100000;1,86578356
6,46200000;1,86593832
6,46300000;1,86609306
6,46400000;1,86624777
6,46500000;1,86640246
6,46600000;1,86655713
6,46700000;1,86671177
6,46800000;1,86686639
6,46900000;1,86702099
6,47000000;1,86717556
6,47100000;1,86733010
6,47200000;1,86748462
6,47300000;1,86763912
6,47400000;1,86779360
6,47500000;1,86794805
6,47600000;1,86810248
6,47700000;1,86825688
6,47800000;1,86841126
6,47900000;1,86856561
6,48000000;1,86871995
6,48100000;1,86887425
6,48200000;1,86902854
6,48300000;1,86918280
6,48400000;1,86933703
6,48500000;1,86949125
6,48600000;1,86964544
6,48700000;1,86979960
6,48800000;1,86995374
6,48900000;1,87010786
6,49000000;1,87026195
6,49100000;1,87041603
6,49200000;1,87057007
6,49300000;1,87072409
6,49400000;1,87087809
6,49500000;1,87103207
6,49600000;1,87118602
6,49700000;1,87133995
6,49800000;1,87149385
6,49900000;1,87164773
6,50000000;1,87180159
6,50100000;1,87195542
6,50200000;1,87210923
6,50300000;1,87226302
6,50400000;1,87241678
6,50500000;1,87257052
6,50600000;1,87272423
6,50700000;1,87287792
6,50800000;1,87303159
6,50900000;1,87318524
6,51000000;1,87333886
6,51100000;1,87349245
6,51200000;1,87364603
6,51300000;1,87379958
6,51400000;1,87395310
6,51500000;1,87410661
6,51600000;1,87426008
6,51700000;1,87441354
6,51800000;1,87456697
6,51900000;1,87472038
6,52000000;1,87487376
6,52100000;1,87502713
6,52200000;1,87518046
6,52300000;1,87533378
6,52400000;1,87548707
6,52500000;1,87564034
6,52600000;1,87579358
6,52700000;1,87594680
6,52800000;1,87610000
6,52900000;1,87625317
6,53000000;1,87640632
6,53100000;1,87655945
6,53200000;1,87671255
6,53300000;1,87686563
6,53400000;1,87701868
6,53500000;1,87717172
6,53600000;1,87732473
6,53700000;1,87747771
6,53800000;1,87763067
6,53900000;1,87778361
6,54000000;1,87793653
6,54100000;1,87808942
6,54200000;1,87824229
6,54300000;1,87839514
6,54400000;1,87854796
6,54500000;1,87870076
6,54600000;1,87885353
6,54700000;1,87900628
6,54800000;1,87915901
6,54900000;1,87931172
6,55000000;1,87946440
6,55100000;1,87961706
6,55200000;1,87976970
6,55300000;1,87992231
6,55400000;1,88007490
6,55500000;1,88022746
6,55600000;1,88038000
6,55700000;1,88053252
6,55800000;1,88068502
6,55900000;1,88083749
6,56000000;1,88098994
6,56100000;1,88114237
6,56200000;1,88129477
6,56300000;1,88144715
6,56400000;1,88159951
6,56500000;1,88175184
6,56600000;1,88190415
6,56700000;1,88205644
6,56800000;1,88220870
6,56900000;1,88236094
6,57000000;1,88251316
6,57100000;1,88266535
6,57200000;1,88281752
6,57300000;1,88296967
6,57400000;1,88312180
6,57500000;1,88327390
6,57600000;1,88342598
6,57700000;1,88357803
6,57800000;1,88373006
6,57900000;1,88388207
6,58000000;1,88403406
6,58100000;1,88418602
6,58200000;1,88433796
6,58300000;1,88448988
6,58400000;1,88464177
6,58500000;1,88479364
6,58600000;1,88494549
6,58700000;1,88509731
6,58800000;1,88524911
6,58900000;1,88540089
6,59000000;1,88555265
6,59100000;1,88570438
6,59200000;1,88585609
6,59300000;1,88600777
6,59400000;1,88615944
6,59500000;1,88631108
6,59600000;1,88646270
6,59700000;1,88661429
6,59800000;1,88676586
6,59900000;1,88691741
6,60000000;1,88706893
6,60100000;1,88722044
6,60200000;1,88737192
6,60300000;1,88752337
6,60400000;1,88767481
6,60500000;1,88782622
6,60600000;1,88797760
6,60700000;1,88812897
6,60800000;1,88828031
6,60900000;1,88843163
6,61000000;1,88858293
6,61100000;1,88873420
6,61200000;1,88888545
6,61300000;1,88903668
6,61400000;1,88918788
6,61500000;1,88933906
6,61600000;1,88949022
6,61700000;1,88964136
6,61800000;1,88979247
6,61900000;1,88994356
6,62000000;1,89009463
6,62100000;1,89024567
6,62200000;1,89039669
6,62300000;1,89054769
6,62400000;1,89069867
6,62500000;1,89084962
6,62600000;1,89100055
6,62700000;1,89115146
6,62800000;1,89130235
6,62900000;1,89145321
6,63000000;1,89160405
6,63100000;1,89175486
6,63200000;1,89190566
6,63300000;1,89205643
6,63400000;1,89220718
6,63500000;1,89235790
6,63600000;1,89250861
6,63700000;1,89265929
6,63800000;1,89280994
6,63900000;1,89296058
6,64000000;1,89311119
6,64100000;1,89326178
6,64200000;1,89341235
6,64300000;1,89356289
6,64400000;1,89371341
6,64500000;1,89386391
6,64600000;1,89401439
6,64700000;1,89416484
6,64800000;1,89431527
6,64900000;1,89446568
6,65000000;1,89461607
6,65100000;1,89476643
6,65200000;1,89491677
6,65300000;1,89506709
6,65400000;1,89521738
6,65500000;1,89536766
6,65600000;1,89551791
6,65700000;1,89566814
6,65800000;1,89581834
6,65900000;1,89596852
6,66000000;1,89611868
6,66100000;1,89626882
6,66200000;1,89641893
6,66300000;1,89656903
6,66400000;1,89671910
6,66500000;1,89686914
6,66600000;1,89701917
6,66700000;1,89716917
6,66800000;1,89731915
6,66900000;1,89746911
6,67000000;1,89761904
6,67100000;1,89776895
6,67200000;1,89791884
6,67300000;1,89806871
6,67400000;1,89821856
6,67500000;1,89836838
6,67600000;1,89851818
6,67700000;1,89866796
6,67800000;1,89881771
6,67900000;1,89896744
6,68000000;1,89911715
6,68100000;1,89926684
6,68200000;1,89941651
6,68300000;1,89956615
6,68400000;1,89971577
6,68500000;1,89986537
6,68600000;1,90001495
6,68700000;1,90016450
6,68800000;1,90031403
6,68900000;1,90046354
6,69000000;1,90061303
6,69100000;1,90076249
6,69200000;1,90091193
6,69300000;1,90106135
6,69400000;1,90121075
6,69500000;1,90136012
6,69600000;1,90150947
6,69700000;1,90165880
6,69800000;1,90180811
6,69900000;1,90195740
6,70000000;1,90210666
6,70100000;1,90225590
6,70200000;1,90240512
6,70300000;1,90255432
6,70400000;1,90270349
6,70500000;1,90285264
6,70600000;1,90300177
6,70700000;1,90315088
6,70800000;1,90329997
6,70900000;1,90344903
6,71000000;1,90359807
6,71100000;1,90374709
6,71200000;1,90389608
6,71300000;1,90404506
6,71400000;1,90419401
6,71500000;1,90434294
6,71600000;1,90449185
6,71700000;1,90464073
6,71800000;1,90478960
6,71900000;1,90493844
6,72000000;1,90508726
6,72100000;1,90523605
6,72200000;1,90538483
6,72300000;1,90553358
6,72400000;1,90568231
6,72500000;1,90583102
6,72600000;1,90597971
6,72700000;1,90612837
6,72800000;1,90627701
6,72900000;1,90642563
6,73000000;1,90657423
6,73100000;1,90672280
6,73200000;1,90687136
6,73300000;1,90701989
6,73400000;1,90716840
6,73500000;1,90731689
6,73600000;1,90746535
6,73700000;1,90761380
6,73800000;1,90776222
6,73900000;1,90791062
6,74000000;1,90805899
6,74100000;1,90820735
6,74200000;1,90835568
6,74300000;1,90850399
6,74400000;1,90865228
6,74500000;1,90880055
6,74600000;1,90894879
6,74700000;1,90909702
6,74800000;1,90924522
6,74900000;1,90939385
6,75000000;1,90954201
6,75100000;1,90969014
6,75200000;1,90983826
6,75300000;1,90998635
6,75400000;1,91013442
6,75500000;1,91028247
6,75600000;1,91043049
6,75700000;1,91057850
6,75800000;1,91072648
6,75900000;1,91087444
6,76000000;1,91102238
6,76100000;1,91117030
6,76200000;1,91131819
6,76300000;1,91146607
6,76400000;1,91161392
6,76500000;1,91176175
6,76600000;1,91190956
6,76700000;1,91205734
6,76800000;1,91220511
6,76900000;1,91235285
6,77000000;1,91250057
6,77100000;1,91264827
6,77200000;1,91279594
6,77300000;1,91294360
6,77400000;1,91309123
6,77500000;1,91323884
6,77600000;1,91338643
6,77700000;1,91353400
6,77800000;1,91368155
6,77900000;1,91382907
6,78000000;1,91397657
6,78100000;1,91412405
6,78200000;1,91427151
6,78300000;1,91441895
6,78400000;1,91456637
6,78500000;1,91471376
6,78600000;1,91486113
6,78700000;1,91500848
6,78800000;1,91515581
6,78900000;1,91530312
6,79000000;1,91545040
6,79100000;1,91559767
6,79200000;1,91574491
6,79300000;1,91589213
6,79400000;1,91603933
6,79500000;1,91618650
6,79600000;1,91633366
6,79700000;1,91648079
6,79800000;1,91662790
6,79900000;1,91677499
6,80000000;1,91692206
6,80100000;1,91706911
6,80200000;1,91721614
6,80300000;1,91736314
6,80400000;1,91751012
6,80500000;1,91765708
6,80600000;1,91780402
6,80700000;1,91795094
6,80800000;1,91809783
6,80900000;1,91824471
6,81000000;1,91839156
6,81100000;1,91853839
6,81200000;1,91868520
6,81300000;1,91883199
6,81400000;1,91897876
6,81500000;1,91912550
6,81600000;1,91927222
6,81700000;1,91941893
6,81800000;1,91956561
6,81900000;1,91971226
6,82000000;1,91985890
6,82100000;1,92000552
6,82200000;1,92015211
6,82300000;1,92029868
6,82400000;1,92044524
6,82500000;1,92059177
6,82600000;1,92073827
6,82700000;1,92088476
6,82800000;1,92103123
6,82900000;1,92117767
6,83000000;1,92132409
6,83100000;1,92147049
6,83200000;1,92161687
6,83300000;1,92176323
6,83400000;1,92190957
6,83500000;1,92205588
6,83600000;1,92220218
6,83700000;1,92234845
6,83800000;1,92249470
6,83900000;1,92264093
6,84000000;1,92278714
6,84100000;1,92293333
6,84200000;1,92307949
6,84300000;1,92322564
6,84400000;1,92337176
6,84500000;1,92351786
6,84600000;1,92366394
6,84700000;1,92381000
6,84800000;1,92395604
6,84900000;1,92410205
6,85000000;1,92424805
6,85100000;1,92439402
6,85200000;1,92453997
6,85300000;1,92468591
6,85400000;1,92483182
6,85500000;1,92497770
6,85600000;1,92512357
6,85700000;1,92526942
6,85800000;1,92541524
6,85900000;1,92556104
6,86000000;1,92570683
6,86100000;1,92585259
6,86200000;1,92599833
6,86300000;1,92614405
6,86400000;1,92628974
6,86500000;1,92643542
6,86600000;1,92658107
6,86700000;1,92672671
6,86800000;1,92687232
6,86900000;1,92701791
6,87000000;1,92716348
6,87100000;1,92730903
6,87200000;1,92745456
6,87300000;1,92760006
6,87400000;1,92774555
6,87500000;1,92789101
6,87600000;1,92803645
6,87700000;1,92818188
6,87800000;1,92832728
6,87900000;1,92847266
6,88000000;1,92861801
6,88100000;1,92876335
6,88200000;1,92890867
6,88300000;1,92905396
6,88400000;1,92919924
6,88500000;1,92934449
6,88600000;1,92948972
6,88700000;1,92963493
6,88800000;1,92978012
6,88900000;1,92992529
6,89000000;1,93007043
6,89100000;1,93021556
6,89200000;1,93036067
6,89300000;1,93050575
6,89400000;1,93065081
6,89500000;1,93079585
6,89600000;1,93094088
6,89700000;1,93108588
6,89800000;1,93123085
6,89900000;1,93137581
6,90000000;1,93152075
6,90100000;1,93166566
6,90200000;1,93181056
6,90300000;1,93195543
6,90400000;1,93210029
6,90500000;1,93224512
6,90600000;1,93238993
6,90700000;1,93253472
6,90800000;1,93267949
6,90900000;1,93282424
6,91000000;1,93296896
6,91100000;1,93311367
6,91200000;1,93325835
6,91300000;1,93340302
6,91400000;1,93354766
6,91500000;1,93369228
6,91600000;1,93383689
6,91700000;1,93398147
6,91800000;1,93412603
6,91900000;1,93427056
6,92000000;1,93441508
6,92100000;1,93455958
6,92200000;1,93470406
6,92300000;1,93484851
6,92400000;1,93499294
6,92500000;1,93513736
6,92600000;1,93528175
6,92700000;1,93542612
6,92800000;1,93557047
6,92900000;1,93571480
6,93000000;1,93585911
6,93100000;1,93600340
6,93200000;1,93614767
6,93300000;1,93629192
6,93400000;1,93643614
6,93500000;1,93658035
6,93600000;1,93672453
6,93700000;1,93686870
6,93800000;1,93701284
6,93900000;1,93715696
6,94000000;1,93730106
6,94100000;1,93744514
6,94200000;1,93758920
6,94300000;1,93773324
6,94400000;1,93787726
6,94500000;1,93802126
6,94600000;1,93816523
6,94700000;1,93830919
6,94800000;1,93845312
6,94900000;1,93859704
6,95000000;1,93874093
6,95100000;1,93888481
6,95200000;1,93902866
6,95300000;1,93917249
6,95400000;1,93931630
6,95500000;1,93946009
6,95600000;1,93960386
6,95700000;1,93974761
6,95800000;1,93989134
6,95900000;1,94003505
6,96000000;1,94017873
6,96100000;1,94032240
6,96200000;1,94046605
6,96300000;1,94060967
6,96400000;1,94075328
6,96500000;1,94089686
6,96600000;1,94104042
6,96700000;1,94118397
6,96800000;1,94132749
6,96900000;1,94147099
6,97000000;1,94161447
6,97100000;1,94175793
6,97200000;1,94190137
6,97300000;1,94204479
6,97400000;1,94218819
6,97500000;1,94233157
6,97600000;1,94247492
6,97700000;1,94261826
6,97800000;1,94276158
6,97900000;1,94290487
6,98000000;1,94304815
6,98100000;1,94319140
6,98200000;1,94333464
6,98300000;1,94347785
6,98400000;1,94362105
6,98500000;1,94376422
6,98600000;1,94390737
6,98700000;1,94405050
6,98800000;1,94419361
6,98900000;1,94433670
6,99000000;1,94447977
6,99100000;1,94462282
6,99200000;1,94476585
6,99300000;1,94490886
6,99400000;1,94505185
6,99500000;1,94519482
6,99600000;1,94533777
6,99700000;1,94548069
6,99800000;1,94562360
6,99900000;1,94576649
7,00000000;1,94590935
7,00100000;1,94605220
7,00200000;1,94619502
7,00300000;1,94633783
7,00400000;1,94648061
7,00500000;1,94662338
7,00600000;1,94676612
7,00700000;1,94690884
7,00800000;1,94705155
7,00900000;1,94719423
7,01000000;1,94733689
7,01100000;1,94747953
7,01200000;1,94762215
7,01300000;1,94776476
7,01400000;1,94790734
7,01500000;1,94804990
7,01600000;1,94819244
7,01700000;1,94833496
7,01800000;1,94847746
7,01900000;1,94861993
7,02000000;1,94876239
7,02100000;1,94890483
7,02200000;1,94904725
7,02300000;1,94918965
7,02400000;1,94933203
7,02500000;1,94947438
7,02600000;1,94961672
7,02700000;1,94975904
7,02800000;1,94990133
7,02900000;1,95004361
7,03000000;1,95018587
7,03100000;1,95032810
7,03200000;1,95047032
7,03300000;1,95061251
7,03400000;1,95075469
7,03500000;1,95089684
7,03600000;1,95103898
7,03700000;1,95118109
7,03800000;1,95132319
7,03900000;1,95146526
7,04000000;1,95160732
7,04100000;1,95174935
7,04200000;1,95189136
7,04300000;1,95203336
7,04400000;1,95217533
7,04500000;1,95231728
7,04600000;1,95245922
7,04700000;1,95260113
7,04800000;1,95274302
7,04900000;1,95288489
7,05000000;1,95302675
7,05100000;1,95316858
7,05200000;1,95331039
7,05300000;1,95345218
7,05400000;1,95359396
7,05500000;1,95373571
7,05600000;1,95387744
7,05700000;1,95401915
7,05800000;1,95416084
7,05900000;1,95430251
7,06000000;1,95444417
7,06100000;1,95458580
7,06200000;1,95472741
7,06300000;1,95486900
7,06400000;1,95501057
7,06500000;1,95515212
7,06600000;1,95529365
7,06700000;1,95543516
7,06800000;1,95557666
7,06900000;1,95571813
7,07000000;1,95585958
7,07100000;1,95600101
7,07200000;1,95614242
7,07300000;1,95628381
7,07400000;1,95642518
7,07500000;1,95656653
7,07600000;1,95670786
7,07700000;1,95684918
7,07800000;1,95699047
7,07900000;1,95713174
7,08000000;1,95727299
7,08100000;1,95741422
7,08200000;1,95755543
7,08300000;1,95769662
7,08400000;1,95783780
7,08500000;1,95797895
7,08600000;1,95812008
7,08700000;1,95826119
7,08800000;1,95840228
7,08900000;1,95854335
7,09000000;1,95868441
7,09100000;1,95882544
7,09200000;1,95896645
7,09300000;1,95910744
7,09400000;1,95924842
7,09500000;1,95938937
7,09600000;1,95953030
7,09700000;1,95967165
7,09800000;1,95981254
7,09900000;1,95995341
7,10000000;1,96009427
7,10100000;1,96023510
7,10200000;1,96037592
7,10300000;1,96051671
7,10400000;1,96065749
7,10500000;1,96079824
7,10600000;1,96093898
7,10700000;1,96107969
7,10800000;1,96122039
7,10900000;1,96136106
7,11000000;1,96150172
7,11100000;1,96164236
7,11200000;1,96178297
7,11300000;1,96192357
7,11400000;1,96206414
7,11500000;1,96220470
7,11600000;1,96234524
7,11700000;1,96248576
7,11800000;1,96262625
7,11900000;1,96276673
7,12000000;1,96290719
7,12100000;1,96304763
7,12200000;1,96318805
7,12300000;1,96332845
7,12400000;1,96346883
7,12500000;1,96360919
7,12600000;1,96374953
7,12700000;1,96388985
7,12800000;1,96403015
7,12900000;1,96417043
7,13000000;1,96431069
7,13100000;1,96445093
7,13200000;1,96459115
7,13300000;1,96473136
7,13400000;1,96487154
7,13500000;1,96501170
7,13600000;1,96515184
7,13700000;1,96529197
7,13800000;1,96543207
7,13900000;1,96557216
7,14000000;1,96571222
7,14100000;1,96585227
7,14200000;1,96599229
7,14300000;1,96613230
7,14400000;1,96627229
7,14500000;1,96641225
7,14600000;1,96655220
7,14700000;1,96669213
7,14800000;1,96683203
7,14900000;1,96697192
7,15000000;1,96711179
7,15100000;1,96725164
7,15200000;1,96739147
7,15300000;1,96753128
7,15400000;1,96767107
7,15500000;1,96781084
7,15600000;1,96795059
7,15700000;1,96809033
7,15800000;1,96823004
7,15900000;1,96836973
7,16000000;1,96850941
7,16100000;1,96864906
7,16200000;1,96878869
7,16300000;1,96892831
7,16400000;1,96906791
7,16500000;1,96920748
7,16600000;1,96934704
7,16700000;1,96948657
7,16800000;1,96962609
7,16900000;1,96976559
7,17000000;1,96990507
7,17100000;1,97004453
7,17200000;1,97018397
7,17300000;1,97032339
7,17400000;1,97046279
7,17500000;1,97060217
7,17600000;1,97074153
7,17700000;1,97088088
7,17800000;1,97102020
7,17900000;1,97115950
7,18000000;1,97129879
7,18100000;1,97143805
7,18200000;1,97157730
7,18300000;1,97171652
7,18400000;1,97185573
7,18500000;1,97199492
7,18600000;1,97213409
7,18700000;1,97227324
7,18800000;1,97241236
7,18900000;1,97255147
7,19000000;1,97269057
7,19100000;1,97282964
7,19200000;1,97296869
7,19300000;1,97310772
7,19400000;1,97324673
7,19500000;1,97338573
7,19600000;1,97352470
7,19700000;1,97366366
7,19800000;1,97380259
7,19900000;1,97394151
7,20000000;1,97408041
7,20100000;1,97421929
7,20200000;1,97435815
7,20300000;1,97449698
7,20400000;1,97463581
7,20500000;1,97477461
7,20600000;1,97491339
7,20700000;1,97505215
7,20800000;1,97519089
7,20900000;1,97532962
7,21000000;1,97546832
7,21100000;1,97560701
7,21200000;1,97574567
7,21300000;1,97588432
7,21400000;1,97602295
7,21500000;1,97616156
7,21600000;1,97630015
7,21700000;1,97643872
7,21800000;1,97657727
7,21900000;1,97671580
7,22000000;1,97685431
7,22100000;1,97699281
7,22200000;1,97713128
7,22300000;1,97726974
7,22400000;1,97740817
7,22500000;1,97754659
7,22600000;1,97768499
7,22700000;1,97782336
7,22800000;1,97796172
7,22900000;1,97810006
7,23000000;1,97823838
7,23100000;1,97837669
7,23200000;1,97851497
7,23300000;1,97865323
7,23400000;1,97879148
7,23500000;1,97892970
7,23600000;1,97906791
7,23700000;1,97920610
7,23800000;1,97934426
7,23900000;1,97948241
7,24000000;1,97962054
7,24100000;1,97975865
7,24200000;1,97989675
7,24300000;1,98003482
7,24400000;1,98017287
7,24500000;1,98031091
7,24600000;1,98044892
7,24700000;1,98058692
7,24800000;1,98072490
7,24900000;1,98086285
7,25000000;1,98100079
7,25100000;1,98113871
7,25200000;1,98127662
7,25300000;1,98141450
7,25400000;1,98155236
7,25500000;1,98169021
7,25600000;1,98182803
7,25700000;1,98196584
7,25800000;1,98210362
7,25900000;1,98224139
7,26000000;1,98237914
7,26100000;1,98251687
7,26200000;1,98265458
7,26300000;1,98279228
7,26400000;1,98292995
7,26500000;1,98306760
7,26600000;1,98320524
7,26700000;1,98334286
7,26800000;1,98348045
7,26900000;1,98361803
7,27000000;1,98375559
7,27100000;1,98389313
7,27200000;1,98403066
7,27300000;1,98416816
7,27400000;1,98430564
7,27500000;1,98444311
7,27600000;1,98458055
7,27700000;1,98471798
7,27800000;1,98485539
7,27900000;1,98499278
7,28000000;1,98513015
7,28100000;1,98526750
7,28200000;1,98540484
7,28300000;1,98554215
7,28400000;1,98567945
7,28500000;1,98581672
7,28600000;1,98595398
7,28700000;1,98609122
7,28800000;1,98622844
7,28900000;1,98636564
7,29000000;1,98650282
7,29100000;1,98663999
7,29200000;1,98677713
7,29300000;1,98691426
7,29400000;1,98705136
7,29500000;1,98718845
7,29600000;1,98732552
7,29700000;1,98746257
7,29800000;1,98759960
7,29900000;1,98773662
7,30000000;1,98787361
7,30100000;1,98801059
7,30200000;1,98814754
7,30300000;1,98828448
7,30400000;1,98842140
7,30500000;1,98855830
7,30600000;1,98869518
7,30700000;1,98883205
7,30800000;1,98896889
7,30900000;1,98910572
7,31000000;1,98924252
7,31100000;1,98937931
7,31200000;1,98951608
7,31300000;1,98965283
7,31400000;1,98978956
7,31500000;1,98992628
7,31600000;1,99006297
7,31700000;1,99019965
7,31800000;1,99033631
7,31900000;1,99047295
7,32000000;1,99060957
7,32100000;1,99074617
7,32200000;1,99088275
7,32300000;1,99101931
7,32400000;1,99115586
7,32500000;1,99129239
7,32600000;1,99142889
7,32700000;1,99156538
7,32800000;1,99170185
7,32900000;1,99183831
7,33000000;1,99197474
7,33100000;1,99211115
7,33200000;1,99224755
7,33300000;1,99238393
7,33400000;1,99252029
7,33500000;1,99265663
7,33600000;1,99279295
7,33700000;1,99292925
7,33800000;1,99306554
7,33900000;1,99320181
7,34000000;1,99333805
7,34100000;1,99347428
7,34200000;1,99361049
7,34300000;1,99374668
7,34400000;1,99388286
7,34500000;1,99401901
7,34600000;1,99415515
7,34700000;1,99429127
7,34800000;1,99442737
7,34900000;1,99456345
7,35000000;1,99469951
7,35100000;1,99483555
7,35200000;1,99497158
7,35300000;1,99510759
7,35400000;1,99524357
7,35500000;1,99537954
7,35600000;1,99551550
7,35700000;1,99565143
7,35800000;1,99578734
7,35900000;1,99592324
7,36000000;1,99605912
7,36100000;1,99619497
7,36200000;1,99633082
7,36300000;1,99646664
7,36400000;1,99660244
7,36500000;1,99673823
7,36600000;1,99687399
7,36700000;1,99700974
7,36800000;1,99714547
7,36900000;1,99728118
7,37000000;1,99741687
7,37100000;1,99755255
7,37200000;1,99768821
7,37300000;1,99782384
7,37400000;1,99795946
7,37500000;1,99809506
7,37600000;1,99823065
7,37700000;1,99836621
7,37800000;1,99850176
7,37900000;1,99863728
7,38000000;1,99877279
7,38100000;1,99890828
7,38200000;1,99904376
7,38300000;1,99917921
7,38400000;1,99931465
7,38500000;1,99945006
7,38600000;1,99958546
7,38700000;1,99972084
7,38800000;1,99985621
7,38900000;1,99999155
7,39000000;2,00012687
7,39100000;2,00026218
7,39200000;2,00039747
7,39300000;2,00053274
7,39400000;2,00066799
7,39500000;2,00080323
7,39600000;2,00093844
7,39700000;2,00107364
7,39800000;2,00120882
7,39900000;2,00134398
7,40000000;2,00147913
7,40100000;2,00161425
7,40200000;2,00174936
7,40300000;2,00188444
7,40400000;2,00201951
7,40500000;2,00215457
7,40600000;2,00228960
7,40700000;2,00242461
7,40800000;2,00255961
7,40900000;2,00269459
7,41000000;2,00282955
7,41100000;2,00296449
7,41200000;2,00309942
7,41300000;2,00323432
7,41400000;2,00336921
7,41500000;2,00350408
7,41600000;2,00363893
7,41700000;2,00377376
7,41800000;2,00390858
7,41900000;2,00404337
7,42000000;2,00417815
7,42100000;2,00431291
7,42200000;2,00444765
7,42300000;2,00458238
7,42400000;2,00471708
7,42500000;2,00485177
7,42600000;2,00498644
7,42700000;2,00512109
7,42800000;2,00525573
7,42900000;2,00539034
7,43000000;2,00552494
7,43100000;2,00565952
7,43200000;2,00579408
7,43300000;2,00592862
7,43400000;2,00606315
7,43500000;2,00619765
7,43600000;2,00633214
7,43700000;2,00646661
7,43800000;2,00660106
7,43900000;2,00673550
7,44000000;2,00686991
7,44100000;2,00700431
7,44200000;2,00713869
7,44300000;2,00727305
7,44400000;2,00740740
7,44500000;2,00754172
7,44600000;2,00767645
7,44700000;2,00781074
7,44800000;2,00794501
7,44900000;2,00807927
7,45000000;2,00821350
7,45100000;2,00834772
7,45200000;2,00848192
7,45300000;2,00861610
7,45400000;2,00875027
7,45500000;2,00888441
7,45600000;2,00901854
7,45700000;2,00915265
7,45800000;2,00928674
7,45900000;2,00942082
7,46000000;2,00955487
7,46100000;2,00968891
7,46200000;2,00982293
7,46300000;2,00995694
7,46400000;2,01009092
7,46500000;2,01022489
7,46600000;2,01035883
7,46700000;2,01049277
7,46800000;2,01062668
7,46900000;2,01076057
7,47000000;2,01089445
7,47100000;2,01102831
7,47200000;2,01116215
7,47300000;2,01129597
7,47400000;2,01142978
7,47500000;2,01156356
7,47600000;2,01169733
7,47700000;2,01183109
7,47800000;2,01196482
7,47900000;2,01209853
7,48000000;2,01223223
7,48100000;2,01236591
7,48200000;2,01249957
7,48300000;2,01263322
7,48400000;2,01276685
7,48500000;2,01290045
7,48600000;2,01303404
7,48700000;2,01316762
7,48800000;2,01330117
7,48900000;2,01343471
7,49000000;2,01356823
7,49100000;2,01370173
7,49200000;2,01383521
7,49300000;2,01396868
7,49400000;2,01410213
7,49500000;2,01423556
7,49600000;2,01436897
7,49700000;2,01450236
7,49800000;2,01463574
7,49900000;2,01476910
7,50000000;2,01490244
7,50100000;2,01503576
7,50200000;2,01516907
7,50300000;2,01530236
7,50400000;2,01543563
7,50500000;2,01556888
7,50600000;2,01570212
7,50700000;2,01583533
7,50800000;2,01596853
7,50900000;2,01610171
7,51000000;2,01623488
7,51100000;2,01636802
7,51200000;2,01650115
7,51300000;2,01663426
7,51400000;2,01676735
7,51500000;2,01690043
7,51600000;2,01703349
7,51700000;2,01716653
7,51800000;2,01729955
7,51900000;2,01743255
7,52000000;2,01756554
7,52100000;2,01769851
7,52200000;2,01783146
7,52300000;2,01796439
7,52400000;2,01809731
7,52500000;2,01823021
7,52600000;2,01836309
7,52700000;2,01849595
7,52800000;2,01862879
7,52900000;2,01876162
7,53000000;2,01889443
7,53100000;2,01902722
7,53200000;2,01916000
7,53300000;2,01929276
7,53400000;2,01942550
7,53500000;2,01955822
7,53600000;2,01969092
7,53700000;2,01982361
7,53800000;2,01995628
7,53900000;2,02008893
7,54000000;2,02022156
7,54100000;2,02035418
7,54200000;2,02048678
7,54300000;2,02061936
7,54400000;2,02075192
7,54500000;2,02088447
7,54600000;2,02101700
7,54700000;2,02114951
7,54800000;2,02128200
7,54900000;2,02141447
7,55000000;2,02154693
7,55100000;2,02167937
7,55200000;2,02181180
7,55300000;2,02194420
7,55400000;2,02207659
7,55500000;2,02220896
7,55600000;2,02234131
7,55700000;2,02247365
7,55800000;2,02260597
7,55900000;2,02273827
7,56000000;2,02287055
7,56100000;2,02300281
7,56200000;2,02313506
7,56300000;2,02326729
7,56400000;2,02339950
7,56500000;2,02353170
7,56600000;2,02366388
7,56700000;2,02379604
7,56800000;2,02392818
7,56900000;2,02406031
7,57000000;2,02419241
7,57100000;2,02432451
7,57200000;2,02445658
7,57300000;2,02458863
7,57400000;2,02472067
7,57500000;2,02485269
7,57600000;2,02498470
7,57700000;2,02511668
7,57800000;2,02524865
7,57900000;2,02538060
7,58000000;2,02551254
7,58100000;2,02564445
7,58200000;2,02577635
7,58300000;2,02590823
7,58400000;2,02604010
7,58500000;2,02617194
7,58600000;2,02630377
7,58700000;2,02643558
7,58800000;2,02656738
7,58900000;2,02669916
7,59000000;2,02683092
7,59100000;2,02696266
7,59200000;2,02709438
7,59300000;2,02722609
7,59400000;2,02735778
7,59500000;2,02748946
7,59600000;2,02762111
7,59700000;2,02775275
7,59800000;2,02788437
7,59900000;2,02801597
7,60000000;2,02814756
7,60100000;2,02827913
7,60200000;2,02841068
7,60300000;2,02854222
7,60400000;2,02867373
7,60500000;2,02880523
7,60600000;2,02893672
7,60700000;2,02906818
7,60800000;2,02919963
7,60900000;2,02933106
7,61000000;2,02946247
7,61100000;2,02959387
7,61200000;2,02972525
7,61300000;2,02985661
7,61400000;2,02998796
7,61500000;2,03011928
7,61600000;2,03025059
7,61700000;2,03038189
7,61800000;2,03051316
7,61900000;2,03064442
7,62000000;2,03077566
7,62100000;2,03090688
7,62200000;2,03103809
7,62300000;2,03116928
7,62400000;2,03130045
7,62500000;2,03143161
7,62600000;2,03156274
7,62700000;2,03169387
7,62800000;2,03182497
7,62900000;2,03195605
7,63000000;2,03208712
7,63100000;2,03221818
7,63200000;2,03234921
7,63300000;2,03248023
7,63400000;2,03261123
7,63500000;2,03274221
7,63600000;2,03287318
7,63700000;2,03300413
7,63800000;2,03313506
7,63900000;2,03326597
7,64000000;2,03339687
7,64100000;2,03352775
7,64200000;2,03365861
7,64300000;2,03378946
7,64400000;2,03392029
7,64500000;2,03405110
7,64600000;2,03418189
7,64700000;2,03431267
7,64800000;2,03444343
7,64900000;2,03457418
7,65000000;2,03470490
7,65100000;2,03483561
7,65200000;2,03496630
7,65300000;2,03509698
7,65400000;2,03522764
7,65500000;2,03535828
7,65600000;2,03548890
7,65700000;2,03561951
7,65800000;2,03575010
7,65900000;2,03588067
7,66000000;2,03601123
7,66100000;2,03614176
7,66200000;2,03627229
7,66300000;2,03640279
7,66400000;2,03653328
7,66500000;2,03666375
7,66600000;2,03679420
7,66700000;2,03692464
7,66800000;2,03705506
7,66900000;2,03718546
7,67000000;2,03731584
7,67100000;2,03744621
7,67200000;2,03757656
7,67300000;2,03770690
7,67400000;2,03783722
7,67500000;2,03796752
7,67600000;2,03809780
7,67700000;2,03822807
7,67800000;2,03835832
7,67900000;2,03848855
7,68000000;2,03861876
7,68100000;2,03874896
7,68200000;2,03887914
7,68300000;2,03900931
7,68400000;2,03913946
7,68500000;2,03926959
7,68600000;2,03939970
7,68700000;2,03952980
7,68800000;2,03965988
7,68900000;2,03978994
7,69000000;2,03991999
7,69100000;2,04005002
7,69200000;2,04018003
7,69300000;2,04031002
7,69400000;2,04044000
7,69500000;2,04056996
7,69600000;2,04069991
7,69700000;2,04082984
7,69800000;2,04095975
7,69900000;2,04108964
7,70000000;2,04121952
7,70100000;2,04134938
7,70200000;2,04147922
7,70300000;2,04160905
7,70400000;2,04173886
7,70500000;2,04186865
7,70600000;2,04199843
7,70700000;2,04212819
7,70800000;2,04225793
7,70900000;2,04238766
7,71000000;2,04251736
7,71100000;2,04264706
7,71200000;2,04277673
7,71300000;2,04290639
7,71400000;2,04303603
7,71500000;2,04316566
7,71600000;2,04329526
7,71700000;2,04342485
7,71800000;2,04355443
7,71900000;2,04368399
7,72000000;2,04381353
7,72100000;2,04394305
7,72200000;2,04407256
7,72300000;2,04420205
7,72400000;2,04433152
7,72500000;2,04446098
7,72600000;2,04459042
7,72700000;2,04471984
7,72800000;2,04484925
7,72900000;2,04497864
7,73000000;2,04510801
7,73100000;2,04523737
7,73200000;2,04536671
7,73300000;2,04549603
7,73400000;2,04562534
7,73500000;2,04575463
7,73600000;2,04588390
7,73700000;2,04601316
7,73800000;2,04614239
7,73900000;2,04627162
7,74000000;2,04640082
7,74100000;2,04653001
7,74200000;2,04665919
7,74300000;2,04678834
7,74400000;2,04691748
7,74500000;2,04704660
7,74600000;2,04717571
7,74700000;2,04730480
7,74800000;2,04743387
7,74900000;2,04756293
7,75000000;2,04769196
7,75100000;2,04782099
7,75200000;2,04794999
7,75300000;2,04807898
7,75400000;2,04820796
7,75500000;2,04833691
7,75600000;2,04846585
7,75700000;2,04859477
7,75800000;2,04872368
7,75900000;2,04885257
7,76000000;2,04898144
7,76100000;2,04911030
7,76200000;2,04923914
7,76300000;2,04936796
7,76400000;2,04949677
7,76500000;2,04962556
7,76600000;2,04975433
7,76700000;2,04988309
7,76800000;2,05001183
7,76900000;2,05014055
7,77000000;2,05026926
7,77100000;2,05039795
7,77200000;2,05052662
7,77300000;2,05065528
7,77400000;2,05078392
7,77500000;2,05091254
7,77600000;2,05104115
7,77700000;2,05116974
7,77800000;2,05129832
7,77900000;2,05142687
7,78000000;2,05155542
7,78100000;2,05168394
7,78200000;2,05181245
7,78300000;2,05194094
7,78400000;2,05206942
7,78500000;2,05219788
7,78600000;2,05232632
7,78700000;2,05245474
7,78800000;2,05258315
7,78900000;2,05271155
7,79000000;2,05283992
7,79100000;2,05296828
7,79200000;2,05309663
7,79300000;2,05322495
7,79400000;2,05335326
7,79500000;2,05348196
7,79600000;2,05361024
7,79700000;2,05373850
7,79800000;2,05386675
7,79900000;2,05399498
7,80000000;2,05412319
7,80100000;2,05425138
7,80200000;2,05437956
7,80300000;2,05450773
7,80400000;2,05463587
7,80500000;2,05476400
7,80600000;2,05489212
7,80700000;2,05502022
7,80800000;2,05514830
7,80900000;2,05527636
7,81000000;2,05540441
7,81100000;2,05553244
7,81200000;2,05566046
7,81300000;2,05578846
7,81400000;2,05591644
7,81500000;2,05604440
7,81600000;2,05617235
7,81700000;2,05630029
7,81800000;2,05642821
7,81900000;2,05655611
7,82000000;2,05668399
7,82100000;2,05681186
7,82200000;2,05693971
7,82300000;2,05706755
7,82400000;2,05719537
7,82500000;2,05732317
7,82600000;2,05745095
7,82700000;2,05757872
7,82800000;2,05770648
7,82900000;2,05783422
7,83000000;2,05796194
7,83100000;2,05808964
7,83200000;2,05821733
7,83300000;2,05834500
7,83400000;2,05847266
7,83500000;2,05860030
7,83600000;2,05872792
7,83700000;2,05885553
7,83800000;2,05898312
7,83900000;2,05911069
7,84000000;2,05923825
7,84100000;2,05936579
7,84200000;2,05949332
7,84300000;2,05962083
7,84400000;2,05974832
7,84500000;2,05987580
7,84600000;2,06000326
7,84700000;2,06013070
7,84800000;2,06025813
7,84900000;2,06038554
7,85000000;2,06051294
7,85100000;2,06064032
7,85200000;2,06076768
7,85300000;2,06089503
7,85400000;2,06102236
7,85500000;2,06114967
7,85600000;2,06127697
7,85700000;2,06140426
7,85800000;2,06153152
7,85900000;2,06165877
7,86000000;2,06178600
7,86100000;2,06191322
7,86200000;2,06204042
7,86300000;2,06216761
7,86400000;2,06229478
7,86500000;2,06242193
7,86600000;2,06254907
7,86700000;2,06267619
7,86800000;2,06280329
7,86900000;2,06293038
7,87000000;2,06305745
7,87100000;2,06318451
7,87200000;2,06331155
7,87300000;2,06343857
7,87400000;2,06356558
7,87500000;2,06369257
7,87600000;2,06381954
7,87700000;2,06394650
7,87800000;2,06407344
7,87900000;2,06420037
7,88000000;2,06432728
7,88100000;2,06445418
7,88200000;2,06458105
7,88300000;2,06470792
7,88400000;2,06483476
7,88500000;2,06496159
7,88600000;2,06508841
7,88700000;2,06521521
7,88800000;2,06534199
7,88900000;2,06546875
7,89000000;2,06559550
7,89100000;2,06572224
7,89200000;2,06584895
7,89300000;2,06597566
7,89400000;2,06610234
7,89500000;2,06622901
7,89600000;2,06635566
7,89700000;2,06648230
7,89800000;2,06660892
7,89900000;2,06673553
7,90000000;2,06686212
7,90100000;2,06698869
7,90200000;2,06711525
7,90300000;2,06724179
7,90400000;2,06736831
7,90500000;2,06749482
7,90600000;2,06762132
7,90700000;2,06774779
7,90800000;2,06787425
7,90900000;2,06800070
7,91000000;2,06812713
7,91100000;2,06825354
7,91200000;2,06837994
7,91300000;2,06850632
7,91400000;2,06863269
7,91500000;2,06875903
7,91600000;2,06888537
7,91700000;2,06901169
7,91800000;2,06913799
7,91900000;2,06926427
7,92000000;2,06939054
7,92100000;2,06951680
7,92200000;2,06964303
7,92300000;2,06976926
7,92400000;2,06989546
7,92500000;2,07002165
7,92600000;2,07014782
7,92700000;2,07027398
7,92800000;2,07040012
7,92900000;2,07052625
7,93000000;2,07065236
7,93100000;2,07077846
7,93200000;2,07090453
7,93300000;2,07103060
7,93400000;2,07115664
7,93500000;2,07128267
7,93600000;2,07140869
7,93700000;2,07153469
7,93800000;2,07166067
7,93900000;2,07178664
7,94000000;2,07191259
7,94100000;2,07203853
7,94200000;2,07216445
7,94300000;2,07229035
7,94400000;2,07241624
7,94500000;2,07254211
7,94600000;2,07266797
7,94700000;2,07279381
7,94800000;2,07291963
7,94900000;2,07304544
7,95000000;2,07317123
7,95100000;2,07329701
7,95200000;2,07342277
7,95300000;2,07354852
7,95400000;2,07367425
7,95500000;2,07379996
7,95600000;2,07392566
7,95700000;2,07405134
7,95800000;2,07417701
7,95900000;2,07430266
7,96000000;2,07442829
7,96100000;2,07455391
7,96200000;2,07467951
7,96300000;2,07480510
7,96400000;2,07493067
7,96500000;2,07505623
7,96600000;2,07518177
7,96700000;2,07530729
7,96800000;2,07543280
7,96900000;2,07555830
7,97000000;2,07568377
7,97100000;2,07580924
7,97200000;2,07593468
7,97300000;2,07606011
7,97400000;2,07618553
7,97500000;2,07631092
7,97600000;2,07643631
7,97700000;2,07656167
7,97800000;2,07668703
7,97900000;2,07681236
7,98000000;2,07693768
7,98100000;2,07706299
7,98200000;2,07718827
7,98300000;2,07731355
7,98400000;2,07743880
7,98500000;2,07756405
7,98600000;2,07768927
7,98700000;2,07781448
7,98800000;2,07793968
7,98900000;2,07806485
7,99000000;2,07819002
7,99100000;2,07831516
7,99200000;2,07844030
7,99300000;2,07856541
7,99400000;2,07869051
7,99500000;2,07881560
7,99600000;2,07894067
7,99700000;2,07906572
7,99800000;2,07919076
7,99900000;2,07931578
8,00000000;2,07944079
8,00100000;2,07956578
8,00200000;2,07969075
8,00300000;2,07981571
8,00400000;2,07994066
8,00500000;2,08006559
8,00600000;2,08019050
8,00700000;2,08031540
8,00800000;2,08044028
8,00900000;2,08056514
8,01000000;2,08068999
8,01100000;2,08081483
8,01200000;2,08093965
8,01300000;2,08106445
8,01400000;2,08118924
8,01500000;2,08131401
8,01600000;2,08143877
8,01700000;2,08156351
8,01800000;2,08168824
8,01900000;2,08181295
8,02000000;2,08193764
8,02100000;2,08206232
8,02200000;2,08218699
8,02300000;2,08231163
8,02400000;2,08243627
8,02500000;2,08256088
8,02600000;2,08268549
8,02700000;2,08281007
8,02800000;2,08293464
8,02900000;2,08305920
8,03000000;2,08318374
8,03100000;2,08330826
8,03200000;2,08343277
8,03300000;2,08355726
8,03400000;2,08368174
8,03500000;2,08380620
8,03600000;2,08393065
8,03700000;2,08405508
8,03800000;2,08417950
8,03900000;2,08430390
8,04000000;2,08442828
8,04100000;2,08455265
8,04200000;2,08467700
8,04300000;2,08480134
8,04400000;2,08492566
8,04500000;2,08504997
8,04600000;2,08517426
8,04700000;2,08529854
8,04800000;2,08542280
8,04900000;2,08554705
8,05000000;2,08567128
8,05100000;2,08579549
8,05200000;2,08591969
8,05300000;2,08604387
8,05400000;2,08616804
8,05500000;2,08629219
8,05600000;2,08641633
8,05700000;2,08654045
8,05800000;2,08666456
8,05900000;2,08678865
8,06000000;2,08691273
8,06100000;2,08703679
8,06200000;2,08716083
8,06300000;2,08728486
8,06400000;2,08740888
8,06500000;2,08753288
8,06600000;2,08765686
8,06700000;2,08778083
8,06800000;2,08790478
8,06900000;2,08802872
8,07000000;2,08815264
8,07100000;2,08827655
8,07200000;2,08840044
8,07300000;2,08852431
8,07400000;2,08864818
8,07500000;2,08877202
8,07600000;2,08889585
8,07700000;2,08901967
8,07800000;2,08914347
8,07900000;2,08926725
8,08000000;2,08939102
8,08100000;2,08951477
8,08200000;2,08963851
8,08300000;2,08976223
8,08400000;2,08988594
8,08500000;2,09000963
8,08600000;2,09013331
8,08700000;2,09025697
8,08800000;2,09038062
8,08900000;2,09050425
8,09000000;2,09062786
8,09100000;2,09075146
8,09200000;2,09087505
8,09300000;2,09099862
8,09400000;2,09112217
8,09500000;2,09124571
8,09600000;2,09136924
8,09700000;2,09149275
8,09800000;2,09161624
8,09900000;2,09173972
8,10000000;2,09186318
8,10100000;2,09198663
8,10200000;2,09211006
8,10300000;2,09223348
8,10400000;2,09235688
8,10500000;2,09248027
8,10600000;2,09260364
8,10700000;2,09272699
8,10800000;2,09285034
8,10900000;2,09297366
8,11000000;2,09309697
8,11100000;2,09322027
8,11200000;2,09334355
8,11300000;2,09346681
8,11400000;2,09359006
8,11500000;2,09371330
8,11600000;2,09383652
8,11700000;2,09395972
8,11800000;2,09408291
8,11900000;2,09420609
8,12000000;2,09432925
8,12100000;2,09445239
8,12200000;2,09457552
8,12300000;2,09469863
8,12400000;2,09482173
8,12500000;2,09494481
8,12600000;2,09506788
8,12700000;2,09519093
8,12800000;2,09531397
8,12900000;2,09543699
8,13000000;2,09556000
8,13100000;2,09568299
8,13200000;2,09580597
8,13300000;2,09592893
8,13400000;2,09605188
8,13500000;2,09617481
8,13600000;2,09629773
8,13700000;2,09642063
8,13800000;2,09654352
8,13900000;2,09666639
8,14000000;2,09678924
8,14100000;2,09691208
8,14200000;2,09703491
8,14300000;2,09715772
8,14400000;2,09728091
8,14500000;2,09740369
8,14600000;2,09752645
8,14700000;2,09764921
8,14800000;2,09777194
8,14900000;2,09789466
8,15000000;2,09801737
8,15100000;2,09814006
8,15200000;2,09826274
8,15300000;2,09838540
8,15400000;2,09850804
8,15500000;2,09863067
8,15600000;2,09875329
8,15700000;2,09887589
8,15800000;2,09899848
8,15900000;2,09912105
8,16000000;2,09924360
8,16100000;2,09936614
8,16200000;2,09948867
8,16300000;2,09961118
8,16400000;2,09973367
8,16500000;2,09985615
8,16600000;2,09997862
8,16700000;2,10010107
8,16800000;2,10022351
8,16900000;2,10034593
8,17000000;2,10046833
8,17100000;2,10059072
8,17200000;2,10071310
8,17300000;2,10083546
8,17400000;2,10095780
8,17500000;2,10108014
8,17600000;2,10120245
8,17700000;2,10132475
8,17800000;2,10144704
8,17900000;2,10156931
8,18000000;2,10169156
8,18100000;2,10181381
8,18200000;2,10193603
8,18300000;2,10205824
8,18400000;2,10218044
8,18500000;2,10230262
8,18600000;2,10242479
8,18700000;2,10254694
8,18800000;2,10266907
8,18900000;2,10279120
8,19000000;2,10291330
8,19100000;2,10303539
8,19200000;2,10315747
8,19300000;2,10327953
8,19400000;2,10340158
8,19500000;2,10352361
8,19600000;2,10364563
8,19700000;2,10376763
8,19800000;2,10388962
8,19900000;2,10401159
8,20000000;2,10413355
8,20100000;2,10425549
8,20200000;2,10437742
8,20300000;2,10449933
8,20400000;2,10462123
8,20500000;2,10474312
8,20600000;2,10486498
8,20700000;2,10498684
8,20800000;2,10510868
8,20900000;2,10523050
8,21000000;2,10535231
8,21100000;2,10547410
8,21200000;2,10559588
8,21300000;2,10571765
8,21400000;2,10583940
8,21500000;2,10596113
8,21600000;2,10608285
8,21700000;2,10620456
8,21800000;2,10632625
8,21900000;2,10644792
8,22000000;2,10656959
8,22100000;2,10669123
8,22200000;2,10681286
8,22300000;2,10693448
8,22400000;2,10705608
8,22500000;2,10717767
8,22600000;2,10729924
8,22700000;2,10742080
8,22800000;2,10754234
8,22900000;2,10766387
8,23000000;2,10778538
8,23100000;2,10790688
8,23200000;2,10802836
8,23300000;2,10814983
8,23400000;2,10827129
8,23500000;2,10839273
8,23600000;2,10851415
8,23700000;2,10863556
8,23800000;2,10875695
8,23900000;2,10887833
8,24000000;2,10899970
8,24100000;2,10912105
8,24200000;2,10924239
8,24300000;2,10936371
8,24400000;2,10948502
8,24500000;2,10960631
8,24600000;2,10972758
8,24700000;2,10984885
8,24800000;2,10997010
8,24900000;2,11009133
8,25000000;2,11021255
8,25100000;2,11033375
8,25200000;2,11045494
8,25300000;2,11057611
8,25400000;2,11069727
8,25500000;2,11081842
8,25600000;2,11093955
8,25700000;2,11106066
8,25800000;2,11118177
8,25900000;2,11130285
8,26000000;2,11142392
8,26100000;2,11154498
8,26200000;2,11166602
8,26300000;2,11178705
8,26400000;2,11190806
8,26500000;2,11202906
8,26600000;2,11215005
8,26700000;2,11227102
8,26800000;2,11239197
8,26900000;2,11251291
8,27000000;2,11263384
8,27100000;2,11275475
8,27200000;2,11287564
8,27300000;2,11299652
8,27400000;2,11311739
8,27500000;2,11323824
8,27600000;2,11335908
8,27700000;2,11347990
8,27800000;2,11360071
8,27900000;2,11372150
8,28000000;2,11384228
8,28100000;2,11396305
8,28200000;2,11408380
8,28300000;2,11420453
8,28400000;2,11432525
8,28500000;2,11444596
8,28600000;2,11456665
8,28700000;2,11468733
8,28800000;2,11480799
8,28900000;2,11492864
8,29000000;2,11504927
8,29100000;2,11516989
8,29200000;2,11529050
8,29300000;2,11541109
8,29400000;2,11553166
8,29500000;2,11565222
8,29600000;2,11577277
8,29700000;2,11589330
8,29800000;2,11601382
8,29900000;2,11613432
8,30000000;2,11625481
8,30100000;2,11637528
8,30200000;2,11649574
8,30300000;2,11661619
8,30400000;2,11673662
8,30500000;2,11685703
8,30600000;2,11697743
8,30700000;2,11709782
8,30800000;2,11721819
8,30900000;2,11733855
8,31000000;2,11745889
8,31100000;2,11757922
8,31200000;2,11769954
8,31300000;2,11781983
8,31400000;2,11794012
8,31500000;2,11806039
8,31600000;2,11818065
8,31700000;2,11830089
8,31800000;2,11842112
8,31900000;2,11854133
8,32000000;2,11866153
8,32100000;2,11878171
8,32200000;2,11890188
8,32300000;2,11902204
8,32400000;2,11914218
8,32500000;2,11926230
8,32600000;2,11938241
8,32700000;2,11950251
8,32800000;2,11962259
8,32900000;2,11974266
8,33000000;2,11986272
8,33100000;2,11998276
8,33200000;2,12010278
8,33300000;2,12022279
8,33400000;2,12034279
8,33500000;2,12046277
8,33600000;2,12058274
8,33700000;2,12070269
8,33800000;2,12082263
8,33900000;2,12094256
8,34000000;2,12106247
8,34100000;2,12118236
8,34200000;2,12130224
8,34300000;2,12142211
8,34400000;2,12154196
8,34500000;2,12166180
8,34600000;2,12178163
8,34700000;2,12190143
8,34800000;2,12202123
8,34900000;2,12214101
8,35000000;2,12226078
8,35100000;2,12238053
8,35200000;2,12250027
8,35300000;2,12261999
8,35400000;2,12273970
8,35500000;2,12285939
8,35600000;2,12297908
8,35700000;2,12309874
8,35800000;2,12321839
8,35900000;2,12333803
8,36000000;2,12345765
8,36100000;2,12357726
8,36200000;2,12369686
8,36300000;2,12381644
8,36400000;2,12393600
8,36500000;2,12405556
8,36600000;2,12417509
8,36700000;2,12429462
8,36800000;2,12441412
8,36900000;2,12453362
8,37000000;2,12465310
8,37100000;2,12477257
8,37200000;2,12489202
8,37300000;2,12501145
8,37400000;2,12513088
8,37500000;2,12525029
8,37600000;2,12536968
8,37700000;2,12548906
8,37800000;2,12560843
8,37900000;2,12572778
8,38000000;2,12584712
8,38100000;2,12596644
8,38200000;2,12608575
8,38300000;2,12620505
8,38400000;2,12632433
8,38500000;2,12644359
8,38600000;2,12656284
8,38700000;2,12668208
8,38800000;2,12680131
8,38900000;2,12692052
8,39000000;2,12703971
8,39100000;2,12715889
8,39200000;2,12727806
8,39300000;2,12739721
8,39400000;2,12751635
8,39500000;2,12763548
8,39600000;2,12775459
8,39700000;2,12787368
8,39800000;2,12799276
8,39900000;2,12811183
8,40000000;2,12823089
8,40100000;2,12834992
8,40200000;2,12846895
8,40300000;2,12858796
8,40400000;2,12870696
8,40500000;2,12882594
8,40600000;2,12894491
8,40700000;2,12906386
8,40800000;2,12918280
8,40900000;2,12930173
8,41000000;2,12942064
8,41100000;2,12953954
8,41200000;2,12965842
8,41300000;2,12977729
8,41400000;2,12989615
8,41500000;2,13001499
8,41600000;2,13013382
8,41700000;2,13025263
8,41800000;2,13037143
8,41900000;2,13049021
8,42000000;2,13060898
8,42100000;2,13072774
8,42200000;2,13084648
8,42300000;2,13096521
8,42400000;2,13108392
8,42500000;2,13120262
8,42600000;2,13132131
8,42700000;2,13143998
8,42800000;2,13155864
8,42900000;2,13167728
8,43000000;2,13179591
8,43100000;2,13191453
8,43200000;2,13203313
8,43300000;2,13215172
8,43400000;2,13227029
8,43500000;2,13238885
8,43600000;2,13250740
8,43700000;2,13262593
8,43800000;2,13274445
8,43900000;2,13286295
8,44000000;2,13298144
8,44100000;2,13309991
8,44200000;2,13321837
8,44300000;2,13333682
8,44400000;2,13345525
8,44500000;2,13357367
8,44600000;2,13369208
8,44700000;2,13381047
8,44800000;2,13392885
8,44900000;2,13404721
8,45000000;2,13416556
8,45100000;2,13428389
8,45200000;2,13440221
8,45300000;2,13452052
8,45400000;2,13463881
8,45500000;2,13475709
8,45600000;2,13487536
8,45700000;2,13499361
8,45800000;2,13511184
8,45900000;2,13523007
8,46000000;2,13534828
8,46100000;2,13546647
8,46200000;2,13558465
8,46300000;2,13570282
8,46400000;2,13582097
8,46500000;2,13593911
8,46600000;2,13605724
8,46700000;2,13617535
8,46800000;2,13629345
8,46900000;2,13641153
8,47000000;2,13652960
8,47100000;2,13664765
8,47200000;2,13676570
8,47300000;2,13688372
8,47400000;2,13700174
8,47500000;2,13711974
8,47600000;2,13723772
8,47700000;2,13735569
8,47800000;2,13747365
8,47900000;2,13759160
8,48000000;2,13770953
8,48100000;2,13782744
8,48200000;2,13794534
8,48300000;2,13806323
8,48400000;2,13818111
8,48500000;2,13829897
8,48600000;2,13841681
8,48700000;2,13853465
8,48800000;2,13865247
8,48900000;2,13877027
8,49000000;2,13888806
8,49100000;2,13900584
8,49200000;2,13912360
8,49300000;2,13924135
8,49400000;2,13935947
8,49500000;2,13947719
8,49600000;2,13959490
8,49700000;2,13971259
8,49800000;2,13983027
8,49900000;2,13994794
8,50000000;2,14006559
8,50100000;2,14018323
8,50200000;2,14030086
8,50300000;2,14041847
8,50400000;2,14053607
8,50500000;2,14065365
8,50600000;2,14077122
8,50700000;2,14088878
8,50800000;2,14100632
8,50900000;2,14112385
8,51000000;2,14124136
8,51100000;2,14135886
8,51200000;2,14147635
8,51300000;2,14159382
8,51400000;2,14171128
8,51500000;2,14182873
8,51600000;2,14194616
8,51700000;2,14206358
8,51800000;2,14218098
8,51900000;2,14229838
8,52000000;2,14241575
8,52100000;2,14253312
8,52200000;2,14265046
8,52300000;2,14276780
8,52400000;2,14288512
8,52500000;2,14300243
8,52600000;2,14311972
8,52700000;2,14323700
8,52800000;2,14335427
8,52900000;2,14347152
8,53000000;2,14358876
8,53100000;2,14370599
8,53200000;2,14382320
8,53300000;2,14394040
8,53400000;2,14405758
8,53500000;2,14417475
8,53600000;2,14429191
8,53700000;2,14440905
8,53800000;2,14452618
8,53900000;2,14464330
8,54000000;2,14476040
8,54100000;2,14487749
8,54200000;2,14499456
8,54300000;2,14511162
8,54400000;2,14522867
8,54500000;2,14534571
8,54600000;2,14546273
8,54700000;2,14557973
8,54800000;2,14569672
8,54900000;2,14581370
8,55000000;2,14593067
8,55100000;2,14604762
8,55200000;2,14616456
8,55300000;2,14628148
8,55400000;2,14639839
8,55500000;2,14651529
8,55600000;2,14663217
8,55700000;2,14674904
8,55800000;2,14686589
8,55900000;2,14698274
8,56000000;2,14709957
8,56100000;2,14721638
8,56200000;2,14733318
8,56300000;2,14744997
8,56400000;2,14756674
8,56500000;2,14768350
8,56600000;2,14780025
8,56700000;2,14791698
8,56800000;2,14803370
8,56900000;2,14815041
8,57000000;2,14826710
8,57100000;2,14838378
8,57200000;2,14850044
8,57300000;2,14861709
8,57400000;2,14873373
8,57500000;2,14885035
8,57600000;2,14896696
8,57700000;2,14908356
8,57800000;2,14920014
8,57900000;2,14931671
8,58000000;2,14943327
8,58100000;2,14954981
8,58200000;2,14966634
8,58300000;2,14978286
8,58400000;2,14989936
8,58500000;2,15001585
8,58600000;2,15013232
8,58700000;2,15024878
8,58800000;2,15036523
8,58900000;2,15048166
8,59000000;2,15059808
8,59100000;2,15071449
8,59200000;2,15083088
8,59300000;2,15094726
8,59400000;2,15106363
8,59500000;2,15117998
8,59600000;2,15129632
8,59700000;2,15141264
8,59800000;2,15152896
8,59900000;2,15164526
8,60000000;2,15176154
8,60100000;2,15187781
8,60200000;2,15199407
8,60300000;2,15211031
8,60400000;2,15222654
8,60500000;2,15234276
8,60600000;2,15245897
8,60700000;2,15257516
8,60800000;2,15269133
8,60900000;2,15280750
8,61000000;2,15292365
8,61100000;2,15303978
8,61200000;2,15315590
8,61300000;2,15327201
8,61400000;2,15338811
8,61500000;2,15350419
8,61600000;2,15362026
8,61700000;2,15373632
8,61800000;2,15385236
8,61900000;2,15396839
8,62000000;2,15408440
8,62100000;2,15420040
8,62200000;2,15431639
8,62300000;2,15443237
8,62400000;2,15454833
8,62500000;2,15466427
8,62600000;2,15478021
8,62700000;2,15489613
8,62800000;2,15501204
8,62900000;2,15512793
8,63000000;2,15524381
8,63100000;2,15535968
8,63200000;2,15547553
8,63300000;2,15559137
8,63400000;2,15570720
8,63500000;2,15582301
8,63600000;2,15593881
8,63700000;2,15605460
8,63800000;2,15617037
8,63900000;2,15628613
8,64000000;2,15640188
8,64100000;2,15651761
8,64200000;2,15663333
8,64300000;2,15674904
8,64400000;2,15686473
8,64500000;2,15698041
8,64600000;2,15709608
8,64700000;2,15721173
8,64800000;2,15732737
8,64900000;2,15744299
8,65000000;2,15755861
8,65100000;2,15767421
8,65200000;2,15778979
8,65300000;2,15790536
8,65400000;2,15802092
8,65500000;2,15813647
8,65600000;2,15825200
8,65700000;2,15836752
8,65800000;2,15848303
8,65900000;2,15859852
8,66000000;2,15871400
8,66100000;2,15882946
8,66200000;2,15894492
8,66300000;2,15906036
8,66400000;2,15917578
8,66500000;2,15929119
8,66600000;2,15940659
8,66700000;2,15952198
8,66800000;2,15963735
8,66900000;2,15975271
8,67000000;2,15986806
8,67100000;2,15998339
8,67200000;2,16009871
8,67300000;2,16021401
8,67400000;2,16032931
8,67500000;2,16044459
8,67600000;2,16055985
8,67700000;2,16067510
8,67800000;2,16079034
8,67900000;2,16090557
8,68000000;2,16102078
8,68100000;2,16113598
8,68200000;2,16125117
8,68300000;2,16136634
8,68400000;2,16148150
8,68500000;2,16159665
8,68600000;2,16171178
8,68700000;2,16182690
8,68800000;2,16194201
8,68900000;2,16205710
8,69000000;2,16217218
8,69100000;2,16228725
8,69200000;2,16240230
8,69300000;2,16251734
8,69400000;2,16263237
8,69500000;2,16274739
8,69600000;2,16286239
8,69700000;2,16297737
8,69800000;2,16309235
8,69900000;2,16320731
8,70000000;2,16332226
8,70100000;2,16343719
8,70200000;2,16355211
8,70300000;2,16366702
8,70400000;2,16378192
8,70500000;2,16389680
8,70600000;2,16401167
8,70700000;2,16412652
8,70800000;2,16424137
8,70900000;2,16435620
8,71000000;2,16447101
8,71100000;2,16458581
8,71200000;2,16470060
8,71300000;2,16481538
8,71400000;2,16493014
8,71500000;2,16504489
8,71600000;2,16515963
8,71700000;2,16527435
8,71800000;2,16538907
8,71900000;2,16550376
8,72000000;2,16561845
8,72100000;2,16573312
8,72200000;2,16584778
8,72300000;2,16596242
8,72400000;2,16607705
8,72500000;2,16619167
8,72600000;2,16630628
8,72700000;2,16642087
8,72800000;2,16653545
8,72900000;2,16665001
8,73000000;2,16676457
8,73100000;2,16687911
8,73200000;2,16699363
8,73300000;2,16710815
8,73400000;2,16722265
8,73500000;2,16733714
8,73600000;2,16745161
8,73700000;2,16756607
8,73800000;2,16768052
8,73900000;2,16779495
8,74000000;2,16790938
8,74100000;2,16802378
8,74200000;2,16813818
8,74300000;2,16825256
8,74400000;2,16836693
8,74500000;2,16848129
8,74600000;2,16859563
8,74700000;2,16870996
8,74800000;2,16882428
8,74900000;2,16893858
8,75000000;2,16905287
8,75100000;2,16916715
8,75200000;2,16928142
8,75300000;2,16939567
8,75400000;2,16950991
8,75500000;2,16962413
8,75600000;2,16973835
8,75700000;2,16985255
8,75800000;2,16996673
8,75900000;2,17008091
8,76000000;2,17019507
8,76100000;2,17030922
8,76200000;2,17042335
8,76300000;2,17053747
8,76400000;2,17065158
8,76500000;2,17076568
8,76600000;2,17087976
8,76700000;2,17099383
8,76800000;2,17110788
8,76900000;2,17122193
8,77000000;2,17133596
8,77100000;2,17144997
8,77200000;2,17156398
8,77300000;2,17167797
8,77400000;2,17179195
8,77500000;2,17190591
8,77600000;2,17201987
8,77700000;2,17213381
8,77800000;2,17224773
8,77900000;2,17236165
8,78000000;2,17247555
8,78100000;2,17258943
8,78200000;2,17270331
8,78300000;2,17281717
8,78400000;2,17293102
8,78500000;2,17304485
8,78600000;2,17315868
8,78700000;2,17327249
8,78800000;2,17338628
8,78900000;2,17350007
8,79000000;2,17361384
8,79100000;2,17372760
8,79200000;2,17384134
8,79300000;2,17395507
8,79400000;2,17406879
8,79500000;2,17418250
8,79600000;2,17429619
8,79700000;2,17440987
8,79800000;2,17452354
8,79900000;2,17463719
8,80000000;2,17475084
8,80100000;2,17486446
8,80200000;2,17497808
8,80300000;2,17509168
8,80400000;2,17520527
8,80500000;2,17531885
8,80600000;2,17543241
8,80700000;2,17554596
8,80800000;2,17565950
8,80900000;2,17577303
8,81000000;2,17588654
8,81100000;2,17600004
8,81200000;2,17611353
8,81300000;2,17622700
8,81400000;2,17634046
8,81500000;2,17645391
8,81600000;2,17656735
8,81700000;2,17668077
8,81800000;2,17679418
8,81900000;2,17690757
8,82000000;2,17702096
8,82100000;2,17713433
8,82200000;2,17724769
8,82300000;2,17736103
8,82400000;2,17747437
8,82500000;2,17758768
8,82600000;2,17770099
8,82700000;2,17781429
8,82800000;2,17792757
8,82900000;2,17804083
8,83000000;2,17815409
8,83100000;2,17826733
8,83200000;2,17838056
8,83300000;2,17849378
8,83400000;2,17860698
8,83500000;2,17872017
8,83600000;2,17883335
8,83700000;2,17894652
8,83800000;2,17905967
8,83900000;2,17917281
8,84000000;2,17928594
8,84100000;2,17939905
8,84200000;2,17951215
8,84300000;2,17962561
8,84400000;2,17973869
8,84500000;2,17985175
8,84600000;2,17996480
8,84700000;2,18007784
8,84800000;2,18019086
8,84900000;2,18030388
8,85000000;2,18041688
8,85100000;2,18052986
8,85200000;2,18064284
8,85300000;2,18075580
8,85400000;2,18086875
8,85500000;2,18098168
8,85600000;2,18109461
8,85700000;2,18120752
8,85800000;2,18132042
8,85900000;2,18143330
8,86000000;2,18154617
8,86100000;2,18165903
8,86200000;2,18177188
8,86300000;2,18188471
8,86400000;2,18199754
8,86500000;2,18211034
8,86600000;2,18222314
8,86700000;2,18233592
8,86800000;2,18244869
8,86900000;2,18256145
8,87000000;2,18267420
8,87100000;2,18278693
8,87200000;2,18289965
8,87300000;2,18301236
8,87400000;2,18312505
8,87500000;2,18323773
8,87600000;2,18335040
8,87700000;2,18346306
8,87800000;2,18357570
8,87900000;2,18368833
8,88000000;2,18380095
8,88100000;2,18391355
8,88200000;2,18402615
8,88300000;2,18413873
8,88400000;2,18425129
8,88500000;2,18436385
8,88600000;2,18447639
8,88700000;2,18458892
8,88800000;2,18470144
8,88900000;2,18481394
8,89000000;2,18492643
8,89100000;2,18503891
8,89200000;2,18515138
8,89300000;2,18526383
8,89400000;2,18537627
8,89500000;2,18548870
8,89600000;2,18560112
8,89700000;2,18571352
8,89800000;2,18582591
8,89900000;2,18593829
8,90000000;2,18605065
8,90100000;2,18616300
8,90200000;2,18627534
8,90300000;2,18638767
8,90400000;2,18649998
8,90500000;2,18661229
8,90600000;2,18672458
8,90700000;2,18683685
8,90800000;2,18694912
8,90900000;2,18706137
8,91000000;2,18717361
8,91100000;2,18728583
8,91200000;2,18739805
8,91300000;2,18751025
8,91400000;2,18762244
8,91500000;2,18773461
8,91600000;2,18784677
8,91700000;2,18795893
8,91800000;2,18807106
8,91900000;2,18818319
8,92000000;2,18829530
8,92100000;2,18840740
8,92200000;2,18851949
8,92300000;2,18863157
8,92400000;2,18874363
8,92500000;2,18885568
8,92600000;2,18896772
8,92700000;2,18907974
8,92800000;2,18919175
8,92900000;2,18930375
8,93000000;2,18941574
8,93100000;2,18952772
8,93200000;2,18963968
8,93300000;2,18975163
8,93400000;2,18986357
8,93500000;2,18997549
8,93600000;2,19008740
8,93700000;2,19019930
8,93800000;2,19031119
8,93900000;2,19042306
8,94000000;2,19053493
8,94100000;2,19064678
8,94200000;2,19075861
8,94300000;2,19087044
8,94400000;2,19098225
8,94500000;2,19109405
8,94600000;2,19120584
8,94700000;2,19131761
8,94800000;2,19142937
8,94900000;2,19154112
8,95000000;2,19165286
8,95100000;2,19176458
8,95200000;2,19187630
8,95300000;2,19198800
8,95400000;2,19209968
8,95500000;2,19221136
8,95600000;2,19232302
8,95700000;2,19243467
8,95800000;2,19254631
8,95900000;2,19265793
8,96000000;2,19276954
8,96100000;2,19288114
8,96200000;2,19299273
8,96300000;2,19310431
8,96400000;2,19321587
8,96500000;2,19332742
8,96600000;2,19343896
8,96700000;2,19355048
8,96800000;2,19366200
8,96900000;2,19377350
8,97000000;2,19388498
8,97100000;2,19399646
8,97200000;2,19410792
8,97300000;2,19421937
8,97400000;2,19433081
8,97500000;2,19444224
8,97600000;2,19455365
8,97700000;2,19466505
8,97800000;2,19477644
8,97900000;2,19488782
8,98000000;2,19499918
8,98100000;2,19511053
8,98200000;2,19522187
8,98300000;2,19533320
8,98400000;2,19544451
8,98500000;2,19555581
8,98600000;2,19566710
8,98700000;2,19577838
8,98800000;2,19588964
8,98900000;2,19600090
8,99000000;2,19611214
8,99100000;2,19622336
8,99200000;2,19633458
8,99300000;2,19644578
8,99400000;2,19655697
8,99500000;2,19666815
8,99600000;2,19677932
8,99700000;2,19689047
8,99800000;2,19700161
8,99900000;2,19711274
9,00000000;2,19722386
9,00100000;2,19733496
9,00200000;2,19744605
9,00300000;2,19755713
9,00400000;2,19766820
9,00500000;2,19777925
9,00600000;2,19789029
9,00700000;2,19800132
9,00800000;2,19811234
9,00900000;2,19822335
9,01000000;2,19833434
9,01100000;2,19844532
9,01200000;2,19855629
9,01300000;2,19866724
9,01400000;2,19877819
9,01500000;2,19888912
9,01600000;2,19900004
9,01700000;2,19911095
9,01800000;2,19922184
9,01900000;2,19933272
9,02000000;2,19944359
9,02100000;2,19955445
9,02200000;2,19966529
9,02300000;2,19977613
9,02400000;2,19988695
9,02500000;2,19999776
9,02600000;2,20010855
9,02700000;2,20021934
9,02800000;2,20033011
9,02900000;2,20044087
9,03000000;2,20055161
9,03100000;2,20066235
9,03200000;2,20077307
9,03300000;2,20088378
9,03400000;2,20099448
9,03500000;2,20110517
9,03600000;2,20121584
9,03700000;2,20132650
9,03800000;2,20143715
9,03900000;2,20154779
9,04000000;2,20165841
9,04100000;2,20176902
9,04200000;2,20187962
9,04300000;2,20199021
9,04400000;2,20210079
9,04500000;2,20221135
9,04600000;2,20232190
9,04700000;2,20243244
9,04800000;2,20254297
9,04900000;2,20265348
9,05000000;2,20276398
9,05100000;2,20287447
9,05200000;2,20298495
9,05300000;2,20309542
9,05400000;2,20320587
9,05500000;2,20331631
9,05600000;2,20342674
9,05700000;2,20353716
9,05800000;2,20364756
9,05900000;2,20375795
9,06000000;2,20386834
9,06100000;2,20397870
9,06200000;2,20408906
9,06300000;2,20419940
9,06400000;2,20430973
9,06500000;2,20442005
9,06600000;2,20453036
9,06700000;2,20464066
9,06800000;2,20475094
9,06900000;2,20486121
9,07000000;2,20497147
9,07100000;2,20508171
9,07200000;2,20519195
9,07300000;2,20530217
9,07400000;2,20541238
9,07500000;2,20552258
9,07600000;2,20563276
9,07700000;2,20574294
9,07800000;2,20585310
9,07900000;2,20596325
9,08000000;2,20607339
9,08100000;2,20618351
9,08200000;2,20629362
9,08300000;2,20640372
9,08400000;2,20651381
9,08500000;2,20662389
9,08600000;2,20673395
9,08700000;2,20684401
9,08800000;2,20695405
9,08900000;2,20706407
9,09000000;2,20717409
9,09100000;2,20728409
9,09200000;2,20739409
9,09300000;2,20750407
9,09400000;2,20761403
9,09500000;2,20772399
9,09600000;2,20783393
9,09700000;2,20794386
9,09800000;2,20805378
9,09900000;2,20816369
9,10000000;2,20827358
9,10100000;2,20838347
9,10200000;2,20849334
9,10300000;2,20860320
9,10400000;2,20871304
9,10500000;2,20882288
9,10600000;2,20893270
9,10700000;2,20904251
9,10800000;2,20915231
9,10900000;2,20926210
9,11000000;2,20937187
9,11100000;2,20948163
9,11200000;2,20959138
9,11300000;2,20970112
9,11400000;2,20981085
9,11500000;2,20992056
9,11600000;2,21003026
9,11700000;2,21013995
9,11800000;2,21024963
9,11900000;2,21035930
9,12000000;2,21046895
9,12100000;2,21057859
9,12200000;2,21068822
9,12300000;2,21079784
9,12400000;2,21090745
9,12500000;2,21101704
9,12600000;2,21112662
9,12700000;2,21123619
9,12800000;2,21134575
9,12900000;2,21145530
9,13000000;2,21156483
9,13100000;2,21167435
9,13200000;2,21178386
9,13300000;2,21189336
9,13400000;2,21200285
9,13500000;2,21211232
9,13600000;2,21222178
9,13700000;2,21233123
9,13800000;2,21244067
9,13900000;2,21255010
9,14000000;2,21265951
9,14100000;2,21276891
9,14200000;2,21287830
9,14300000;2,21298768
9,14400000;2,21309705
9,14500000;2,21320640
9,14600000;2,21331574
9,14700000;2,21342507
9,14800000;2,21353439
9,14900000;2,21364370
9,15000000;2,21375299
9,15100000;2,21386227
9,15200000;2,21397154
9,15300000;2,21408080
9,15400000;2,21419005
9,15500000;2,21429928
9,15600000;2,21440851
9,15700000;2,21451772
9,15800000;2,21462692
9,15900000;2,21473610
9,16000000;2,21484528
9,16100000;2,21495444
9,16200000;2,21506359
9,16300000;2,21517273
9,16400000;2,21528186
9,16500000;2,21539097
9,16600000;2,21550008
9,16700000;2,21560917
9,16800000;2,21571825
9,16900000;2,21582732
9,17000000;2,21593637
9,17100000;2,21604542
9,17200000;2,21615445
9,17300000;2,21626347
9,17400000;2,21637248
9,17500000;2,21648148
9,17600000;2,21659046
9,17700000;2,21669943
9,17800000;2,21680839
9,17900000;2,21691734
9,18000000;2,21702628
9,18100000;2,21713520
9,18200000;2,21724412
9,18300000;2,21735302
9,18400000;2,21746191
9,18500000;2,21757079
9,18600000;2,21767965
9,18700000;2,21778851
9,18800000;2,21789735
9,18900000;2,21800618
9,19000000;2,21811500
9,19100000;2,21822381
9,19200000;2,21833260
9,19300000;2,21844174
9,19400000;2,21855051
9,19500000;2,21865927
9,19600000;2,21876802
9,19700000;2,21887675
9,19800000;2,21898548
9,19900000;2,21909419
9,20000000;2,21920289
9,20100000;2,21931158
9,20200000;2,21942026
9,20300000;2,21952892
9,20400000;2,21963758
9,20500000;2,21974622
9,20600000;2,21985485
9,20700000;2,21996347
9,20800000;2,22007207
9,20900000;2,22018067
9,21000000;2,22028925
9,21100000;2,22039782
9,21200000;2,22050638
9,21300000;2,22061493
9,21400000;2,22072346
9,21500000;2,22083199
9,21600000;2,22094050
9,21700000;2,22104900
9,21800000;2,22115749
9,21900000;2,22126596
9,22000000;2,22137443
9,22100000;2,22148288
9,22200000;2,22159132
9,22300000;2,22169975
9,22400000;2,22180817
9,22500000;2,22191658
9,22600000;2,22202497
9,22700000;2,22213335
9,22800000;2,22224172
9,22900000;2,22235008
9,23000000;2,22245843
9,23100000;2,22256677
9,23200000;2,22267509
9,23300000;2,22278340
9,23400000;2,22289170
9,23500000;2,22299999
9,23600000;2,22310827
9,23700000;2,22321653
9,23800000;2,22332479
9,23900000;2,22343303
9,24000000;2,22354126
9,24100000;2,22364948
9,24200000;2,22375768
9,24300000;2,22386588
9,24400000;2,22397406
9,24500000;2,22408223
9,24600000;2,22419039
9,24700000;2,22429854
9,24800000;2,22440668
9,24900000;2,22451480
9,25000000;2,22462292
9,25100000;2,22473102
9,25200000;2,22483911
9,25300000;2,22494718
9,25400000;2,22505525
9,25500000;2,22516331
9,25600000;2,22527135
9,25700000;2,22537938
9,25800000;2,22548740
9,25900000;2,22559541
9,26000000;2,22570340
9,26100000;2,22581139
9,26200000;2,22591936
9,26300000;2,22602732
9,26400000;2,22613527
9,26500000;2,22624321
9,26600000;2,22635114
9,26700000;2,22645905
9,26800000;2,22656695
9,26900000;2,22667485
9,27000000;2,22678273
9,27100000;2,22689059
9,27200000;2,22699845
9,27300000;2,22710630
9,27400000;2,22721413
9,27500000;2,22732195
9,27600000;2,22742976
9,27700000;2,22753756
9,27800000;2,22764535
9,27900000;2,22775312
9,28000000;2,22786088
9,28100000;2,22796864
9,28200000;2,22807638
9,28300000;2,22818411
9,28400000;2,22829182
9,28500000;2,22839953
9,28600000;2,22850722
9,28700000;2,22861490
9,28800000;2,22872257
9,28900000;2,22883023
9,29000000;2,22893788
9,29100000;2,22904552
9,29200000;2,22915314
9,29300000;2,22926075
9,29400000;2,22936836
9,29500000;2,22947594
9,29600000;2,22958352
9,29700000;2,22969109
9,29800000;2,22979864
9,29900000;2,22990619
9,30000000;2,23001372
9,30100000;2,23012124
9,30200000;2,23022875
9,30300000;2,23033625
9,30400000;2,23044373
9,30500000;2,23055120
9,30600000;2,23065867
9,30700000;2,23076612
9,30800000;2,23087356
9,30900000;2,23098098
9,31000000;2,23108840
9,31100000;2,23119581
9,31200000;2,23130320
9,31300000;2,23141058
9,31400000;2,23151795
9,31500000;2,23162531
9,31600000;2,23173266
9,31700000;2,23183999
9,31800000;2,23194732
9,31900000;2,23205463
9,32000000;2,23216193
9,32100000;2,23226922
9,32200000;2,23237650
9,32300000;2,23248376
9,32400000;2,23259102
9,32500000;2,23269826
9,32600000;2,23280549
9,32700000;2,23291271
9,32800000;2,23301992
9,32900000;2,23312712
9,33000000;2,23323431
9,33100000;2,23334148
9,33200000;2,23344864
9,33300000;2,23355579
9,33400000;2,23366293
9,33500000;2,23377006
9,33600000;2,23387718
9,33700000;2,23398429
9,33800000;2,23409138
9,33900000;2,23419846
9,34000000;2,23430553
9,34100000;2,23441259
9,34200000;2,23451964
9,34300000;2,23462668
9,34400000;2,23473370
9,34500000;2,23484072
9,34600000;2,23494772
9,34700000;2,23505471
9,34800000;2,23516169
9,34900000;2,23526866
9,35000000;2,23537561
9,35100000;2,23548256
9,35200000;2,23558949
9,35300000;2,23569642
9,35400000;2,23580333
9,35500000;2,23591023
9,35600000;2,23601711
9,35700000;2,23612399
9,35800000;2,23623086
9,35900000;2,23633771
9,36000000;2,23644455
9,36100000;2,23655138
9,36200000;2,23665820
9,36300000;2,23676501
9,36400000;2,23687181
9,36500000;2,23697859
9,36600000;2,23708537
9,36700000;2,23719213
9,36800000;2,23729888
9,36900000;2,23740562
9,37000000;2,23751235
9,37100000;2,23761906
9,37200000;2,23772577
9,37300000;2,23783246
9,37400000;2,23793915
9,37500000;2,23804582
9,37600000;2,23815248
9,37700000;2,23825913
9,37800000;2,23836576
9,37900000;2,23847239
9,38000000;2,23857900
9,38100000;2,23868561
9,38200000;2,23879220
9,38300000;2,23889878
9,38400000;2,23900535
9,38500000;2,23911191
9,38600000;2,23921845
9,38700000;2,23932499
9,38800000;2,23943151
9,38900000;2,23953802
9,39000000;2,23964452
9,39100000;2,23975101
9,39200000;2,23985749
9,39300000;2,23996396
9,39400000;2,24007041
9,39500000;2,24017686
9,39600000;2,24028329
9,39700000;2,24038971
9,39800000;2,24049612
9,39900000;2,24060252
9,40000000;2,24070891
9,40100000;2,24081529
9,40200000;2,24092165
9,40300000;2,24102800
9,40400000;2,24113435
9,40500000;2,24124068
9,40600000;2,24134700
9,40700000;2,24145331
9,40800000;2,24155960
9,40900000;2,24166589
9,41000000;2,24177216
9,41100000;2,24187843
9,41200000;2,24198468
9,41300000;2,24209092
9,41400000;2,24219715
9,41500000;2,24230337
9,41600000;2,24240957
9,41700000;2,24251577
9,41800000;2,24262195
9,41900000;2,24272813
9,42000000;2,24283429
9,42100000;2,24294044
9,42200000;2,24304658
9,42300000;2,24315271
9,42400000;2,24325882
9,42500000;2,24336493
9,42600000;2,24347102
9,42700000;2,24357710
9,42800000;2,24368318
9,42900000;2,24378924
9,43000000;2,24389529
9,43100000;2,24400132
9,43200000;2,24410735
9,43300000;2,24421337
9,43400000;2,24431937
9,43500000;2,24442536
9,43600000;2,24453134
9,43700000;2,24463731
9,43800000;2,24474327
9,43900000;2,24484922
9,44000000;2,24495516
9,44100000;2,24506108
9,44200000;2,24516700
9,44300000;2,24527290
9,44400000;2,24537879
9,44500000;2,24548467
9,44600000;2,24559054
9,44700000;2,24569640
9,44800000;2,24580225
9,44900000;2,24590808
9,45000000;2,24601391
9,45100000;2,24611972
9,45200000;2,24622552
9,45300000;2,24633132
9,45400000;2,24643709
9,45500000;2,24654286
9,45600000;2,24664862
9,45700000;2,24675437
9,45800000;2,24686010
9,45900000;2,24696583
9,46000000;2,24707154
9,46100000;2,24717724
9,46200000;2,24728293
9,46300000;2,24738861
9,46400000;2,24749428
9,46500000;2,24759993
9,46600000;2,24770558
9,46700000;2,24781122
9,46800000;2,24791684
9,46900000;2,24802245
9,47000000;2,24812805
9,47100000;2,24823364
9,47200000;2,24833922
9,47300000;2,24844479
9,47400000;2,24855034
9,47500000;2,24865589
9,47600000;2,24876142
9,47700000;2,24886695
9,47800000;2,24897246
9,47900000;2,24907796
9,48000000;2,24918345
9,48100000;2,24928893
9,48200000;2,24939440
9,48300000;2,24949985
9,48400000;2,24960530
9,48500000;2,24971073
9,48600000;2,24981615
9,48700000;2,24992157
9,48800000;2,25002697
9,48900000;2,25013236
9,49000000;2,25023773
9,49100000;2,25034310
9,49200000;2,25044846
9,49300000;2,25055380
9,49400000;2,25065914
9,49500000;2,25076446
9,49600000;2,25086977
9,49700000;2,25097507
9,49800000;2,25108036
9,49900000;2,25118564
9,50000000;2,25129091
9,50100000;2,25139617
9,50200000;2,25150141
9,50300000;2,25160664
9,50400000;2,25171187
9,50500000;2,25181708
9,50600000;2,25192228
9,50700000;2,25202747
9,50800000;2,25213265
9,50900000;2,25223782
9,51000000;2,25234298
9,51100000;2,25244812
9,51200000;2,25255326
9,51300000;2,25265838
9,51400000;2,25276349
9,51500000;2,25286859
9,51600000;2,25297368
9,51700000;2,25307876
9,51800000;2,25318383
9,51900000;2,25328889
9,52000000;2,25339394
9,52100000;2,25349897
9,52200000;2,25360400
9,52300000;2,25370901
9,52400000;2,25381401
9,52500000;2,25391900
9,52600000;2,25402398
9,52700000;2,25412895
9,52800000;2,25423391
9,52900000;2,25433886
9,53000000;2,25444379
9,53100000;2,25454872
9,53200000;2,25465363
9,53300000;2,25475853
9,53400000;2,25486343
9,53500000;2,25496831
9,53600000;2,25507318
9,53700000;2,25517804
9,53800000;2,25528288
9,53900000;2,25538772
9,54000000;2,25549255
9,54100000;2,25559736
9,54200000;2,25570217
9,54300000;2,25580730
9,54400000;2,25591209
9,54500000;2,25601686
9,54600000;2,25612162
9,54700000;2,25622637
9,54800000;2,25633111
9,54900000;2,25643583
9,55000000;2,25654055
9,55100000;2,25664526
9,55200000;2,25674995
9,55300000;2,25685464
9,55400000;2,25695931
9,55500000;2,25706397
9,55600000;2,25716862
9,55700000;2,25727326
9,55800000;2,25737789
9,55900000;2,25748251
9,56000000;2,25758712
9,56100000;2,25769171
9,56200000;2,25779630
9,56300000;2,25790087
9,56400000;2,25800544
9,56500000;2,25810999
9,56600000;2,25821453
9,56700000;2,25831906
9,56800000;2,25842358
9,56900000;2,25852809
9,57000000;2,25863259
9,57100000;2,25873707
9,57200000;2,25884155
9,57300000;2,25894601
9,57400000;2,25905047
9,57500000;2,25915491
9,57600000;2,25925934
9,57700000;2,25936377
9,57800000;2,25946818
9,57900000;2,25957258
9,58000000;2,25967696
9,58100000;2,25978134
9,58200000;2,25988571
9,58300000;2,25999007
9,58400000;2,26009441
9,58500000;2,26019874
9,58600000;2,26030307
9,58700000;2,26040738
9,58800000;2,26051168
9,58900000;2,26061597
9,59000000;2,26072025
9,59100000;2,26082452
9,59200000;2,26092878
9,59300000;2,26103303
9,59400000;2,26113726
9,59500000;2,26124149
9,59600000;2,26134570
9,59700000;2,26144991
9,59800000;2,26155410
9,59900000;2,26165828
9,60000000;2,26176245
9,60100000;2,26186661
9,60200000;2,26197076
9,60300000;2,26207490
9,60400000;2,26217903
9,60500000;2,26228315
9,60600000;2,26238725
9,60700000;2,26249135
9,60800000;2,26259543
9,60900000;2,26269951
9,61000000;2,26280357
9,61100000;2,26290762
9,61200000;2,26301166
9,61300000;2,26311569
9,61400000;2,26321971
9,61500000;2,26332372
9,61600000;2,26342772
9,61700000;2,26353171
9,61800000;2,26363568
9,61900000;2,26373965
9,62000000;2,26384360
9,62100000;2,26394755
9,62200000;2,26405148
9,62300000;2,26415540
9,62400000;2,26425931
9,62500000;2,26436321
9,62600000;2,26446710
9,62700000;2,26457098
9,62800000;2,26467485
9,62900000;2,26477871
9,63000000;2,26488256
9,63100000;2,26498639
9,63200000;2,26509022
9,63300000;2,26519403
9,63400000;2,26529783
9,63500000;2,26540163
9,63600000;2,26550541
9,63700000;2,26560918
9,63800000;2,26571294
9,63900000;2,26581669
9,64000000;2,26592043
9,64100000;2,26602416
9,64200000;2,26612787
9,64300000;2,26623158
9,64400000;2,26633528
9,64500000;2,26643896
9,64600000;2,26654264
9,64700000;2,26664630
9,64800000;2,26674995
9,64900000;2,26685360
9,65000000;2,26695723
9,65100000;2,26706085
9,65200000;2,26716446
9,65300000;2,26726806
9,65400000;2,26737164
9,65500000;2,26747522
9,65600000;2,26757879
9,65700000;2,26768235
9,65800000;2,26778589
9,65900000;2,26788943
9,66000000;2,26799295
9,66100000;2,26809646
9,66200000;2,26819997
9,66300000;2,26830346
9,66400000;2,26840694
9,66500000;2,26851041
9,66600000;2,26861387
9,66700000;2,26871732
9,66800000;2,26882076
9,66900000;2,26892419
9,67000000;2,26902760
9,67100000;2,26913101
9,67200000;2,26923440
9,67300000;2,26933779
9,67400000;2,26944116
9,67500000;2,26954453
9,67600000;2,26964788
9,67700000;2,26975122
9,67800000;2,26985455
9,67900000;2,26995787
9,68000000;2,27006118
9,68100000;2,27016448
9,68200000;2,27026777
9,68300000;2,27037105
9,68400000;2,27047432
9,68500000;2,27057758
9,68600000;2,27068082
9,68700000;2,27078406
9,68800000;2,27088728
9,68900000;2,27099050
9,69000000;2,27109370
9,69100000;2,27119689
9,69200000;2,27130008
9,69300000;2,27140325
9,69400000;2,27150641
9,69500000;2,27160956
9,69600000;2,27171270
9,69700000;2,27181583
9,69800000;2,27191895
9,69900000;2,27202205
9,70000000;2,27212515
9,70100000;2,27222824
9,70200000;2,27233131
9,70300000;2,27243438
9,70400000;2,27253743
9,70500000;2,27264048
9,70600000;2,27274351
9,70700000;2,27284653
9,70800000;2,27294954
9,70900000;2,27305255
9,71000000;2,27315554
9,71100000;2,27325852
9,71200000;2,27336149
9,71300000;2,27346445
9,71400000;2,27356740
9,71500000;2,27367033
9,71600000;2,27377326
9,71700000;2,27387618
9,71800000;2,27397908
9,71900000;2,27408198
9,72000000;2,27418486
9,72100000;2,27428774
9,72200000;2,27439060
9,72300000;2,27449346
9,72400000;2,27459630
9,72500000;2,27469913
9,72600000;2,27480195
9,72700000;2,27490476
9,72800000;2,27500756
9,72900000;2,27511035
9,73000000;2,27521313
9,73100000;2,27531590
9,73200000;2,27541866
9,73300000;2,27552141
9,73400000;2,27562414
9,73500000;2,27572687
9,73600000;2,27582959
9,73700000;2,27593229
9,73800000;2,27603499
9,73900000;2,27613767
9,74000000;2,27624034
9,74100000;2,27634301
9,74200000;2,27644566
9,74300000;2,27654830
9,74400000;2,27665093
9,74500000;2,27675355
9,74600000;2,27685616
9,74700000;2,27695876
9,74800000;2,27706135
9,74900000;2,27716393
9,75000000;2,27726650
9,75100000;2,27736906
9,75200000;2,27747161
9,75300000;2,27757414
9,75400000;2,27767667
9,75500000;2,27777918
9,75600000;2,27788169
9,75700000;2,27798418
9,75800000;2,27808667
9,75900000;2,27818914
9,76000000;2,27829161
9,76100000;2,27839406
9,76200000;2,27849650
9,76300000;2,27859893
9,76400000;2,27870135
9,76500000;2,27880376
9,76600000;2,27890616
9,76700000;2,27900855
9,76800000;2,27911093
9,76900000;2,27921330
9,77000000;2,27931566
9,77100000;2,27941801
9,77200000;2,27952035
9,77300000;2,27962267
9,77400000;2,27972499
9,77500000;2,27982730
9,77600000;2,27992959
9,77700000;2,28003188
9,77800000;2,28013415
9,77900000;2,28023642
9,78000000;2,28033867
9,78100000;2,28044091
9,78200000;2,28054314
9,78300000;2,28064537
9,78400000;2,28074758
9,78500000;2,28084978
9,78600000;2,28095197
9,78700000;2,28105415
9,78800000;2,28115632
9,78900000;2,28125848
9,79000000;2,28136063
9,79100000;2,28146277
9,79200000;2,28156490
9,79300000;2,28166702
9,79400000;2,28176912
9,79500000;2,28187122
9,79600000;2,28197331
9,79700000;2,28207538
9,79800000;2,28217745
9,79900000;2,28227950
9,80000000;2,28238155
9,80100000;2,28248358
9,80200000;2,28258561
9,80300000;2,28268762
9,80400000;2,28278963
9,80500000;2,28289162
9,80600000;2,28299360
9,80700000;2,28309557
9,80800000;2,28319753
9,80900000;2,28329949
9,81000000;2,28340143
9,81100000;2,28350336
9,81200000;2,28360528
9,81300000;2,28370719
9,81400000;2,28380909
9,81500000;2,28391098
9,81600000;2,28401285
9,81700000;2,28411472
9,81800000;2,28421658
9,81900000;2,28431843
9,82000000;2,28442026
9,82100000;2,28452209
9,82200000;2,28462391
9,82300000;2,28472571
9,82400000;2,28482751
9,82500000;2,28492929
9,82600000;2,28503107
9,82700000;2,28513283
9,82800000;2,28523459
9,82900000;2,28533633
9,83000000;2,28543807
9,83100000;2,28553979
9,83200000;2,28564150
9,83300000;2,28574320
9,83400000;2,28584490
9,83500000;2,28594658
9,83600000;2,28604825
9,83700000;2,28614991
9,83800000;2,28625156
9,83900000;2,28635320
9,84000000;2,28645483
9,84100000;2,28655645
9,84200000;2,28665806
9,84300000;2,28675966
9,84400000;2,28686125
9,84500000;2,28696283
9,84600000;2,28706439
9,84700000;2,28716595
9,84800000;2,28726750
9,84900000;2,28736904
9,85000000;2,28747056
9,85100000;2,28757208
9,85200000;2,28767359
9,85300000;2,28777508
9,85400000;2,28787657
9,85500000;2,28797804
9,85600000;2,28807951
9,85700000;2,28818096
9,85800000;2,28828241
9,85900000;2,28838384
9,86000000;2,28848527
9,86100000;2,28858668
9,86200000;2,28868808
9,86300000;2,28878948
9,86400000;2,28889086
9,86500000;2,28899223
9,86600000;2,28909359
9,86700000;2,28919495
9,86800000;2,28929629
9,86900000;2,28939762
9,87000000;2,28949894
9,87100000;2,28960025
9,87200000;2,28970155
9,87300000;2,28980284
9,87400000;2,28990412
9,87500000;2,29000539
9,87600000;2,29010665
9,87700000;2,29020790
9,87800000;2,29030914
9,87900000;2,29041037
9,88000000;2,29051159
9,88100000;2,29061279
9,88200000;2,29071399
9,88300000;2,29081518
9,88400000;2,29091636
9,88500000;2,29101753
9,88600000;2,29111868
9,88700000;2,29121983
9,88800000;2,29132097
9,88900000;2,29142209
9,89000000;2,29152321
9,89100000;2,29162431
9,89200000;2,29172541
9,89300000;2,29182683
9,89400000;2,29192791
9,89500000;2,29202897
9,89600000;2,29213003
9,89700000;2,29223107
9,89800000;2,29233211
9,89900000;2,29243313
9,90000000;2,29253414
9,90100000;2,29263515
9,90200000;2,29273614
9,90300000;2,29283713
9,90400000;2,29293810
9,90500000;2,29303906
9,90600000;2,29314002
9,90700000;2,29324096
9,90800000;2,29334189
9,90900000;2,29344282
9,91000000;2,29354373
9,91100000;2,29364463
9,91200000;2,29374552
9,91300000;2,29384640
9,91400000;2,29394728
9,91500000;2,29404814
9,91600000;2,29414899
9,91700000;2,29424983
9,91800000;2,29435066
9,91900000;2,29445148
9,92000000;2,29455229
9,92100000;2,29465309
9,92200000;2,29475388
9,92300000;2,29485466
9,92400000;2,29495543
9,92500000;2,29505619
9,92600000;2,29515694
9,92700000;2,29525768
9,92800000;2,29535841
9,92900000;2,29545913
9,93000000;2,29555984
9,93100000;2,29566054
9,93200000;2,29576123
9,93300000;2,29586191
9,93400000;2,29596258
9,93500000;2,29606324
9,93600000;2,29616388
9,93700000;2,29626452
9,93800000;2,29636515
9,93900000;2,29646577
9,94000000;2,29656638
9,94100000;2,29666697
9,94200000;2,29676756
9,94300000;2,29686814
9,94400000;2,29696871
9,94500000;2,29706926
9,94600000;2,29716981
9,94700000;2,29727035
9,94800000;2,29737087
9,94900000;2,29747139
9,95000000;2,29757190
9,95100000;2,29767239
9,95200000;2,29777288
9,95300000;2,29787336
9,95400000;2,29797382
9,95500000;2,29807428
9,95600000;2,29817473
9,95700000;2,29827516
9,95800000;2,29837559
9,95900000;2,29847600
9,96000000;2,29857641
9,96100000;2,29867681
9,96200000;2,29877719
9,96300000;2,29887757
9,96400000;2,29897793
9,96500000;2,29907829
9,96600000;2,29917863
9,96700000;2,29927897
9,96800000;2,29937929
9,96900000;2,29947961
9,97000000;2,29957991
9,97100000;2,29968021
9,97200000;2,29978049
9,97300000;2,29988077
9,97400000;2,29998103
9,97500000;2,30008129
9,97600000;2,30018153
9,97700000;2,30028177
9,97800000;2,30038199
9,97900000;2,30048221
9,98000000;2,30058241
9,98100000;2,30068261
9,98200000;2,30078279
9,98300000;2,30088297
9,98400000;2,30098313
9,98500000;2,30108328
9,98600000;2,30118343
9,98700000;2,30128356
9,98800000;2,30138369
9,98900000;2,30148380
9,99000000;2,30158391
9,99100000;2,30168400
9,99200000;2,30178408
9,99300000;2,30188416
9,99400000;2,30198422
9,99500000;2,30208428
9,99600000;2,30218432
9,99700000;2,30228435
9,99800000;2,30238438
9,99900000;2,30248439
10,00000000;2,30258440
