X;Result
-10,00000000;Error
-9,99900000;Error
-9,99800000;Error
-9,99700000;Error
-9,99600000;Error
-9,99500000;Error
-9,99400000;Error
-9,99300000;Error
-9,99200000;Error
-9,99100000;Error
-9,99000000;Error
-9,98900000;Error
-9,98800000;Error
-9,98700000;Error
-9,98600000;Error
-9,98500000;Error
-9,98400000;Error
-9,98300000;Error
-9,98200000;Error
-9,98100000;Error
-9,98000000;Error
-9,97900000;Error
-9,97800000;Error
-9,97700000;Error
-9,97600000;Error
-9,97500000;Error
-9,97400000;Error
-9,97300000;Error
-9,97200000;Error
-9,97100000;Error
-9,97000000;Error
-9,96900000;Error
-9,96800000;Error
-9,96700000;Error
-9,96600000;Error
-9,96500000;Error
-9,96400000;Error
-9,96300000;Error
-9,96200000;Error
-9,96100000;Error
-9,96000000;Error
-9,95900000;Error
-9,95800000;Error
-9,95700000;Error
-9,95600000;Error
-9,95500000;Error
-9,95400000;Error
-9,95300000;Error
-9,95200000;Error
-9,95100000;Error
-9,95000000;Error
-9,94900000;Error
-9,94800000;Error
-9,94700000;Error
-9,94600000;Error
-9,94500000;Error
-9,94400000;Error
-9,94300000;Error
-9,94200000;Error
-9,94100000;Error
-9,94000000;Error
-9,93900000;Error
-9,93800000;Error
-9,93700000;Error
-9,93600000;Error
-9,93500000;Error
-9,93400000;Error
-9,93300000;Error
-9,93200000;Error
-9,93100000;Error
-9,93000000;Error
-9,92900000;Error
-9,92800000;Error
-9,92700000;Error
-9,92600000;Error
-9,92500000;Error
-9,92400000;Error
-9,92300000;Error
-9,92200000;Error
-9,92100000;Error
-9,92000000;Error
-9,91900000;Error
-9,91800000;Error
-9,91700000;Error
-9,91600000;Error
-9,91500000;Error
-9,91400000;Error
-9,91300000;Error
-9,91200000;Error
-9,91100000;Error
-9,91000000;Error
-9,90900000;Error
-9,90800000;Error
-9,90700000;Error
-9,90600000;Error
-9,90500000;Error
-9,90400000;Error
-9,90300000;Error
-9,90200000;Error
-9,90100000;Error
-9,90000000;Error
-9,89900000;Error
-9,89800000;Error
-9,89700000;Error
-9,89600000;Error
-9,89500000;Error
-9,89400000;Error
-9,89300000;Error
-9,89200000;Error
-9,89100000;Error
-9,89000000;Error
-9,88900000;Error
-9,88800000;Error
-9,88700000;Error
-9,88600000;Error
-9,88500000;Error
-9,88400000;Error
-9,88300000;Error
-9,88200000;Error
-9,88100000;Error
-9,88000000;Error
-9,87900000;Error
-9,87800000;Error
-9,87700000;Error
-9,87600000;Error
-9,87500000;Error
-9,87400000;Error
-9,87300000;Error
-9,87200000;Error
-9,87100000;Error
-9,87000000;Error
-9,86900000;Error
-9,86800000;Error
-9,86700000;Error
-9,86600000;Error
-9,86500000;Error
-9,86400000;Error
-9,86300000;Error
-9,86200000;Error
-9,86100000;Error
-9,86000000;Error
-9,85900000;Error
-9,85800000;Error
-9,85700000;Error
-9,85600000;Error
-9,85500000;Error
-9,85400000;Error
-9,85300000;Error
-9,85200000;Error
-9,85100000;Error
-9,85000000;Error
-9,84900000;Error
-9,84800000;Error
-9,84700000;Error
-9,84600000;Error
-9,84500000;Error
-9,84400000;Error
-9,84300000;Error
-9,84200000;Error
-9,84100000;Error
-9,84000000;Error
-9,83900000;Error
-9,83800000;Error
-9,83700000;Error
-9,83600000;Error
-9,83500000;Error
-9,83400000;Error
-9,83300000;Error
-9,83200000;Error
-9,83100000;Error
-9,83000000;Error
-9,82900000;Error
-9,82800000;Error
-9,82700000;Error
-9,82600000;Error
-9,82500000;Error
-9,82400000;Error
-9,82300000;Error
-9,82200000;Error
-9,82100000;Error
-9,82000000;Error
-9,81900000;Error
-9,81800000;Error
-9,81700000;Error
-9,81600000;Error
-9,81500000;Error
-9,81400000;Error
-9,81300000;Error
-9,81200000;Error
-9,81100000;Error
-9,81000000;Error
-9,80900000;Error
-9,80800000;Error
-9,80700000;Error
-9,80600000;Error
-9,80500000;Error
-9,80400000;Error
-9,80300000;Error
-9,80200000;Error
-9,80100000;Error
-9,80000000;Error
-9,79900000;Error
-9,79800000;Error
-9,79700000;Error
-9,79600000;Error
-9,79500000;Error
-9,79400000;Error
-9,79300000;Error
-9,79200000;Error
-9,79100000;Error
-9,79000000;Error
-9,78900000;Error
-9,78800000;Error
-9,78700000;Error
-9,78600000;Error
-9,78500000;Error
-9,78400000;Error
-9,78300000;Error
-9,78200000;Error
-9,78100000;Error
-9,78000000;Error
-9,77900000;Error
-9,77800000;Error
-9,77700000;Error
-9,77600000;Error
-9,77500000;Error
-9,77400000;Error
-9,77300000;Error
-9,77200000;Error
-9,77100000;Error
-9,77000000;Error
-9,76900000;Error
-9,76800000;Error
-9,76700000;Error
-9,76600000;Error
-9,76500000;Error
-9,76400000;Error
-9,76300000;Error
-9,76200000;Error
-9,76100000;Error
-9,76000000;Error
-9,75900000;Error
-9,75800000;Error
-9,75700000;Error
-9,75600000;Error
-9,75500000;Error
-9,75400000;Error
-9,75300000;Error
-9,75200000;Error
-9,75100000;Error
-9,75000000;Error
-9,74900000;Error
-9,74800000;Error
-9,74700000;Error
-9,74600000;Error
-9,74500000;Error
-9,74400000;Error
-9,74300000;Error
-9,74200000;Error
-9,74100000;Error
-9,74000000;Error
-9,73900000;Error
-9,73800000;Error
-9,73700000;Error
-9,73600000;Error
-9,73500000;Error
-9,73400000;Error
-9,73300000;Error
-9,73200000;Error
-9,73100000;Error
-9,73000000;Error
-9,72900000;Error
-9,72800000;Error
-9,72700000;Error
-9,72600000;Error
-9,72500000;Error
-9,72400000;Error
-9,72300000;Error
-9,72200000;Error
-9,72100000;Error
-9,72000000;Error
-9,71900000;Error
-9,71800000;Error
-9,71700000;Error
-9,71600000;Error
-9,71500000;Error
-9,71400000;Error
-9,71300000;Error
-9,71200000;Error
-9,71100000;Error
-9,71000000;Error
-9,70900000;Error
-9,70800000;Error
-9,70700000;Error
-9,70600000;Error
-9,70500000;Error
-9,70400000;Error
-9,70300000;Error
-9,70200000;Error
-9,70100000;Error
-9,70000000;Error
-9,69900000;Error
-9,69800000;Error
-9,69700000;Error
-9,69600000;Error
-9,69500000;Error
-9,69400000;Error
-9,69300000;Error
-9,69200000;Error
-9,69100000;Error
-9,69000000;Error
-9,68900000;Error
-9,68800000;Error
-9,68700000;Error
-9,68600000;Error
-9,68500000;Error
-9,68400000;Error
-9,68300000;Error
-9,68200000;Error
-9,68100000;Error
-9,68000000;Error
-9,67900000;Error
-9,67800000;Error
-9,67700000;Error
-9,67600000;Error
-9,67500000;Error
-9,67400000;Error
-9,67300000;Error
-9,67200000;Error
-9,67100000;Error
-9,67000000;Error
-9,66900000;Error
-9,66800000;Error
-9,66700000;Error
-9,66600000;Error
-9,66500000;Error
-9,66400000;Error
-9,66300000;Error
-9,66200000;Error
-9,66100000;Error
-9,66000000;Error
-9,65900000;Error
-9,65800000;Error
-9,65700000;Error
-9,65600000;Error
-9,65500000;Error
-9,65400000;Error
-9,65300000;Error
-9,65200000;Error
-9,65100000;Error
-9,65000000;Error
-9,64900000;Error
-9,64800000;Error
-9,64700000;Error
-9,64600000;Error
-9,64500000;Error
-9,64400000;Error
-9,64300000;Error
-9,64200000;Error
-9,64100000;Error
-9,64000000;Error
-9,63900000;Error
-9,63800000;Error
-9,63700000;Error
-9,63600000;Error
-9,63500000;Error
-9,63400000;Error
-9,63300000;Error
-9,63200000;Error
-9,63100000;Error
-9,63000000;Error
-9,62900000;Error
-9,62800000;Error
-9,62700000;Error
-9,62600000;Error
-9,62500000;Error
-9,62400000;Error
-9,62300000;Error
-9,62200000;Error
-9,62100000;Error
-9,62000000;Error
-9,61900000;Error
-9,61800000;Error
-9,61700000;Error
-9,61600000;Error
-9,61500000;Error
-9,61400000;Error
-9,61300000;Error
-9,61200000;Error
-9,61100000;Error
-9,61000000;Error
-9,60900000;Error
-9,60800000;Error
-9,60700000;Error
-9,60600000;Error
-9,60500000;Error
-9,60400000;Error
-9,60300000;Error
-9,60200000;Error
-9,60100000;Error
-9,60000000;Error
-9,59900000;Error
-9,59800000;Error
-9,59700000;Error
-9,59600000;Error
-9,59500000;Error
-9,59400000;Error
-9,59300000;Error
-9,59200000;Error
-9,59100000;Error
-9,59000000;Error
-9,58900000;Error
-9,58800000;Error
-9,58700000;Error
-9,58600000;Error
-9,58500000;Error
-9,58400000;Error
-9,58300000;Error
-9,58200000;Error
-9,58100000;Error
-9,58000000;Error
-9,57900000;Error
-9,57800000;Error
-9,57700000;Error
-9,57600000;Error
-9,57500000;Error
-9,57400000;Error
-9,57300000;Error
-9,57200000;Error
-9,57100000;Error
-9,57000000;Error
-9,56900000;Error
-9,56800000;Error
-9,56700000;Error
-9,56600000;Error
-9,56500000;Error
-9,56400000;Error
-9,56300000;Error
-9,56200000;Error
-9,56100000;Error
-9,56000000;Error
-9,55900000;Error
-9,55800000;Error
-9,55700000;Error
-9,55600000;Error
-9,55500000;Error
-9,55400000;Error
-9,55300000;Error
-9,55200000;Error
-9,55100000;Error
-9,55000000;Error
-9,54900000;Error
-9,54800000;Error
-9,54700000;Error
-9,54600000;Error
-9,54500000;Error
-9,54400000;Error
-9,54300000;Error
-9,54200000;Error
-9,54100000;Error
-9,54000000;Error
-9,53900000;Error
-9,53800000;Error
-9,53700000;Error
-9,53600000;Error
-9,53500000;Error
-9,53400000;Error
-9,53300000;Error
-9,53200000;Error
-9,53100000;Error
-9,53000000;Error
-9,52900000;Error
-9,52800000;Error
-9,52700000;Error
-9,52600000;Error
-9,52500000;Error
-9,52400000;Error
-9,52300000;Error
-9,52200000;Error
-9,52100000;Error
-9,52000000;Error
-9,51900000;Error
-9,51800000;Error
-9,51700000;Error
-9,51600000;Error
-9,51500000;Error
-9,51400000;Error
-9,51300000;Error
-9,51200000;Error
-9,51100000;Error
-9,51000000;Error
-9,50900000;Error
-9,50800000;Error
-9,50700000;Error
-9,50600000;Error
-9,50500000;Error
-9,50400000;Error
-9,50300000;Error
-9,50200000;Error
-9,50100000;Error
-9,50000000;Error
-9,49900000;Error
-9,49800000;Error
-9,49700000;Error
-9,49600000;Error
-9,49500000;Error
-9,49400000;Error
-9,49300000;Error
-9,49200000;Error
-9,49100000;Error
-9,49000000;Error
-9,48900000;Error
-9,48800000;Error
-9,48700000;Error
-9,48600000;Error
-9,48500000;Error
-9,48400000;Error
-9,48300000;Error
-9,48200000;Error
-9,48100000;Error
-9,48000000;Error
-9,47900000;Error
-9,47800000;Error
-9,47700000;Error
-9,47600000;Error
-9,47500000;Error
-9,47400000;Error
-9,47300000;Error
-9,47200000;Error
-9,47100000;Error
-9,47000000;Error
-9,46900000;Error
-9,46800000;Error
-9,46700000;Error
-9,46600000;Error
-9,46500000;Error
-9,46400000;Error
-9,46300000;Error
-9,46200000;Error
-9,46100000;Error
-9,46000000;Error
-9,45900000;Error
-9,45800000;Error
-9,45700000;Error
-9,45600000;Error
-9,45500000;Error
-9,45400000;Error
-9,45300000;Error
-9,45200000;Error
-9,45100000;Error
-9,45000000;Error
-9,44900000;Error
-9,44800000;Error
-9,44700000;Error
-9,44600000;Error
-9,44500000;Error
-9,44400000;Error
-9,44300000;Error
-9,44200000;Error
-9,44100000;Error
-9,44000000;Error
-9,43900000;Error
-9,43800000;Error
-9,43700000;Error
-9,43600000;Error
-9,43500000;Error
-9,43400000;Error
-9,43300000;Error
-9,43200000;Error
-9,43100000;Error
-9,43000000;Error
-9,42900000;Error
-9,42800000;Error
-9,42700000;Error
-9,42600000;Error
-9,42500000;Error
-9,42400000;Error
-9,42300000;Error
-9,42200000;Error
-9,42100000;Error
-9,42000000;Error
-9,41900000;Error
-9,41800000;Error
-9,41700000;Error
-9,41600000;Error
-9,41500000;Error
-9,41400000;Error
-9,41300000;Error
-9,41200000;Error
-9,41100000;Error
-9,41000000;Error
-9,40900000;Error
-9,40800000;Error
-9,40700000;Error
-9,40600000;Error
-9,40500000;Error
-9,40400000;Error
-9,40300000;Error
-9,40200000;Error
-9,40100000;Error
-9,40000000;Error
-9,39900000;Error
-9,39800000;Error
-9,39700000;Error
-9,39600000;Error
-9,39500000;Error
-9,39400000;Error
-9,39300000;Error
-9,39200000;Error
-9,39100000;Error
-9,39000000;Error
-9,38900000;Error
-9,38800000;Error
-9,38700000;Error
-9,38600000;Error
-9,38500000;Error
-9,38400000;Error
-9,38300000;Error
-9,38200000;Error
-9,38100000;Error
-9,38000000;Error
-9,37900000;Error
-9,37800000;Error
-9,37700000;Error
-9,37600000;Error
-9,37500000;Error
-9,37400000;Error
-9,37300000;Error
-9,37200000;Error
-9,37100000;Error
-9,37000000;Error
-9,36900000;Error
-9,36800000;Error
-9,36700000;Error
-9,36600000;Error
-9,36500000;Error
-9,36400000;Error
-9,36300000;Error
-9,36200000;Error
-9,36100000;Error
-9,36000000;Error
-9,35900000;Error
-9,35800000;Error
-9,35700000;Error
-9,35600000;Error
-9,35500000;Error
-9,35400000;Error
-9,35300000;Error
-9,35200000;Error
-9,35100000;Error
-9,35000000;Error
-9,34900000;Error
-9,34800000;Error
-9,34700000;Error
-9,34600000;Error
-9,34500000;Error
-9,34400000;Error
-9,34300000;Error
-9,34200000;Error
-9,34100000;Error
-9,34000000;Error
-9,33900000;Error
-9,33800000;Error
-9,33700000;Error
-9,33600000;Error
-9,33500000;Error
-9,33400000;Error
-9,33300000;Error
-9,33200000;Error
-9,33100000;Error
-9,33000000;Error
-9,32900000;Error
-9,32800000;Error
-9,32700000;Error
-9,32600000;Error
-9,32500000;Error
-9,32400000;Error
-9,32300000;Error
-9,32200000;Error
-9,32100000;Error
-9,32000000;Error
-9,31900000;Error
-9,31800000;Error
-9,31700000;Error
-9,31600000;Error
-9,31500000;Error
-9,31400000;Error
-9,31300000;Error
-9,31200000;Error
-9,31100000;Error
-9,31000000;Error
-9,30900000;Error
-9,30800000;Error
-9,30700000;Error
-9,30600000;Error
-9,30500000;Error
-9,30400000;Error
-9,30300000;Error
-9,30200000;Error
-9,30100000;Error
-9,30000000;Error
-9,29900000;Error
-9,29800000;Error
-9,29700000;Error
-9,29600000;Error
-9,29500000;Error
-9,29400000;Error
-9,29300000;Error
-9,29200000;Error
-9,29100000;Error
-9,29000000;Error
-9,28900000;Error
-9,28800000;Error
-9,28700000;Error
-9,28600000;Error
-9,28500000;Error
-9,28400000;Error
-9,28300000;Error
-9,28200000;Error
-9,28100000;Error
-9,28000000;Error
-9,27900000;Error
-9,27800000;Error
-9,27700000;Error
-9,27600000;Error
-9,27500000;Error
-9,27400000;Error
-9,27300000;Error
-9,27200000;Error
-9,27100000;Error
-9,27000000;Error
-9,26900000;Error
-9,26800000;Error
-9,26700000;Error
-9,26600000;Error
-9,26500000;Error
-9,26400000;Error
-9,26300000;Error
-9,26200000;Error
-9,26100000;Error
-9,26000000;Error
-9,25900000;Error
-9,25800000;Error
-9,25700000;Error
-9,25600000;Error
-9,25500000;Error
-9,25400000;Error
-9,25300000;Error
-9,25200000;Error
-9,25100000;Error
-9,25000000;Error
-9,24900000;Error
-9,24800000;Error
-9,24700000;Error
-9,24600000;Error
-9,24500000;Error
-9,24400000;Error
-9,24300000;Error
-9,24200000;Error
-9,24100000;Error
-9,24000000;Error
-9,23900000;Error
-9,23800000;Error
-9,23700000;Error
-9,23600000;Error
-9,23500000;Error
-9,23400000;Error
-9,23300000;Error
-9,23200000;Error
-9,23100000;Error
-9,23000000;Error
-9,22900000;Error
-9,22800000;Error
-9,22700000;Error
-9,22600000;Error
-9,22500000;Error
-9,22400000;Error
-9,22300000;Error
-9,22200000;Error
-9,22100000;Error
-9,22000000;Error
-9,21900000;Error
-9,21800000;Error
-9,21700000;Error
-9,21600000;Error
-9,21500000;Error
-9,21400000;Error
-9,21300000;Error
-9,21200000;Error
-9,21100000;Error
-9,21000000;Error
-9,20900000;Error
-9,20800000;Error
-9,20700000;Error
-9,20600000;Error
-9,20500000;Error
-9,20400000;Error
-9,20300000;Error
-9,20200000;Error
-9,20100000;Error
-9,20000000;Error
-9,19900000;Error
-9,19800000;Error
-9,19700000;Error
-9,19600000;Error
-9,19500000;Error
-9,19400000;Error
-9,19300000;Error
-9,19200000;Error
-9,19100000;Error
-9,19000000;Error
-9,18900000;Error
-9,18800000;Error
-9,18700000;Error
-9,18600000;Error
-9,18500000;Error
-9,18400000;Error
-9,18300000;Error
-9,18200000;Error
-9,18100000;Error
-9,18000000;Error
-9,17900000;Error
-9,17800000;Error
-9,17700000;Error
-9,17600000;Error
-9,17500000;Error
-9,17400000;Error
-9,17300000;Error
-9,17200000;Error
-9,17100000;Error
-9,17000000;Error
-9,16900000;Error
-9,16800000;Error
-9,16700000;Error
-9,16600000;Error
-9,16500000;Error
-9,16400000;Error
-9,16300000;Error
-9,16200000;Error
-9,16100000;Error
-9,16000000;Error
-9,15900000;Error
-9,15800000;Error
-9,15700000;Error
-9,15600000;Error
-9,15500000;Error
-9,15400000;Error
-9,15300000;Error
-9,15200000;Error
-9,15100000;Error
-9,15000000;Error
-9,14900000;Error
-9,14800000;Error
-9,14700000;Error
-9,14600000;Error
-9,14500000;Error
-9,14400000;Error
-9,14300000;Error
-9,14200000;Error
-9,14100000;Error
-9,14000000;Error
-9,13900000;Error
-9,13800000;Error
-9,13700000;Error
-9,13600000;Error
-9,13500000;Error
-9,13400000;Error
-9,13300000;Error
-9,13200000;Error
-9,13100000;Error
-9,13000000;Error
-9,12900000;Error
-9,12800000;Error
-9,12700000;Error
-9,12600000;Error
-9,12500000;Error
-9,12400000;Error
-9,12300000;Error
-9,12200000;Error
-9,12100000;Error
-9,12000000;Error
-9,11900000;Error
-9,11800000;Error
-9,11700000;Error
-9,11600000;Error
-9,11500000;Error
-9,11400000;Error
-9,11300000;Error
-9,11200000;Error
-9,11100000;Error
-9,11000000;Error
-9,10900000;Error
-9,10800000;Error
-9,10700000;Error
-9,10600000;Error
-9,10500000;Error
-9,10400000;Error
-9,10300000;Error
-9,10200000;Error
-9,10100000;Error
-9,10000000;Error
-9,09900000;Error
-9,09800000;Error
-9,09700000;Error
-9,09600000;Error
-9,09500000;Error
-9,09400000;Error
-9,09300000;Error
-9,09200000;Error
-9,09100000;Error
-9,09000000;Error
-9,08900000;Error
-9,08800000;Error
-9,08700000;Error
-9,08600000;Error
-9,08500000;Error
-9,08400000;Error
-9,08300000;Error
-9,08200000;Error
-9,08100000;Error
-9,08000000;Error
-9,07900000;Error
-9,07800000;Error
-9,07700000;Error
-9,07600000;Error
-9,07500000;Error
-9,07400000;Error
-9,07300000;Error
-9,07200000;Error
-9,07100000;Error
-9,07000000;Error
-9,06900000;Error
-9,06800000;Error
-9,06700000;Error
-9,06600000;Error
-9,06500000;Error
-9,06400000;Error
-9,06300000;Error
-9,06200000;Error
-9,06100000;Error
-9,06000000;Error
-9,05900000;Error
-9,05800000;Error
-9,05700000;Error
-9,05600000;Error
-9,05500000;Error
-9,05400000;Error
-9,05300000;Error
-9,05200000;Error
-9,05100000;Error
-9,05000000;Error
-9,04900000;Error
-9,04800000;Error
-9,04700000;Error
-9,04600000;Error
-9,04500000;Error
-9,04400000;Error
-9,04300000;Error
-9,04200000;Error
-9,04100000;Error
-9,04000000;Error
-9,03900000;Error
-9,03800000;Error
-9,03700000;Error
-9,03600000;Error
-9,03500000;Error
-9,03400000;Error
-9,03300000;Error
-9,03200000;Error
-9,03100000;Error
-9,03000000;Error
-9,02900000;Error
-9,02800000;Error
-9,02700000;Error
-9,02600000;Error
-9,02500000;Error
-9,02400000;Error
-9,02300000;Error
-9,02200000;Error
-9,02100000;Error
-9,02000000;Error
-9,01900000;Error
-9,01800000;Error
-9,01700000;Error
-9,01600000;Error
-9,01500000;Error
-9,01400000;Error
-9,01300000;Error
-9,01200000;Error
-9,01100000;Error
-9,01000000;Error
-9,00900000;Error
-9,00800000;Error
-9,00700000;Error
-9,00600000;Error
-9,00500000;Error
-9,00400000;Error
-9,00300000;Error
-9,00200000;Error
-9,00100000;Error
-9,00000000;Error
-8,99900000;Error
-8,99800000;Error
-8,99700000;Error
-8,99600000;Error
-8,99500000;Error
-8,99400000;Error
-8,99300000;Error
-8,99200000;Error
-8,99100000;Error
-8,99000000;Error
-8,98900000;Error
-8,98800000;Error
-8,98700000;Error
-8,98600000;Error
-8,98500000;Error
-8,98400000;Error
-8,98300000;Error
-8,98200000;Error
-8,98100000;Error
-8,98000000;Error
-8,97900000;Error
-8,97800000;Error
-8,97700000;Error
-8,97600000;Error
-8,97500000;Error
-8,97400000;Error
-8,97300000;Error
-8,97200000;Error
-8,97100000;Error
-8,97000000;Error
-8,96900000;Error
-8,96800000;Error
-8,96700000;Error
-8,96600000;Error
-8,96500000;Error
-8,96400000;Error
-8,96300000;Error
-8,96200000;Error
-8,96100000;Error
-8,96000000;Error
-8,95900000;Error
-8,95800000;Error
-8,95700000;Error
-8,95600000;Error
-8,95500000;Error
-8,95400000;Error
-8,95300000;Error
-8,95200000;Error
-8,95100000;Error
-8,95000000;Error
-8,94900000;Error
-8,94800000;Error
-8,94700000;Error
-8,94600000;Error
-8,94500000;Error
-8,94400000;Error
-8,94300000;Error
-8,94200000;Error
-8,94100000;Error
-8,94000000;Error
-8,93900000;Error
-8,93800000;Error
-8,93700000;Error
-8,93600000;Error
-8,93500000;Error
-8,93400000;Error
-8,93300000;Error
-8,93200000;Error
-8,93100000;Error
-8,93000000;Error
-8,92900000;Error
-8,92800000;Error
-8,92700000;Error
-8,92600000;Error
-8,92500000;Error
-8,92400000;Error
-8,92300000;Error
-8,92200000;Error
-8,92100000;Error
-8,92000000;Error
-8,91900000;Error
-8,91800000;Error
-8,91700000;Error
-8,91600000;Error
-8,91500000;Error
-8,91400000;Error
-8,91300000;Error
-8,91200000;Error
-8,91100000;Error
-8,91000000;Error
-8,90900000;Error
-8,90800000;Error
-8,90700000;Error
-8,90600000;Error
-8,90500000;Error
-8,90400000;Error
-8,90300000;Error
-8,90200000;Error
-8,90100000;Error
-8,90000000;Error
-8,89900000;Error
-8,89800000;Error
-8,89700000;Error
-8,89600000;Error
-8,89500000;Error
-8,89400000;Error
-8,89300000;Error
-8,89200000;Error
-8,89100000;Error
-8,89000000;Error
-8,88900000;Error
-8,88800000;Error
-8,88700000;Error
-8,88600000;Error
-8,88500000;Error
-8,88400000;Error
-8,88300000;Error
-8,88200000;Error
-8,88100000;Error
-8,88000000;Error
-8,87900000;Error
-8,87800000;Error
-8,87700000;Error
-8,87600000;Error
-8,87500000;Error
-8,87400000;Error
-8,87300000;Error
-8,87200000;Error
-8,87100000;Error
-8,87000000;Error
-8,86900000;Error
-8,86800000;Error
-8,86700000;Error
-8,86600000;Error
-8,86500000;Error
-8,86400000;Error
-8,86300000;Error
-8,86200000;Error
-8,86100000;Error
-8,86000000;Error
-8,85900000;Error
-8,85800000;Error
-8,85700000;Error
-8,85600000;Error
-8,85500000;Error
-8,85400000;Error
-8,85300000;Error
-8,85200000;Error
-8,85100000;Error
-8,85000000;Error
-8,84900000;Error
-8,84800000;Error
-8,84700000;Error
-8,84600000;Error
-8,84500000;Error
-8,84400000;Error
-8,84300000;Error
-8,84200000;Error
-8,84100000;Error
-8,84000000;Error
-8,83900000;Error
-8,83800000;Error
-8,83700000;Error
-8,83600000;Error
-8,83500000;Error
-8,83400000;Error
-8,83300000;Error
-8,83200000;Error
-8,83100000;Error
-8,83000000;Error
-8,82900000;Error
-8,82800000;Error
-8,82700000;Error
-8,82600000;Error
-8,82500000;Error
-8,82400000;Error
-8,82300000;Error
-8,82200000;Error
-8,82100000;Error
-8,82000000;Error
-8,81900000;Error
-8,81800000;Error
-8,81700000;Error
-8,81600000;Error
-8,81500000;Error
-8,81400000;Error
-8,81300000;Error
-8,81200000;Error
-8,81100000;Error
-8,81000000;Error
-8,80900000;Error
-8,80800000;Error
-8,80700000;Error
-8,80600000;Error
-8,80500000;Error
-8,80400000;Error
-8,80300000;Error
-8,80200000;Error
-8,80100000;Error
-8,80000000;Error
-8,79900000;Error
-8,79800000;Error
-8,79700000;Error
-8,79600000;Error
-8,79500000;Error
-8,79400000;Error
-8,79300000;Error
-8,79200000;Error
-8,79100000;Error
-8,79000000;Error
-8,78900000;Error
-8,78800000;Error
-8,78700000;Error
-8,78600000;Error
-8,78500000;Error
-8,78400000;Error
-8,78300000;Error
-8,78200000;Error
-8,78100000;Error
-8,78000000;Error
-8,77900000;Error
-8,77800000;Error
-8,77700000;Error
-8,77600000;Error
-8,77500000;Error
-8,77400000;Error
-8,77300000;Error
-8,77200000;Error
-8,77100000;Error
-8,77000000;Error
-8,76900000;Error
-8,76800000;Error
-8,76700000;Error
-8,76600000;Error
-8,76500000;Error
-8,76400000;Error
-8,76300000;Error
-8,76200000;Error
-8,76100000;Error
-8,76000000;Error
-8,75900000;Error
-8,75800000;Error
-8,75700000;Error
-8,75600000;Error
-8,75500000;Error
-8,75400000;Error
-8,75300000;Error
-8,75200000;Error
-8,75100000;Error
-8,75000000;Error
-8,74900000;Error
-8,74800000;Error
-8,74700000;Error
-8,74600000;Error
-8,74500000;Error
-8,74400000;Error
-8,74300000;Error
-8,74200000;Error
-8,74100000;Error
-8,74000000;Error
-8,73900000;Error
-8,73800000;Error
-8,73700000;Error
-8,73600000;Error
-8,73500000;Error
-8,73400000;Error
-8,73300000;Error
-8,73200000;Error
-8,73100000;Error
-8,73000000;Error
-8,72900000;Error
-8,72800000;Error
-8,72700000;Error
-8,72600000;Error
-8,72500000;Error
-8,72400000;Error
-8,72300000;Error
-8,72200000;Error
-8,72100000;Error
-8,72000000;Error
-8,71900000;Error
-8,71800000;Error
-8,71700000;Error
-8,71600000;Error
-8,71500000;Error
-8,71400000;Error
-8,71300000;Error
-8,71200000;Error
-8,71100000;Error
-8,71000000;Error
-8,70900000;Error
-8,70800000;Error
-8,70700000;Error
-8,70600000;Error
-8,70500000;Error
-8,70400000;Error
-8,70300000;Error
-8,70200000;Error
-8,70100000;Error
-8,70000000;Error
-8,69900000;Error
-8,69800000;Error
-8,69700000;Error
-8,69600000;Error
-8,69500000;Error
-8,69400000;Error
-8,69300000;Error
-8,69200000;Error
-8,69100000;Error
-8,69000000;Error
-8,68900000;Error
-8,68800000;Error
-8,68700000;Error
-8,68600000;Error
-8,68500000;Error
-8,68400000;Error
-8,68300000;Error
-8,68200000;Error
-8,68100000;Error
-8,68000000;Error
-8,67900000;Error
-8,67800000;Error
-8,67700000;Error
-8,67600000;Error
-8,67500000;Error
-8,67400000;Error
-8,67300000;Error
-8,67200000;Error
-8,67100000;Error
-8,67000000;Error
-8,66900000;Error
-8,66800000;Error
-8,66700000;Error
-8,66600000;Error
-8,66500000;Error
-8,66400000;Error
-8,66300000;Error
-8,66200000;Error
-8,66100000;Error
-8,66000000;Error
-8,65900000;Error
-8,65800000;Error
-8,65700000;Error
-8,65600000;Error
-8,65500000;Error
-8,65400000;Error
-8,65300000;Error
-8,65200000;Error
-8,65100000;Error
-8,65000000;Error
-8,64900000;Error
-8,64800000;Error
-8,64700000;Error
-8,64600000;Error
-8,64500000;Error
-8,64400000;Error
-8,64300000;Error
-8,64200000;Error
-8,64100000;Error
-8,64000000;Error
-8,63900000;Error
-8,63800000;Error
-8,63700000;Error
-8,63600000;Error
-8,63500000;Error
-8,63400000;Error
-8,63300000;Error
-8,63200000;Error
-8,63100000;Error
-8,63000000;Error
-8,62900000;Error
-8,62800000;Error
-8,62700000;Error
-8,62600000;Error
-8,62500000;Error
-8,62400000;Error
-8,62300000;Error
-8,62200000;Error
-8,62100000;Error
-8,62000000;Error
-8,61900000;Error
-8,61800000;Error
-8,61700000;Error
-8,61600000;Error
-8,61500000;Error
-8,61400000;Error
-8,61300000;Error
-8,61200000;Error
-8,61100000;Error
-8,61000000;Error
-8,60900000;Error
-8,60800000;Error
-8,60700000;Error
-8,60600000;Error
-8,60500000;Error
-8,60400000;Error
-8,60300000;Error
-8,60200000;Error
-8,60100000;Error
-8,60000000;Error
-8,59900000;Error
-8,59800000;Error
-8,59700000;Error
-8,59600000;Error
-8,59500000;Error
-8,59400000;Error
-8,59300000;Error
-8,59200000;Error
-8,59100000;Error
-8,59000000;Error
-8,58900000;Error
-8,58800000;Error
-8,58700000;Error
-8,58600000;Error
-8,58500000;Error
-8,58400000;Error
-8,58300000;Error
-8,58200000;Error
-8,58100000;Error
-8,58000000;Error
-8,57900000;Error
-8,57800000;Error
-8,57700000;Error
-8,57600000;Error
-8,57500000;Error
-8,57400000;Error
-8,57300000;Error
-8,57200000;Error
-8,57100000;Error
-8,57000000;Error
-8,56900000;Error
-8,56800000;Error
-8,56700000;Error
-8,56600000;Error
-8,56500000;Error
-8,56400000;Error
-8,56300000;Error
-8,56200000;Error
-8,56100000;Error
-8,56000000;Error
-8,55900000;Error
-8,55800000;Error
-8,55700000;Error
-8,55600000;Error
-8,55500000;Error
-8,55400000;Error
-8,55300000;Error
-8,55200000;Error
-8,55100000;Error
-8,55000000;Error
-8,54900000;Error
-8,54800000;Error
-8,54700000;Error
-8,54600000;Error
-8,54500000;Error
-8,54400000;Error
-8,54300000;Error
-8,54200000;Error
-8,54100000;Error
-8,54000000;Error
-8,53900000;Error
-8,53800000;Error
-8,53700000;Error
-8,53600000;Error
-8,53500000;Error
-8,53400000;Error
-8,53300000;Error
-8,53200000;Error
-8,53100000;Error
-8,53000000;Error
-8,52900000;Error
-8,52800000;Error
-8,52700000;Error
-8,52600000;Error
-8,52500000;Error
-8,52400000;Error
-8,52300000;Error
-8,52200000;Error
-8,52100000;Error
-8,52000000;Error
-8,51900000;Error
-8,51800000;Error
-8,51700000;Error
-8,51600000;Error
-8,51500000;Error
-8,51400000;Error
-8,51300000;Error
-8,51200000;Error
-8,51100000;Error
-8,51000000;Error
-8,50900000;Error
-8,50800000;Error
-8,50700000;Error
-8,50600000;Error
-8,50500000;Error
-8,50400000;Error
-8,50300000;Error
-8,50200000;Error
-8,50100000;Error
-8,50000000;Error
-8,49900000;Error
-8,49800000;Error
-8,49700000;Error
-8,49600000;Error
-8,49500000;Error
-8,49400000;Error
-8,49300000;Error
-8,49200000;Error
-8,49100000;Error
-8,49000000;Error
-8,48900000;Error
-8,48800000;Error
-8,48700000;Error
-8,48600000;Error
-8,48500000;Error
-8,48400000;Error
-8,48300000;Error
-8,48200000;Error
-8,48100000;Error
-8,48000000;Error
-8,47900000;Error
-8,47800000;Error
-8,47700000;Error
-8,47600000;Error
-8,47500000;Error
-8,47400000;Error
-8,47300000;Error
-8,47200000;Error
-8,47100000;Error
-8,47000000;Error
-8,46900000;Error
-8,46800000;Error
-8,46700000;Error
-8,46600000;Error
-8,46500000;Error
-8,46400000;Error
-8,46300000;Error
-8,46200000;Error
-8,46100000;Error
-8,46000000;Error
-8,45900000;Error
-8,45800000;Error
-8,45700000;Error
-8,45600000;Error
-8,45500000;Error
-8,45400000;Error
-8,45300000;Error
-8,45200000;Error
-8,45100000;Error
-8,45000000;Error
-8,44900000;Error
-8,44800000;Error
-8,44700000;Error
-8,44600000;Error
-8,44500000;Error
-8,44400000;Error
-8,44300000;Error
-8,44200000;Error
-8,44100000;Error
-8,44000000;Error
-8,43900000;Error
-8,43800000;Error
-8,43700000;Error
-8,43600000;Error
-8,43500000;Error
-8,43400000;Error
-8,43300000;Error
-8,43200000;Error
-8,43100000;Error
-8,43000000;Error
-8,42900000;Error
-8,42800000;Error
-8,42700000;Error
-8,42600000;Error
-8,42500000;Error
-8,42400000;Error
-8,42300000;Error
-8,42200000;Error
-8,42100000;Error
-8,42000000;Error
-8,41900000;Error
-8,41800000;Error
-8,41700000;Error
-8,41600000;Error
-8,41500000;Error
-8,41400000;Error
-8,41300000;Error
-8,41200000;Error
-8,41100000;Error
-8,41000000;Error
-8,40900000;Error
-8,40800000;Error
-8,40700000;Error
-8,40600000;Error
-8,40500000;Error
-8,40400000;Error
-8,40300000;Error
-8,40200000;Error
-8,40100000;Error
-8,40000000;Error
-8,39900000;Error
-8,39800000;Error
-8,39700000;Error
-8,39600000;Error
-8,39500000;Error
-8,39400000;Error
-8,39300000;Error
-8,39200000;Error
-8,39100000;Error
-8,39000000;Error
-8,38900000;Error
-8,38800000;Error
-8,38700000;Error
-8,38600000;Error
-8,38500000;Error
-8,38400000;Error
-8,38300000;Error
-8,38200000;Error
-8,38100000;Error
-8,38000000;Error
-8,37900000;Error
-8,37800000;Error
-8,37700000;Error
-8,37600000;Error
-8,37500000;Error
-8,37400000;Error
-8,37300000;Error
-8,37200000;Error
-8,37100000;Error
-8,37000000;Error
-8,36900000;Error
-8,36800000;Error
-8,36700000;Error
-8,36600000;Error
-8,36500000;Error
-8,36400000;Error
-8,36300000;Error
-8,36200000;Error
-8,36100000;Error
-8,36000000;Error
-8,35900000;Error
-8,35800000;Error
-8,35700000;Error
-8,35600000;Error
-8,35500000;Error
-8,35400000;Error
-8,35300000;Error
-8,35200000;Error
-8,35100000;Error
-8,35000000;Error
-8,34900000;Error
-8,34800000;Error
-8,34700000;Error
-8,34600000;Error
-8,34500000;Error
-8,34400000;Error
-8,34300000;Error
-8,34200000;Error
-8,34100000;Error
-8,34000000;Error
-8,33900000;Error
-8,33800000;Error
-8,33700000;Error
-8,33600000;Error
-8,33500000;Error
-8,33400000;Error
-8,33300000;Error
-8,33200000;Error
-8,33100000;Error
-8,33000000;Error
-8,32900000;Error
-8,32800000;Error
-8,32700000;Error
-8,32600000;Error
-8,32500000;Error
-8,32400000;Error
-8,32300000;Error
-8,32200000;Error
-8,32100000;Error
-8,32000000;Error
-8,31900000;Error
-8,31800000;Error
-8,31700000;Error
-8,31600000;Error
-8,31500000;Error
-8,31400000;Error
-8,31300000;Error
-8,31200000;Error
-8,31100000;Error
-8,31000000;Error
-8,30900000;Error
-8,30800000;Error
-8,30700000;Error
-8,30600000;Error
-8,30500000;Error
-8,30400000;Error
-8,30300000;Error
-8,30200000;Error
-8,30100000;Error
-8,30000000;Error
-8,29900000;Error
-8,29800000;Error
-8,29700000;Error
-8,29600000;Error
-8,29500000;Error
-8,29400000;Error
-8,29300000;Error
-8,29200000;Error
-8,29100000;Error
-8,29000000;Error
-8,28900000;Error
-8,28800000;Error
-8,28700000;Error
-8,28600000;Error
-8,28500000;Error
-8,28400000;Error
-8,28300000;Error
-8,28200000;Error
-8,28100000;Error
-8,28000000;Error
-8,27900000;Error
-8,27800000;Error
-8,27700000;Error
-8,27600000;Error
-8,27500000;Error
-8,27400000;Error
-8,27300000;Error
-8,27200000;Error
-8,27100000;Error
-8,27000000;Error
-8,26900000;Error
-8,26800000;Error
-8,26700000;Error
-8,26600000;Error
-8,26500000;Error
-8,26400000;Error
-8,26300000;Error
-8,26200000;Error
-8,26100000;Error
-8,26000000;Error
-8,25900000;Error
-8,25800000;Error
-8,25700000;Error
-8,25600000;Error
-8,25500000;Error
-8,25400000;Error
-8,25300000;Error
-8,25200000;Error
-8,25100000;Error
-8,25000000;Error
-8,24900000;Error
-8,24800000;Error
-8,24700000;Error
-8,24600000;Error
-8,24500000;Error
-8,24400000;Error
-8,24300000;Error
-8,24200000;Error
-8,24100000;Error
-8,24000000;Error
-8,23900000;Error
-8,23800000;Error
-8,23700000;Error
-8,23600000;Error
-8,23500000;Error
-8,23400000;Error
-8,23300000;Error
-8,23200000;Error
-8,23100000;Error
-8,23000000;Error
-8,22900000;Error
-8,22800000;Error
-8,22700000;Error
-8,22600000;Error
-8,22500000;Error
-8,22400000;Error
-8,22300000;Error
-8,22200000;Error
-8,22100000;Error
-8,22000000;Error
-8,21900000;Error
-8,21800000;Error
-8,21700000;Error
-8,21600000;Error
-8,21500000;Error
-8,21400000;Error
-8,21300000;Error
-8,21200000;Error
-8,21100000;Error
-8,21000000;Error
-8,20900000;Error
-8,20800000;Error
-8,20700000;Error
-8,20600000;Error
-8,20500000;Error
-8,20400000;Error
-8,20300000;Error
-8,20200000;Error
-8,20100000;Error
-8,20000000;Error
-8,19900000;Error
-8,19800000;Error
-8,19700000;Error
-8,19600000;Error
-8,19500000;Error
-8,19400000;Error
-8,19300000;Error
-8,19200000;Error
-8,19100000;Error
-8,19000000;Error
-8,18900000;Error
-8,18800000;Error
-8,18700000;Error
-8,18600000;Error
-8,18500000;Error
-8,18400000;Error
-8,18300000;Error
-8,18200000;Error
-8,18100000;Error
-8,18000000;Error
-8,17900000;Error
-8,17800000;Error
-8,17700000;Error
-8,17600000;Error
-8,17500000;Error
-8,17400000;Error
-8,17300000;Error
-8,17200000;Error
-8,17100000;Error
-8,17000000;Error
-8,16900000;Error
-8,16800000;Error
-8,16700000;Error
-8,16600000;Error
-8,16500000;Error
-8,16400000;Error
-8,16300000;Error
-8,16200000;Error
-8,16100000;Error
-8,16000000;Error
-8,15900000;Error
-8,15800000;Error
-8,15700000;Error
-8,15600000;Error
-8,15500000;Error
-8,15400000;Error
-8,15300000;Error
-8,15200000;Error
-8,15100000;Error
-8,15000000;Error
-8,14900000;Error
-8,14800000;Error
-8,14700000;Error
-8,14600000;Error
-8,14500000;Error
-8,14400000;Error
-8,14300000;Error
-8,14200000;Error
-8,14100000;Error
-8,14000000;Error
-8,13900000;Error
-8,13800000;Error
-8,13700000;Error
-8,13600000;Error
-8,13500000;Error
-8,13400000;Error
-8,13300000;Error
-8,13200000;Error
-8,13100000;Error
-8,13000000;Error
-8,12900000;Error
-8,12800000;Error
-8,12700000;Error
-8,12600000;Error
-8,12500000;Error
-8,12400000;Error
-8,12300000;Error
-8,12200000;Error
-8,12100000;Error
-8,12000000;Error
-8,11900000;Error
-8,11800000;Error
-8,11700000;Error
-8,11600000;Error
-8,11500000;Error
-8,11400000;Error
-8,11300000;Error
-8,11200000;Error
-8,11100000;Error
-8,11000000;Error
-8,10900000;Error
-8,10800000;Error
-8,10700000;Error
-8,10600000;Error
-8,10500000;Error
-8,10400000;Error
-8,10300000;Error
-8,10200000;Error
-8,10100000;Error
-8,10000000;Error
-8,09900000;Error
-8,09800000;Error
-8,09700000;Error
-8,09600000;Error
-8,09500000;Error
-8,09400000;Error
-8,09300000;Error
-8,09200000;Error
-8,09100000;Error
-8,09000000;Error
-8,08900000;Error
-8,08800000;Error
-8,08700000;Error
-8,08600000;Error
-8,08500000;Error
-8,08400000;Error
-8,08300000;Error
-8,08200000;Error
-8,08100000;Error
-8,08000000;Error
-8,07900000;Error
-8,07800000;Error
-8,07700000;Error
-8,07600000;Error
-8,07500000;Error
-8,07400000;Error
-8,07300000;Error
-8,07200000;Error
-8,07100000;Error
-8,07000000;Error
-8,06900000;Error
-8,06800000;Error
-8,06700000;Error
-8,06600000;Error
-8,06500000;Error
-8,06400000;Error
-8,06300000;Error
-8,06200000;Error
-8,06100000;Error
-8,06000000;Error
-8,05900000;Error
-8,05800000;Error
-8,05700000;Error
-8,05600000;Error
-8,05500000;Error
-8,05400000;Error
-8,05300000;Error
-8,05200000;Error
-8,05100000;Error
-8,05000000;Error
-8,04900000;Error
-8,04800000;Error
-8,04700000;Error
-8,04600000;Error
-8,04500000;Error
-8,04400000;Error
-8,04300000;Error
-8,04200000;Error
-8,04100000;Error
-8,04000000;Error
-8,03900000;Error
-8,03800000;Error
-8,03700000;Error
-8,03600000;Error
-8,03500000;Error
-8,03400000;Error
-8,03300000;Error
-8,03200000;Error
-8,03100000;Error
-8,03000000;Error
-8,02900000;Error
-8,02800000;Error
-8,02700000;Error
-8,02600000;Error
-8,02500000;Error
-8,02400000;Error
-8,02300000;Error
-8,02200000;Error
-8,02100000;Error
-8,02000000;Error
-8,01900000;Error
-8,01800000;Error
-8,01700000;Error
-8,01600000;Error
-8,01500000;Error
-8,01400000;Error
-8,01300000;Error
-8,01200000;Error
-8,01100000;Error
-8,01000000;Error
-8,00900000;Error
-8,00800000;Error
-8,00700000;Error
-8,00600000;Error
-8,00500000;Error
-8,00400000;Error
-8,00300000;Error
-8,00200000;Error
-8,00100000;Error
-8,00000000;Error
-7,99900000;Error
-7,99800000;Error
-7,99700000;Error
-7,99600000;Error
-7,99500000;Error
-7,99400000;Error
-7,99300000;Error
-7,99200000;Error
-7,99100000;Error
-7,99000000;Error
-7,98900000;Error
-7,98800000;Error
-7,98700000;Error
-7,98600000;Error
-7,98500000;Error
-7,98400000;Error
-7,98300000;Error
-7,98200000;Error
-7,98100000;Error
-7,98000000;Error
-7,97900000;Error
-7,97800000;Error
-7,97700000;Error
-7,97600000;Error
-7,97500000;Error
-7,97400000;Error
-7,97300000;Error
-7,97200000;Error
-7,97100000;Error
-7,97000000;Error
-7,96900000;Error
-7,96800000;Error
-7,96700000;Error
-7,96600000;Error
-7,96500000;Error
-7,96400000;Error
-7,96300000;Error
-7,96200000;Error
-7,96100000;Error
-7,96000000;Error
-7,95900000;Error
-7,95800000;Error
-7,95700000;Error
-7,95600000;Error
-7,95500000;Error
-7,95400000;Error
-7,95300000;Error
-7,95200000;Error
-7,95100000;Error
-7,95000000;Error
-7,94900000;Error
-7,94800000;Error
-7,94700000;Error
-7,94600000;Error
-7,94500000;Error
-7,94400000;Error
-7,94300000;Error
-7,94200000;Error
-7,94100000;Error
-7,94000000;Error
-7,93900000;Error
-7,93800000;Error
-7,93700000;Error
-7,93600000;Error
-7,93500000;Error
-7,93400000;Error
-7,93300000;Error
-7,93200000;Error
-7,93100000;Error
-7,93000000;Error
-7,92900000;Error
-7,92800000;Error
-7,92700000;Error
-7,92600000;Error
-7,92500000;Error
-7,92400000;Error
-7,92300000;Error
-7,92200000;Error
-7,92100000;Error
-7,92000000;Error
-7,91900000;Error
-7,91800000;Error
-7,91700000;Error
-7,91600000;Error
-7,91500000;Error
-7,91400000;Error
-7,91300000;Error
-7,91200000;Error
-7,91100000;Error
-7,91000000;Error
-7,90900000;Error
-7,90800000;Error
-7,90700000;Error
-7,90600000;Error
-7,90500000;Error
-7,90400000;Error
-7,90300000;Error
-7,90200000;Error
-7,90100000;Error
-7,90000000;Error
-7,89900000;Error
-7,89800000;Error
-7,89700000;Error
-7,89600000;Error
-7,89500000;Error
-7,89400000;Error
-7,89300000;Error
-7,89200000;Error
-7,89100000;Error
-7,89000000;Error
-7,88900000;Error
-7,88800000;Error
-7,88700000;Error
-7,88600000;Error
-7,88500000;Error
-7,88400000;Error
-7,88300000;Error
-7,88200000;Error
-7,88100000;Error
-7,88000000;Error
-7,87900000;Error
-7,87800000;Error
-7,87700000;Error
-7,87600000;Error
-7,87500000;Error
-7,87400000;Error
-7,87300000;Error
-7,87200000;Error
-7,87100000;Error
-7,87000000;Error
-7,86900000;Error
-7,86800000;Error
-7,86700000;Error
-7,86600000;Error
-7,86500000;Error
-7,86400000;Error
-7,86300000;Error
-7,86200000;Error
-7,86100000;Error
-7,86000000;Error
-7,85900000;Error
-7,85800000;Error
-7,85700000;Error
-7,85600000;Error
-7,85500000;Error
-7,85400000;Error
-7,85300000;Error
-7,85200000;Error
-7,85100000;Error
-7,85000000;Error
-7,84900000;Error
-7,84800000;Error
-7,84700000;Error
-7,84600000;Error
-7,84500000;Error
-7,84400000;Error
-7,84300000;Error
-7,84200000;Error
-7,84100000;Error
-7,84000000;Error
-7,83900000;Error
-7,83800000;Error
-7,83700000;Error
-7,83600000;Error
-7,83500000;Error
-7,83400000;Error
-7,83300000;Error
-7,83200000;Error
-7,83100000;Error
-7,83000000;Error
-7,82900000;Error
-7,82800000;Error
-7,82700000;Error
-7,82600000;Error
-7,82500000;Error
-7,82400000;Error
-7,82300000;Error
-7,82200000;Error
-7,82100000;Error
-7,82000000;Error
-7,81900000;Error
-7,81800000;Error
-7,81700000;Error
-7,81600000;Error
-7,81500000;Error
-7,81400000;Error
-7,81300000;Error
-7,81200000;Error
-7,81100000;Error
-7,81000000;Error
-7,80900000;Error
-7,80800000;Error
-7,80700000;Error
-7,80600000;Error
-7,80500000;Error
-7,80400000;Error
-7,80300000;Error
-7,80200000;Error
-7,80100000;Error
-7,80000000;Error
-7,79900000;Error
-7,79800000;Error
-7,79700000;Error
-7,79600000;Error
-7,79500000;Error
-7,79400000;Error
-7,79300000;Error
-7,79200000;Error
-7,79100000;Error
-7,79000000;Error
-7,78900000;Error
-7,78800000;Error
-7,78700000;Error
-7,78600000;Error
-7,78500000;Error
-7,78400000;Error
-7,78300000;Error
-7,78200000;Error
-7,78100000;Error
-7,78000000;Error
-7,77900000;Error
-7,77800000;Error
-7,77700000;Error
-7,77600000;Error
-7,77500000;Error
-7,77400000;Error
-7,77300000;Error
-7,77200000;Error
-7,77100000;Error
-7,77000000;Error
-7,76900000;Error
-7,76800000;Error
-7,76700000;Error
-7,76600000;Error
-7,76500000;Error
-7,76400000;Error
-7,76300000;Error
-7,76200000;Error
-7,76100000;Error
-7,76000000;Error
-7,75900000;Error
-7,75800000;Error
-7,75700000;Error
-7,75600000;Error
-7,75500000;Error
-7,75400000;Error
-7,75300000;Error
-7,75200000;Error
-7,75100000;Error
-7,75000000;Error
-7,74900000;Error
-7,74800000;Error
-7,74700000;Error
-7,74600000;Error
-7,74500000;Error
-7,74400000;Error
-7,74300000;Error
-7,74200000;Error
-7,74100000;Error
-7,74000000;Error
-7,73900000;Error
-7,73800000;Error
-7,73700000;Error
-7,73600000;Error
-7,73500000;Error
-7,73400000;Error
-7,73300000;Error
-7,73200000;Error
-7,73100000;Error
-7,73000000;Error
-7,72900000;Error
-7,72800000;Error
-7,72700000;Error
-7,72600000;Error
-7,72500000;Error
-7,72400000;Error
-7,72300000;Error
-7,72200000;Error
-7,72100000;Error
-7,72000000;Error
-7,71900000;Error
-7,71800000;Error
-7,71700000;Error
-7,71600000;Error
-7,71500000;Error
-7,71400000;Error
-7,71300000;Error
-7,71200000;Error
-7,71100000;Error
-7,71000000;Error
-7,70900000;Error
-7,70800000;Error
-7,70700000;Error
-7,70600000;Error
-7,70500000;Error
-7,70400000;Error
-7,70300000;Error
-7,70200000;Error
-7,70100000;Error
-7,70000000;Error
-7,69900000;Error
-7,69800000;Error
-7,69700000;Error
-7,69600000;Error
-7,69500000;Error
-7,69400000;Error
-7,69300000;Error
-7,69200000;Error
-7,69100000;Error
-7,69000000;Error
-7,68900000;Error
-7,68800000;Error
-7,68700000;Error
-7,68600000;Error
-7,68500000;Error
-7,68400000;Error
-7,68300000;Error
-7,68200000;Error
-7,68100000;Error
-7,68000000;Error
-7,67900000;Error
-7,67800000;Error
-7,67700000;Error
-7,67600000;Error
-7,67500000;Error
-7,67400000;Error
-7,67300000;Error
-7,67200000;Error
-7,67100000;Error
-7,67000000;Error
-7,66900000;Error
-7,66800000;Error
-7,66700000;Error
-7,66600000;Error
-7,66500000;Error
-7,66400000;Error
-7,66300000;Error
-7,66200000;Error
-7,66100000;Error
-7,66000000;Error
-7,65900000;Error
-7,65800000;Error
-7,65700000;Error
-7,65600000;Error
-7,65500000;Error
-7,65400000;Error
-7,65300000;Error
-7,65200000;Error
-7,65100000;Error
-7,65000000;Error
-7,64900000;Error
-7,64800000;Error
-7,64700000;Error
-7,64600000;Error
-7,64500000;Error
-7,64400000;Error
-7,64300000;Error
-7,64200000;Error
-7,64100000;Error
-7,64000000;Error
-7,63900000;Error
-7,63800000;Error
-7,63700000;Error
-7,63600000;Error
-7,63500000;Error
-7,63400000;Error
-7,63300000;Error
-7,63200000;Error
-7,63100000;Error
-7,63000000;Error
-7,62900000;Error
-7,62800000;Error
-7,62700000;Error
-7,62600000;Error
-7,62500000;Error
-7,62400000;Error
-7,62300000;Error
-7,62200000;Error
-7,62100000;Error
-7,62000000;Error
-7,61900000;Error
-7,61800000;Error
-7,61700000;Error
-7,61600000;Error
-7,61500000;Error
-7,61400000;Error
-7,61300000;Error
-7,61200000;Error
-7,61100000;Error
-7,61000000;Error
-7,60900000;Error
-7,60800000;Error
-7,60700000;Error
-7,60600000;Error
-7,60500000;Error
-7,60400000;Error
-7,60300000;Error
-7,60200000;Error
-7,60100000;Error
-7,60000000;Error
-7,59900000;Error
-7,59800000;Error
-7,59700000;Error
-7,59600000;Error
-7,59500000;Error
-7,59400000;Error
-7,59300000;Error
-7,59200000;Error
-7,59100000;Error
-7,59000000;Error
-7,58900000;Error
-7,58800000;Error
-7,58700000;Error
-7,58600000;Error
-7,58500000;Error
-7,58400000;Error
-7,58300000;Error
-7,58200000;Error
-7,58100000;Error
-7,58000000;Error
-7,57900000;Error
-7,57800000;Error
-7,57700000;Error
-7,57600000;Error
-7,57500000;Error
-7,57400000;Error
-7,57300000;Error
-7,57200000;Error
-7,57100000;Error
-7,57000000;Error
-7,56900000;Error
-7,56800000;Error
-7,56700000;Error
-7,56600000;Error
-7,56500000;Error
-7,56400000;Error
-7,56300000;Error
-7,56200000;Error
-7,56100000;Error
-7,56000000;Error
-7,55900000;Error
-7,55800000;Error
-7,55700000;Error
-7,55600000;Error
-7,55500000;Error
-7,55400000;Error
-7,55300000;Error
-7,55200000;Error
-7,55100000;Error
-7,55000000;Error
-7,54900000;Error
-7,54800000;Error
-7,54700000;Error
-7,54600000;Error
-7,54500000;Error
-7,54400000;Error
-7,54300000;Error
-7,54200000;Error
-7,54100000;Error
-7,54000000;Error
-7,53900000;Error
-7,53800000;Error
-7,53700000;Error
-7,53600000;Error
-7,53500000;Error
-7,53400000;Error
-7,53300000;Error
-7,53200000;Error
-7,53100000;Error
-7,53000000;Error
-7,52900000;Error
-7,52800000;Error
-7,52700000;Error
-7,52600000;Error
-7,52500000;Error
-7,52400000;Error
-7,52300000;Error
-7,52200000;Error
-7,52100000;Error
-7,52000000;Error
-7,51900000;Error
-7,51800000;Error
-7,51700000;Error
-7,51600000;Error
-7,51500000;Error
-7,51400000;Error
-7,51300000;Error
-7,51200000;Error
-7,51100000;Error
-7,51000000;Error
-7,50900000;Error
-7,50800000;Error
-7,50700000;Error
-7,50600000;Error
-7,50500000;Error
-7,50400000;Error
-7,50300000;Error
-7,50200000;Error
-7,50100000;Error
-7,50000000;Error
-7,49900000;Error
-7,49800000;Error
-7,49700000;Error
-7,49600000;Error
-7,49500000;Error
-7,49400000;Error
-7,49300000;Error
-7,49200000;Error
-7,49100000;Error
-7,49000000;Error
-7,48900000;Error
-7,48800000;Error
-7,48700000;Error
-7,48600000;Error
-7,48500000;Error
-7,48400000;Error
-7,48300000;Error
-7,48200000;Error
-7,48100000;Error
-7,48000000;Error
-7,47900000;Error
-7,47800000;Error
-7,47700000;Error
-7,47600000;Error
-7,47500000;Error
-7,47400000;Error
-7,47300000;Error
-7,47200000;Error
-7,47100000;Error
-7,47000000;Error
-7,46900000;Error
-7,46800000;Error
-7,46700000;Error
-7,46600000;Error
-7,46500000;Error
-7,46400000;Error
-7,46300000;Error
-7,46200000;Error
-7,46100000;Error
-7,46000000;Error
-7,45900000;Error
-7,45800000;Error
-7,45700000;Error
-7,45600000;Error
-7,45500000;Error
-7,45400000;Error
-7,45300000;Error
-7,45200000;Error
-7,45100000;Error
-7,45000000;Error
-7,44900000;Error
-7,44800000;Error
-7,44700000;Error
-7,44600000;Error
-7,44500000;Error
-7,44400000;Error
-7,44300000;Error
-7,44200000;Error
-7,44100000;Error
-7,44000000;Error
-7,43900000;Error
-7,43800000;Error
-7,43700000;Error
-7,43600000;Error
-7,43500000;Error
-7,43400000;Error
-7,43300000;Error
-7,43200000;Error
-7,43100000;Error
-7,43000000;Error
-7,42900000;Error
-7,42800000;Error
-7,42700000;Error
-7,42600000;Error
-7,42500000;Error
-7,42400000;Error
-7,42300000;Error
-7,42200000;Error
-7,42100000;Error
-7,42000000;Error
-7,41900000;Error
-7,41800000;Error
-7,41700000;Error
-7,41600000;Error
-7,41500000;Error
-7,41400000;Error
-7,41300000;Error
-7,41200000;Error
-7,41100000;Error
-7,41000000;Error
-7,40900000;Error
-7,40800000;Error
-7,40700000;Error
-7,40600000;Error
-7,40500000;Error
-7,40400000;Error
-7,40300000;Error
-7,40200000;Error
-7,40100000;Error
-7,40000000;Error
-7,39900000;Error
-7,39800000;Error
-7,39700000;Error
-7,39600000;Error
-7,39500000;Error
-7,39400000;Error
-7,39300000;Error
-7,39200000;Error
-7,39100000;Error
-7,39000000;Error
-7,38900000;Error
-7,38800000;Error
-7,38700000;Error
-7,38600000;Error
-7,38500000;Error
-7,38400000;Error
-7,38300000;Error
-7,38200000;Error
-7,38100000;Error
-7,38000000;Error
-7,37900000;Error
-7,37800000;Error
-7,37700000;Error
-7,37600000;Error
-7,37500000;Error
-7,37400000;Error
-7,37300000;Error
-7,37200000;Error
-7,37100000;Error
-7,37000000;Error
-7,36900000;Error
-7,36800000;Error
-7,36700000;Error
-7,36600000;Error
-7,36500000;Error
-7,36400000;Error
-7,36300000;Error
-7,36200000;Error
-7,36100000;Error
-7,36000000;Error
-7,35900000;Error
-7,35800000;Error
-7,35700000;Error
-7,35600000;Error
-7,35500000;Error
-7,35400000;Error
-7,35300000;Error
-7,35200000;Error
-7,35100000;Error
-7,35000000;Error
-7,34900000;Error
-7,34800000;Error
-7,34700000;Error
-7,34600000;Error
-7,34500000;Error
-7,34400000;Error
-7,34300000;Error
-7,34200000;Error
-7,34100000;Error
-7,34000000;Error
-7,33900000;Error
-7,33800000;Error
-7,33700000;Error
-7,33600000;Error
-7,33500000;Error
-7,33400000;Error
-7,33300000;Error
-7,33200000;Error
-7,33100000;Error
-7,33000000;Error
-7,32900000;Error
-7,32800000;Error
-7,32700000;Error
-7,32600000;Error
-7,32500000;Error
-7,32400000;Error
-7,32300000;Error
-7,32200000;Error
-7,32100000;Error
-7,32000000;Error
-7,31900000;Error
-7,31800000;Error
-7,31700000;Error
-7,31600000;Error
-7,31500000;Error
-7,31400000;Error
-7,31300000;Error
-7,31200000;Error
-7,31100000;Error
-7,31000000;Error
-7,30900000;Error
-7,30800000;Error
-7,30700000;Error
-7,30600000;Error
-7,30500000;Error
-7,30400000;Error
-7,30300000;Error
-7,30200000;Error
-7,30100000;Error
-7,30000000;Error
-7,29900000;Error
-7,29800000;Error
-7,29700000;Error
-7,29600000;Error
-7,29500000;Error
-7,29400000;Error
-7,29300000;Error
-7,29200000;Error
-7,29100000;Error
-7,29000000;Error
-7,28900000;Error
-7,28800000;Error
-7,28700000;Error
-7,28600000;Error
-7,28500000;Error
-7,28400000;Error
-7,28300000;Error
-7,28200000;Error
-7,28100000;Error
-7,28000000;Error
-7,27900000;Error
-7,27800000;Error
-7,27700000;Error
-7,27600000;Error
-7,27500000;Error
-7,27400000;Error
-7,27300000;Error
-7,27200000;Error
-7,27100000;Error
-7,27000000;Error
-7,26900000;Error
-7,26800000;Error
-7,26700000;Error
-7,26600000;Error
-7,26500000;Error
-7,26400000;Error
-7,26300000;Error
-7,26200000;Error
-7,26100000;Error
-7,26000000;Error
-7,25900000;Error
-7,25800000;Error
-7,25700000;Error
-7,25600000;Error
-7,25500000;Error
-7,25400000;Error
-7,25300000;Error
-7,25200000;Error
-7,25100000;Error
-7,25000000;Error
-7,24900000;Error
-7,24800000;Error
-7,24700000;Error
-7,24600000;Error
-7,24500000;Error
-7,24400000;Error
-7,24300000;Error
-7,24200000;Error
-7,24100000;Error
-7,24000000;Error
-7,23900000;Error
-7,23800000;Error
-7,23700000;Error
-7,23600000;Error
-7,23500000;Error
-7,23400000;Error
-7,23300000;Error
-7,23200000;Error
-7,23100000;Error
-7,23000000;Error
-7,22900000;Error
-7,22800000;Error
-7,22700000;Error
-7,22600000;Error
-7,22500000;Error
-7,22400000;Error
-7,22300000;Error
-7,22200000;Error
-7,22100000;Error
-7,22000000;Error
-7,21900000;Error
-7,21800000;Error
-7,21700000;Error
-7,21600000;Error
-7,21500000;Error
-7,21400000;Error
-7,21300000;Error
-7,21200000;Error
-7,21100000;Error
-7,21000000;Error
-7,20900000;Error
-7,20800000;Error
-7,20700000;Error
-7,20600000;Error
-7,20500000;Error
-7,20400000;Error
-7,20300000;Error
-7,20200000;Error
-7,20100000;Error
-7,20000000;Error
-7,19900000;Error
-7,19800000;Error
-7,19700000;Error
-7,19600000;Error
-7,19500000;Error
-7,19400000;Error
-7,19300000;Error
-7,19200000;Error
-7,19100000;Error
-7,19000000;Error
-7,18900000;Error
-7,18800000;Error
-7,18700000;Error
-7,18600000;Error
-7,18500000;Error
-7,18400000;Error
-7,18300000;Error
-7,18200000;Error
-7,18100000;Error
-7,18000000;Error
-7,17900000;Error
-7,17800000;Error
-7,17700000;Error
-7,17600000;Error
-7,17500000;Error
-7,17400000;Error
-7,17300000;Error
-7,17200000;Error
-7,17100000;Error
-7,17000000;Error
-7,16900000;Error
-7,16800000;Error
-7,16700000;Error
-7,16600000;Error
-7,16500000;Error
-7,16400000;Error
-7,16300000;Error
-7,16200000;Error
-7,16100000;Error
-7,16000000;Error
-7,15900000;Error
-7,15800000;Error
-7,15700000;Error
-7,15600000;Error
-7,15500000;Error
-7,15400000;Error
-7,15300000;Error
-7,15200000;Error
-7,15100000;Error
-7,15000000;Error
-7,14900000;Error
-7,14800000;Error
-7,14700000;Error
-7,14600000;Error
-7,14500000;Error
-7,14400000;Error
-7,14300000;Error
-7,14200000;Error
-7,14100000;Error
-7,14000000;Error
-7,13900000;Error
-7,13800000;Error
-7,13700000;Error
-7,13600000;Error
-7,13500000;Error
-7,13400000;Error
-7,13300000;Error
-7,13200000;Error
-7,13100000;Error
-7,13000000;Error
-7,12900000;Error
-7,12800000;Error
-7,12700000;Error
-7,12600000;Error
-7,12500000;Error
-7,12400000;Error
-7,12300000;Error
-7,12200000;Error
-7,12100000;Error
-7,12000000;Error
-7,11900000;Error
-7,11800000;Error
-7,11700000;Error
-7,11600000;Error
-7,11500000;Error
-7,11400000;Error
-7,11300000;Error
-7,11200000;Error
-7,11100000;Error
-7,11000000;Error
-7,10900000;Error
-7,10800000;Error
-7,10700000;Error
-7,10600000;Error
-7,10500000;Error
-7,10400000;Error
-7,10300000;Error
-7,10200000;Error
-7,10100000;Error
-7,10000000;Error
-7,09900000;Error
-7,09800000;Error
-7,09700000;Error
-7,09600000;Error
-7,09500000;Error
-7,09400000;Error
-7,09300000;Error
-7,09200000;Error
-7,09100000;Error
-7,09000000;Error
-7,08900000;Error
-7,08800000;Error
-7,08700000;Error
-7,08600000;Error
-7,08500000;Error
-7,08400000;Error
-7,08300000;Error
-7,08200000;Error
-7,08100000;Error
-7,08000000;Error
-7,07900000;Error
-7,07800000;Error
-7,07700000;Error
-7,07600000;Error
-7,07500000;Error
-7,07400000;Error
-7,07300000;Error
-7,07200000;Error
-7,07100000;Error
-7,07000000;Error
-7,06900000;Error
-7,06800000;Error
-7,06700000;Error
-7,06600000;Error
-7,06500000;Error
-7,06400000;Error
-7,06300000;Error
-7,06200000;Error
-7,06100000;Error
-7,06000000;Error
-7,05900000;Error
-7,05800000;Error
-7,05700000;Error
-7,05600000;Error
-7,05500000;Error
-7,05400000;Error
-7,05300000;Error
-7,05200000;Error
-7,05100000;Error
-7,05000000;Error
-7,04900000;Error
-7,04800000;Error
-7,04700000;Error
-7,04600000;Error
-7,04500000;Error
-7,04400000;Error
-7,04300000;Error
-7,04200000;Error
-7,04100000;Error
-7,04000000;Error
-7,03900000;Error
-7,03800000;Error
-7,03700000;Error
-7,03600000;Error
-7,03500000;Error
-7,03400000;Error
-7,03300000;Error
-7,03200000;Error
-7,03100000;Error
-7,03000000;Error
-7,02900000;Error
-7,02800000;Error
-7,02700000;Error
-7,02600000;Error
-7,02500000;Error
-7,02400000;Error
-7,02300000;Error
-7,02200000;Error
-7,02100000;Error
-7,02000000;Error
-7,01900000;Error
-7,01800000;Error
-7,01700000;Error
-7,01600000;Error
-7,01500000;Error
-7,01400000;Error
-7,01300000;Error
-7,01200000;Error
-7,01100000;Error
-7,01000000;Error
-7,00900000;Error
-7,00800000;Error
-7,00700000;Error
-7,00600000;Error
-7,00500000;Error
-7,00400000;Error
-7,00300000;Error
-7,00200000;Error
-7,00100000;Error
-7,00000000;Error
-6,99900000;Error
-6,99800000;Error
-6,99700000;Error
-6,99600000;Error
-6,99500000;Error
-6,99400000;Error
-6,99300000;Error
-6,99200000;Error
-6,99100000;Error
-6,99000000;Error
-6,98900000;Error
-6,98800000;Error
-6,98700000;Error
-6,98600000;Error
-6,98500000;Error
-6,98400000;Error
-6,98300000;Error
-6,98200000;Error
-6,98100000;Error
-6,98000000;Error
-6,97900000;Error
-6,97800000;Error
-6,97700000;Error
-6,97600000;Error
-6,97500000;Error
-6,97400000;Error
-6,97300000;Error
-6,97200000;Error
-6,97100000;Error
-6,97000000;Error
-6,96900000;Error
-6,96800000;Error
-6,96700000;Error
-6,96600000;Error
-6,96500000;Error
-6,96400000;Error
-6,96300000;Error
-6,96200000;Error
-6,96100000;Error
-6,96000000;Error
-6,95900000;Error
-6,95800000;Error
-6,95700000;Error
-6,95600000;Error
-6,95500000;Error
-6,95400000;Error
-6,95300000;Error
-6,95200000;Error
-6,95100000;Error
-6,95000000;Error
-6,94900000;Error
-6,94800000;Error
-6,94700000;Error
-6,94600000;Error
-6,94500000;Error
-6,94400000;Error
-6,94300000;Error
-6,94200000;Error
-6,94100000;Error
-6,94000000;Error
-6,93900000;Error
-6,93800000;Error
-6,93700000;Error
-6,93600000;Error
-6,93500000;Error
-6,93400000;Error
-6,93300000;Error
-6,93200000;Error
-6,93100000;Error
-6,93000000;Error
-6,92900000;Error
-6,92800000;Error
-6,92700000;Error
-6,92600000;Error
-6,92500000;Error
-6,92400000;Error
-6,92300000;Error
-6,92200000;Error
-6,92100000;Error
-6,92000000;Error
-6,91900000;Error
-6,91800000;Error
-6,91700000;Error
-6,91600000;Error
-6,91500000;Error
-6,91400000;Error
-6,91300000;Error
-6,91200000;Error
-6,91100000;Error
-6,91000000;Error
-6,90900000;Error
-6,90800000;Error
-6,90700000;Error
-6,90600000;Error
-6,90500000;Error
-6,90400000;Error
-6,90300000;Error
-6,90200000;Error
-6,90100000;Error
-6,90000000;Error
-6,89900000;Error
-6,89800000;Error
-6,89700000;Error
-6,89600000;Error
-6,89500000;Error
-6,89400000;Error
-6,89300000;Error
-6,89200000;Error
-6,89100000;Error
-6,89000000;Error
-6,88900000;Error
-6,88800000;Error
-6,88700000;Error
-6,88600000;Error
-6,88500000;Error
-6,88400000;Error
-6,88300000;Error
-6,88200000;Error
-6,88100000;Error
-6,88000000;Error
-6,87900000;Error
-6,87800000;Error
-6,87700000;Error
-6,87600000;Error
-6,87500000;Error
-6,87400000;Error
-6,87300000;Error
-6,87200000;Error
-6,87100000;Error
-6,87000000;Error
-6,86900000;Error
-6,86800000;Error
-6,86700000;Error
-6,86600000;Error
-6,86500000;Error
-6,86400000;Error
-6,86300000;Error
-6,86200000;Error
-6,86100000;Error
-6,86000000;Error
-6,85900000;Error
-6,85800000;Error
-6,85700000;Error
-6,85600000;Error
-6,85500000;Error
-6,85400000;Error
-6,85300000;Error
-6,85200000;Error
-6,85100000;Error
-6,85000000;Error
-6,84900000;Error
-6,84800000;Error
-6,84700000;Error
-6,84600000;Error
-6,84500000;Error
-6,84400000;Error
-6,84300000;Error
-6,84200000;Error
-6,84100000;Error
-6,84000000;Error
-6,83900000;Error
-6,83800000;Error
-6,83700000;Error
-6,83600000;Error
-6,83500000;Error
-6,83400000;Error
-6,83300000;Error
-6,83200000;Error
-6,83100000;Error
-6,83000000;Error
-6,82900000;Error
-6,82800000;Error
-6,82700000;Error
-6,82600000;Error
-6,82500000;Error
-6,82400000;Error
-6,82300000;Error
-6,82200000;Error
-6,82100000;Error
-6,82000000;Error
-6,81900000;Error
-6,81800000;Error
-6,81700000;Error
-6,81600000;Error
-6,81500000;Error
-6,81400000;Error
-6,81300000;Error
-6,81200000;Error
-6,81100000;Error
-6,81000000;Error
-6,80900000;Error
-6,80800000;Error
-6,80700000;Error
-6,80600000;Error
-6,80500000;Error
-6,80400000;Error
-6,80300000;Error
-6,80200000;Error
-6,80100000;Error
-6,80000000;Error
-6,79900000;Error
-6,79800000;Error
-6,79700000;Error
-6,79600000;Error
-6,79500000;Error
-6,79400000;Error
-6,79300000;Error
-6,79200000;Error
-6,79100000;Error
-6,79000000;Error
-6,78900000;Error
-6,78800000;Error
-6,78700000;Error
-6,78600000;Error
-6,78500000;Error
-6,78400000;Error
-6,78300000;Error
-6,78200000;Error
-6,78100000;Error
-6,78000000;Error
-6,77900000;Error
-6,77800000;Error
-6,77700000;Error
-6,77600000;Error
-6,77500000;Error
-6,77400000;Error
-6,77300000;Error
-6,77200000;Error
-6,77100000;Error
-6,77000000;Error
-6,76900000;Error
-6,76800000;Error
-6,76700000;Error
-6,76600000;Error
-6,76500000;Error
-6,76400000;Error
-6,76300000;Error
-6,76200000;Error
-6,76100000;Error
-6,76000000;Error
-6,75900000;Error
-6,75800000;Error
-6,75700000;Error
-6,75600000;Error
-6,75500000;Error
-6,75400000;Error
-6,75300000;Error
-6,75200000;Error
-6,75100000;Error
-6,75000000;Error
-6,74900000;Error
-6,74800000;Error
-6,74700000;Error
-6,74600000;Error
-6,74500000;Error
-6,74400000;Error
-6,74300000;Error
-6,74200000;Error
-6,74100000;Error
-6,74000000;Error
-6,73900000;Error
-6,73800000;Error
-6,73700000;Error
-6,73600000;Error
-6,73500000;Error
-6,73400000;Error
-6,73300000;Error
-6,73200000;Error
-6,73100000;Error
-6,73000000;Error
-6,72900000;Error
-6,72800000;Error
-6,72700000;Error
-6,72600000;Error
-6,72500000;Error
-6,72400000;Error
-6,72300000;Error
-6,72200000;Error
-6,72100000;Error
-6,72000000;Error
-6,71900000;Error
-6,71800000;Error
-6,71700000;Error
-6,71600000;Error
-6,71500000;Error
-6,71400000;Error
-6,71300000;Error
-6,71200000;Error
-6,71100000;Error
-6,71000000;Error
-6,70900000;Error
-6,70800000;Error
-6,70700000;Error
-6,70600000;Error
-6,70500000;Error
-6,70400000;Error
-6,70300000;Error
-6,70200000;Error
-6,70100000;Error
-6,70000000;Error
-6,69900000;Error
-6,69800000;Error
-6,69700000;Error
-6,69600000;Error
-6,69500000;Error
-6,69400000;Error
-6,69300000;Error
-6,69200000;Error
-6,69100000;Error
-6,69000000;Error
-6,68900000;Error
-6,68800000;Error
-6,68700000;Error
-6,68600000;Error
-6,68500000;Error
-6,68400000;Error
-6,68300000;Error
-6,68200000;Error
-6,68100000;Error
-6,68000000;Error
-6,67900000;Error
-6,67800000;Error
-6,67700000;Error
-6,67600000;Error
-6,67500000;Error
-6,67400000;Error
-6,67300000;Error
-6,67200000;Error
-6,67100000;Error
-6,67000000;Error
-6,66900000;Error
-6,66800000;Error
-6,66700000;Error
-6,66600000;Error
-6,66500000;Error
-6,66400000;Error
-6,66300000;Error
-6,66200000;Error
-6,66100000;Error
-6,66000000;Error
-6,65900000;Error
-6,65800000;Error
-6,65700000;Error
-6,65600000;Error
-6,65500000;Error
-6,65400000;Error
-6,65300000;Error
-6,65200000;Error
-6,65100000;Error
-6,65000000;Error
-6,64900000;Error
-6,64800000;Error
-6,64700000;Error
-6,64600000;Error
-6,64500000;Error
-6,64400000;Error
-6,64300000;Error
-6,64200000;Error
-6,64100000;Error
-6,64000000;Error
-6,63900000;Error
-6,63800000;Error
-6,63700000;Error
-6,63600000;Error
-6,63500000;Error
-6,63400000;Error
-6,63300000;Error
-6,63200000;Error
-6,63100000;Error
-6,63000000;Error
-6,62900000;Error
-6,62800000;Error
-6,62700000;Error
-6,62600000;Error
-6,62500000;Error
-6,62400000;Error
-6,62300000;Error
-6,62200000;Error
-6,62100000;Error
-6,62000000;Error
-6,61900000;Error
-6,61800000;Error
-6,61700000;Error
-6,61600000;Error
-6,61500000;Error
-6,61400000;Error
-6,61300000;Error
-6,61200000;Error
-6,61100000;Error
-6,61000000;Error
-6,60900000;Error
-6,60800000;Error
-6,60700000;Error
-6,60600000;Error
-6,60500000;Error
-6,60400000;Error
-6,60300000;Error
-6,60200000;Error
-6,60100000;Error
-6,60000000;Error
-6,59900000;Error
-6,59800000;Error
-6,59700000;Error
-6,59600000;Error
-6,59500000;Error
-6,59400000;Error
-6,59300000;Error
-6,59200000;Error
-6,59100000;Error
-6,59000000;Error
-6,58900000;Error
-6,58800000;Error
-6,58700000;Error
-6,58600000;Error
-6,58500000;Error
-6,58400000;Error
-6,58300000;Error
-6,58200000;Error
-6,58100000;Error
-6,58000000;Error
-6,57900000;Error
-6,57800000;Error
-6,57700000;Error
-6,57600000;Error
-6,57500000;Error
-6,57400000;Error
-6,57300000;Error
-6,57200000;Error
-6,57100000;Error
-6,57000000;Error
-6,56900000;Error
-6,56800000;Error
-6,56700000;Error
-6,56600000;Error
-6,56500000;Error
-6,56400000;Error
-6,56300000;Error
-6,56200000;Error
-6,56100000;Error
-6,56000000;Error
-6,55900000;Error
-6,55800000;Error
-6,55700000;Error
-6,55600000;Error
-6,55500000;Error
-6,55400000;Error
-6,55300000;Error
-6,55200000;Error
-6,55100000;Error
-6,55000000;Error
-6,54900000;Error
-6,54800000;Error
-6,54700000;Error
-6,54600000;Error
-6,54500000;Error
-6,54400000;Error
-6,54300000;Error
-6,54200000;Error
-6,54100000;Error
-6,54000000;Error
-6,53900000;Error
-6,53800000;Error
-6,53700000;Error
-6,53600000;Error
-6,53500000;Error
-6,53400000;Error
-6,53300000;Error
-6,53200000;Error
-6,53100000;Error
-6,53000000;Error
-6,52900000;Error
-6,52800000;Error
-6,52700000;Error
-6,52600000;Error
-6,52500000;Error
-6,52400000;Error
-6,52300000;Error
-6,52200000;Error
-6,52100000;Error
-6,52000000;Error
-6,51900000;Error
-6,51800000;Error
-6,51700000;Error
-6,51600000;Error
-6,51500000;Error
-6,51400000;Error
-6,51300000;Error
-6,51200000;Error
-6,51100000;Error
-6,51000000;Error
-6,50900000;Error
-6,50800000;Error
-6,50700000;Error
-6,50600000;Error
-6,50500000;Error
-6,50400000;Error
-6,50300000;Error
-6,50200000;Error
-6,50100000;Error
-6,50000000;Error
-6,49900000;Error
-6,49800000;Error
-6,49700000;Error
-6,49600000;Error
-6,49500000;Error
-6,49400000;Error
-6,49300000;Error
-6,49200000;Error
-6,49100000;Error
-6,49000000;Error
-6,48900000;Error
-6,48800000;Error
-6,48700000;Error
-6,48600000;Error
-6,48500000;Error
-6,48400000;Error
-6,48300000;Error
-6,48200000;Error
-6,48100000;Error
-6,48000000;Error
-6,47900000;Error
-6,47800000;Error
-6,47700000;Error
-6,47600000;Error
-6,47500000;Error
-6,47400000;Error
-6,47300000;Error
-6,47200000;Error
-6,47100000;Error
-6,47000000;Error
-6,46900000;Error
-6,46800000;Error
-6,46700000;Error
-6,46600000;Error
-6,46500000;Error
-6,46400000;Error
-6,46300000;Error
-6,46200000;Error
-6,46100000;Error
-6,46000000;Error
-6,45900000;Error
-6,45800000;Error
-6,45700000;Error
-6,45600000;Error
-6,45500000;Error
-6,45400000;Error
-6,45300000;Error
-6,45200000;Error
-6,45100000;Error
-6,45000000;Error
-6,44900000;Error
-6,44800000;Error
-6,44700000;Error
-6,44600000;Error
-6,44500000;Error
-6,44400000;Error
-6,44300000;Error
-6,44200000;Error
-6,44100000;Error
-6,44000000;Error
-6,43900000;Error
-6,43800000;Error
-6,43700000;Error
-6,43600000;Error
-6,43500000;Error
-6,43400000;Error
-6,43300000;Error
-6,43200000;Error
-6,43100000;Error
-6,43000000;Error
-6,42900000;Error
-6,42800000;Error
-6,42700000;Error
-6,42600000;Error
-6,42500000;Error
-6,42400000;Error
-6,42300000;Error
-6,42200000;Error
-6,42100000;Error
-6,42000000;Error
-6,41900000;Error
-6,41800000;Error
-6,41700000;Error
-6,41600000;Error
-6,41500000;Error
-6,41400000;Error
-6,41300000;Error
-6,41200000;Error
-6,41100000;Error
-6,41000000;Error
-6,40900000;Error
-6,40800000;Error
-6,40700000;Error
-6,40600000;Error
-6,40500000;Error
-6,40400000;Error
-6,40300000;Error
-6,40200000;Error
-6,40100000;Error
-6,40000000;Error
-6,39900000;Error
-6,39800000;Error
-6,39700000;Error
-6,39600000;Error
-6,39500000;Error
-6,39400000;Error
-6,39300000;Error
-6,39200000;Error
-6,39100000;Error
-6,39000000;Error
-6,38900000;Error
-6,38800000;Error
-6,38700000;Error
-6,38600000;Error
-6,38500000;Error
-6,38400000;Error
-6,38300000;Error
-6,38200000;Error
-6,38100000;Error
-6,38000000;Error
-6,37900000;Error
-6,37800000;Error
-6,37700000;Error
-6,37600000;Error
-6,37500000;Error
-6,37400000;Error
-6,37300000;Error
-6,37200000;Error
-6,37100000;Error
-6,37000000;Error
-6,36900000;Error
-6,36800000;Error
-6,36700000;Error
-6,36600000;Error
-6,36500000;Error
-6,36400000;Error
-6,36300000;Error
-6,36200000;Error
-6,36100000;Error
-6,36000000;Error
-6,35900000;Error
-6,35800000;Error
-6,35700000;Error
-6,35600000;Error
-6,35500000;Error
-6,35400000;Error
-6,35300000;Error
-6,35200000;Error
-6,35100000;Error
-6,35000000;Error
-6,34900000;Error
-6,34800000;Error
-6,34700000;Error
-6,34600000;Error
-6,34500000;Error
-6,34400000;Error
-6,34300000;Error
-6,34200000;Error
-6,34100000;Error
-6,34000000;Error
-6,33900000;Error
-6,33800000;Error
-6,33700000;Error
-6,33600000;Error
-6,33500000;Error
-6,33400000;Error
-6,33300000;Error
-6,33200000;Error
-6,33100000;Error
-6,33000000;Error
-6,32900000;Error
-6,32800000;Error
-6,32700000;Error
-6,32600000;Error
-6,32500000;Error
-6,32400000;Error
-6,32300000;Error
-6,32200000;Error
-6,32100000;Error
-6,32000000;Error
-6,31900000;Error
-6,31800000;Error
-6,31700000;Error
-6,31600000;Error
-6,31500000;Error
-6,31400000;Error
-6,31300000;Error
-6,31200000;Error
-6,31100000;Error
-6,31000000;Error
-6,30900000;Error
-6,30800000;Error
-6,30700000;Error
-6,30600000;Error
-6,30500000;Error
-6,30400000;Error
-6,30300000;Error
-6,30200000;Error
-6,30100000;Error
-6,30000000;Error
-6,29900000;Error
-6,29800000;Error
-6,29700000;Error
-6,29600000;Error
-6,29500000;Error
-6,29400000;Error
-6,29300000;Error
-6,29200000;Error
-6,29100000;Error
-6,29000000;Error
-6,28900000;Error
-6,28800000;Error
-6,28700000;Error
-6,28600000;Error
-6,28500000;Error
-6,28400000;Error
-6,28300000;Error
-6,28200000;Error
-6,28100000;Error
-6,28000000;Error
-6,27900000;Error
-6,27800000;Error
-6,27700000;Error
-6,27600000;Error
-6,27500000;Error
-6,27400000;Error
-6,27300000;Error
-6,27200000;Error
-6,27100000;Error
-6,27000000;Error
-6,26900000;Error
-6,26800000;Error
-6,26700000;Error
-6,26600000;Error
-6,26500000;Error
-6,26400000;Error
-6,26300000;Error
-6,26200000;Error
-6,26100000;Error
-6,26000000;Error
-6,25900000;Error
-6,25800000;Error
-6,25700000;Error
-6,25600000;Error
-6,25500000;Error
-6,25400000;Error
-6,25300000;Error
-6,25200000;Error
-6,25100000;Error
-6,25000000;Error
-6,24900000;Error
-6,24800000;Error
-6,24700000;Error
-6,24600000;Error
-6,24500000;Error
-6,24400000;Error
-6,24300000;Error
-6,24200000;Error
-6,24100000;Error
-6,24000000;Error
-6,23900000;Error
-6,23800000;Error
-6,23700000;Error
-6,23600000;Error
-6,23500000;Error
-6,23400000;Error
-6,23300000;Error
-6,23200000;Error
-6,23100000;Error
-6,23000000;Error
-6,22900000;Error
-6,22800000;Error
-6,22700000;Error
-6,22600000;Error
-6,22500000;Error
-6,22400000;Error
-6,22300000;Error
-6,22200000;Error
-6,22100000;Error
-6,22000000;Error
-6,21900000;Error
-6,21800000;Error
-6,21700000;Error
-6,21600000;Error
-6,21500000;Error
-6,21400000;Error
-6,21300000;Error
-6,21200000;Error
-6,21100000;Error
-6,21000000;Error
-6,20900000;Error
-6,20800000;Error
-6,20700000;Error
-6,20600000;Error
-6,20500000;Error
-6,20400000;Error
-6,20300000;Error
-6,20200000;Error
-6,20100000;Error
-6,20000000;Error
-6,19900000;Error
-6,19800000;Error
-6,19700000;Error
-6,19600000;Error
-6,19500000;Error
-6,19400000;Error
-6,19300000;Error
-6,19200000;Error
-6,19100000;Error
-6,19000000;Error
-6,18900000;Error
-6,18800000;Error
-6,18700000;Error
-6,18600000;Error
-6,18500000;Error
-6,18400000;Error
-6,18300000;Error
-6,18200000;Error
-6,18100000;Error
-6,18000000;Error
-6,17900000;Error
-6,17800000;Error
-6,17700000;Error
-6,17600000;Error
-6,17500000;Error
-6,17400000;Error
-6,17300000;Error
-6,17200000;Error
-6,17100000;Error
-6,17000000;Error
-6,16900000;Error
-6,16800000;Error
-6,16700000;Error
-6,16600000;Error
-6,16500000;Error
-6,16400000;Error
-6,16300000;Error
-6,16200000;Error
-6,16100000;Error
-6,16000000;Error
-6,15900000;Error
-6,15800000;Error
-6,15700000;Error
-6,15600000;Error
-6,15500000;Error
-6,15400000;Error
-6,15300000;Error
-6,15200000;Error
-6,15100000;Error
-6,15000000;Error
-6,14900000;Error
-6,14800000;Error
-6,14700000;Error
-6,14600000;Error
-6,14500000;Error
-6,14400000;Error
-6,14300000;Error
-6,14200000;Error
-6,14100000;Error
-6,14000000;Error
-6,13900000;Error
-6,13800000;Error
-6,13700000;Error
-6,13600000;Error
-6,13500000;Error
-6,13400000;Error
-6,13300000;Error
-6,13200000;Error
-6,13100000;Error
-6,13000000;Error
-6,12900000;Error
-6,12800000;Error
-6,12700000;Error
-6,12600000;Error
-6,12500000;Error
-6,12400000;Error
-6,12300000;Error
-6,12200000;Error
-6,12100000;Error
-6,12000000;Error
-6,11900000;Error
-6,11800000;Error
-6,11700000;Error
-6,11600000;Error
-6,11500000;Error
-6,11400000;Error
-6,11300000;Error
-6,11200000;Error
-6,11100000;Error
-6,11000000;Error
-6,10900000;Error
-6,10800000;Error
-6,10700000;Error
-6,10600000;Error
-6,10500000;Error
-6,10400000;Error
-6,10300000;Error
-6,10200000;Error
-6,10100000;Error
-6,10000000;Error
-6,09900000;Error
-6,09800000;Error
-6,09700000;Error
-6,09600000;Error
-6,09500000;Error
-6,09400000;Error
-6,09300000;Error
-6,09200000;Error
-6,09100000;Error
-6,09000000;Error
-6,08900000;Error
-6,08800000;Error
-6,08700000;Error
-6,08600000;Error
-6,08500000;Error
-6,08400000;Error
-6,08300000;Error
-6,08200000;Error
-6,08100000;Error
-6,08000000;Error
-6,07900000;Error
-6,07800000;Error
-6,07700000;Error
-6,07600000;Error
-6,07500000;Error
-6,07400000;Error
-6,07300000;Error
-6,07200000;Error
-6,07100000;Error
-6,07000000;Error
-6,06900000;Error
-6,06800000;Error
-6,06700000;Error
-6,06600000;Error
-6,06500000;Error
-6,06400000;Error
-6,06300000;Error
-6,06200000;Error
-6,06100000;Error
-6,06000000;Error
-6,05900000;Error
-6,05800000;Error
-6,05700000;Error
-6,05600000;Error
-6,05500000;Error
-6,05400000;Error
-6,05300000;Error
-6,05200000;Error
-6,05100000;Error
-6,05000000;Error
-6,04900000;Error
-6,04800000;Error
-6,04700000;Error
-6,04600000;Error
-6,04500000;Error
-6,04400000;Error
-6,04300000;Error
-6,04200000;Error
-6,04100000;Error
-6,04000000;Error
-6,03900000;Error
-6,03800000;Error
-6,03700000;Error
-6,03600000;Error
-6,03500000;Error
-6,03400000;Error
-6,03300000;Error
-6,03200000;Error
-6,03100000;Error
-6,03000000;Error
-6,02900000;Error
-6,02800000;Error
-6,02700000;Error
-6,02600000;Error
-6,02500000;Error
-6,02400000;Error
-6,02300000;Error
-6,02200000;Error
-6,02100000;Error
-6,02000000;Error
-6,01900000;Error
-6,01800000;Error
-6,01700000;Error
-6,01600000;Error
-6,01500000;Error
-6,01400000;Error
-6,01300000;Error
-6,01200000;Error
-6,01100000;Error
-6,01000000;Error
-6,00900000;Error
-6,00800000;Error
-6,00700000;Error
-6,00600000;Error
-6,00500000;Error
-6,00400000;Error
-6,00300000;Error
-6,00200000;Error
-6,00100000;Error
-6,00000000;Error
-5,99900000;Error
-5,99800000;Error
-5,99700000;Error
-5,99600000;Error
-5,99500000;Error
-5,99400000;Error
-5,99300000;Error
-5,99200000;Error
-5,99100000;Error
-5,99000000;Error
-5,98900000;Error
-5,98800000;Error
-5,98700000;Error
-5,98600000;Error
-5,98500000;Error
-5,98400000;Error
-5,98300000;Error
-5,98200000;Error
-5,98100000;Error
-5,98000000;Error
-5,97900000;Error
-5,97800000;Error
-5,97700000;Error
-5,97600000;Error
-5,97500000;Error
-5,97400000;Error
-5,97300000;Error
-5,97200000;Error
-5,97100000;Error
-5,97000000;Error
-5,96900000;Error
-5,96800000;Error
-5,96700000;Error
-5,96600000;Error
-5,96500000;Error
-5,96400000;Error
-5,96300000;Error
-5,96200000;Error
-5,96100000;Error
-5,96000000;Error
-5,95900000;Error
-5,95800000;Error
-5,95700000;Error
-5,95600000;Error
-5,95500000;Error
-5,95400000;Error
-5,95300000;Error
-5,95200000;Error
-5,95100000;Error
-5,95000000;Error
-5,94900000;Error
-5,94800000;Error
-5,94700000;Error
-5,94600000;Error
-5,94500000;Error
-5,94400000;Error
-5,94300000;Error
-5,94200000;Error
-5,94100000;Error
-5,94000000;Error
-5,93900000;Error
-5,93800000;Error
-5,93700000;Error
-5,93600000;Error
-5,93500000;Error
-5,93400000;Error
-5,93300000;Error
-5,93200000;Error
-5,93100000;Error
-5,93000000;Error
-5,92900000;Error
-5,92800000;Error
-5,92700000;Error
-5,92600000;Error
-5,92500000;Error
-5,92400000;Error
-5,92300000;Error
-5,92200000;Error
-5,92100000;Error
-5,92000000;Error
-5,91900000;Error
-5,91800000;Error
-5,91700000;Error
-5,91600000;Error
-5,91500000;Error
-5,91400000;Error
-5,91300000;Error
-5,91200000;Error
-5,91100000;Error
-5,91000000;Error
-5,90900000;Error
-5,90800000;Error
-5,90700000;Error
-5,90600000;Error
-5,90500000;Error
-5,90400000;Error
-5,90300000;Error
-5,90200000;Error
-5,90100000;Error
-5,90000000;Error
-5,89900000;Error
-5,89800000;Error
-5,89700000;Error
-5,89600000;Error
-5,89500000;Error
-5,89400000;Error
-5,89300000;Error
-5,89200000;Error
-5,89100000;Error
-5,89000000;Error
-5,88900000;Error
-5,88800000;Error
-5,88700000;Error
-5,88600000;Error
-5,88500000;Error
-5,88400000;Error
-5,88300000;Error
-5,88200000;Error
-5,88100000;Error
-5,88000000;Error
-5,87900000;Error
-5,87800000;Error
-5,87700000;Error
-5,87600000;Error
-5,87500000;Error
-5,87400000;Error
-5,87300000;Error
-5,87200000;Error
-5,87100000;Error
-5,87000000;Error
-5,86900000;Error
-5,86800000;Error
-5,86700000;Error
-5,86600000;Error
-5,86500000;Error
-5,86400000;Error
-5,86300000;Error
-5,86200000;Error
-5,86100000;Error
-5,86000000;Error
-5,85900000;Error
-5,85800000;Error
-5,85700000;Error
-5,85600000;Error
-5,85500000;Error
-5,85400000;Error
-5,85300000;Error
-5,85200000;Error
-5,85100000;Error
-5,85000000;Error
-5,84900000;Error
-5,84800000;Error
-5,84700000;Error
-5,84600000;Error
-5,84500000;Error
-5,84400000;Error
-5,84300000;Error
-5,84200000;Error
-5,84100000;Error
-5,84000000;Error
-5,83900000;Error
-5,83800000;Error
-5,83700000;Error
-5,83600000;Error
-5,83500000;Error
-5,83400000;Error
-5,83300000;Error
-5,83200000;Error
-5,83100000;Error
-5,83000000;Error
-5,82900000;Error
-5,82800000;Error
-5,82700000;Error
-5,82600000;Error
-5,82500000;Error
-5,82400000;Error
-5,82300000;Error
-5,82200000;Error
-5,82100000;Error
-5,82000000;Error
-5,81900000;Error
-5,81800000;Error
-5,81700000;Error
-5,81600000;Error
-5,81500000;Error
-5,81400000;Error
-5,81300000;Error
-5,81200000;Error
-5,81100000;Error
-5,81000000;Error
-5,80900000;Error
-5,80800000;Error
-5,80700000;Error
-5,80600000;Error
-5,80500000;Error
-5,80400000;Error
-5,80300000;Error
-5,80200000;Error
-5,80100000;Error
-5,80000000;Error
-5,79900000;Error
-5,79800000;Error
-5,79700000;Error
-5,79600000;Error
-5,79500000;Error
-5,79400000;Error
-5,79300000;Error
-5,79200000;Error
-5,79100000;Error
-5,79000000;Error
-5,78900000;Error
-5,78800000;Error
-5,78700000;Error
-5,78600000;Error
-5,78500000;Error
-5,78400000;Error
-5,78300000;Error
-5,78200000;Error
-5,78100000;Error
-5,78000000;Error
-5,77900000;Error
-5,77800000;Error
-5,77700000;Error
-5,77600000;Error
-5,77500000;Error
-5,77400000;Error
-5,77300000;Error
-5,77200000;Error
-5,77100000;Error
-5,77000000;Error
-5,76900000;Error
-5,76800000;Error
-5,76700000;Error
-5,76600000;Error
-5,76500000;Error
-5,76400000;Error
-5,76300000;Error
-5,76200000;Error
-5,76100000;Error
-5,76000000;Error
-5,75900000;Error
-5,75800000;Error
-5,75700000;Error
-5,75600000;Error
-5,75500000;Error
-5,75400000;Error
-5,75300000;Error
-5,75200000;Error
-5,75100000;Error
-5,75000000;Error
-5,74900000;Error
-5,74800000;Error
-5,74700000;Error
-5,74600000;Error
-5,74500000;Error
-5,74400000;Error
-5,74300000;Error
-5,74200000;Error
-5,74100000;Error
-5,74000000;Error
-5,73900000;Error
-5,73800000;Error
-5,73700000;Error
-5,73600000;Error
-5,73500000;Error
-5,73400000;Error
-5,73300000;Error
-5,73200000;Error
-5,73100000;Error
-5,73000000;Error
-5,72900000;Error
-5,72800000;Error
-5,72700000;Error
-5,72600000;Error
-5,72500000;Error
-5,72400000;Error
-5,72300000;Error
-5,72200000;Error
-5,72100000;Error
-5,72000000;Error
-5,71900000;Error
-5,71800000;Error
-5,71700000;Error
-5,71600000;Error
-5,71500000;Error
-5,71400000;Error
-5,71300000;Error
-5,71200000;Error
-5,71100000;Error
-5,71000000;Error
-5,70900000;Error
-5,70800000;Error
-5,70700000;Error
-5,70600000;Error
-5,70500000;Error
-5,70400000;Error
-5,70300000;Error
-5,70200000;Error
-5,70100000;Error
-5,70000000;Error
-5,69900000;Error
-5,69800000;Error
-5,69700000;Error
-5,69600000;Error
-5,69500000;Error
-5,69400000;Error
-5,69300000;Error
-5,69200000;Error
-5,69100000;Error
-5,69000000;Error
-5,68900000;Error
-5,68800000;Error
-5,68700000;Error
-5,68600000;Error
-5,68500000;Error
-5,68400000;Error
-5,68300000;Error
-5,68200000;Error
-5,68100000;Error
-5,68000000;Error
-5,67900000;Error
-5,67800000;Error
-5,67700000;Error
-5,67600000;Error
-5,67500000;Error
-5,67400000;Error
-5,67300000;Error
-5,67200000;Error
-5,67100000;Error
-5,67000000;Error
-5,66900000;Error
-5,66800000;Error
-5,66700000;Error
-5,66600000;Error
-5,66500000;Error
-5,66400000;Error
-5,66300000;Error
-5,66200000;Error
-5,66100000;Error
-5,66000000;Error
-5,65900000;Error
-5,65800000;Error
-5,65700000;Error
-5,65600000;Error
-5,65500000;Error
-5,65400000;Error
-5,65300000;Error
-5,65200000;Error
-5,65100000;Error
-5,65000000;Error
-5,64900000;Error
-5,64800000;Error
-5,64700000;Error
-5,64600000;Error
-5,64500000;Error
-5,64400000;Error
-5,64300000;Error
-5,64200000;Error
-5,64100000;Error
-5,64000000;Error
-5,63900000;Error
-5,63800000;Error
-5,63700000;Error
-5,63600000;Error
-5,63500000;Error
-5,63400000;Error
-5,63300000;Error
-5,63200000;Error
-5,63100000;Error
-5,63000000;Error
-5,62900000;Error
-5,62800000;Error
-5,62700000;Error
-5,62600000;Error
-5,62500000;Error
-5,62400000;Error
-5,62300000;Error
-5,62200000;Error
-5,62100000;Error
-5,62000000;Error
-5,61900000;Error
-5,61800000;Error
-5,61700000;Error
-5,61600000;Error
-5,61500000;Error
-5,61400000;Error
-5,61300000;Error
-5,61200000;Error
-5,61100000;Error
-5,61000000;Error
-5,60900000;Error
-5,60800000;Error
-5,60700000;Error
-5,60600000;Error
-5,60500000;Error
-5,60400000;Error
-5,60300000;Error
-5,60200000;Error
-5,60100000;Error
-5,60000000;Error
-5,59900000;Error
-5,59800000;Error
-5,59700000;Error
-5,59600000;Error
-5,59500000;Error
-5,59400000;Error
-5,59300000;Error
-5,59200000;Error
-5,59100000;Error
-5,59000000;Error
-5,58900000;Error
-5,58800000;Error
-5,58700000;Error
-5,58600000;Error
-5,58500000;Error
-5,58400000;Error
-5,58300000;Error
-5,58200000;Error
-5,58100000;Error
-5,58000000;Error
-5,57900000;Error
-5,57800000;Error
-5,57700000;Error
-5,57600000;Error
-5,57500000;Error
-5,57400000;Error
-5,57300000;Error
-5,57200000;Error
-5,57100000;Error
-5,57000000;Error
-5,56900000;Error
-5,56800000;Error
-5,56700000;Error
-5,56600000;Error
-5,56500000;Error
-5,56400000;Error
-5,56300000;Error
-5,56200000;Error
-5,56100000;Error
-5,56000000;Error
-5,55900000;Error
-5,55800000;Error
-5,55700000;Error
-5,55600000;Error
-5,55500000;Error
-5,55400000;Error
-5,55300000;Error
-5,55200000;Error
-5,55100000;Error
-5,55000000;Error
-5,54900000;Error
-5,54800000;Error
-5,54700000;Error
-5,54600000;Error
-5,54500000;Error
-5,54400000;Error
-5,54300000;Error
-5,54200000;Error
-5,54100000;Error
-5,54000000;Error
-5,53900000;Error
-5,53800000;Error
-5,53700000;Error
-5,53600000;Error
-5,53500000;Error
-5,53400000;Error
-5,53300000;Error
-5,53200000;Error
-5,53100000;Error
-5,53000000;Error
-5,52900000;Error
-5,52800000;Error
-5,52700000;Error
-5,52600000;Error
-5,52500000;Error
-5,52400000;Error
-5,52300000;Error
-5,52200000;Error
-5,52100000;Error
-5,52000000;Error
-5,51900000;Error
-5,51800000;Error
-5,51700000;Error
-5,51600000;Error
-5,51500000;Error
-5,51400000;Error
-5,51300000;Error
-5,51200000;Error
-5,51100000;Error
-5,51000000;Error
-5,50900000;Error
-5,50800000;Error
-5,50700000;Error
-5,50600000;Error
-5,50500000;Error
-5,50400000;Error
-5,50300000;Error
-5,50200000;Error
-5,50100000;Error
-5,50000000;Error
-5,49900000;Error
-5,49800000;Error
-5,49700000;Error
-5,49600000;Error
-5,49500000;Error
-5,49400000;Error
-5,49300000;Error
-5,49200000;Error
-5,49100000;Error
-5,49000000;Error
-5,48900000;Error
-5,48800000;Error
-5,48700000;Error
-5,48600000;Error
-5,48500000;Error
-5,48400000;Error
-5,48300000;Error
-5,48200000;Error
-5,48100000;Error
-5,48000000;Error
-5,47900000;Error
-5,47800000;Error
-5,47700000;Error
-5,47600000;Error
-5,47500000;Error
-5,47400000;Error
-5,47300000;Error
-5,47200000;Error
-5,47100000;Error
-5,47000000;Error
-5,46900000;Error
-5,46800000;Error
-5,46700000;Error
-5,46600000;Error
-5,46500000;Error
-5,46400000;Error
-5,46300000;Error
-5,46200000;Error
-5,46100000;Error
-5,46000000;Error
-5,45900000;Error
-5,45800000;Error
-5,45700000;Error
-5,45600000;Error
-5,45500000;Error
-5,45400000;Error
-5,45300000;Error
-5,45200000;Error
-5,45100000;Error
-5,45000000;Error
-5,44900000;Error
-5,44800000;Error
-5,44700000;Error
-5,44600000;Error
-5,44500000;Error
-5,44400000;Error
-5,44300000;Error
-5,44200000;Error
-5,44100000;Error
-5,44000000;Error
-5,43900000;Error
-5,43800000;Error
-5,43700000;Error
-5,43600000;Error
-5,43500000;Error
-5,43400000;Error
-5,43300000;Error
-5,43200000;Error
-5,43100000;Error
-5,43000000;Error
-5,42900000;Error
-5,42800000;Error
-5,42700000;Error
-5,42600000;Error
-5,42500000;Error
-5,42400000;Error
-5,42300000;Error
-5,42200000;Error
-5,42100000;Error
-5,42000000;Error
-5,41900000;Error
-5,41800000;Error
-5,41700000;Error
-5,41600000;Error
-5,41500000;Error
-5,41400000;Error
-5,41300000;Error
-5,41200000;Error
-5,41100000;Error
-5,41000000;Error
-5,40900000;Error
-5,40800000;Error
-5,40700000;Error
-5,40600000;Error
-5,40500000;Error
-5,40400000;Error
-5,40300000;Error
-5,40200000;Error
-5,40100000;Error
-5,40000000;Error
-5,39900000;Error
-5,39800000;Error
-5,39700000;Error
-5,39600000;Error
-5,39500000;Error
-5,39400000;Error
-5,39300000;Error
-5,39200000;Error
-5,39100000;Error
-5,39000000;Error
-5,38900000;Error
-5,38800000;Error
-5,38700000;Error
-5,38600000;Error
-5,38500000;Error
-5,38400000;Error
-5,38300000;Error
-5,38200000;Error
-5,38100000;Error
-5,38000000;Error
-5,37900000;Error
-5,37800000;Error
-5,37700000;Error
-5,37600000;Error
-5,37500000;Error
-5,37400000;Error
-5,37300000;Error
-5,37200000;Error
-5,37100000;Error
-5,37000000;Error
-5,36900000;Error
-5,36800000;Error
-5,36700000;Error
-5,36600000;Error
-5,36500000;Error
-5,36400000;Error
-5,36300000;Error
-5,36200000;Error
-5,36100000;Error
-5,36000000;Error
-5,35900000;Error
-5,35800000;Error
-5,35700000;Error
-5,35600000;Error
-5,35500000;Error
-5,35400000;Error
-5,35300000;Error
-5,35200000;Error
-5,35100000;Error
-5,35000000;Error
-5,34900000;Error
-5,34800000;Error
-5,34700000;Error
-5,34600000;Error
-5,34500000;Error
-5,34400000;Error
-5,34300000;Error
-5,34200000;Error
-5,34100000;Error
-5,34000000;Error
-5,33900000;Error
-5,33800000;Error
-5,33700000;Error
-5,33600000;Error
-5,33500000;Error
-5,33400000;Error
-5,33300000;Error
-5,33200000;Error
-5,33100000;Error
-5,33000000;Error
-5,32900000;Error
-5,32800000;Error
-5,32700000;Error
-5,32600000;Error
-5,32500000;Error
-5,32400000;Error
-5,32300000;Error
-5,32200000;Error
-5,32100000;Error
-5,32000000;Error
-5,31900000;Error
-5,31800000;Error
-5,31700000;Error
-5,31600000;Error
-5,31500000;Error
-5,31400000;Error
-5,31300000;Error
-5,31200000;Error
-5,31100000;Error
-5,31000000;Error
-5,30900000;Error
-5,30800000;Error
-5,30700000;Error
-5,30600000;Error
-5,30500000;Error
-5,30400000;Error
-5,30300000;Error
-5,30200000;Error
-5,30100000;Error
-5,30000000;Error
-5,29900000;Error
-5,29800000;Error
-5,29700000;Error
-5,29600000;Error
-5,29500000;Error
-5,29400000;Error
-5,29300000;Error
-5,29200000;Error
-5,29100000;Error
-5,29000000;Error
-5,28900000;Error
-5,28800000;Error
-5,28700000;Error
-5,28600000;Error
-5,28500000;Error
-5,28400000;Error
-5,28300000;Error
-5,28200000;Error
-5,28100000;Error
-5,28000000;Error
-5,27900000;Error
-5,27800000;Error
-5,27700000;Error
-5,27600000;Error
-5,27500000;Error
-5,27400000;Error
-5,27300000;Error
-5,27200000;Error
-5,27100000;Error
-5,27000000;Error
-5,26900000;Error
-5,26800000;Error
-5,26700000;Error
-5,26600000;Error
-5,26500000;Error
-5,26400000;Error
-5,26300000;Error
-5,26200000;Error
-5,26100000;Error
-5,26000000;Error
-5,25900000;Error
-5,25800000;Error
-5,25700000;Error
-5,25600000;Error
-5,25500000;Error
-5,25400000;Error
-5,25300000;Error
-5,25200000;Error
-5,25100000;Error
-5,25000000;Error
-5,24900000;Error
-5,24800000;Error
-5,24700000;Error
-5,24600000;Error
-5,24500000;Error
-5,24400000;Error
-5,24300000;Error
-5,24200000;Error
-5,24100000;Error
-5,24000000;Error
-5,23900000;Error
-5,23800000;Error
-5,23700000;Error
-5,23600000;Error
-5,23500000;Error
-5,23400000;Error
-5,23300000;Error
-5,23200000;Error
-5,23100000;Error
-5,23000000;Error
-5,22900000;Error
-5,22800000;Error
-5,22700000;Error
-5,22600000;Error
-5,22500000;Error
-5,22400000;Error
-5,22300000;Error
-5,22200000;Error
-5,22100000;Error
-5,22000000;Error
-5,21900000;Error
-5,21800000;Error
-5,21700000;Error
-5,21600000;Error
-5,21500000;Error
-5,21400000;Error
-5,21300000;Error
-5,21200000;Error
-5,21100000;Error
-5,21000000;Error
-5,20900000;Error
-5,20800000;Error
-5,20700000;Error
-5,20600000;Error
-5,20500000;Error
-5,20400000;Error
-5,20300000;Error
-5,20200000;Error
-5,20100000;Error
-5,20000000;Error
-5,19900000;Error
-5,19800000;Error
-5,19700000;Error
-5,19600000;Error
-5,19500000;Error
-5,19400000;Error
-5,19300000;Error
-5,19200000;Error
-5,19100000;Error
-5,19000000;Error
-5,18900000;Error
-5,18800000;Error
-5,18700000;Error
-5,18600000;Error
-5,18500000;Error
-5,18400000;Error
-5,18300000;Error
-5,18200000;Error
-5,18100000;Error
-5,18000000;Error
-5,17900000;Error
-5,17800000;Error
-5,17700000;Error
-5,17600000;Error
-5,17500000;Error
-5,17400000;Error
-5,17300000;Error
-5,17200000;Error
-5,17100000;Error
-5,17000000;Error
-5,16900000;Error
-5,16800000;Error
-5,16700000;Error
-5,16600000;Error
-5,16500000;Error
-5,16400000;Error
-5,16300000;Error
-5,16200000;Error
-5,16100000;Error
-5,16000000;Error
-5,15900000;Error
-5,15800000;Error
-5,15700000;Error
-5,15600000;Error
-5,15500000;Error
-5,15400000;Error
-5,15300000;Error
-5,15200000;Error
-5,15100000;Error
-5,15000000;Error
-5,14900000;Error
-5,14800000;Error
-5,14700000;Error
-5,14600000;Error
-5,14500000;Error
-5,14400000;Error
-5,14300000;Error
-5,14200000;Error
-5,14100000;Error
-5,14000000;Error
-5,13900000;Error
-5,13800000;Error
-5,13700000;Error
-5,13600000;Error
-5,13500000;Error
-5,13400000;Error
-5,13300000;Error
-5,13200000;Error
-5,13100000;Error
-5,13000000;Error
-5,12900000;Error
-5,12800000;Error
-5,12700000;Error
-5,12600000;Error
-5,12500000;Error
-5,12400000;Error
-5,12300000;Error
-5,12200000;Error
-5,12100000;Error
-5,12000000;Error
-5,11900000;Error
-5,11800000;Error
-5,11700000;Error
-5,11600000;Error
-5,11500000;Error
-5,11400000;Error
-5,11300000;Error
-5,11200000;Error
-5,11100000;Error
-5,11000000;Error
-5,10900000;Error
-5,10800000;Error
-5,10700000;Error
-5,10600000;Error
-5,10500000;Error
-5,10400000;Error
-5,10300000;Error
-5,10200000;Error
-5,10100000;Error
-5,10000000;Error
-5,09900000;Error
-5,09800000;Error
-5,09700000;Error
-5,09600000;Error
-5,09500000;Error
-5,09400000;Error
-5,09300000;Error
-5,09200000;Error
-5,09100000;Error
-5,09000000;Error
-5,08900000;Error
-5,08800000;Error
-5,08700000;Error
-5,08600000;Error
-5,08500000;Error
-5,08400000;Error
-5,08300000;Error
-5,08200000;Error
-5,08100000;Error
-5,08000000;Error
-5,07900000;Error
-5,07800000;Error
-5,07700000;Error
-5,07600000;Error
-5,07500000;Error
-5,07400000;Error
-5,07300000;Error
-5,07200000;Error
-5,07100000;Error
-5,07000000;Error
-5,06900000;Error
-5,06800000;Error
-5,06700000;Error
-5,06600000;Error
-5,06500000;Error
-5,06400000;Error
-5,06300000;Error
-5,06200000;Error
-5,06100000;Error
-5,06000000;Error
-5,05900000;Error
-5,05800000;Error
-5,05700000;Error
-5,05600000;Error
-5,05500000;Error
-5,05400000;Error
-5,05300000;Error
-5,05200000;Error
-5,05100000;Error
-5,05000000;Error
-5,04900000;Error
-5,04800000;Error
-5,04700000;Error
-5,04600000;Error
-5,04500000;Error
-5,04400000;Error
-5,04300000;Error
-5,04200000;Error
-5,04100000;Error
-5,04000000;Error
-5,03900000;Error
-5,03800000;Error
-5,03700000;Error
-5,03600000;Error
-5,03500000;Error
-5,03400000;Error
-5,03300000;Error
-5,03200000;Error
-5,03100000;Error
-5,03000000;Error
-5,02900000;Error
-5,02800000;Error
-5,02700000;Error
-5,02600000;Error
-5,02500000;Error
-5,02400000;Error
-5,02300000;Error
-5,02200000;Error
-5,02100000;Error
-5,02000000;Error
-5,01900000;Error
-5,01800000;Error
-5,01700000;Error
-5,01600000;Error
-5,01500000;Error
-5,01400000;Error
-5,01300000;Error
-5,01200000;Error
-5,01100000;Error
-5,01000000;Error
-5,00900000;Error
-5,00800000;Error
-5,00700000;Error
-5,00600000;Error
-5,00500000;Error
-5,00400000;Error
-5,00300000;Error
-5,00200000;Error
-5,00100000;Error
-5,00000000;Error
-4,99900000;Error
-4,99800000;Error
-4,99700000;Error
-4,99600000;Error
-4,99500000;Error
-4,99400000;Error
-4,99300000;Error
-4,99200000;Error
-4,99100000;Error
-4,99000000;Error
-4,98900000;Error
-4,98800000;Error
-4,98700000;Error
-4,98600000;Error
-4,98500000;Error
-4,98400000;Error
-4,98300000;Error
-4,98200000;Error
-4,98100000;Error
-4,98000000;Error
-4,97900000;Error
-4,97800000;Error
-4,97700000;Error
-4,97600000;Error
-4,97500000;Error
-4,97400000;Error
-4,97300000;Error
-4,97200000;Error
-4,97100000;Error
-4,97000000;Error
-4,96900000;Error
-4,96800000;Error
-4,96700000;Error
-4,96600000;Error
-4,96500000;Error
-4,96400000;Error
-4,96300000;Error
-4,96200000;Error
-4,96100000;Error
-4,96000000;Error
-4,95900000;Error
-4,95800000;Error
-4,95700000;Error
-4,95600000;Error
-4,95500000;Error
-4,95400000;Error
-4,95300000;Error
-4,95200000;Error
-4,95100000;Error
-4,95000000;Error
-4,94900000;Error
-4,94800000;Error
-4,94700000;Error
-4,94600000;Error
-4,94500000;Error
-4,94400000;Error
-4,94300000;Error
-4,94200000;Error
-4,94100000;Error
-4,94000000;Error
-4,93900000;Error
-4,93800000;Error
-4,93700000;Error
-4,93600000;Error
-4,93500000;Error
-4,93400000;Error
-4,93300000;Error
-4,93200000;Error
-4,93100000;Error
-4,93000000;Error
-4,92900000;Error
-4,92800000;Error
-4,92700000;Error
-4,92600000;Error
-4,92500000;Error
-4,92400000;Error
-4,92300000;Error
-4,92200000;Error
-4,92100000;Error
-4,92000000;Error
-4,91900000;Error
-4,91800000;Error
-4,91700000;Error
-4,91600000;Error
-4,91500000;Error
-4,91400000;Error
-4,91300000;Error
-4,91200000;Error
-4,91100000;Error
-4,91000000;Error
-4,90900000;Error
-4,90800000;Error
-4,90700000;Error
-4,90600000;Error
-4,90500000;Error
-4,90400000;Error
-4,90300000;Error
-4,90200000;Error
-4,90100000;Error
-4,90000000;Error
-4,89900000;Error
-4,89800000;Error
-4,89700000;Error
-4,89600000;Error
-4,89500000;Error
-4,89400000;Error
-4,89300000;Error
-4,89200000;Error
-4,89100000;Error
-4,89000000;Error
-4,88900000;Error
-4,88800000;Error
-4,88700000;Error
-4,88600000;Error
-4,88500000;Error
-4,88400000;Error
-4,88300000;Error
-4,88200000;Error
-4,88100000;Error
-4,88000000;Error
-4,87900000;Error
-4,87800000;Error
-4,87700000;Error
-4,87600000;Error
-4,87500000;Error
-4,87400000;Error
-4,87300000;Error
-4,87200000;Error
-4,87100000;Error
-4,87000000;Error
-4,86900000;Error
-4,86800000;Error
-4,86700000;Error
-4,86600000;Error
-4,86500000;Error
-4,86400000;Error
-4,86300000;Error
-4,86200000;Error
-4,86100000;Error
-4,86000000;Error
-4,85900000;Error
-4,85800000;Error
-4,85700000;Error
-4,85600000;Error
-4,85500000;Error
-4,85400000;Error
-4,85300000;Error
-4,85200000;Error
-4,85100000;Error
-4,85000000;Error
-4,84900000;Error
-4,84800000;Error
-4,84700000;Error
-4,84600000;Error
-4,84500000;Error
-4,84400000;Error
-4,84300000;Error
-4,84200000;Error
-4,84100000;Error
-4,84000000;Error
-4,83900000;Error
-4,83800000;Error
-4,83700000;Error
-4,83600000;Error
-4,83500000;Error
-4,83400000;Error
-4,83300000;Error
-4,83200000;Error
-4,83100000;Error
-4,83000000;Error
-4,82900000;Error
-4,82800000;Error
-4,82700000;Error
-4,82600000;Error
-4,82500000;Error
-4,82400000;Error
-4,82300000;Error
-4,82200000;Error
-4,82100000;Error
-4,82000000;Error
-4,81900000;Error
-4,81800000;Error
-4,81700000;Error
-4,81600000;Error
-4,81500000;Error
-4,81400000;Error
-4,81300000;Error
-4,81200000;Error
-4,81100000;Error
-4,81000000;Error
-4,80900000;Error
-4,80800000;Error
-4,80700000;Error
-4,80600000;Error
-4,80500000;Error
-4,80400000;Error
-4,80300000;Error
-4,80200000;Error
-4,80100000;Error
-4,80000000;Error
-4,79900000;Error
-4,79800000;Error
-4,79700000;Error
-4,79600000;Error
-4,79500000;Error
-4,79400000;Error
-4,79300000;Error
-4,79200000;Error
-4,79100000;Error
-4,79000000;Error
-4,78900000;Error
-4,78800000;Error
-4,78700000;Error
-4,78600000;Error
-4,78500000;Error
-4,78400000;Error
-4,78300000;Error
-4,78200000;Error
-4,78100000;Error
-4,78000000;Error
-4,77900000;Error
-4,77800000;Error
-4,77700000;Error
-4,77600000;Error
-4,77500000;Error
-4,77400000;Error
-4,77300000;Error
-4,77200000;Error
-4,77100000;Error
-4,77000000;Error
-4,76900000;Error
-4,76800000;Error
-4,76700000;Error
-4,76600000;Error
-4,76500000;Error
-4,76400000;Error
-4,76300000;Error
-4,76200000;Error
-4,76100000;Error
-4,76000000;Error
-4,75900000;Error
-4,75800000;Error
-4,75700000;Error
-4,75600000;Error
-4,75500000;Error
-4,75400000;Error
-4,75300000;Error
-4,75200000;Error
-4,75100000;Error
-4,75000000;Error
-4,74900000;Error
-4,74800000;Error
-4,74700000;Error
-4,74600000;Error
-4,74500000;Error
-4,74400000;Error
-4,74300000;Error
-4,74200000;Error
-4,74100000;Error
-4,74000000;Error
-4,73900000;Error
-4,73800000;Error
-4,73700000;Error
-4,73600000;Error
-4,73500000;Error
-4,73400000;Error
-4,73300000;Error
-4,73200000;Error
-4,73100000;Error
-4,73000000;Error
-4,72900000;Error
-4,72800000;Error
-4,72700000;Error
-4,72600000;Error
-4,72500000;Error
-4,72400000;Error
-4,72300000;Error
-4,72200000;Error
-4,72100000;Error
-4,72000000;Error
-4,71900000;Error
-4,71800000;Error
-4,71700000;Error
-4,71600000;Error
-4,71500000;Error
-4,71400000;Error
-4,71300000;Error
-4,71200000;Error
-4,71100000;Error
-4,71000000;Error
-4,70900000;Error
-4,70800000;Error
-4,70700000;Error
-4,70600000;Error
-4,70500000;Error
-4,70400000;Error
-4,70300000;Error
-4,70200000;Error
-4,70100000;Error
-4,70000000;Error
-4,69900000;Error
-4,69800000;Error
-4,69700000;Error
-4,69600000;Error
-4,69500000;Error
-4,69400000;Error
-4,69300000;Error
-4,69200000;Error
-4,69100000;Error
-4,69000000;Error
-4,68900000;Error
-4,68800000;Error
-4,68700000;Error
-4,68600000;Error
-4,68500000;Error
-4,68400000;Error
-4,68300000;Error
-4,68200000;Error
-4,68100000;Error
-4,68000000;Error
-4,67900000;Error
-4,67800000;Error
-4,67700000;Error
-4,67600000;Error
-4,67500000;Error
-4,67400000;Error
-4,67300000;Error
-4,67200000;Error
-4,67100000;Error
-4,67000000;Error
-4,66900000;Error
-4,66800000;Error
-4,66700000;Error
-4,66600000;Error
-4,66500000;Error
-4,66400000;Error
-4,66300000;Error
-4,66200000;Error
-4,66100000;Error
-4,66000000;Error
-4,65900000;Error
-4,65800000;Error
-4,65700000;Error
-4,65600000;Error
-4,65500000;Error
-4,65400000;Error
-4,65300000;Error
-4,65200000;Error
-4,65100000;Error
-4,65000000;Error
-4,64900000;Error
-4,64800000;Error
-4,64700000;Error
-4,64600000;Error
-4,64500000;Error
-4,64400000;Error
-4,64300000;Error
-4,64200000;Error
-4,64100000;Error
-4,64000000;Error
-4,63900000;Error
-4,63800000;Error
-4,63700000;Error
-4,63600000;Error
-4,63500000;Error
-4,63400000;Error
-4,63300000;Error
-4,63200000;Error
-4,63100000;Error
-4,63000000;Error
-4,62900000;Error
-4,62800000;Error
-4,62700000;Error
-4,62600000;Error
-4,62500000;Error
-4,62400000;Error
-4,62300000;Error
-4,62200000;Error
-4,62100000;Error
-4,62000000;Error
-4,61900000;Error
-4,61800000;Error
-4,61700000;Error
-4,61600000;Error
-4,61500000;Error
-4,61400000;Error
-4,61300000;Error
-4,61200000;Error
-4,61100000;Error
-4,61000000;Error
-4,60900000;Error
-4,60800000;Error
-4,60700000;Error
-4,60600000;Error
-4,60500000;Error
-4,60400000;Error
-4,60300000;Error
-4,60200000;Error
-4,60100000;Error
-4,60000000;Error
-4,59900000;Error
-4,59800000;Error
-4,59700000;Error
-4,59600000;Error
-4,59500000;Error
-4,59400000;Error
-4,59300000;Error
-4,59200000;Error
-4,59100000;Error
-4,59000000;Error
-4,58900000;Error
-4,58800000;Error
-4,58700000;Error
-4,58600000;Error
-4,58500000;Error
-4,58400000;Error
-4,58300000;Error
-4,58200000;Error
-4,58100000;Error
-4,58000000;Error
-4,57900000;Error
-4,57800000;Error
-4,57700000;Error
-4,57600000;Error
-4,57500000;Error
-4,57400000;Error
-4,57300000;Error
-4,57200000;Error
-4,57100000;Error
-4,57000000;Error
-4,56900000;Error
-4,56800000;Error
-4,56700000;Error
-4,56600000;Error
-4,56500000;Error
-4,56400000;Error
-4,56300000;Error
-4,56200000;Error
-4,56100000;Error
-4,56000000;Error
-4,55900000;Error
-4,55800000;Error
-4,55700000;Error
-4,55600000;Error
-4,55500000;Error
-4,55400000;Error
-4,55300000;Error
-4,55200000;Error
-4,55100000;Error
-4,55000000;Error
-4,54900000;Error
-4,54800000;Error
-4,54700000;Error
-4,54600000;Error
-4,54500000;Error
-4,54400000;Error
-4,54300000;Error
-4,54200000;Error
-4,54100000;Error
-4,54000000;Error
-4,53900000;Error
-4,53800000;Error
-4,53700000;Error
-4,53600000;Error
-4,53500000;Error
-4,53400000;Error
-4,53300000;Error
-4,53200000;Error
-4,53100000;Error
-4,53000000;Error
-4,52900000;Error
-4,52800000;Error
-4,52700000;Error
-4,52600000;Error
-4,52500000;Error
-4,52400000;Error
-4,52300000;Error
-4,52200000;Error
-4,52100000;Error
-4,52000000;Error
-4,51900000;Error
-4,51800000;Error
-4,51700000;Error
-4,51600000;Error
-4,51500000;Error
-4,51400000;Error
-4,51300000;Error
-4,51200000;Error
-4,51100000;Error
-4,51000000;Error
-4,50900000;Error
-4,50800000;Error
-4,50700000;Error
-4,50600000;Error
-4,50500000;Error
-4,50400000;Error
-4,50300000;Error
-4,50200000;Error
-4,50100000;Error
-4,50000000;Error
-4,49900000;Error
-4,49800000;Error
-4,49700000;Error
-4,49600000;Error
-4,49500000;Error
-4,49400000;Error
-4,49300000;Error
-4,49200000;Error
-4,49100000;Error
-4,49000000;Error
-4,48900000;Error
-4,48800000;Error
-4,48700000;Error
-4,48600000;Error
-4,48500000;Error
-4,48400000;Error
-4,48300000;Error
-4,48200000;Error
-4,48100000;Error
-4,48000000;Error
-4,47900000;Error
-4,47800000;Error
-4,47700000;Error
-4,47600000;Error
-4,47500000;Error
-4,47400000;Error
-4,47300000;Error
-4,47200000;Error
-4,47100000;Error
-4,47000000;Error
-4,46900000;Error
-4,46800000;Error
-4,46700000;Error
-4,46600000;Error
-4,46500000;Error
-4,46400000;Error
-4,46300000;Error
-4,46200000;Error
-4,46100000;Error
-4,46000000;Error
-4,45900000;Error
-4,45800000;Error
-4,45700000;Error
-4,45600000;Error
-4,45500000;Error
-4,45400000;Error
-4,45300000;Error
-4,45200000;Error
-4,45100000;Error
-4,45000000;Error
-4,44900000;Error
-4,44800000;Error
-4,44700000;Error
-4,44600000;Error
-4,44500000;Error
-4,44400000;Error
-4,44300000;Error
-4,44200000;Error
-4,44100000;Error
-4,44000000;Error
-4,43900000;Error
-4,43800000;Error
-4,43700000;Error
-4,43600000;Error
-4,43500000;Error
-4,43400000;Error
-4,43300000;Error
-4,43200000;Error
-4,43100000;Error
-4,43000000;Error
-4,42900000;Error
-4,42800000;Error
-4,42700000;Error
-4,42600000;Error
-4,42500000;Error
-4,42400000;Error
-4,42300000;Error
-4,42200000;Error
-4,42100000;Error
-4,42000000;Error
-4,41900000;Error
-4,41800000;Error
-4,41700000;Error
-4,41600000;Error
-4,41500000;Error
-4,41400000;Error
-4,41300000;Error
-4,41200000;Error
-4,41100000;Error
-4,41000000;Error
-4,40900000;Error
-4,40800000;Error
-4,40700000;Error
-4,40600000;Error
-4,40500000;Error
-4,40400000;Error
-4,40300000;Error
-4,40200000;Error
-4,40100000;Error
-4,40000000;Error
-4,39900000;Error
-4,39800000;Error
-4,39700000;Error
-4,39600000;Error
-4,39500000;Error
-4,39400000;Error
-4,39300000;Error
-4,39200000;Error
-4,39100000;Error
-4,39000000;Error
-4,38900000;Error
-4,38800000;Error
-4,38700000;Error
-4,38600000;Error
-4,38500000;Error
-4,38400000;Error
-4,38300000;Error
-4,38200000;Error
-4,38100000;Error
-4,38000000;Error
-4,37900000;Error
-4,37800000;Error
-4,37700000;Error
-4,37600000;Error
-4,37500000;Error
-4,37400000;Error
-4,37300000;Error
-4,37200000;Error
-4,37100000;Error
-4,37000000;Error
-4,36900000;Error
-4,36800000;Error
-4,36700000;Error
-4,36600000;Error
-4,36500000;Error
-4,36400000;Error
-4,36300000;Error
-4,36200000;Error
-4,36100000;Error
-4,36000000;Error
-4,35900000;Error
-4,35800000;Error
-4,35700000;Error
-4,35600000;Error
-4,35500000;Error
-4,35400000;Error
-4,35300000;Error
-4,35200000;Error
-4,35100000;Error
-4,35000000;Error
-4,34900000;Error
-4,34800000;Error
-4,34700000;Error
-4,34600000;Error
-4,34500000;Error
-4,34400000;Error
-4,34300000;Error
-4,34200000;Error
-4,34100000;Error
-4,34000000;Error
-4,33900000;Error
-4,33800000;Error
-4,33700000;Error
-4,33600000;Error
-4,33500000;Error
-4,33400000;Error
-4,33300000;Error
-4,33200000;Error
-4,33100000;Error
-4,33000000;Error
-4,32900000;Error
-4,32800000;Error
-4,32700000;Error
-4,32600000;Error
-4,32500000;Error
-4,32400000;Error
-4,32300000;Error
-4,32200000;Error
-4,32100000;Error
-4,32000000;Error
-4,31900000;Error
-4,31800000;Error
-4,31700000;Error
-4,31600000;Error
-4,31500000;Error
-4,31400000;Error
-4,31300000;Error
-4,31200000;Error
-4,31100000;Error
-4,31000000;Error
-4,30900000;Error
-4,30800000;Error
-4,30700000;Error
-4,30600000;Error
-4,30500000;Error
-4,30400000;Error
-4,30300000;Error
-4,30200000;Error
-4,30100000;Error
-4,30000000;Error
-4,29900000;Error
-4,29800000;Error
-4,29700000;Error
-4,29600000;Error
-4,29500000;Error
-4,29400000;Error
-4,29300000;Error
-4,29200000;Error
-4,29100000;Error
-4,29000000;Error
-4,28900000;Error
-4,28800000;Error
-4,28700000;Error
-4,28600000;Error
-4,28500000;Error
-4,28400000;Error
-4,28300000;Error
-4,28200000;Error
-4,28100000;Error
-4,28000000;Error
-4,27900000;Error
-4,27800000;Error
-4,27700000;Error
-4,27600000;Error
-4,27500000;Error
-4,27400000;Error
-4,27300000;Error
-4,27200000;Error
-4,27100000;Error
-4,27000000;Error
-4,26900000;Error
-4,26800000;Error
-4,26700000;Error
-4,26600000;Error
-4,26500000;Error
-4,26400000;Error
-4,26300000;Error
-4,26200000;Error
-4,26100000;Error
-4,26000000;Error
-4,25900000;Error
-4,25800000;Error
-4,25700000;Error
-4,25600000;Error
-4,25500000;Error
-4,25400000;Error
-4,25300000;Error
-4,25200000;Error
-4,25100000;Error
-4,25000000;Error
-4,24900000;Error
-4,24800000;Error
-4,24700000;Error
-4,24600000;Error
-4,24500000;Error
-4,24400000;Error
-4,24300000;Error
-4,24200000;Error
-4,24100000;Error
-4,24000000;Error
-4,23900000;Error
-4,23800000;Error
-4,23700000;Error
-4,23600000;Error
-4,23500000;Error
-4,23400000;Error
-4,23300000;Error
-4,23200000;Error
-4,23100000;Error
-4,23000000;Error
-4,22900000;Error
-4,22800000;Error
-4,22700000;Error
-4,22600000;Error
-4,22500000;Error
-4,22400000;Error
-4,22300000;Error
-4,22200000;Error
-4,22100000;Error
-4,22000000;Error
-4,21900000;Error
-4,21800000;Error
-4,21700000;Error
-4,21600000;Error
-4,21500000;Error
-4,21400000;Error
-4,21300000;Error
-4,21200000;Error
-4,21100000;Error
-4,21000000;Error
-4,20900000;Error
-4,20800000;Error
-4,20700000;Error
-4,20600000;Error
-4,20500000;Error
-4,20400000;Error
-4,20300000;Error
-4,20200000;Error
-4,20100000;Error
-4,20000000;Error
-4,19900000;Error
-4,19800000;Error
-4,19700000;Error
-4,19600000;Error
-4,19500000;Error
-4,19400000;Error
-4,19300000;Error
-4,19200000;Error
-4,19100000;Error
-4,19000000;Error
-4,18900000;Error
-4,18800000;Error
-4,18700000;Error
-4,18600000;Error
-4,18500000;Error
-4,18400000;Error
-4,18300000;Error
-4,18200000;Error
-4,18100000;Error
-4,18000000;Error
-4,17900000;Error
-4,17800000;Error
-4,17700000;Error
-4,17600000;Error
-4,17500000;Error
-4,17400000;Error
-4,17300000;Error
-4,17200000;Error
-4,17100000;Error
-4,17000000;Error
-4,16900000;Error
-4,16800000;Error
-4,16700000;Error
-4,16600000;Error
-4,16500000;Error
-4,16400000;Error
-4,16300000;Error
-4,16200000;Error
-4,16100000;Error
-4,16000000;Error
-4,15900000;Error
-4,15800000;Error
-4,15700000;Error
-4,15600000;Error
-4,15500000;Error
-4,15400000;Error
-4,15300000;Error
-4,15200000;Error
-4,15100000;Error
-4,15000000;Error
-4,14900000;Error
-4,14800000;Error
-4,14700000;Error
-4,14600000;Error
-4,14500000;Error
-4,14400000;Error
-4,14300000;Error
-4,14200000;Error
-4,14100000;Error
-4,14000000;Error
-4,13900000;Error
-4,13800000;Error
-4,13700000;Error
-4,13600000;Error
-4,13500000;Error
-4,13400000;Error
-4,13300000;Error
-4,13200000;Error
-4,13100000;Error
-4,13000000;Error
-4,12900000;Error
-4,12800000;Error
-4,12700000;Error
-4,12600000;Error
-4,12500000;Error
-4,12400000;Error
-4,12300000;Error
-4,12200000;Error
-4,12100000;Error
-4,12000000;Error
-4,11900000;Error
-4,11800000;Error
-4,11700000;Error
-4,11600000;Error
-4,11500000;Error
-4,11400000;Error
-4,11300000;Error
-4,11200000;Error
-4,11100000;Error
-4,11000000;Error
-4,10900000;Error
-4,10800000;Error
-4,10700000;Error
-4,10600000;Error
-4,10500000;Error
-4,10400000;Error
-4,10300000;Error
-4,10200000;Error
-4,10100000;Error
-4,10000000;Error
-4,09900000;Error
-4,09800000;Error
-4,09700000;Error
-4,09600000;Error
-4,09500000;Error
-4,09400000;Error
-4,09300000;Error
-4,09200000;Error
-4,09100000;Error
-4,09000000;Error
-4,08900000;Error
-4,08800000;Error
-4,08700000;Error
-4,08600000;Error
-4,08500000;Error
-4,08400000;Error
-4,08300000;Error
-4,08200000;Error
-4,08100000;Error
-4,08000000;Error
-4,07900000;Error
-4,07800000;Error
-4,07700000;Error
-4,07600000;Error
-4,07500000;Error
-4,07400000;Error
-4,07300000;Error
-4,07200000;Error
-4,07100000;Error
-4,07000000;Error
-4,06900000;Error
-4,06800000;Error
-4,06700000;Error
-4,06600000;Error
-4,06500000;Error
-4,06400000;Error
-4,06300000;Error
-4,06200000;Error
-4,06100000;Error
-4,06000000;Error
-4,05900000;Error
-4,05800000;Error
-4,05700000;Error
-4,05600000;Error
-4,05500000;Error
-4,05400000;Error
-4,05300000;Error
-4,05200000;Error
-4,05100000;Error
-4,05000000;Error
-4,04900000;Error
-4,04800000;Error
-4,04700000;Error
-4,04600000;Error
-4,04500000;Error
-4,04400000;Error
-4,04300000;Error
-4,04200000;Error
-4,04100000;Error
-4,04000000;Error
-4,03900000;Error
-4,03800000;Error
-4,03700000;Error
-4,03600000;Error
-4,03500000;Error
-4,03400000;Error
-4,03300000;Error
-4,03200000;Error
-4,03100000;Error
-4,03000000;Error
-4,02900000;Error
-4,02800000;Error
-4,02700000;Error
-4,02600000;Error
-4,02500000;Error
-4,02400000;Error
-4,02300000;Error
-4,02200000;Error
-4,02100000;Error
-4,02000000;Error
-4,01900000;Error
-4,01800000;Error
-4,01700000;Error
-4,01600000;Error
-4,01500000;Error
-4,01400000;Error
-4,01300000;Error
-4,01200000;Error
-4,01100000;Error
-4,01000000;Error
-4,00900000;Error
-4,00800000;Error
-4,00700000;Error
-4,00600000;Error
-4,00500000;Error
-4,00400000;Error
-4,00300000;Error
-4,00200000;Error
-4,00100000;Error
-4,00000000;Error
-3,99900000;Error
-3,99800000;Error
-3,99700000;Error
-3,99600000;Error
-3,99500000;Error
-3,99400000;Error
-3,99300000;Error
-3,99200000;Error
-3,99100000;Error
-3,99000000;Error
-3,98900000;Error
-3,98800000;Error
-3,98700000;Error
-3,98600000;Error
-3,98500000;Error
-3,98400000;Error
-3,98300000;Error
-3,98200000;Error
-3,98100000;Error
-3,98000000;Error
-3,97900000;Error
-3,97800000;Error
-3,97700000;Error
-3,97600000;Error
-3,97500000;Error
-3,97400000;Error
-3,97300000;Error
-3,97200000;Error
-3,97100000;Error
-3,97000000;Error
-3,96900000;Error
-3,96800000;Error
-3,96700000;Error
-3,96600000;Error
-3,96500000;Error
-3,96400000;Error
-3,96300000;Error
-3,96200000;Error
-3,96100000;Error
-3,96000000;Error
-3,95900000;Error
-3,95800000;Error
-3,95700000;Error
-3,95600000;Error
-3,95500000;Error
-3,95400000;Error
-3,95300000;Error
-3,95200000;Error
-3,95100000;Error
-3,95000000;Error
-3,94900000;Error
-3,94800000;Error
-3,94700000;Error
-3,94600000;Error
-3,94500000;Error
-3,94400000;Error
-3,94300000;Error
-3,94200000;Error
-3,94100000;Error
-3,94000000;Error
-3,93900000;Error
-3,93800000;Error
-3,93700000;Error
-3,93600000;Error
-3,93500000;Error
-3,93400000;Error
-3,93300000;Error
-3,93200000;Error
-3,93100000;Error
-3,93000000;Error
-3,92900000;Error
-3,92800000;Error
-3,92700000;Error
-3,92600000;Error
-3,92500000;Error
-3,92400000;Error
-3,92300000;Error
-3,92200000;Error
-3,92100000;Error
-3,92000000;Error
-3,91900000;Error
-3,91800000;Error
-3,91700000;Error
-3,91600000;Error
-3,91500000;Error
-3,91400000;Error
-3,91300000;Error
-3,91200000;Error
-3,91100000;Error
-3,91000000;Error
-3,90900000;Error
-3,90800000;Error
-3,90700000;Error
-3,90600000;Error
-3,90500000;Error
-3,90400000;Error
-3,90300000;Error
-3,90200000;Error
-3,90100000;Error
-3,90000000;Error
-3,89900000;Error
-3,89800000;Error
-3,89700000;Error
-3,89600000;Error
-3,89500000;Error
-3,89400000;Error
-3,89300000;Error
-3,89200000;Error
-3,89100000;Error
-3,89000000;Error
-3,88900000;Error
-3,88800000;Error
-3,88700000;Error
-3,88600000;Error
-3,88500000;Error
-3,88400000;Error
-3,88300000;Error
-3,88200000;Error
-3,88100000;Error
-3,88000000;Error
-3,87900000;Error
-3,87800000;Error
-3,87700000;Error
-3,87600000;Error
-3,87500000;Error
-3,87400000;Error
-3,87300000;Error
-3,87200000;Error
-3,87100000;Error
-3,87000000;Error
-3,86900000;Error
-3,86800000;Error
-3,86700000;Error
-3,86600000;Error
-3,86500000;Error
-3,86400000;Error
-3,86300000;Error
-3,86200000;Error
-3,86100000;Error
-3,86000000;Error
-3,85900000;Error
-3,85800000;Error
-3,85700000;Error
-3,85600000;Error
-3,85500000;Error
-3,85400000;Error
-3,85300000;Error
-3,85200000;Error
-3,85100000;Error
-3,85000000;Error
-3,84900000;Error
-3,84800000;Error
-3,84700000;Error
-3,84600000;Error
-3,84500000;Error
-3,84400000;Error
-3,84300000;Error
-3,84200000;Error
-3,84100000;Error
-3,84000000;Error
-3,83900000;Error
-3,83800000;Error
-3,83700000;Error
-3,83600000;Error
-3,83500000;Error
-3,83400000;Error
-3,83300000;Error
-3,83200000;Error
-3,83100000;Error
-3,83000000;Error
-3,82900000;Error
-3,82800000;Error
-3,82700000;Error
-3,82600000;Error
-3,82500000;Error
-3,82400000;Error
-3,82300000;Error
-3,82200000;Error
-3,82100000;Error
-3,82000000;Error
-3,81900000;Error
-3,81800000;Error
-3,81700000;Error
-3,81600000;Error
-3,81500000;Error
-3,81400000;Error
-3,81300000;Error
-3,81200000;Error
-3,81100000;Error
-3,81000000;Error
-3,80900000;Error
-3,80800000;Error
-3,80700000;Error
-3,80600000;Error
-3,80500000;Error
-3,80400000;Error
-3,80300000;Error
-3,80200000;Error
-3,80100000;Error
-3,80000000;Error
-3,79900000;Error
-3,79800000;Error
-3,79700000;Error
-3,79600000;Error
-3,79500000;Error
-3,79400000;Error
-3,79300000;Error
-3,79200000;Error
-3,79100000;Error
-3,79000000;Error
-3,78900000;Error
-3,78800000;Error
-3,78700000;Error
-3,78600000;Error
-3,78500000;Error
-3,78400000;Error
-3,78300000;Error
-3,78200000;Error
-3,78100000;Error
-3,78000000;Error
-3,77900000;Error
-3,77800000;Error
-3,77700000;Error
-3,77600000;Error
-3,77500000;Error
-3,77400000;Error
-3,77300000;Error
-3,77200000;Error
-3,77100000;Error
-3,77000000;Error
-3,76900000;Error
-3,76800000;Error
-3,76700000;Error
-3,76600000;Error
-3,76500000;Error
-3,76400000;Error
-3,76300000;Error
-3,76200000;Error
-3,76100000;Error
-3,76000000;Error
-3,75900000;Error
-3,75800000;Error
-3,75700000;Error
-3,75600000;Error
-3,75500000;Error
-3,75400000;Error
-3,75300000;Error
-3,75200000;Error
-3,75100000;Error
-3,75000000;Error
-3,74900000;Error
-3,74800000;Error
-3,74700000;Error
-3,74600000;Error
-3,74500000;Error
-3,74400000;Error
-3,74300000;Error
-3,74200000;Error
-3,74100000;Error
-3,74000000;Error
-3,73900000;Error
-3,73800000;Error
-3,73700000;Error
-3,73600000;Error
-3,73500000;Error
-3,73400000;Error
-3,73300000;Error
-3,73200000;Error
-3,73100000;Error
-3,73000000;Error
-3,72900000;Error
-3,72800000;Error
-3,72700000;Error
-3,72600000;Error
-3,72500000;Error
-3,72400000;Error
-3,72300000;Error
-3,72200000;Error
-3,72100000;Error
-3,72000000;Error
-3,71900000;Error
-3,71800000;Error
-3,71700000;Error
-3,71600000;Error
-3,71500000;Error
-3,71400000;Error
-3,71300000;Error
-3,71200000;Error
-3,71100000;Error
-3,71000000;Error
-3,70900000;Error
-3,70800000;Error
-3,70700000;Error
-3,70600000;Error
-3,70500000;Error
-3,70400000;Error
-3,70300000;Error
-3,70200000;Error
-3,70100000;Error
-3,70000000;Error
-3,69900000;Error
-3,69800000;Error
-3,69700000;Error
-3,69600000;Error
-3,69500000;Error
-3,69400000;Error
-3,69300000;Error
-3,69200000;Error
-3,69100000;Error
-3,69000000;Error
-3,68900000;Error
-3,68800000;Error
-3,68700000;Error
-3,68600000;Error
-3,68500000;Error
-3,68400000;Error
-3,68300000;Error
-3,68200000;Error
-3,68100000;Error
-3,68000000;Error
-3,67900000;Error
-3,67800000;Error
-3,67700000;Error
-3,67600000;Error
-3,67500000;Error
-3,67400000;Error
-3,67300000;Error
-3,67200000;Error
-3,67100000;Error
-3,67000000;Error
-3,66900000;Error
-3,66800000;Error
-3,66700000;Error
-3,66600000;Error
-3,66500000;Error
-3,66400000;Error
-3,66300000;Error
-3,66200000;Error
-3,66100000;Error
-3,66000000;Error
-3,65900000;Error
-3,65800000;Error
-3,65700000;Error
-3,65600000;Error
-3,65500000;Error
-3,65400000;Error
-3,65300000;Error
-3,65200000;Error
-3,65100000;Error
-3,65000000;Error
-3,64900000;Error
-3,64800000;Error
-3,64700000;Error
-3,64600000;Error
-3,64500000;Error
-3,64400000;Error
-3,64300000;Error
-3,64200000;Error
-3,64100000;Error
-3,64000000;Error
-3,63900000;Error
-3,63800000;Error
-3,63700000;Error
-3,63600000;Error
-3,63500000;Error
-3,63400000;Error
-3,63300000;Error
-3,63200000;Error
-3,63100000;Error
-3,63000000;Error
-3,62900000;Error
-3,62800000;Error
-3,62700000;Error
-3,62600000;Error
-3,62500000;Error
-3,62400000;Error
-3,62300000;Error
-3,62200000;Error
-3,62100000;Error
-3,62000000;Error
-3,61900000;Error
-3,61800000;Error
-3,61700000;Error
-3,61600000;Error
-3,61500000;Error
-3,61400000;Error
-3,61300000;Error
-3,61200000;Error
-3,61100000;Error
-3,61000000;Error
-3,60900000;Error
-3,60800000;Error
-3,60700000;Error
-3,60600000;Error
-3,60500000;Error
-3,60400000;Error
-3,60300000;Error
-3,60200000;Error
-3,60100000;Error
-3,60000000;Error
-3,59900000;Error
-3,59800000;Error
-3,59700000;Error
-3,59600000;Error
-3,59500000;Error
-3,59400000;Error
-3,59300000;Error
-3,59200000;Error
-3,59100000;Error
-3,59000000;Error
-3,58900000;Error
-3,58800000;Error
-3,58700000;Error
-3,58600000;Error
-3,58500000;Error
-3,58400000;Error
-3,58300000;Error
-3,58200000;Error
-3,58100000;Error
-3,58000000;Error
-3,57900000;Error
-3,57800000;Error
-3,57700000;Error
-3,57600000;Error
-3,57500000;Error
-3,57400000;Error
-3,57300000;Error
-3,57200000;Error
-3,57100000;Error
-3,57000000;Error
-3,56900000;Error
-3,56800000;Error
-3,56700000;Error
-3,56600000;Error
-3,56500000;Error
-3,56400000;Error
-3,56300000;Error
-3,56200000;Error
-3,56100000;Error
-3,56000000;Error
-3,55900000;Error
-3,55800000;Error
-3,55700000;Error
-3,55600000;Error
-3,55500000;Error
-3,55400000;Error
-3,55300000;Error
-3,55200000;Error
-3,55100000;Error
-3,55000000;Error
-3,54900000;Error
-3,54800000;Error
-3,54700000;Error
-3,54600000;Error
-3,54500000;Error
-3,54400000;Error
-3,54300000;Error
-3,54200000;Error
-3,54100000;Error
-3,54000000;Error
-3,53900000;Error
-3,53800000;Error
-3,53700000;Error
-3,53600000;Error
-3,53500000;Error
-3,53400000;Error
-3,53300000;Error
-3,53200000;Error
-3,53100000;Error
-3,53000000;Error
-3,52900000;Error
-3,52800000;Error
-3,52700000;Error
-3,52600000;Error
-3,52500000;Error
-3,52400000;Error
-3,52300000;Error
-3,52200000;Error
-3,52100000;Error
-3,52000000;Error
-3,51900000;Error
-3,51800000;Error
-3,51700000;Error
-3,51600000;Error
-3,51500000;Error
-3,51400000;Error
-3,51300000;Error
-3,51200000;Error
-3,51100000;Error
-3,51000000;Error
-3,50900000;Error
-3,50800000;Error
-3,50700000;Error
-3,50600000;Error
-3,50500000;Error
-3,50400000;Error
-3,50300000;Error
-3,50200000;Error
-3,50100000;Error
-3,50000000;Error
-3,49900000;Error
-3,49800000;Error
-3,49700000;Error
-3,49600000;Error
-3,49500000;Error
-3,49400000;Error
-3,49300000;Error
-3,49200000;Error
-3,49100000;Error
-3,49000000;Error
-3,48900000;Error
-3,48800000;Error
-3,48700000;Error
-3,48600000;Error
-3,48500000;Error
-3,48400000;Error
-3,48300000;Error
-3,48200000;Error
-3,48100000;Error
-3,48000000;Error
-3,47900000;Error
-3,47800000;Error
-3,47700000;Error
-3,47600000;Error
-3,47500000;Error
-3,47400000;Error
-3,47300000;Error
-3,47200000;Error
-3,47100000;Error
-3,47000000;Error
-3,46900000;Error
-3,46800000;Error
-3,46700000;Error
-3,46600000;Error
-3,46500000;Error
-3,46400000;Error
-3,46300000;Error
-3,46200000;Error
-3,46100000;Error
-3,46000000;Error
-3,45900000;Error
-3,45800000;Error
-3,45700000;Error
-3,45600000;Error
-3,45500000;Error
-3,45400000;Error
-3,45300000;Error
-3,45200000;Error
-3,45100000;Error
-3,45000000;Error
-3,44900000;Error
-3,44800000;Error
-3,44700000;Error
-3,44600000;Error
-3,44500000;Error
-3,44400000;Error
-3,44300000;Error
-3,44200000;Error
-3,44100000;Error
-3,44000000;Error
-3,43900000;Error
-3,43800000;Error
-3,43700000;Error
-3,43600000;Error
-3,43500000;Error
-3,43400000;Error
-3,43300000;Error
-3,43200000;Error
-3,43100000;Error
-3,43000000;Error
-3,42900000;Error
-3,42800000;Error
-3,42700000;Error
-3,42600000;Error
-3,42500000;Error
-3,42400000;Error
-3,42300000;Error
-3,42200000;Error
-3,42100000;Error
-3,42000000;Error
-3,41900000;Error
-3,41800000;Error
-3,41700000;Error
-3,41600000;Error
-3,41500000;Error
-3,41400000;Error
-3,41300000;Error
-3,41200000;Error
-3,41100000;Error
-3,41000000;Error
-3,40900000;Error
-3,40800000;Error
-3,40700000;Error
-3,40600000;Error
-3,40500000;Error
-3,40400000;Error
-3,40300000;Error
-3,40200000;Error
-3,40100000;Error
-3,40000000;Error
-3,39900000;Error
-3,39800000;Error
-3,39700000;Error
-3,39600000;Error
-3,39500000;Error
-3,39400000;Error
-3,39300000;Error
-3,39200000;Error
-3,39100000;Error
-3,39000000;Error
-3,38900000;Error
-3,38800000;Error
-3,38700000;Error
-3,38600000;Error
-3,38500000;Error
-3,38400000;Error
-3,38300000;Error
-3,38200000;Error
-3,38100000;Error
-3,38000000;Error
-3,37900000;Error
-3,37800000;Error
-3,37700000;Error
-3,37600000;Error
-3,37500000;Error
-3,37400000;Error
-3,37300000;Error
-3,37200000;Error
-3,37100000;Error
-3,37000000;Error
-3,36900000;Error
-3,36800000;Error
-3,36700000;Error
-3,36600000;Error
-3,36500000;Error
-3,36400000;Error
-3,36300000;Error
-3,36200000;Error
-3,36100000;Error
-3,36000000;Error
-3,35900000;Error
-3,35800000;Error
-3,35700000;Error
-3,35600000;Error
-3,35500000;Error
-3,35400000;Error
-3,35300000;Error
-3,35200000;Error
-3,35100000;Error
-3,35000000;Error
-3,34900000;Error
-3,34800000;Error
-3,34700000;Error
-3,34600000;Error
-3,34500000;Error
-3,34400000;Error
-3,34300000;Error
-3,34200000;Error
-3,34100000;Error
-3,34000000;Error
-3,33900000;Error
-3,33800000;Error
-3,33700000;Error
-3,33600000;Error
-3,33500000;Error
-3,33400000;Error
-3,33300000;Error
-3,33200000;Error
-3,33100000;Error
-3,33000000;Error
-3,32900000;Error
-3,32800000;Error
-3,32700000;Error
-3,32600000;Error
-3,32500000;Error
-3,32400000;Error
-3,32300000;Error
-3,32200000;Error
-3,32100000;Error
-3,32000000;Error
-3,31900000;Error
-3,31800000;Error
-3,31700000;Error
-3,31600000;Error
-3,31500000;Error
-3,31400000;Error
-3,31300000;Error
-3,31200000;Error
-3,31100000;Error
-3,31000000;Error
-3,30900000;Error
-3,30800000;Error
-3,30700000;Error
-3,30600000;Error
-3,30500000;Error
-3,30400000;Error
-3,30300000;Error
-3,30200000;Error
-3,30100000;Error
-3,30000000;Error
-3,29900000;Error
-3,29800000;Error
-3,29700000;Error
-3,29600000;Error
-3,29500000;Error
-3,29400000;Error
-3,29300000;Error
-3,29200000;Error
-3,29100000;Error
-3,29000000;Error
-3,28900000;Error
-3,28800000;Error
-3,28700000;Error
-3,28600000;Error
-3,28500000;Error
-3,28400000;Error
-3,28300000;Error
-3,28200000;Error
-3,28100000;Error
-3,28000000;Error
-3,27900000;Error
-3,27800000;Error
-3,27700000;Error
-3,27600000;Error
-3,27500000;Error
-3,27400000;Error
-3,27300000;Error
-3,27200000;Error
-3,27100000;Error
-3,27000000;Error
-3,26900000;Error
-3,26800000;Error
-3,26700000;Error
-3,26600000;Error
-3,26500000;Error
-3,26400000;Error
-3,26300000;Error
-3,26200000;Error
-3,26100000;Error
-3,26000000;Error
-3,25900000;Error
-3,25800000;Error
-3,25700000;Error
-3,25600000;Error
-3,25500000;Error
-3,25400000;Error
-3,25300000;Error
-3,25200000;Error
-3,25100000;Error
-3,25000000;Error
-3,24900000;Error
-3,24800000;Error
-3,24700000;Error
-3,24600000;Error
-3,24500000;Error
-3,24400000;Error
-3,24300000;Error
-3,24200000;Error
-3,24100000;Error
-3,24000000;Error
-3,23900000;Error
-3,23800000;Error
-3,23700000;Error
-3,23600000;Error
-3,23500000;Error
-3,23400000;Error
-3,23300000;Error
-3,23200000;Error
-3,23100000;Error
-3,23000000;Error
-3,22900000;Error
-3,22800000;Error
-3,22700000;Error
-3,22600000;Error
-3,22500000;Error
-3,22400000;Error
-3,22300000;Error
-3,22200000;Error
-3,22100000;Error
-3,22000000;Error
-3,21900000;Error
-3,21800000;Error
-3,21700000;Error
-3,21600000;Error
-3,21500000;Error
-3,21400000;Error
-3,21300000;Error
-3,21200000;Error
-3,21100000;Error
-3,21000000;Error
-3,20900000;Error
-3,20800000;Error
-3,20700000;Error
-3,20600000;Error
-3,20500000;Error
-3,20400000;Error
-3,20300000;Error
-3,20200000;Error
-3,20100000;Error
-3,20000000;Error
-3,19900000;Error
-3,19800000;Error
-3,19700000;Error
-3,19600000;Error
-3,19500000;Error
-3,19400000;Error
-3,19300000;Error
-3,19200000;Error
-3,19100000;Error
-3,19000000;Error
-3,18900000;Error
-3,18800000;Error
-3,18700000;Error
-3,18600000;Error
-3,18500000;Error
-3,18400000;Error
-3,18300000;Error
-3,18200000;Error
-3,18100000;Error
-3,18000000;Error
-3,17900000;Error
-3,17800000;Error
-3,17700000;Error
-3,17600000;Error
-3,17500000;Error
-3,17400000;Error
-3,17300000;Error
-3,17200000;Error
-3,17100000;Error
-3,17000000;Error
-3,16900000;Error
-3,16800000;Error
-3,16700000;Error
-3,16600000;Error
-3,16500000;Error
-3,16400000;Error
-3,16300000;Error
-3,16200000;Error
-3,16100000;Error
-3,16000000;Error
-3,15900000;Error
-3,15800000;Error
-3,15700000;Error
-3,15600000;Error
-3,15500000;Error
-3,15400000;Error
-3,15300000;Error
-3,15200000;Error
-3,15100000;Error
-3,15000000;Error
-3,14900000;Error
-3,14800000;Error
-3,14700000;Error
-3,14600000;Error
-3,14500000;Error
-3,14400000;Error
-3,14300000;Error
-3,14200000;Error
-3,14100000;Error
-3,14000000;Error
-3,13900000;Error
-3,13800000;Error
-3,13700000;Error
-3,13600000;Error
-3,13500000;Error
-3,13400000;Error
-3,13300000;Error
-3,13200000;Error
-3,13100000;Error
-3,13000000;Error
-3,12900000;Error
-3,12800000;Error
-3,12700000;Error
-3,12600000;Error
-3,12500000;Error
-3,12400000;Error
-3,12300000;Error
-3,12200000;Error
-3,12100000;Error
-3,12000000;Error
-3,11900000;Error
-3,11800000;Error
-3,11700000;Error
-3,11600000;Error
-3,11500000;Error
-3,11400000;Error
-3,11300000;Error
-3,11200000;Error
-3,11100000;Error
-3,11000000;Error
-3,10900000;Error
-3,10800000;Error
-3,10700000;Error
-3,10600000;Error
-3,10500000;Error
-3,10400000;Error
-3,10300000;Error
-3,10200000;Error
-3,10100000;Error
-3,10000000;Error
-3,09900000;Error
-3,09800000;Error
-3,09700000;Error
-3,09600000;Error
-3,09500000;Error
-3,09400000;Error
-3,09300000;Error
-3,09200000;Error
-3,09100000;Error
-3,09000000;Error
-3,08900000;Error
-3,08800000;Error
-3,08700000;Error
-3,08600000;Error
-3,08500000;Error
-3,08400000;Error
-3,08300000;Error
-3,08200000;Error
-3,08100000;Error
-3,08000000;Error
-3,07900000;Error
-3,07800000;Error
-3,07700000;Error
-3,07600000;Error
-3,07500000;Error
-3,07400000;Error
-3,07300000;Error
-3,07200000;Error
-3,07100000;Error
-3,07000000;Error
-3,06900000;Error
-3,06800000;Error
-3,06700000;Error
-3,06600000;Error
-3,06500000;Error
-3,06400000;Error
-3,06300000;Error
-3,06200000;Error
-3,06100000;Error
-3,06000000;Error
-3,05900000;Error
-3,05800000;Error
-3,05700000;Error
-3,05600000;Error
-3,05500000;Error
-3,05400000;Error
-3,05300000;Error
-3,05200000;Error
-3,05100000;Error
-3,05000000;Error
-3,04900000;Error
-3,04800000;Error
-3,04700000;Error
-3,04600000;Error
-3,04500000;Error
-3,04400000;Error
-3,04300000;Error
-3,04200000;Error
-3,04100000;Error
-3,04000000;Error
-3,03900000;Error
-3,03800000;Error
-3,03700000;Error
-3,03600000;Error
-3,03500000;Error
-3,03400000;Error
-3,03300000;Error
-3,03200000;Error
-3,03100000;Error
-3,03000000;Error
-3,02900000;Error
-3,02800000;Error
-3,02700000;Error
-3,02600000;Error
-3,02500000;Error
-3,02400000;Error
-3,02300000;Error
-3,02200000;Error
-3,02100000;Error
-3,02000000;Error
-3,01900000;Error
-3,01800000;Error
-3,01700000;Error
-3,01600000;Error
-3,01500000;Error
-3,01400000;Error
-3,01300000;Error
-3,01200000;Error
-3,01100000;Error
-3,01000000;Error
-3,00900000;Error
-3,00800000;Error
-3,00700000;Error
-3,00600000;Error
-3,00500000;Error
-3,00400000;Error
-3,00300000;Error
-3,00200000;Error
-3,00100000;Error
-3,00000000;Error
-2,99900000;Error
-2,99800000;Error
-2,99700000;Error
-2,99600000;Error
-2,99500000;Error
-2,99400000;Error
-2,99300000;Error
-2,99200000;Error
-2,99100000;Error
-2,99000000;Error
-2,98900000;Error
-2,98800000;Error
-2,98700000;Error
-2,98600000;Error
-2,98500000;Error
-2,98400000;Error
-2,98300000;Error
-2,98200000;Error
-2,98100000;Error
-2,98000000;Error
-2,97900000;Error
-2,97800000;Error
-2,97700000;Error
-2,97600000;Error
-2,97500000;Error
-2,97400000;Error
-2,97300000;Error
-2,97200000;Error
-2,97100000;Error
-2,97000000;Error
-2,96900000;Error
-2,96800000;Error
-2,96700000;Error
-2,96600000;Error
-2,96500000;Error
-2,96400000;Error
-2,96300000;Error
-2,96200000;Error
-2,96100000;Error
-2,96000000;Error
-2,95900000;Error
-2,95800000;Error
-2,95700000;Error
-2,95600000;Error
-2,95500000;Error
-2,95400000;Error
-2,95300000;Error
-2,95200000;Error
-2,95100000;Error
-2,95000000;Error
-2,94900000;Error
-2,94800000;Error
-2,94700000;Error
-2,94600000;Error
-2,94500000;Error
-2,94400000;Error
-2,94300000;Error
-2,94200000;Error
-2,94100000;Error
-2,94000000;Error
-2,93900000;Error
-2,93800000;Error
-2,93700000;Error
-2,93600000;Error
-2,93500000;Error
-2,93400000;Error
-2,93300000;Error
-2,93200000;Error
-2,93100000;Error
-2,93000000;Error
-2,92900000;Error
-2,92800000;Error
-2,92700000;Error
-2,92600000;Error
-2,92500000;Error
-2,92400000;Error
-2,92300000;Error
-2,92200000;Error
-2,92100000;Error
-2,92000000;Error
-2,91900000;Error
-2,91800000;Error
-2,91700000;Error
-2,91600000;Error
-2,91500000;Error
-2,91400000;Error
-2,91300000;Error
-2,91200000;Error
-2,91100000;Error
-2,91000000;Error
-2,90900000;Error
-2,90800000;Error
-2,90700000;Error
-2,90600000;Error
-2,90500000;Error
-2,90400000;Error
-2,90300000;Error
-2,90200000;Error
-2,90100000;Error
-2,90000000;Error
-2,89900000;Error
-2,89800000;Error
-2,89700000;Error
-2,89600000;Error
-2,89500000;Error
-2,89400000;Error
-2,89300000;Error
-2,89200000;Error
-2,89100000;Error
-2,89000000;Error
-2,88900000;Error
-2,88800000;Error
-2,88700000;Error
-2,88600000;Error
-2,88500000;Error
-2,88400000;Error
-2,88300000;Error
-2,88200000;Error
-2,88100000;Error
-2,88000000;Error
-2,87900000;Error
-2,87800000;Error
-2,87700000;Error
-2,87600000;Error
-2,87500000;Error
-2,87400000;Error
-2,87300000;Error
-2,87200000;Error
-2,87100000;Error
-2,87000000;Error
-2,86900000;Error
-2,86800000;Error
-2,86700000;Error
-2,86600000;Error
-2,86500000;Error
-2,86400000;Error
-2,86300000;Error
-2,86200000;Error
-2,86100000;Error
-2,86000000;Error
-2,85900000;Error
-2,85800000;Error
-2,85700000;Error
-2,85600000;Error
-2,85500000;Error
-2,85400000;Error
-2,85300000;Error
-2,85200000;Error
-2,85100000;Error
-2,85000000;Error
-2,84900000;Error
-2,84800000;Error
-2,84700000;Error
-2,84600000;Error
-2,84500000;Error
-2,84400000;Error
-2,84300000;Error
-2,84200000;Error
-2,84100000;Error
-2,84000000;Error
-2,83900000;Error
-2,83800000;Error
-2,83700000;Error
-2,83600000;Error
-2,83500000;Error
-2,83400000;Error
-2,83300000;Error
-2,83200000;Error
-2,83100000;Error
-2,83000000;Error
-2,82900000;Error
-2,82800000;Error
-2,82700000;Error
-2,82600000;Error
-2,82500000;Error
-2,82400000;Error
-2,82300000;Error
-2,82200000;Error
-2,82100000;Error
-2,82000000;Error
-2,81900000;Error
-2,81800000;Error
-2,81700000;Error
-2,81600000;Error
-2,81500000;Error
-2,81400000;Error
-2,81300000;Error
-2,81200000;Error
-2,81100000;Error
-2,81000000;Error
-2,80900000;Error
-2,80800000;Error
-2,80700000;Error
-2,80600000;Error
-2,80500000;Error
-2,80400000;Error
-2,80300000;Error
-2,80200000;Error
-2,80100000;Error
-2,80000000;Error
-2,79900000;Error
-2,79800000;Error
-2,79700000;Error
-2,79600000;Error
-2,79500000;Error
-2,79400000;Error
-2,79300000;Error
-2,79200000;Error
-2,79100000;Error
-2,79000000;Error
-2,78900000;Error
-2,78800000;Error
-2,78700000;Error
-2,78600000;Error
-2,78500000;Error
-2,78400000;Error
-2,78300000;Error
-2,78200000;Error
-2,78100000;Error
-2,78000000;Error
-2,77900000;Error
-2,77800000;Error
-2,77700000;Error
-2,77600000;Error
-2,77500000;Error
-2,77400000;Error
-2,77300000;Error
-2,77200000;Error
-2,77100000;Error
-2,77000000;Error
-2,76900000;Error
-2,76800000;Error
-2,76700000;Error
-2,76600000;Error
-2,76500000;Error
-2,76400000;Error
-2,76300000;Error
-2,76200000;Error
-2,76100000;Error
-2,76000000;Error
-2,75900000;Error
-2,75800000;Error
-2,75700000;Error
-2,75600000;Error
-2,75500000;Error
-2,75400000;Error
-2,75300000;Error
-2,75200000;Error
-2,75100000;Error
-2,75000000;Error
-2,74900000;Error
-2,74800000;Error
-2,74700000;Error
-2,74600000;Error
-2,74500000;Error
-2,74400000;Error
-2,74300000;Error
-2,74200000;Error
-2,74100000;Error
-2,74000000;Error
-2,73900000;Error
-2,73800000;Error
-2,73700000;Error
-2,73600000;Error
-2,73500000;Error
-2,73400000;Error
-2,73300000;Error
-2,73200000;Error
-2,73100000;Error
-2,73000000;Error
-2,72900000;Error
-2,72800000;Error
-2,72700000;Error
-2,72600000;Error
-2,72500000;Error
-2,72400000;Error
-2,72300000;Error
-2,72200000;Error
-2,72100000;Error
-2,72000000;Error
-2,71900000;Error
-2,71800000;Error
-2,71700000;Error
-2,71600000;Error
-2,71500000;Error
-2,71400000;Error
-2,71300000;Error
-2,71200000;Error
-2,71100000;Error
-2,71000000;Error
-2,70900000;Error
-2,70800000;Error
-2,70700000;Error
-2,70600000;Error
-2,70500000;Error
-2,70400000;Error
-2,70300000;Error
-2,70200000;Error
-2,70100000;Error
-2,70000000;Error
-2,69900000;Error
-2,69800000;Error
-2,69700000;Error
-2,69600000;Error
-2,69500000;Error
-2,69400000;Error
-2,69300000;Error
-2,69200000;Error
-2,69100000;Error
-2,69000000;Error
-2,68900000;Error
-2,68800000;Error
-2,68700000;Error
-2,68600000;Error
-2,68500000;Error
-2,68400000;Error
-2,68300000;Error
-2,68200000;Error
-2,68100000;Error
-2,68000000;Error
-2,67900000;Error
-2,67800000;Error
-2,67700000;Error
-2,67600000;Error
-2,67500000;Error
-2,67400000;Error
-2,67300000;Error
-2,67200000;Error
-2,67100000;Error
-2,67000000;Error
-2,66900000;Error
-2,66800000;Error
-2,66700000;Error
-2,66600000;Error
-2,66500000;Error
-2,66400000;Error
-2,66300000;Error
-2,66200000;Error
-2,66100000;Error
-2,66000000;Error
-2,65900000;Error
-2,65800000;Error
-2,65700000;Error
-2,65600000;Error
-2,65500000;Error
-2,65400000;Error
-2,65300000;Error
-2,65200000;Error
-2,65100000;Error
-2,65000000;Error
-2,64900000;Error
-2,64800000;Error
-2,64700000;Error
-2,64600000;Error
-2,64500000;Error
-2,64400000;Error
-2,64300000;Error
-2,64200000;Error
-2,64100000;Error
-2,64000000;Error
-2,63900000;Error
-2,63800000;Error
-2,63700000;Error
-2,63600000;Error
-2,63500000;Error
-2,63400000;Error
-2,63300000;Error
-2,63200000;Error
-2,63100000;Error
-2,63000000;Error
-2,62900000;Error
-2,62800000;Error
-2,62700000;Error
-2,62600000;Error
-2,62500000;Error
-2,62400000;Error
-2,62300000;Error
-2,62200000;Error
-2,62100000;Error
-2,62000000;Error
-2,61900000;Error
-2,61800000;Error
-2,61700000;Error
-2,61600000;Error
-2,61500000;Error
-2,61400000;Error
-2,61300000;Error
-2,61200000;Error
-2,61100000;Error
-2,61000000;Error
-2,60900000;Error
-2,60800000;Error
-2,60700000;Error
-2,60600000;Error
-2,60500000;Error
-2,60400000;Error
-2,60300000;Error
-2,60200000;Error
-2,60100000;Error
-2,60000000;Error
-2,59900000;Error
-2,59800000;Error
-2,59700000;Error
-2,59600000;Error
-2,59500000;Error
-2,59400000;Error
-2,59300000;Error
-2,59200000;Error
-2,59100000;Error
-2,59000000;Error
-2,58900000;Error
-2,58800000;Error
-2,58700000;Error
-2,58600000;Error
-2,58500000;Error
-2,58400000;Error
-2,58300000;Error
-2,58200000;Error
-2,58100000;Error
-2,58000000;Error
-2,57900000;Error
-2,57800000;Error
-2,57700000;Error
-2,57600000;Error
-2,57500000;Error
-2,57400000;Error
-2,57300000;Error
-2,57200000;Error
-2,57100000;Error
-2,57000000;Error
-2,56900000;Error
-2,56800000;Error
-2,56700000;Error
-2,56600000;Error
-2,56500000;Error
-2,56400000;Error
-2,56300000;Error
-2,56200000;Error
-2,56100000;Error
-2,56000000;Error
-2,55900000;Error
-2,55800000;Error
-2,55700000;Error
-2,55600000;Error
-2,55500000;Error
-2,55400000;Error
-2,55300000;Error
-2,55200000;Error
-2,55100000;Error
-2,55000000;Error
-2,54900000;Error
-2,54800000;Error
-2,54700000;Error
-2,54600000;Error
-2,54500000;Error
-2,54400000;Error
-2,54300000;Error
-2,54200000;Error
-2,54100000;Error
-2,54000000;Error
-2,53900000;Error
-2,53800000;Error
-2,53700000;Error
-2,53600000;Error
-2,53500000;Error
-2,53400000;Error
-2,53300000;Error
-2,53200000;Error
-2,53100000;Error
-2,53000000;Error
-2,52900000;Error
-2,52800000;Error
-2,52700000;Error
-2,52600000;Error
-2,52500000;Error
-2,52400000;Error
-2,52300000;Error
-2,52200000;Error
-2,52100000;Error
-2,52000000;Error
-2,51900000;Error
-2,51800000;Error
-2,51700000;Error
-2,51600000;Error
-2,51500000;Error
-2,51400000;Error
-2,51300000;Error
-2,51200000;Error
-2,51100000;Error
-2,51000000;Error
-2,50900000;Error
-2,50800000;Error
-2,50700000;Error
-2,50600000;Error
-2,50500000;Error
-2,50400000;Error
-2,50300000;Error
-2,50200000;Error
-2,50100000;Error
-2,50000000;Error
-2,49900000;Error
-2,49800000;Error
-2,49700000;Error
-2,49600000;Error
-2,49500000;Error
-2,49400000;Error
-2,49300000;Error
-2,49200000;Error
-2,49100000;Error
-2,49000000;Error
-2,48900000;Error
-2,48800000;Error
-2,48700000;Error
-2,48600000;Error
-2,48500000;Error
-2,48400000;Error
-2,48300000;Error
-2,48200000;Error
-2,48100000;Error
-2,48000000;Error
-2,47900000;Error
-2,47800000;Error
-2,47700000;Error
-2,47600000;Error
-2,47500000;Error
-2,47400000;Error
-2,47300000;Error
-2,47200000;Error
-2,47100000;Error
-2,47000000;Error
-2,46900000;Error
-2,46800000;Error
-2,46700000;Error
-2,46600000;Error
-2,46500000;Error
-2,46400000;Error
-2,46300000;Error
-2,46200000;Error
-2,46100000;Error
-2,46000000;Error
-2,45900000;Error
-2,45800000;Error
-2,45700000;Error
-2,45600000;Error
-2,45500000;Error
-2,45400000;Error
-2,45300000;Error
-2,45200000;Error
-2,45100000;Error
-2,45000000;Error
-2,44900000;Error
-2,44800000;Error
-2,44700000;Error
-2,44600000;Error
-2,44500000;Error
-2,44400000;Error
-2,44300000;Error
-2,44200000;Error
-2,44100000;Error
-2,44000000;Error
-2,43900000;Error
-2,43800000;Error
-2,43700000;Error
-2,43600000;Error
-2,43500000;Error
-2,43400000;Error
-2,43300000;Error
-2,43200000;Error
-2,43100000;Error
-2,43000000;Error
-2,42900000;Error
-2,42800000;Error
-2,42700000;Error
-2,42600000;Error
-2,42500000;Error
-2,42400000;Error
-2,42300000;Error
-2,42200000;Error
-2,42100000;Error
-2,42000000;Error
-2,41900000;Error
-2,41800000;Error
-2,41700000;Error
-2,41600000;Error
-2,41500000;Error
-2,41400000;Error
-2,41300000;Error
-2,41200000;Error
-2,41100000;Error
-2,41000000;Error
-2,40900000;Error
-2,40800000;Error
-2,40700000;Error
-2,40600000;Error
-2,40500000;Error
-2,40400000;Error
-2,40300000;Error
-2,40200000;Error
-2,40100000;Error
-2,40000000;Error
-2,39900000;Error
-2,39800000;Error
-2,39700000;Error
-2,39600000;Error
-2,39500000;Error
-2,39400000;Error
-2,39300000;Error
-2,39200000;Error
-2,39100000;Error
-2,39000000;Error
-2,38900000;Error
-2,38800000;Error
-2,38700000;Error
-2,38600000;Error
-2,38500000;Error
-2,38400000;Error
-2,38300000;Error
-2,38200000;Error
-2,38100000;Error
-2,38000000;Error
-2,37900000;Error
-2,37800000;Error
-2,37700000;Error
-2,37600000;Error
-2,37500000;Error
-2,37400000;Error
-2,37300000;Error
-2,37200000;Error
-2,37100000;Error
-2,37000000;Error
-2,36900000;Error
-2,36800000;Error
-2,36700000;Error
-2,36600000;Error
-2,36500000;Error
-2,36400000;Error
-2,36300000;Error
-2,36200000;Error
-2,36100000;Error
-2,36000000;Error
-2,35900000;Error
-2,35800000;Error
-2,35700000;Error
-2,35600000;Error
-2,35500000;Error
-2,35400000;Error
-2,35300000;Error
-2,35200000;Error
-2,35100000;Error
-2,35000000;Error
-2,34900000;Error
-2,34800000;Error
-2,34700000;Error
-2,34600000;Error
-2,34500000;Error
-2,34400000;Error
-2,34300000;Error
-2,34200000;Error
-2,34100000;Error
-2,34000000;Error
-2,33900000;Error
-2,33800000;Error
-2,33700000;Error
-2,33600000;Error
-2,33500000;Error
-2,33400000;Error
-2,33300000;Error
-2,33200000;Error
-2,33100000;Error
-2,33000000;Error
-2,32900000;Error
-2,32800000;Error
-2,32700000;Error
-2,32600000;Error
-2,32500000;Error
-2,32400000;Error
-2,32300000;Error
-2,32200000;Error
-2,32100000;Error
-2,32000000;Error
-2,31900000;Error
-2,31800000;Error
-2,31700000;Error
-2,31600000;Error
-2,31500000;Error
-2,31400000;Error
-2,31300000;Error
-2,31200000;Error
-2,31100000;Error
-2,31000000;Error
-2,30900000;Error
-2,30800000;Error
-2,30700000;Error
-2,30600000;Error
-2,30500000;Error
-2,30400000;Error
-2,30300000;Error
-2,30200000;Error
-2,30100000;Error
-2,30000000;Error
-2,29900000;Error
-2,29800000;Error
-2,29700000;Error
-2,29600000;Error
-2,29500000;Error
-2,29400000;Error
-2,29300000;Error
-2,29200000;Error
-2,29100000;Error
-2,29000000;Error
-2,28900000;Error
-2,28800000;Error
-2,28700000;Error
-2,28600000;Error
-2,28500000;Error
-2,28400000;Error
-2,28300000;Error
-2,28200000;Error
-2,28100000;Error
-2,28000000;Error
-2,27900000;Error
-2,27800000;Error
-2,27700000;Error
-2,27600000;Error
-2,27500000;Error
-2,27400000;Error
-2,27300000;Error
-2,27200000;Error
-2,27100000;Error
-2,27000000;Error
-2,26900000;Error
-2,26800000;Error
-2,26700000;Error
-2,26600000;Error
-2,26500000;Error
-2,26400000;Error
-2,26300000;Error
-2,26200000;Error
-2,26100000;Error
-2,26000000;Error
-2,25900000;Error
-2,25800000;Error
-2,25700000;Error
-2,25600000;Error
-2,25500000;Error
-2,25400000;Error
-2,25300000;Error
-2,25200000;Error
-2,25100000;Error
-2,25000000;Error
-2,24900000;Error
-2,24800000;Error
-2,24700000;Error
-2,24600000;Error
-2,24500000;Error
-2,24400000;Error
-2,24300000;Error
-2,24200000;Error
-2,24100000;Error
-2,24000000;Error
-2,23900000;Error
-2,23800000;Error
-2,23700000;Error
-2,23600000;Error
-2,23500000;Error
-2,23400000;Error
-2,23300000;Error
-2,23200000;Error
-2,23100000;Error
-2,23000000;Error
-2,22900000;Error
-2,22800000;Error
-2,22700000;Error
-2,22600000;Error
-2,22500000;Error
-2,22400000;Error
-2,22300000;Error
-2,22200000;Error
-2,22100000;Error
-2,22000000;Error
-2,21900000;Error
-2,21800000;Error
-2,21700000;Error
-2,21600000;Error
-2,21500000;Error
-2,21400000;Error
-2,21300000;Error
-2,21200000;Error
-2,21100000;Error
-2,21000000;Error
-2,20900000;Error
-2,20800000;Error
-2,20700000;Error
-2,20600000;Error
-2,20500000;Error
-2,20400000;Error
-2,20300000;Error
-2,20200000;Error
-2,20100000;Error
-2,20000000;Error
-2,19900000;Error
-2,19800000;Error
-2,19700000;Error
-2,19600000;Error
-2,19500000;Error
-2,19400000;Error
-2,19300000;Error
-2,19200000;Error
-2,19100000;Error
-2,19000000;Error
-2,18900000;Error
-2,18800000;Error
-2,18700000;Error
-2,18600000;Error
-2,18500000;Error
-2,18400000;Error
-2,18300000;Error
-2,18200000;Error
-2,18100000;Error
-2,18000000;Error
-2,17900000;Error
-2,17800000;Error
-2,17700000;Error
-2,17600000;Error
-2,17500000;Error
-2,17400000;Error
-2,17300000;Error
-2,17200000;Error
-2,17100000;Error
-2,17000000;Error
-2,16900000;Error
-2,16800000;Error
-2,16700000;Error
-2,16600000;Error
-2,16500000;Error
-2,16400000;Error
-2,16300000;Error
-2,16200000;Error
-2,16100000;Error
-2,16000000;Error
-2,15900000;Error
-2,15800000;Error
-2,15700000;Error
-2,15600000;Error
-2,15500000;Error
-2,15400000;Error
-2,15300000;Error
-2,15200000;Error
-2,15100000;Error
-2,15000000;Error
-2,14900000;Error
-2,14800000;Error
-2,14700000;Error
-2,14600000;Error
-2,14500000;Error
-2,14400000;Error
-2,14300000;Error
-2,14200000;Error
-2,14100000;Error
-2,14000000;Error
-2,13900000;Error
-2,13800000;Error
-2,13700000;Error
-2,13600000;Error
-2,13500000;Error
-2,13400000;Error
-2,13300000;Error
-2,13200000;Error
-2,13100000;Error
-2,13000000;Error
-2,12900000;Error
-2,12800000;Error
-2,12700000;Error
-2,12600000;Error
-2,12500000;Error
-2,12400000;Error
-2,12300000;Error
-2,12200000;Error
-2,12100000;Error
-2,12000000;Error
-2,11900000;Error
-2,11800000;Error
-2,11700000;Error
-2,11600000;Error
-2,11500000;Error
-2,11400000;Error
-2,11300000;Error
-2,11200000;Error
-2,11100000;Error
-2,11000000;Error
-2,10900000;Error
-2,10800000;Error
-2,10700000;Error
-2,10600000;Error
-2,10500000;Error
-2,10400000;Error
-2,10300000;Error
-2,10200000;Error
-2,10100000;Error
-2,10000000;Error
-2,09900000;Error
-2,09800000;Error
-2,09700000;Error
-2,09600000;Error
-2,09500000;Error
-2,09400000;Error
-2,09300000;Error
-2,09200000;Error
-2,09100000;Error
-2,09000000;Error
-2,08900000;Error
-2,08800000;Error
-2,08700000;Error
-2,08600000;Error
-2,08500000;Error
-2,08400000;Error
-2,08300000;Error
-2,08200000;Error
-2,08100000;Error
-2,08000000;Error
-2,07900000;Error
-2,07800000;Error
-2,07700000;Error
-2,07600000;Error
-2,07500000;Error
-2,07400000;Error
-2,07300000;Error
-2,07200000;Error
-2,07100000;Error
-2,07000000;Error
-2,06900000;Error
-2,06800000;Error
-2,06700000;Error
-2,06600000;Error
-2,06500000;Error
-2,06400000;Error
-2,06300000;Error
-2,06200000;Error
-2,06100000;Error
-2,06000000;Error
-2,05900000;Error
-2,05800000;Error
-2,05700000;Error
-2,05600000;Error
-2,05500000;Error
-2,05400000;Error
-2,05300000;Error
-2,05200000;Error
-2,05100000;Error
-2,05000000;Error
-2,04900000;Error
-2,04800000;Error
-2,04700000;Error
-2,04600000;Error
-2,04500000;Error
-2,04400000;Error
-2,04300000;Error
-2,04200000;Error
-2,04100000;Error
-2,04000000;Error
-2,03900000;Error
-2,03800000;Error
-2,03700000;Error
-2,03600000;Error
-2,03500000;Error
-2,03400000;Error
-2,03300000;Error
-2,03200000;Error
-2,03100000;Error
-2,03000000;Error
-2,02900000;Error
-2,02800000;Error
-2,02700000;Error
-2,02600000;Error
-2,02500000;Error
-2,02400000;Error
-2,02300000;Error
-2,02200000;Error
-2,02100000;Error
-2,02000000;Error
-2,01900000;Error
-2,01800000;Error
-2,01700000;Error
-2,01600000;Error
-2,01500000;Error
-2,01400000;Error
-2,01300000;Error
-2,01200000;Error
-2,01100000;Error
-2,01000000;Error
-2,00900000;Error
-2,00800000;Error
-2,00700000;Error
-2,00600000;Error
-2,00500000;Error
-2,00400000;Error
-2,00300000;Error
-2,00200000;Error
-2,00100000;Error
-2,00000000;Error
-1,99900000;Error
-1,99800000;Error
-1,99700000;Error
-1,99600000;Error
-1,99500000;Error
-1,99400000;Error
-1,99300000;Error
-1,99200000;Error
-1,99100000;Error
-1,99000000;Error
-1,98900000;Error
-1,98800000;Error
-1,98700000;Error
-1,98600000;Error
-1,98500000;Error
-1,98400000;Error
-1,98300000;Error
-1,98200000;Error
-1,98100000;Error
-1,98000000;Error
-1,97900000;Error
-1,97800000;Error
-1,97700000;Error
-1,97600000;Error
-1,97500000;Error
-1,97400000;Error
-1,97300000;Error
-1,97200000;Error
-1,97100000;Error
-1,97000000;Error
-1,96900000;Error
-1,96800000;Error
-1,96700000;Error
-1,96600000;Error
-1,96500000;Error
-1,96400000;Error
-1,96300000;Error
-1,96200000;Error
-1,96100000;Error
-1,96000000;Error
-1,95900000;Error
-1,95800000;Error
-1,95700000;Error
-1,95600000;Error
-1,95500000;Error
-1,95400000;Error
-1,95300000;Error
-1,95200000;Error
-1,95100000;Error
-1,95000000;Error
-1,94900000;Error
-1,94800000;Error
-1,94700000;Error
-1,94600000;Error
-1,94500000;Error
-1,94400000;Error
-1,94300000;Error
-1,94200000;Error
-1,94100000;Error
-1,94000000;Error
-1,93900000;Error
-1,93800000;Error
-1,93700000;Error
-1,93600000;Error
-1,93500000;Error
-1,93400000;Error
-1,93300000;Error
-1,93200000;Error
-1,93100000;Error
-1,93000000;Error
-1,92900000;Error
-1,92800000;Error
-1,92700000;Error
-1,92600000;Error
-1,92500000;Error
-1,92400000;Error
-1,92300000;Error
-1,92200000;Error
-1,92100000;Error
-1,92000000;Error
-1,91900000;Error
-1,91800000;Error
-1,91700000;Error
-1,91600000;Error
-1,91500000;Error
-1,91400000;Error
-1,91300000;Error
-1,91200000;Error
-1,91100000;Error
-1,91000000;Error
-1,90900000;Error
-1,90800000;Error
-1,90700000;Error
-1,90600000;Error
-1,90500000;Error
-1,90400000;Error
-1,90300000;Error
-1,90200000;Error
-1,90100000;Error
-1,90000000;Error
-1,89900000;Error
-1,89800000;Error
-1,89700000;Error
-1,89600000;Error
-1,89500000;Error
-1,89400000;Error
-1,89300000;Error
-1,89200000;Error
-1,89100000;Error
-1,89000000;Error
-1,88900000;Error
-1,88800000;Error
-1,88700000;Error
-1,88600000;Error
-1,88500000;Error
-1,88400000;Error
-1,88300000;Error
-1,88200000;Error
-1,88100000;Error
-1,88000000;Error
-1,87900000;Error
-1,87800000;Error
-1,87700000;Error
-1,87600000;Error
-1,87500000;Error
-1,87400000;Error
-1,87300000;Error
-1,87200000;Error
-1,87100000;Error
-1,87000000;Error
-1,86900000;Error
-1,86800000;Error
-1,86700000;Error
-1,86600000;Error
-1,86500000;Error
-1,86400000;Error
-1,86300000;Error
-1,86200000;Error
-1,86100000;Error
-1,86000000;Error
-1,85900000;Error
-1,85800000;Error
-1,85700000;Error
-1,85600000;Error
-1,85500000;Error
-1,85400000;Error
-1,85300000;Error
-1,85200000;Error
-1,85100000;Error
-1,85000000;Error
-1,84900000;Error
-1,84800000;Error
-1,84700000;Error
-1,84600000;Error
-1,84500000;Error
-1,84400000;Error
-1,84300000;Error
-1,84200000;Error
-1,84100000;Error
-1,84000000;Error
-1,83900000;Error
-1,83800000;Error
-1,83700000;Error
-1,83600000;Error
-1,83500000;Error
-1,83400000;Error
-1,83300000;Error
-1,83200000;Error
-1,83100000;Error
-1,83000000;Error
-1,82900000;Error
-1,82800000;Error
-1,82700000;Error
-1,82600000;Error
-1,82500000;Error
-1,82400000;Error
-1,82300000;Error
-1,82200000;Error
-1,82100000;Error
-1,82000000;Error
-1,81900000;Error
-1,81800000;Error
-1,81700000;Error
-1,81600000;Error
-1,81500000;Error
-1,81400000;Error
-1,81300000;Error
-1,81200000;Error
-1,81100000;Error
-1,81000000;Error
-1,80900000;Error
-1,80800000;Error
-1,80700000;Error
-1,80600000;Error
-1,80500000;Error
-1,80400000;Error
-1,80300000;Error
-1,80200000;Error
-1,80100000;Error
-1,80000000;Error
-1,79900000;Error
-1,79800000;Error
-1,79700000;Error
-1,79600000;Error
-1,79500000;Error
-1,79400000;Error
-1,79300000;Error
-1,79200000;Error
-1,79100000;Error
-1,79000000;Error
-1,78900000;Error
-1,78800000;Error
-1,78700000;Error
-1,78600000;Error
-1,78500000;Error
-1,78400000;Error
-1,78300000;Error
-1,78200000;Error
-1,78100000;Error
-1,78000000;Error
-1,77900000;Error
-1,77800000;Error
-1,77700000;Error
-1,77600000;Error
-1,77500000;Error
-1,77400000;Error
-1,77300000;Error
-1,77200000;Error
-1,77100000;Error
-1,77000000;Error
-1,76900000;Error
-1,76800000;Error
-1,76700000;Error
-1,76600000;Error
-1,76500000;Error
-1,76400000;Error
-1,76300000;Error
-1,76200000;Error
-1,76100000;Error
-1,76000000;Error
-1,75900000;Error
-1,75800000;Error
-1,75700000;Error
-1,75600000;Error
-1,75500000;Error
-1,75400000;Error
-1,75300000;Error
-1,75200000;Error
-1,75100000;Error
-1,75000000;Error
-1,74900000;Error
-1,74800000;Error
-1,74700000;Error
-1,74600000;Error
-1,74500000;Error
-1,74400000;Error
-1,74300000;Error
-1,74200000;Error
-1,74100000;Error
-1,74000000;Error
-1,73900000;Error
-1,73800000;Error
-1,73700000;Error
-1,73600000;Error
-1,73500000;Error
-1,73400000;Error
-1,73300000;Error
-1,73200000;Error
-1,73100000;Error
-1,73000000;Error
-1,72900000;Error
-1,72800000;Error
-1,72700000;Error
-1,72600000;Error
-1,72500000;Error
-1,72400000;Error
-1,72300000;Error
-1,72200000;Error
-1,72100000;Error
-1,72000000;Error
-1,71900000;Error
-1,71800000;Error
-1,71700000;Error
-1,71600000;Error
-1,71500000;Error
-1,71400000;Error
-1,71300000;Error
-1,71200000;Error
-1,71100000;Error
-1,71000000;Error
-1,70900000;Error
-1,70800000;Error
-1,70700000;Error
-1,70600000;Error
-1,70500000;Error
-1,70400000;Error
-1,70300000;Error
-1,70200000;Error
-1,70100000;Error
-1,70000000;Error
-1,69900000;Error
-1,69800000;Error
-1,69700000;Error
-1,69600000;Error
-1,69500000;Error
-1,69400000;Error
-1,69300000;Error
-1,69200000;Error
-1,69100000;Error
-1,69000000;Error
-1,68900000;Error
-1,68800000;Error
-1,68700000;Error
-1,68600000;Error
-1,68500000;Error
-1,68400000;Error
-1,68300000;Error
-1,68200000;Error
-1,68100000;Error
-1,68000000;Error
-1,67900000;Error
-1,67800000;Error
-1,67700000;Error
-1,67600000;Error
-1,67500000;Error
-1,67400000;Error
-1,67300000;Error
-1,67200000;Error
-1,67100000;Error
-1,67000000;Error
-1,66900000;Error
-1,66800000;Error
-1,66700000;Error
-1,66600000;Error
-1,66500000;Error
-1,66400000;Error
-1,66300000;Error
-1,66200000;Error
-1,66100000;Error
-1,66000000;Error
-1,65900000;Error
-1,65800000;Error
-1,65700000;Error
-1,65600000;Error
-1,65500000;Error
-1,65400000;Error
-1,65300000;Error
-1,65200000;Error
-1,65100000;Error
-1,65000000;Error
-1,64900000;Error
-1,64800000;Error
-1,64700000;Error
-1,64600000;Error
-1,64500000;Error
-1,64400000;Error
-1,64300000;Error
-1,64200000;Error
-1,64100000;Error
-1,64000000;Error
-1,63900000;Error
-1,63800000;Error
-1,63700000;Error
-1,63600000;Error
-1,63500000;Error
-1,63400000;Error
-1,63300000;Error
-1,63200000;Error
-1,63100000;Error
-1,63000000;Error
-1,62900000;Error
-1,62800000;Error
-1,62700000;Error
-1,62600000;Error
-1,62500000;Error
-1,62400000;Error
-1,62300000;Error
-1,62200000;Error
-1,62100000;Error
-1,62000000;Error
-1,61900000;Error
-1,61800000;Error
-1,61700000;Error
-1,61600000;Error
-1,61500000;Error
-1,61400000;Error
-1,61300000;Error
-1,61200000;Error
-1,61100000;Error
-1,61000000;Error
-1,60900000;Error
-1,60800000;Error
-1,60700000;Error
-1,60600000;Error
-1,60500000;Error
-1,60400000;Error
-1,60300000;Error
-1,60200000;Error
-1,60100000;Error
-1,60000000;Error
-1,59900000;Error
-1,59800000;Error
-1,59700000;Error
-1,59600000;Error
-1,59500000;Error
-1,59400000;Error
-1,59300000;Error
-1,59200000;Error
-1,59100000;Error
-1,59000000;Error
-1,58900000;Error
-1,58800000;Error
-1,58700000;Error
-1,58600000;Error
-1,58500000;Error
-1,58400000;Error
-1,58300000;Error
-1,58200000;Error
-1,58100000;Error
-1,58000000;Error
-1,57900000;Error
-1,57800000;Error
-1,57700000;Error
-1,57600000;Error
-1,57500000;Error
-1,57400000;Error
-1,57300000;Error
-1,57200000;Error
-1,57100000;Error
-1,57000000;Error
-1,56900000;Error
-1,56800000;Error
-1,56700000;Error
-1,56600000;Error
-1,56500000;Error
-1,56400000;Error
-1,56300000;Error
-1,56200000;Error
-1,56100000;Error
-1,56000000;Error
-1,55900000;Error
-1,55800000;Error
-1,55700000;Error
-1,55600000;Error
-1,55500000;Error
-1,55400000;Error
-1,55300000;Error
-1,55200000;Error
-1,55100000;Error
-1,55000000;Error
-1,54900000;Error
-1,54800000;Error
-1,54700000;Error
-1,54600000;Error
-1,54500000;Error
-1,54400000;Error
-1,54300000;Error
-1,54200000;Error
-1,54100000;Error
-1,54000000;Error
-1,53900000;Error
-1,53800000;Error
-1,53700000;Error
-1,53600000;Error
-1,53500000;Error
-1,53400000;Error
-1,53300000;Error
-1,53200000;Error
-1,53100000;Error
-1,53000000;Error
-1,52900000;Error
-1,52800000;Error
-1,52700000;Error
-1,52600000;Error
-1,52500000;Error
-1,52400000;Error
-1,52300000;Error
-1,52200000;Error
-1,52100000;Error
-1,52000000;Error
-1,51900000;Error
-1,51800000;Error
-1,51700000;Error
-1,51600000;Error
-1,51500000;Error
-1,51400000;Error
-1,51300000;Error
-1,51200000;Error
-1,51100000;Error
-1,51000000;Error
-1,50900000;Error
-1,50800000;Error
-1,50700000;Error
-1,50600000;Error
-1,50500000;Error
-1,50400000;Error
-1,50300000;Error
-1,50200000;Error
-1,50100000;Error
-1,50000000;Error
-1,49900000;Error
-1,49800000;Error
-1,49700000;Error
-1,49600000;Error
-1,49500000;Error
-1,49400000;Error
-1,49300000;Error
-1,49200000;Error
-1,49100000;Error
-1,49000000;Error
-1,48900000;Error
-1,48800000;Error
-1,48700000;Error
-1,48600000;Error
-1,48500000;Error
-1,48400000;Error
-1,48300000;Error
-1,48200000;Error
-1,48100000;Error
-1,48000000;Error
-1,47900000;Error
-1,47800000;Error
-1,47700000;Error
-1,47600000;Error
-1,47500000;Error
-1,47400000;Error
-1,47300000;Error
-1,47200000;Error
-1,47100000;Error
-1,47000000;Error
-1,46900000;Error
-1,46800000;Error
-1,46700000;Error
-1,46600000;Error
-1,46500000;Error
-1,46400000;Error
-1,46300000;Error
-1,46200000;Error
-1,46100000;Error
-1,46000000;Error
-1,45900000;Error
-1,45800000;Error
-1,45700000;Error
-1,45600000;Error
-1,45500000;Error
-1,45400000;Error
-1,45300000;Error
-1,45200000;Error
-1,45100000;Error
-1,45000000;Error
-1,44900000;Error
-1,44800000;Error
-1,44700000;Error
-1,44600000;Error
-1,44500000;Error
-1,44400000;Error
-1,44300000;Error
-1,44200000;Error
-1,44100000;Error
-1,44000000;Error
-1,43900000;Error
-1,43800000;Error
-1,43700000;Error
-1,43600000;Error
-1,43500000;Error
-1,43400000;Error
-1,43300000;Error
-1,43200000;Error
-1,43100000;Error
-1,43000000;Error
-1,42900000;Error
-1,42800000;Error
-1,42700000;Error
-1,42600000;Error
-1,42500000;Error
-1,42400000;Error
-1,42300000;Error
-1,42200000;Error
-1,42100000;Error
-1,42000000;Error
-1,41900000;Error
-1,41800000;Error
-1,41700000;Error
-1,41600000;Error
-1,41500000;Error
-1,41400000;Error
-1,41300000;Error
-1,41200000;Error
-1,41100000;Error
-1,41000000;Error
-1,40900000;Error
-1,40800000;Error
-1,40700000;Error
-1,40600000;Error
-1,40500000;Error
-1,40400000;Error
-1,40300000;Error
-1,40200000;Error
-1,40100000;Error
-1,40000000;Error
-1,39900000;Error
-1,39800000;Error
-1,39700000;Error
-1,39600000;Error
-1,39500000;Error
-1,39400000;Error
-1,39300000;Error
-1,39200000;Error
-1,39100000;Error
-1,39000000;Error
-1,38900000;Error
-1,38800000;Error
-1,38700000;Error
-1,38600000;Error
-1,38500000;Error
-1,38400000;Error
-1,38300000;Error
-1,38200000;Error
-1,38100000;Error
-1,38000000;Error
-1,37900000;Error
-1,37800000;Error
-1,37700000;Error
-1,37600000;Error
-1,37500000;Error
-1,37400000;Error
-1,37300000;Error
-1,37200000;Error
-1,37100000;Error
-1,37000000;Error
-1,36900000;Error
-1,36800000;Error
-1,36700000;Error
-1,36600000;Error
-1,36500000;Error
-1,36400000;Error
-1,36300000;Error
-1,36200000;Error
-1,36100000;Error
-1,36000000;Error
-1,35900000;Error
-1,35800000;Error
-1,35700000;Error
-1,35600000;Error
-1,35500000;Error
-1,35400000;Error
-1,35300000;Error
-1,35200000;Error
-1,35100000;Error
-1,35000000;Error
-1,34900000;Error
-1,34800000;Error
-1,34700000;Error
-1,34600000;Error
-1,34500000;Error
-1,34400000;Error
-1,34300000;Error
-1,34200000;Error
-1,34100000;Error
-1,34000000;Error
-1,33900000;Error
-1,33800000;Error
-1,33700000;Error
-1,33600000;Error
-1,33500000;Error
-1,33400000;Error
-1,33300000;Error
-1,33200000;Error
-1,33100000;Error
-1,33000000;Error
-1,32900000;Error
-1,32800000;Error
-1,32700000;Error
-1,32600000;Error
-1,32500000;Error
-1,32400000;Error
-1,32300000;Error
-1,32200000;Error
-1,32100000;Error
-1,32000000;Error
-1,31900000;Error
-1,31800000;Error
-1,31700000;Error
-1,31600000;Error
-1,31500000;Error
-1,31400000;Error
-1,31300000;Error
-1,31200000;Error
-1,31100000;Error
-1,31000000;Error
-1,30900000;Error
-1,30800000;Error
-1,30700000;Error
-1,30600000;Error
-1,30500000;Error
-1,30400000;Error
-1,30300000;Error
-1,30200000;Error
-1,30100000;Error
-1,30000000;Error
-1,29900000;Error
-1,29800000;Error
-1,29700000;Error
-1,29600000;Error
-1,29500000;Error
-1,29400000;Error
-1,29300000;Error
-1,29200000;Error
-1,29100000;Error
-1,29000000;Error
-1,28900000;Error
-1,28800000;Error
-1,28700000;Error
-1,28600000;Error
-1,28500000;Error
-1,28400000;Error
-1,28300000;Error
-1,28200000;Error
-1,28100000;Error
-1,28000000;Error
-1,27900000;Error
-1,27800000;Error
-1,27700000;Error
-1,27600000;Error
-1,27500000;Error
-1,27400000;Error
-1,27300000;Error
-1,27200000;Error
-1,27100000;Error
-1,27000000;Error
-1,26900000;Error
-1,26800000;Error
-1,26700000;Error
-1,26600000;Error
-1,26500000;Error
-1,26400000;Error
-1,26300000;Error
-1,26200000;Error
-1,26100000;Error
-1,26000000;Error
-1,25900000;Error
-1,25800000;Error
-1,25700000;Error
-1,25600000;Error
-1,25500000;Error
-1,25400000;Error
-1,25300000;Error
-1,25200000;Error
-1,25100000;Error
-1,25000000;Error
-1,24900000;Error
-1,24800000;Error
-1,24700000;Error
-1,24600000;Error
-1,24500000;Error
-1,24400000;Error
-1,24300000;Error
-1,24200000;Error
-1,24100000;Error
-1,24000000;Error
-1,23900000;Error
-1,23800000;Error
-1,23700000;Error
-1,23600000;Error
-1,23500000;Error
-1,23400000;Error
-1,23300000;Error
-1,23200000;Error
-1,23100000;Error
-1,23000000;Error
-1,22900000;Error
-1,22800000;Error
-1,22700000;Error
-1,22600000;Error
-1,22500000;Error
-1,22400000;Error
-1,22300000;Error
-1,22200000;Error
-1,22100000;Error
-1,22000000;Error
-1,21900000;Error
-1,21800000;Error
-1,21700000;Error
-1,21600000;Error
-1,21500000;Error
-1,21400000;Error
-1,21300000;Error
-1,21200000;Error
-1,21100000;Error
-1,21000000;Error
-1,20900000;Error
-1,20800000;Error
-1,20700000;Error
-1,20600000;Error
-1,20500000;Error
-1,20400000;Error
-1,20300000;Error
-1,20200000;Error
-1,20100000;Error
-1,20000000;Error
-1,19900000;Error
-1,19800000;Error
-1,19700000;Error
-1,19600000;Error
-1,19500000;Error
-1,19400000;Error
-1,19300000;Error
-1,19200000;Error
-1,19100000;Error
-1,19000000;Error
-1,18900000;Error
-1,18800000;Error
-1,18700000;Error
-1,18600000;Error
-1,18500000;Error
-1,18400000;Error
-1,18300000;Error
-1,18200000;Error
-1,18100000;Error
-1,18000000;Error
-1,17900000;Error
-1,17800000;Error
-1,17700000;Error
-1,17600000;Error
-1,17500000;Error
-1,17400000;Error
-1,17300000;Error
-1,17200000;Error
-1,17100000;Error
-1,17000000;Error
-1,16900000;Error
-1,16800000;Error
-1,16700000;Error
-1,16600000;Error
-1,16500000;Error
-1,16400000;Error
-1,16300000;Error
-1,16200000;Error
-1,16100000;Error
-1,16000000;Error
-1,15900000;Error
-1,15800000;Error
-1,15700000;Error
-1,15600000;Error
-1,15500000;Error
-1,15400000;Error
-1,15300000;Error
-1,15200000;Error
-1,15100000;Error
-1,15000000;Error
-1,14900000;Error
-1,14800000;Error
-1,14700000;Error
-1,14600000;Error
-1,14500000;Error
-1,14400000;Error
-1,14300000;Error
-1,14200000;Error
-1,14100000;Error
-1,14000000;Error
-1,13900000;Error
-1,13800000;Error
-1,13700000;Error
-1,13600000;Error
-1,13500000;Error
-1,13400000;Error
-1,13300000;Error
-1,13200000;Error
-1,13100000;Error
-1,13000000;Error
-1,12900000;Error
-1,12800000;Error
-1,12700000;Error
-1,12600000;Error
-1,12500000;Error
-1,12400000;Error
-1,12300000;Error
-1,12200000;Error
-1,12100000;Error
-1,12000000;Error
-1,11900000;Error
-1,11800000;Error
-1,11700000;Error
-1,11600000;Error
-1,11500000;Error
-1,11400000;Error
-1,11300000;Error
-1,11200000;Error
-1,11100000;Error
-1,11000000;Error
-1,10900000;Error
-1,10800000;Error
-1,10700000;Error
-1,10600000;Error
-1,10500000;Error
-1,10400000;Error
-1,10300000;Error
-1,10200000;Error
-1,10100000;Error
-1,10000000;Error
-1,09900000;Error
-1,09800000;Error
-1,09700000;Error
-1,09600000;Error
-1,09500000;Error
-1,09400000;Error
-1,09300000;Error
-1,09200000;Error
-1,09100000;Error
-1,09000000;Error
-1,08900000;Error
-1,08800000;Error
-1,08700000;Error
-1,08600000;Error
-1,08500000;Error
-1,08400000;Error
-1,08300000;Error
-1,08200000;Error
-1,08100000;Error
-1,08000000;Error
-1,07900000;Error
-1,07800000;Error
-1,07700000;Error
-1,07600000;Error
-1,07500000;Error
-1,07400000;Error
-1,07300000;Error
-1,07200000;Error
-1,07100000;Error
-1,07000000;Error
-1,06900000;Error
-1,06800000;Error
-1,06700000;Error
-1,06600000;Error
-1,06500000;Error
-1,06400000;Error
-1,06300000;Error
-1,06200000;Error
-1,06100000;Error
-1,06000000;Error
-1,05900000;Error
-1,05800000;Error
-1,05700000;Error
-1,05600000;Error
-1,05500000;Error
-1,05400000;Error
-1,05300000;Error
-1,05200000;Error
-1,05100000;Error
-1,05000000;Error
-1,04900000;Error
-1,04800000;Error
-1,04700000;Error
-1,04600000;Error
-1,04500000;Error
-1,04400000;Error
-1,04300000;Error
-1,04200000;Error
-1,04100000;Error
-1,04000000;Error
-1,03900000;Error
-1,03800000;Error
-1,03700000;Error
-1,03600000;Error
-1,03500000;Error
-1,03400000;Error
-1,03300000;Error
-1,03200000;Error
-1,03100000;Error
-1,03000000;Error
-1,02900000;Error
-1,02800000;Error
-1,02700000;Error
-1,02600000;Error
-1,02500000;Error
-1,02400000;Error
-1,02300000;Error
-1,02200000;Error
-1,02100000;Error
-1,02000000;Error
-1,01900000;Error
-1,01800000;Error
-1,01700000;Error
-1,01600000;Error
-1,01500000;Error
-1,01400000;Error
-1,01300000;Error
-1,01200000;Error
-1,01100000;Error
-1,01000000;Error
-1,00900000;Error
-1,00800000;Error
-1,00700000;Error
-1,00600000;Error
-1,00500000;Error
-1,00400000;Error
-1,00300000;Error
-1,00200000;Error
-1,00100000;Error
-1,00000000;Error
-0,99900000;Error
-0,99800000;Error
-0,99700000;Error
-0,99600000;Error
-0,99500000;Error
-0,99400000;Error
-0,99300000;Error
-0,99200000;Error
-0,99100000;Error
-0,99000000;Error
-0,98900000;Error
-0,98800000;Error
-0,98700000;Error
-0,98600000;Error
-0,98500000;Error
-0,98400000;Error
-0,98300000;Error
-0,98200000;Error
-0,98100000;Error
-0,98000000;Error
-0,97900000;Error
-0,97800000;Error
-0,97700000;Error
-0,97600000;Error
-0,97500000;Error
-0,97400000;Error
-0,97300000;Error
-0,97200000;Error
-0,97100000;Error
-0,97000000;Error
-0,96900000;Error
-0,96800000;Error
-0,96700000;Error
-0,96600000;Error
-0,96500000;Error
-0,96400000;Error
-0,96300000;Error
-0,96200000;Error
-0,96100000;Error
-0,96000000;Error
-0,95900000;Error
-0,95800000;Error
-0,95700000;Error
-0,95600000;Error
-0,95500000;Error
-0,95400000;Error
-0,95300000;Error
-0,95200000;Error
-0,95100000;Error
-0,95000000;Error
-0,94900000;Error
-0,94800000;Error
-0,94700000;Error
-0,94600000;Error
-0,94500000;Error
-0,94400000;Error
-0,94300000;Error
-0,94200000;Error
-0,94100000;Error
-0,94000000;Error
-0,93900000;Error
-0,93800000;Error
-0,93700000;Error
-0,93600000;Error
-0,93500000;Error
-0,93400000;Error
-0,93300000;Error
-0,93200000;Error
-0,93100000;Error
-0,93000000;Error
-0,92900000;Error
-0,92800000;Error
-0,92700000;Error
-0,92600000;Error
-0,92500000;Error
-0,92400000;Error
-0,92300000;Error
-0,92200000;Error
-0,92100000;Error
-0,92000000;Error
-0,91900000;Error
-0,91800000;Error
-0,91700000;Error
-0,91600000;Error
-0,91500000;Error
-0,91400000;Error
-0,91300000;Error
-0,91200000;Error
-0,91100000;Error
-0,91000000;Error
-0,90900000;Error
-0,90800000;Error
-0,90700000;Error
-0,90600000;Error
-0,90500000;Error
-0,90400000;Error
-0,90300000;Error
-0,90200000;Error
-0,90100000;Error
-0,90000000;Error
-0,89900000;Error
-0,89800000;Error
-0,89700000;Error
-0,89600000;Error
-0,89500000;Error
-0,89400000;Error
-0,89300000;Error
-0,89200000;Error
-0,89100000;Error
-0,89000000;Error
-0,88900000;Error
-0,88800000;Error
-0,88700000;Error
-0,88600000;Error
-0,88500000;Error
-0,88400000;Error
-0,88300000;Error
-0,88200000;Error
-0,88100000;Error
-0,88000000;Error
-0,87900000;Error
-0,87800000;Error
-0,87700000;Error
-0,87600000;Error
-0,87500000;Error
-0,87400000;Error
-0,87300000;Error
-0,87200000;Error
-0,87100000;Error
-0,87000000;Error
-0,86900000;Error
-0,86800000;Error
-0,86700000;Error
-0,86600000;Error
-0,86500000;Error
-0,86400000;Error
-0,86300000;Error
-0,86200000;Error
-0,86100000;Error
-0,86000000;Error
-0,85900000;Error
-0,85800000;Error
-0,85700000;Error
-0,85600000;Error
-0,85500000;Error
-0,85400000;Error
-0,85300000;Error
-0,85200000;Error
-0,85100000;Error
-0,85000000;Error
-0,84900000;Error
-0,84800000;Error
-0,84700000;Error
-0,84600000;Error
-0,84500000;Error
-0,84400000;Error
-0,84300000;Error
-0,84200000;Error
-0,84100000;Error
-0,84000000;Error
-0,83900000;Error
-0,83800000;Error
-0,83700000;Error
-0,83600000;Error
-0,83500000;Error
-0,83400000;Error
-0,83300000;Error
-0,83200000;Error
-0,83100000;Error
-0,83000000;Error
-0,82900000;Error
-0,82800000;Error
-0,82700000;Error
-0,82600000;Error
-0,82500000;Error
-0,82400000;Error
-0,82300000;Error
-0,82200000;Error
-0,82100000;Error
-0,82000000;Error
-0,81900000;Error
-0,81800000;Error
-0,81700000;Error
-0,81600000;Error
-0,81500000;Error
-0,81400000;Error
-0,81300000;Error
-0,81200000;Error
-0,81100000;Error
-0,81000000;Error
-0,80900000;Error
-0,80800000;Error
-0,80700000;Error
-0,80600000;Error
-0,80500000;Error
-0,80400000;Error
-0,80300000;Error
-0,80200000;Error
-0,80100000;Error
-0,80000000;Error
-0,79900000;Error
-0,79800000;Error
-0,79700000;Error
-0,79600000;Error
-0,79500000;Error
-0,79400000;Error
-0,79300000;Error
-0,79200000;Error
-0,79100000;Error
-0,79000000;Error
-0,78900000;Error
-0,78800000;Error
-0,78700000;Error
-0,78600000;Error
-0,78500000;Error
-0,78400000;Error
-0,78300000;Error
-0,78200000;Error
-0,78100000;Error
-0,78000000;Error
-0,77900000;Error
-0,77800000;Error
-0,77700000;Error
-0,77600000;Error
-0,77500000;Error
-0,77400000;Error
-0,77300000;Error
-0,77200000;Error
-0,77100000;Error
-0,77000000;Error
-0,76900000;Error
-0,76800000;Error
-0,76700000;Error
-0,76600000;Error
-0,76500000;Error
-0,76400000;Error
-0,76300000;Error
-0,76200000;Error
-0,76100000;Error
-0,76000000;Error
-0,75900000;Error
-0,75800000;Error
-0,75700000;Error
-0,75600000;Error
-0,75500000;Error
-0,75400000;Error
-0,75300000;Error
-0,75200000;Error
-0,75100000;Error
-0,75000000;Error
-0,74900000;Error
-0,74800000;Error
-0,74700000;Error
-0,74600000;Error
-0,74500000;Error
-0,74400000;Error
-0,74300000;Error
-0,74200000;Error
-0,74100000;Error
-0,74000000;Error
-0,73900000;Error
-0,73800000;Error
-0,73700000;Error
-0,73600000;Error
-0,73500000;Error
-0,73400000;Error
-0,73300000;Error
-0,73200000;Error
-0,73100000;Error
-0,73000000;Error
-0,72900000;Error
-0,72800000;Error
-0,72700000;Error
-0,72600000;Error
-0,72500000;Error
-0,72400000;Error
-0,72300000;Error
-0,72200000;Error
-0,72100000;Error
-0,72000000;Error
-0,71900000;Error
-0,71800000;Error
-0,71700000;Error
-0,71600000;Error
-0,71500000;Error
-0,71400000;Error
-0,71300000;Error
-0,71200000;Error
-0,71100000;Error
-0,71000000;Error
-0,70900000;Error
-0,70800000;Error
-0,70700000;Error
-0,70600000;Error
-0,70500000;Error
-0,70400000;Error
-0,70300000;Error
-0,70200000;Error
-0,70100000;Error
-0,70000000;Error
-0,69900000;Error
-0,69800000;Error
-0,69700000;Error
-0,69600000;Error
-0,69500000;Error
-0,69400000;Error
-0,69300000;Error
-0,69200000;Error
-0,69100000;Error
-0,69000000;Error
-0,68900000;Error
-0,68800000;Error
-0,68700000;Error
-0,68600000;Error
-0,68500000;Error
-0,68400000;Error
-0,68300000;Error
-0,68200000;Error
-0,68100000;Error
-0,68000000;Error
-0,67900000;Error
-0,67800000;Error
-0,67700000;Error
-0,67600000;Error
-0,67500000;Error
-0,67400000;Error
-0,67300000;Error
-0,67200000;Error
-0,67100000;Error
-0,67000000;Error
-0,66900000;Error
-0,66800000;Error
-0,66700000;Error
-0,66600000;Error
-0,66500000;Error
-0,66400000;Error
-0,66300000;Error
-0,66200000;Error
-0,66100000;Error
-0,66000000;Error
-0,65900000;Error
-0,65800000;Error
-0,65700000;Error
-0,65600000;Error
-0,65500000;Error
-0,65400000;Error
-0,65300000;Error
-0,65200000;Error
-0,65100000;Error
-0,65000000;Error
-0,64900000;Error
-0,64800000;Error
-0,64700000;Error
-0,64600000;Error
-0,64500000;Error
-0,64400000;Error
-0,64300000;Error
-0,64200000;Error
-0,64100000;Error
-0,64000000;Error
-0,63900000;Error
-0,63800000;Error
-0,63700000;Error
-0,63600000;Error
-0,63500000;Error
-0,63400000;Error
-0,63300000;Error
-0,63200000;Error
-0,63100000;Error
-0,63000000;Error
-0,62900000;Error
-0,62800000;Error
-0,62700000;Error
-0,62600000;Error
-0,62500000;Error
-0,62400000;Error
-0,62300000;Error
-0,62200000;Error
-0,62100000;Error
-0,62000000;Error
-0,61900000;Error
-0,61800000;Error
-0,61700000;Error
-0,61600000;Error
-0,61500000;Error
-0,61400000;Error
-0,61300000;Error
-0,61200000;Error
-0,61100000;Error
-0,61000000;Error
-0,60900000;Error
-0,60800000;Error
-0,60700000;Error
-0,60600000;Error
-0,60500000;Error
-0,60400000;Error
-0,60300000;Error
-0,60200000;Error
-0,60100000;Error
-0,60000000;Error
-0,59900000;Error
-0,59800000;Error
-0,59700000;Error
-0,59600000;Error
-0,59500000;Error
-0,59400000;Error
-0,59300000;Error
-0,59200000;Error
-0,59100000;Error
-0,59000000;Error
-0,58900000;Error
-0,58800000;Error
-0,58700000;Error
-0,58600000;Error
-0,58500000;Error
-0,58400000;Error
-0,58300000;Error
-0,58200000;Error
-0,58100000;Error
-0,58000000;Error
-0,57900000;Error
-0,57800000;Error
-0,57700000;Error
-0,57600000;Error
-0,57500000;Error
-0,57400000;Error
-0,57300000;Error
-0,57200000;Error
-0,57100000;Error
-0,57000000;Error
-0,56900000;Error
-0,56800000;Error
-0,56700000;Error
-0,56600000;Error
-0,56500000;Error
-0,56400000;Error
-0,56300000;Error
-0,56200000;Error
-0,56100000;Error
-0,56000000;Error
-0,55900000;Error
-0,55800000;Error
-0,55700000;Error
-0,55600000;Error
-0,55500000;Error
-0,55400000;Error
-0,55300000;Error
-0,55200000;Error
-0,55100000;Error
-0,55000000;Error
-0,54900000;Error
-0,54800000;Error
-0,54700000;Error
-0,54600000;Error
-0,54500000;Error
-0,54400000;Error
-0,54300000;Error
-0,54200000;Error
-0,54100000;Error
-0,54000000;Error
-0,53900000;Error
-0,53800000;Error
-0,53700000;Error
-0,53600000;Error
-0,53500000;Error
-0,53400000;Error
-0,53300000;Error
-0,53200000;Error
-0,53100000;Error
-0,53000000;Error
-0,52900000;Error
-0,52800000;Error
-0,52700000;Error
-0,52600000;Error
-0,52500000;Error
-0,52400000;Error
-0,52300000;Error
-0,52200000;Error
-0,52100000;Error
-0,52000000;Error
-0,51900000;Error
-0,51800000;Error
-0,51700000;Error
-0,51600000;Error
-0,51500000;Error
-0,51400000;Error
-0,51300000;Error
-0,51200000;Error
-0,51100000;Error
-0,51000000;Error
-0,50900000;Error
-0,50800000;Error
-0,50700000;Error
-0,50600000;Error
-0,50500000;Error
-0,50400000;Error
-0,50300000;Error
-0,50200000;Error
-0,50100000;Error
-0,50000000;Error
-0,49900000;Error
-0,49800000;Error
-0,49700000;Error
-0,49600000;Error
-0,49500000;Error
-0,49400000;Error
-0,49300000;Error
-0,49200000;Error
-0,49100000;Error
-0,49000000;Error
-0,48900000;Error
-0,48800000;Error
-0,48700000;Error
-0,48600000;Error
-0,48500000;Error
-0,48400000;Error
-0,48300000;Error
-0,48200000;Error
-0,48100000;Error
-0,48000000;Error
-0,47900000;Error
-0,47800000;Error
-0,47700000;Error
-0,47600000;Error
-0,47500000;Error
-0,47400000;Error
-0,47300000;Error
-0,47200000;Error
-0,47100000;Error
-0,47000000;Error
-0,46900000;Error
-0,46800000;Error
-0,46700000;Error
-0,46600000;Error
-0,46500000;Error
-0,46400000;Error
-0,46300000;Error
-0,46200000;Error
-0,46100000;Error
-0,46000000;Error
-0,45900000;Error
-0,45800000;Error
-0,45700000;Error
-0,45600000;Error
-0,45500000;Error
-0,45400000;Error
-0,45300000;Error
-0,45200000;Error
-0,45100000;Error
-0,45000000;Error
-0,44900000;Error
-0,44800000;Error
-0,44700000;Error
-0,44600000;Error
-0,44500000;Error
-0,44400000;Error
-0,44300000;Error
-0,44200000;Error
-0,44100000;Error
-0,44000000;Error
-0,43900000;Error
-0,43800000;Error
-0,43700000;Error
-0,43600000;Error
-0,43500000;Error
-0,43400000;Error
-0,43300000;Error
-0,43200000;Error
-0,43100000;Error
-0,43000000;Error
-0,42900000;Error
-0,42800000;Error
-0,42700000;Error
-0,42600000;Error
-0,42500000;Error
-0,42400000;Error
-0,42300000;Error
-0,42200000;Error
-0,42100000;Error
-0,42000000;Error
-0,41900000;Error
-0,41800000;Error
-0,41700000;Error
-0,41600000;Error
-0,41500000;Error
-0,41400000;Error
-0,41300000;Error
-0,41200000;Error
-0,41100000;Error
-0,41000000;Error
-0,40900000;Error
-0,40800000;Error
-0,40700000;Error
-0,40600000;Error
-0,40500000;Error
-0,40400000;Error
-0,40300000;Error
-0,40200000;Error
-0,40100000;Error
-0,40000000;Error
-0,39900000;Error
-0,39800000;Error
-0,39700000;Error
-0,39600000;Error
-0,39500000;Error
-0,39400000;Error
-0,39300000;Error
-0,39200000;Error
-0,39100000;Error
-0,39000000;Error
-0,38900000;Error
-0,38800000;Error
-0,38700000;Error
-0,38600000;Error
-0,38500000;Error
-0,38400000;Error
-0,38300000;Error
-0,38200000;Error
-0,38100000;Error
-0,38000000;Error
-0,37900000;Error
-0,37800000;Error
-0,37700000;Error
-0,37600000;Error
-0,37500000;Error
-0,37400000;Error
-0,37300000;Error
-0,37200000;Error
-0,37100000;Error
-0,37000000;Error
-0,36900000;Error
-0,36800000;Error
-0,36700000;Error
-0,36600000;Error
-0,36500000;Error
-0,36400000;Error
-0,36300000;Error
-0,36200000;Error
-0,36100000;Error
-0,36000000;Error
-0,35900000;Error
-0,35800000;Error
-0,35700000;Error
-0,35600000;Error
-0,35500000;Error
-0,35400000;Error
-0,35300000;Error
-0,35200000;Error
-0,35100000;Error
-0,35000000;Error
-0,34900000;Error
-0,34800000;Error
-0,34700000;Error
-0,34600000;Error
-0,34500000;Error
-0,34400000;Error
-0,34300000;Error
-0,34200000;Error
-0,34100000;Error
-0,34000000;Error
-0,33900000;Error
-0,33800000;Error
-0,33700000;Error
-0,33600000;Error
-0,33500000;Error
-0,33400000;Error
-0,33300000;Error
-0,33200000;Error
-0,33100000;Error
-0,33000000;Error
-0,32900000;Error
-0,32800000;Error
-0,32700000;Error
-0,32600000;Error
-0,32500000;Error
-0,32400000;Error
-0,32300000;Error
-0,32200000;Error
-0,32100000;Error
-0,32000000;Error
-0,31900000;Error
-0,31800000;Error
-0,31700000;Error
-0,31600000;Error
-0,31500000;Error
-0,31400000;Error
-0,31300000;Error
-0,31200000;Error
-0,31100000;Error
-0,31000000;Error
-0,30900000;Error
-0,30800000;Error
-0,30700000;Error
-0,30600000;Error
-0,30500000;Error
-0,30400000;Error
-0,30300000;Error
-0,30200000;Error
-0,30100000;Error
-0,30000000;Error
-0,29900000;Error
-0,29800000;Error
-0,29700000;Error
-0,29600000;Error
-0,29500000;Error
-0,29400000;Error
-0,29300000;Error
-0,29200000;Error
-0,29100000;Error
-0,29000000;Error
-0,28900000;Error
-0,28800000;Error
-0,28700000;Error
-0,28600000;Error
-0,28500000;Error
-0,28400000;Error
-0,28300000;Error
-0,28200000;Error
-0,28100000;Error
-0,28000000;Error
-0,27900000;Error
-0,27800000;Error
-0,27700000;Error
-0,27600000;Error
-0,27500000;Error
-0,27400000;Error
-0,27300000;Error
-0,27200000;Error
-0,27100000;Error
-0,27000000;Error
-0,26900000;Error
-0,26800000;Error
-0,26700000;Error
-0,26600000;Error
-0,26500000;Error
-0,26400000;Error
-0,26300000;Error
-0,26200000;Error
-0,26100000;Error
-0,26000000;Error
-0,25900000;Error
-0,25800000;Error
-0,25700000;Error
-0,25600000;Error
-0,25500000;Error
-0,25400000;Error
-0,25300000;Error
-0,25200000;Error
-0,25100000;Error
-0,25000000;Error
-0,24900000;Error
-0,24800000;Error
-0,24700000;Error
-0,24600000;Error
-0,24500000;Error
-0,24400000;Error
-0,24300000;Error
-0,24200000;Error
-0,24100000;Error
-0,24000000;Error
-0,23900000;Error
-0,23800000;Error
-0,23700000;Error
-0,23600000;Error
-0,23500000;Error
-0,23400000;Error
-0,23300000;Error
-0,23200000;Error
-0,23100000;Error
-0,23000000;Error
-0,22900000;Error
-0,22800000;Error
-0,22700000;Error
-0,22600000;Error
-0,22500000;Error
-0,22400000;Error
-0,22300000;Error
-0,22200000;Error
-0,22100000;Error
-0,22000000;Error
-0,21900000;Error
-0,21800000;Error
-0,21700000;Error
-0,21600000;Error
-0,21500000;Error
-0,21400000;Error
-0,21300000;Error
-0,21200000;Error
-0,21100000;Error
-0,21000000;Error
-0,20900000;Error
-0,20800000;Error
-0,20700000;Error
-0,20600000;Error
-0,20500000;Error
-0,20400000;Error
-0,20300000;Error
-0,20200000;Error
-0,20100000;Error
-0,20000000;Error
-0,19900000;Error
-0,19800000;Error
-0,19700000;Error
-0,19600000;Error
-0,19500000;Error
-0,19400000;Error
-0,19300000;Error
-0,19200000;Error
-0,19100000;Error
-0,19000000;Error
-0,18900000;Error
-0,18800000;Error
-0,18700000;Error
-0,18600000;Error
-0,18500000;Error
-0,18400000;Error
-0,18300000;Error
-0,18200000;Error
-0,18100000;Error
-0,18000000;Error
-0,17900000;Error
-0,17800000;Error
-0,17700000;Error
-0,17600000;Error
-0,17500000;Error
-0,17400000;Error
-0,17300000;Error
-0,17200000;Error
-0,17100000;Error
-0,17000000;Error
-0,16900000;Error
-0,16800000;Error
-0,16700000;Error
-0,16600000;Error
-0,16500000;Error
-0,16400000;Error
-0,16300000;Error
-0,16200000;Error
-0,16100000;Error
-0,16000000;Error
-0,15900000;Error
-0,15800000;Error
-0,15700000;Error
-0,15600000;Error
-0,15500000;Error
-0,15400000;Error
-0,15300000;Error
-0,15200000;Error
-0,15100000;Error
-0,15000000;Error
-0,14900000;Error
-0,14800000;Error
-0,14700000;Error
-0,14600000;Error
-0,14500000;Error
-0,14400000;Error
-0,14300000;Error
-0,14200000;Error
-0,14100000;Error
-0,14000000;Error
-0,13900000;Error
-0,13800000;Error
-0,13700000;Error
-0,13600000;Error
-0,13500000;Error
-0,13400000;Error
-0,13300000;Error
-0,13200000;Error
-0,13100000;Error
-0,13000000;Error
-0,12900000;Error
-0,12800000;Error
-0,12700000;Error
-0,12600000;Error
-0,12500000;Error
-0,12400000;Error
-0,12300000;Error
-0,12200000;Error
-0,12100000;Error
-0,12000000;Error
-0,11900000;Error
-0,11800000;Error
-0,11700000;Error
-0,11600000;Error
-0,11500000;Error
-0,11400000;Error
-0,11300000;Error
-0,11200000;Error
-0,11100000;Error
-0,11000000;Error
-0,10900000;Error
-0,10800000;Error
-0,10700000;Error
-0,10600000;Error
-0,10500000;Error
-0,10400000;Error
-0,10300000;Error
-0,10200000;Error
-0,10100000;Error
-0,10000000;Error
-0,09900000;Error
-0,09800000;Error
-0,09700000;Error
-0,09600000;Error
-0,09500000;Error
-0,09400000;Error
-0,09300000;Error
-0,09200000;Error
-0,09100000;Error
-0,09000000;Error
-0,08900000;Error
-0,08800000;Error
-0,08700000;Error
-0,08600000;Error
-0,08500000;Error
-0,08400000;Error
-0,08300000;Error
-0,08200000;Error
-0,08100000;Error
-0,08000000;Error
-0,07900000;Error
-0,07800000;Error
-0,07700000;Error
-0,07600000;Error
-0,07500000;Error
-0,07400000;Error
-0,07300000;Error
-0,07200000;Error
-0,07100000;Error
-0,07000000;Error
-0,06900000;Error
-0,06800000;Error
-0,06700000;Error
-0,06600000;Error
-0,06500000;Error
-0,06400000;Error
-0,06300000;Error
-0,06200000;Error
-0,06100000;Error
-0,06000000;Error
-0,05900000;Error
-0,05800000;Error
-0,05700000;Error
-0,05600000;Error
-0,05500000;Error
-0,05400000;Error
-0,05300000;Error
-0,05200000;Error
-0,05100000;Error
-0,05000000;Error
-0,04900000;Error
-0,04800000;Error
-0,04700000;Error
-0,04600000;Error
-0,04500000;Error
-0,04400000;Error
-0,04300000;Error
-0,04200000;Error
-0,04100000;Error
-0,04000000;Error
-0,03900000;Error
-0,03800000;Error
-0,03700000;Error
-0,03600000;Error
-0,03500000;Error
-0,03400000;Error
-0,03300000;Error
-0,03200000;Error
-0,03100000;Error
-0,03000000;Error
-0,02900000;Error
-0,02800000;Error
-0,02700000;Error
-0,02600000;Error
-0,02500000;Error
-0,02400000;Error
-0,02300000;Error
-0,02200000;Error
-0,02100000;Error
-0,02000000;Error
-0,01900000;Error
-0,01800000;Error
-0,01700000;Error
-0,01600000;Error
-0,01500000;Error
-0,01400000;Error
-0,01300000;Error
-0,01200000;Error
-0,01100000;Error
-0,01000000;Error
-0,00900000;Error
-0,00800000;Error
-0,00700000;Error
-0,00600000;Error
-0,00500000;Error
-0,00400000;Error
-0,00300000;Error
-0,00200000;Error
-0,00100000;Error
-0,00000000;Error
0,00100000;-3,00000051
0,00200000;-2,69897042
0,00300000;-2,52287911
0,00400000;-2,39794034
0,00500000;-2,30103030
0,00600000;-2,22184903
0,00700000;-2,15490222
0,00800000;-2,09691025
0,00900000;-2,04575772
0,01000000;-2,00000021
0,01100000;-1,95860751
0,01200000;-1,92081895
0,01300000;-1,88605682
0,01400000;-1,85387214
0,01500000;-1,82390890
0,01600000;-1,79588016
0,01700000;-1,76955123
0,01800000;-1,74472765
0,01900000;-1,72124653
0,02000000;-1,69897014
0,02100000;-1,67778083
0,02200000;-1,65757744
0,02300000;-1,63827227
0,02400000;-1,61978886
0,02500000;-1,60206008
0,02600000;-1,58502675
0,02700000;-1,56863634
0,02800000;-1,55284206
0,02900000;-1,53760211
0,03000000;-1,52287881
0,03100000;-1,50863837
0,03200000;-1,49485008
0,03300000;-1,48148615
0,03400000;-1,46852114
0,03500000;-1,45593204
0,03600000;-1,44369753
0,03700000;-1,43179832
0,03800000;-1,42021644
0,03900000;-1,40893542
0,04000000;-1,39794009
0,04100000;-1,38721620
0,04200000;-1,37675074
0,04300000;-1,36653162
0,04400000;-1,35654736
0,04500000;-1,34678755
0,04600000;-1,33724219
0,04700000;-1,32790218
0,04800000;-1,31875882
0,04900000;-1,30980391
0,05000000;-1,30103000
0,05100000;-1,29242984
0,05200000;-1,28399667
0,05300000;-1,27572415
0,05400000;-1,26760625
0,05500000;-1,25963732
0,05600000;-1,25181197
0,05700000;-1,24412513
0,05800000;-1,23657198
0,05900000;-1,22914804
0,06000000;-1,22184878
0,06100000;-1,21467017
0,06200000;-1,20760829
0,06300000;-1,20065950
0,06400000;-1,19382005
0,06500000;-1,18708663
0,06600000;-1,18045612
0,06700000;-1,17392521
0,06800000;-1,16749106
0,06900000;-1,16115095
0,07000000;-1,15490196
0,07100000;-1,14874160
0,07200000;-1,14266751
0,07300000;-1,13667709
0,07400000;-1,13076829
0,07500000;-1,12493869
0,07600000;-1,11918642
0,07700000;-1,11350923
0,07800000;-1,10790540
0,07900000;-1,10237285
0,08000000;-1,09691001
0,08100000;-1,09151502
0,08200000;-1,08618613
0,08300000;-1,08092193
0,08400000;-1,07572067
0,08500000;-1,07058108
0,08600000;-1,06550147
0,08700000;-1,06048072
0,08800000;-1,05551735
0,08900000;-1,05060993
0,09000000;-1,04575747
0,09100000;-1,04095863
0,09200000;-1,03621211
0,09300000;-1,03151704
0,09400000;-1,02687217
0,09500000;-1,02227633
0,09600000;-1,01772874
0,09700000;-1,01322828
0,09800000;-1,00877384
0,09900000;-1,00436477
0,10000000;-1,00000000
0,10100000;-0,99567866
0,10200000;-0,99139976
0,10300000;-0,98716275
0,10400000;-0,98296667
0,10500000;-0,97881060
0,10600000;-0,97469408
0,10700000;-0,97061620
0,10800000;-0,96657626
0,10900000;-0,96257339
0,11000000;-0,95860725
0,11100000;-0,95467699
0,11200000;-0,95078198
0,11300000;-0,94692159
0,11400000;-0,94309506
0,11500000;-0,93930211
0,11600000;-0,93554200
0,11700000;-0,93181415
0,11800000;-0,92811788
0,11900000;-0,92445296
0,12000000;-0,92081871
0,12100000;-0,91721462
0,12200000;-0,91364018
0,12300000;-0,91009476
0,12400000;-0,90657823
0,12500000;-0,90308993
0,12600000;-0,89962943
0,12700000;-0,89619628
0,12800000;-0,89279006
0,12900000;-0,88941018
0,13000000;-0,88605657
0,13100000;-0,88272866
0,13200000;-0,87942605
0,13300000;-0,87614836
0,13400000;-0,87289523
0,13500000;-0,86966611
0,13600000;-0,86646100
0,13700000;-0,86327937
0,13800000;-0,86012088
0,13900000;-0,85698519
0,14000000;-0,85387198
0,14100000;-0,85078074
0,14200000;-0,84771154
0,14300000;-0,84466388
0,14400000;-0,84163745
0,14500000;-0,83863197
0,14600000;-0,83564714
0,14700000;-0,83268268
0,14800000;-0,82973832
0,14900000;-0,82681360
0,15000000;-0,82390864
0,15100000;-0,82102298
0,15200000;-0,81815636
0,15300000;-0,81530854
0,15400000;-0,81247927
0,15500000;-0,80966832
0,15600000;-0,80687543
0,15700000;-0,80410020
0,15800000;-0,80134280
0,15900000;-0,79860279
0,16000000;-0,79587995
0,16100000;-0,79317408
0,16200000;-0,79048496
0,16300000;-0,78781239
0,16400000;-0,78515617
0,16500000;-0,78251609
0,16600000;-0,77989176
0,16700000;-0,77728340
0,16800000;-0,77469062
0,16900000;-0,77211322
0,17000000;-0,76955102
0,17100000;-0,76700386
0,17200000;-0,76447154
0,17300000;-0,76195390
0,17400000;-0,75945077
0,17500000;-0,75696198
0,17600000;-0,75448717
0,17700000;-0,75202660
0,17800000;-0,74957988
0,17900000;-0,74714688
0,18000000;-0,74472743
0,18100000;-0,74232138
0,18200000;-0,73992858
0,18300000;-0,73754890
0,18400000;-0,73518218
0,18500000;-0,73282829
0,18600000;-0,73048709
0,18700000;-0,72815821
0,18800000;-0,72584199
0,18900000;-0,72353806
0,19000000;-0,72124629
0,19100000;-0,71896654
0,19200000;-0,71669870
0,19300000;-0,71444264
0,19400000;-0,71219823
0,19500000;-0,70996537
0,19600000;-0,70774392
0,19700000;-0,70553378
0,19800000;-0,70333483
0,19900000;-0,70114696
0,20000000;-0,69896981
0,20100000;-0,69680378
0,20200000;-0,69464849
0,20300000;-0,69250384
0,20400000;-0,69036973
0,20500000;-0,68824605
0,20600000;-0,68613271
0,20700000;-0,68402960
0,20800000;-0,68193663
0,20900000;-0,67985369
0,21000000;-0,67778070
0,21100000;-0,67571755
0,21200000;-0,67366416
0,21300000;-0,67162042
0,21400000;-0,66958626
0,21500000;-0,66756134
0,21600000;-0,66554607
0,21700000;-0,66354011
0,21800000;-0,66154337
0,21900000;-0,65955577
0,22000000;-0,65757722
0,22100000;-0,65560765
0,22200000;-0,65364696
0,22300000;-0,65169509
0,22400000;-0,64975194
0,22500000;-0,64781746
0,22600000;-0,64589155
0,22700000;-0,64397414
0,22800000;-0,64206516
0,22900000;-0,64016454
0,23000000;-0,63827219
0,23100000;-0,63638806
0,23200000;-0,63451181
0,23300000;-0,63264389
0,23400000;-0,63078397
0,23500000;-0,62893199
0,23600000;-0,62708786
0,23700000;-0,62525154
0,23800000;-0,62342294
0,23900000;-0,62160201
0,24000000;-0,61978869
0,24100000;-0,61798290
0,24200000;-0,61618459
0,24300000;-0,61439369
0,24400000;-0,61261015
0,24500000;-0,61083390
0,24600000;-0,60906489
0,24700000;-0,60730306
0,24800000;-0,60554834
0,24900000;-0,60380068
0,25000000;-0,60206002
0,25100000;-0,60032632
0,25200000;-0,59859924
0,25300000;-0,59687928
0,25400000;-0,59516610
0,25500000;-0,59345965
0,25600000;-0,59175989
0,25700000;-0,59006674
0,25800000;-0,58838018
0,25900000;-0,58670013
0,26000000;-0,58502656
0,26100000;-0,58335941
0,26200000;-0,58169864
0,26300000;-0,58004420
0,26400000;-0,57839603
0,26500000;-0,57675409
0,26600000;-0,57511834
0,26700000;-0,57348873
0,26800000;-0,57186520
0,26900000;-0,57024772
0,27000000;-0,56863625
0,27100000;-0,56703073
0,27200000;-0,56543112
0,27300000;-0,56383739
0,27400000;-0,56224948
0,27500000;-0,56066706
0,27600000;-0,55909069
0,27700000;-0,55752002
0,27800000;-0,55595501
0,27900000;-0,55439562
0,28000000;-0,55284181
0,28100000;-0,55129353
0,28200000;-0,54975076
0,28300000;-0,54821344
0,28400000;-0,54668155
0,28500000;-0,54515504
0,28600000;-0,54363388
0,28700000;-0,54211803
0,28800000;-0,54060745
0,28900000;-0,53910211
0,29000000;-0,53760196
0,29100000;-0,53610698
0,29200000;-0,53461712
0,29300000;-0,53313236
0,29400000;-0,53165266
0,29500000;-0,53017798
0,29600000;-0,52870829
0,29700000;-0,52724356
0,29800000;-0,52578375
0,29900000;-0,52432884
0,30000000;-0,52287878
0,30100000;-0,52143354
0,30200000;-0,51999310
0,30300000;-0,51855742
0,30400000;-0,51712617
0,30500000;-0,51569993
0,30600000;-0,51427836
0,30700000;-0,51286142
0,30800000;-0,51144910
0,30900000;-0,51004135
0,31000000;-0,50863815
0,31100000;-0,50723946
0,31200000;-0,50584527
0,31300000;-0,50445554
0,31400000;-0,50307024
0,31500000;-0,50168935
0,31600000;-0,50031283
0,31700000;-0,49894066
0,31800000;-0,49757281
0,31900000;-0,49620926
0,32000000;-0,49484997
0,32100000;-0,49349492
0,32200000;-0,49214409
0,32300000;-0,49079745
0,32400000;-0,48945497
0,32500000;-0,48811662
0,32600000;-0,48678239
0,32700000;-0,48545225
0,32800000;-0,48412616
0,32900000;-0,48280411
0,33000000;-0,48148608
0,33100000;-0,48017203
0,33200000;-0,47886194
0,33300000;-0,47755580
0,33400000;-0,47625357
0,33500000;-0,47495523
0,33600000;-0,47366077
0,33700000;-0,47237015
0,33800000;-0,47108302
0,33900000;-0,46980004
0,34000000;-0,46852084
0,34100000;-0,46724539
0,34200000;-0,46597368
0,34300000;-0,46470568
0,34400000;-0,46344137
0,34500000;-0,46218073
0,34600000;-0,46092374
0,34700000;-0,45967037
0,34800000;-0,45842061
0,34900000;-0,45717444
0,35000000;-0,45593183
0,35100000;-0,45469277
0,35200000;-0,45345723
0,35300000;-0,45222520
0,35400000;-0,45099665
0,35500000;-0,44977157
0,35600000;-0,44854993
0,35700000;-0,44733172
0,35800000;-0,44611692
0,35900000;-0,44490551
0,36000000;-0,44369746
0,36100000;-0,44249277
0,36200000;-0,44129140
0,36300000;-0,44009335
0,36400000;-0,43889860
0,36500000;-0,43770713
0,36600000;-0,43651891
0,36700000;-0,43533394
0,36800000;-0,43415219
0,36900000;-0,43297364
0,37000000;-0,43179829
0,37100000;-0,43062611
0,37200000;-0,42945708
0,37300000;-0,42829119
0,37400000;-0,42712843
0,37500000;-0,42596877
0,37600000;-0,42481219
0,37700000;-0,42365869
0,37800000;-0,42250824
0,37900000;-0,42136084
0,38000000;-0,42021645
0,38100000;-0,41907473
0,38200000;-0,41793636
0,38300000;-0,41680096
0,38400000;-0,41566853
0,38500000;-0,41453903
0,38600000;-0,41341247
0,38700000;-0,41228882
0,38800000;-0,41116807
0,38900000;-0,41005021
0,39000000;-0,40893522
0,39100000;-0,40782308
0,39200000;-0,40671378
0,39300000;-0,40560730
0,39400000;-0,40450364
0,39500000;-0,40340278
0,39600000;-0,40230469
0,39700000;-0,40120938
0,39800000;-0,40011682
0,39900000;-0,39902701
0,40000000;-0,39793992
0,40100000;-0,39685555
0,40200000;-0,39577387
0,40300000;-0,39469489
0,40400000;-0,39361857
0,40500000;-0,39254492
0,40600000;-0,39147392
0,40700000;-0,39040555
0,40800000;-0,38933980
0,40900000;-0,38827666
0,41000000;-0,38721612
0,41100000;-0,38615816
0,41200000;-0,38510277
0,41300000;-0,38404993
0,41400000;-0,38299965
0,41500000;-0,38195190
0,41600000;-0,38090667
0,41700000;-0,37986395
0,41800000;-0,37882373
0,41900000;-0,37778599
0,42000000;-0,37675072
0,42100000;-0,37571792
0,42200000;-0,37468757
0,42300000;-0,37365966
0,42400000;-0,37263417
0,42500000;-0,37161110
0,42600000;-0,37059043
0,42700000;-0,36957216
0,42800000;-0,36855627
0,42900000;-0,36754275
0,43000000;-0,36653159
0,43100000;-0,36552277
0,43200000;-0,36451630
0,43300000;-0,36351215
0,43400000;-0,36251032
0,43500000;-0,36151043
0,43600000;-0,36051321
0,43700000;-0,35951828
0,43800000;-0,35852562
0,43900000;-0,35753522
0,44000000;-0,35654707
0,44100000;-0,35556117
0,44200000;-0,35457750
0,44300000;-0,35359606
0,44400000;-0,35261682
0,44500000;-0,35163979
0,44600000;-0,35066495
0,44700000;-0,34969230
0,44800000;-0,34872182
0,44900000;-0,34775350
0,45000000;-0,34678733
0,45100000;-0,34582331
0,45200000;-0,34486143
0,45300000;-0,34390167
0,45400000;-0,34294403
0,45500000;-0,34198849
0,45600000;-0,34103505
0,45700000;-0,34008370
0,45800000;-0,33913443
0,45900000;-0,33818723
0,46000000;-0,33724209
0,46100000;-0,33629900
0,46200000;-0,33535795
0,46300000;-0,33441894
0,46400000;-0,33348196
0,46500000;-0,33254699
0,46600000;-0,33161403
0,46700000;-0,33068307
0,46800000;-0,32975411
0,46900000;-0,32882712
0,47000000;-0,32790211
0,47100000;-0,32697907
0,47200000;-0,32605798
0,47300000;-0,32513884
0,47400000;-0,32422164
0,47500000;-0,32330638
0,47600000;-0,32239304
0,47700000;-0,32148161
0,47800000;-0,32057210
0,47900000;-0,31966449
0,48000000;-0,31875877
0,48100000;-0,31785493
0,48200000;-0,31695297
0,48300000;-0,31605288
0,48400000;-0,31515465
0,48500000;-0,31425828
0,48600000;-0,31336375
0,48700000;-0,31247106
0,48800000;-0,31158020
0,48900000;-0,31069117
0,49000000;-0,30980395
0,49100000;-0,30891854
0,49200000;-0,30803493
0,49300000;-0,30715311
0,49400000;-0,30627309
0,49500000;-0,30539484
0,49600000;-0,30451836
0,49700000;-0,30364365
0,49800000;-0,30277070
0,49900000;-0,30189950
0,50000000;-0,30103004
0,50100000;-0,30016232
0,50200000;-0,29929633
0,50300000;-0,29843206
0,50400000;-0,29756951
0,50500000;-0,29670829
0,50600000;-0,29584916
0,50700000;-0,29499173
0,50800000;-0,29413599
0,50900000;-0,29328193
0,51000000;-0,29242955
0,51100000;-0,29157883
0,51200000;-0,29072978
0,51300000;-0,28988239
0,51400000;-0,28903665
0,51500000;-0,28819255
0,51600000;-0,28735008
0,51700000;-0,28650925
0,51800000;-0,28567004
0,51900000;-0,28483245
0,52000000;-0,28399647
0,52100000;-0,28316210
0,52200000;-0,28232933
0,52300000;-0,28149815
0,52400000;-0,28066856
0,52500000;-0,27984055
0,52600000;-0,27901412
0,52700000;-0,27818925
0,52800000;-0,27736595
0,52900000;-0,27654421
0,53000000;-0,27572402
0,53100000;-0,27490537
0,53200000;-0,27408827
0,53300000;-0,27327269
0,53400000;-0,27245865
0,53500000;-0,27164613
0,53600000;-0,27083513
0,53700000;-0,27002564
0,53800000;-0,26921765
0,53900000;-0,26841117
0,54000000;-0,26760618
0,54100000;-0,26680268
0,54200000;-0,26600066
0,54300000;-0,26520012
0,54400000;-0,26440105
0,54500000;-0,26360345
0,54600000;-0,26280732
0,54700000;-0,26201264
0,54800000;-0,26121941
0,54900000;-0,26042763
0,55000000;-0,25963728
0,55100000;-0,25884838
0,55200000;-0,25806090
0,55300000;-0,25727485
0,55400000;-0,25649022
0,55500000;-0,25570700
0,55600000;-0,25492520
0,55700000;-0,25414480
0,55800000;-0,25336580
0,55900000;-0,25258819
0,56000000;-0,25181197
0,56100000;-0,25103714
0,56200000;-0,25026369
0,56300000;-0,24949161
0,56400000;-0,24872090
0,56500000;-0,24795156
0,56600000;-0,24718358
0,56700000;-0,24641696
0,56800000;-0,24565168
0,56900000;-0,24488775
0,57000000;-0,24412516
0,57100000;-0,24336391
0,57200000;-0,24260399
0,57300000;-0,24184540
0,57400000;-0,24108813
0,57500000;-0,24033218
0,57600000;-0,23957754
0,57700000;-0,23882422
0,57800000;-0,23807219
0,57900000;-0,23732147
0,58000000;-0,23657204
0,58100000;-0,23582390
0,58200000;-0,23507705
0,58300000;-0,23433148
0,58400000;-0,23358719
0,58500000;-0,23284417
0,58600000;-0,23210242
0,58700000;-0,23136194
0,58800000;-0,23062271
0,58900000;-0,22988475
0,59000000;-0,22914803
0,59100000;-0,22841256
0,59200000;-0,22767834
0,59300000;-0,22694535
0,59400000;-0,22621360
0,59500000;-0,22548308
0,59600000;-0,22475379
0,59700000;-0,22402531
0,59800000;-0,22329847
0,59900000;-0,22257285
0,60000000;-0,22184843
0,60100000;-0,22112522
0,60200000;-0,22040321
0,60300000;-0,21968240
0,60400000;-0,21896278
0,60500000;-0,21824435
0,60600000;-0,21752711
0,60700000;-0,21681106
0,60800000;-0,21609618
0,60900000;-0,21538247
0,61000000;-0,21466994
0,61100000;-0,21395857
0,61200000;-0,21324837
0,61300000;-0,21253932
0,61400000;-0,21183143
0,61500000;-0,21112470
0,61600000;-0,21041911
0,61700000;-0,20971466
0,61800000;-0,20901136
0,61900000;-0,20830919
0,62000000;-0,20760816
0,62100000;-0,20690825
0,62200000;-0,20620947
0,62300000;-0,20551182
0,62400000;-0,20481528
0,62500000;-0,20411986
0,62600000;-0,20342555
0,62700000;-0,20273234
0,62800000;-0,20204025
0,62900000;-0,20134925
0,63000000;-0,20065935
0,63100000;-0,19997054
0,63200000;-0,19928283
0,63300000;-0,19859620
0,63400000;-0,19791066
0,63500000;-0,19722620
0,63600000;-0,19654281
0,63700000;-0,19586050
0,63800000;-0,19517925
0,63900000;-0,19449908
0,64000000;-0,19381997
0,64100000;-0,19314191
0,64200000;-0,19246492
0,64300000;-0,19178898
0,64400000;-0,19111409
0,64500000;-0,19044024
0,64600000;-0,18976744
0,64700000;-0,18909568
0,64800000;-0,18842496
0,64900000;-0,18775527
0,65000000;-0,18708661
0,65100000;-0,18641898
0,65200000;-0,18575238
0,65300000;-0,18508680
0,65400000;-0,18442223
0,65500000;-0,18375868
0,65600000;-0,18309614
0,65700000;-0,18243462
0,65800000;-0,18177409
0,65900000;-0,18111457
0,66000000;-0,18045606
0,66100000;-0,17979853
0,66200000;-0,17914201
0,66300000;-0,17848647
0,66400000;-0,17783192
0,66500000;-0,17717835
0,66600000;-0,17652577
0,66700000;-0,17587417
0,66800000;-0,17522354
0,66900000;-0,17457389
0,67000000;-0,17392520
0,67100000;-0,17327749
0,67200000;-0,17263074
0,67300000;-0,17198495
0,67400000;-0,17134012
0,67500000;-0,17069624
0,67600000;-0,17005332
0,67700000;-0,16941135
0,67800000;-0,16877032
0,67900000;-0,16813024
0,68000000;-0,16749111
0,68100000;-0,16685291
0,68200000;-0,16621564
0,68300000;-0,16557932
0,68400000;-0,16494392
0,68500000;-0,16430945
0,68600000;-0,16367591
0,68700000;-0,16304329
0,68800000;-0,16241159
0,68900000;-0,16178080
0,69000000;-0,16115093
0,69100000;-0,16052198
0,69200000;-0,15989393
0,69300000;-0,15926679
0,69400000;-0,15864056
0,69500000;-0,15801522
0,69600000;-0,15739079
0,69700000;-0,15676725
0,69800000;-0,15614461
0,69900000;-0,15552285
0,70000000;-0,15490199
0,70100000;-0,15428201
0,70200000;-0,15366292
0,70300000;-0,15304471
0,70400000;-0,15242737
0,70500000;-0,15181092
0,70600000;-0,15119533
0,70700000;-0,15058062
0,70800000;-0,14996678
0,70900000;-0,14935380
0,71000000;-0,14874168
0,71100000;-0,14813043
0,71200000;-0,14752004
0,71300000;-0,14691050
0,71400000;-0,14630182
0,71500000;-0,14569399
0,71600000;-0,14508659
0,71700000;-0,14448047
0,71800000;-0,14387519
0,71900000;-0,14327076
0,72000000;-0,14266716
0,72100000;-0,14206441
0,72200000;-0,14146248
0,72300000;-0,14086139
0,72400000;-0,14026113
0,72500000;-0,13966170
0,72600000;-0,13906310
0,72700000;-0,13846532
0,72800000;-0,13786836
0,72900000;-0,13727222
0,73000000;-0,13667690
0,73100000;-0,13608239
0,73200000;-0,13548869
0,73300000;-0,13489581
0,73400000;-0,13430373
0,73500000;-0,13371246
0,73600000;-0,13312199
0,73700000;-0,13253232
0,73800000;-0,13194345
0,73900000;-0,13135538
0,74000000;-0,13076811
0,74100000;-0,13018163
0,74200000;-0,12959594
0,74300000;-0,12901103
0,74400000;-0,12842692
0,74500000;-0,12784359
0,74600000;-0,12726104
0,74700000;-0,12667927
0,74800000;-0,12609828
0,74900000;-0,12551806
0,75000000;-0,12493862
0,75100000;-0,12435995
0,75200000;-0,12378205
0,75300000;-0,12320492
0,75400000;-0,12262856
0,75500000;-0,12205296
0,75600000;-0,12147812
0,75700000;-0,12090404
0,75800000;-0,12033071
0,75900000;-0,11975815
0,76000000;-0,11918633
0,76100000;-0,11861527
0,76200000;-0,11804496
0,76300000;-0,11747540
0,76400000;-0,11690658
0,76500000;-0,11633851
0,76600000;-0,11577118
0,76700000;-0,11520458
0,76800000;-0,11463873
0,76900000;-0,11407361
0,77000000;-0,11350923
0,77100000;-0,11294558
0,77200000;-0,11238266
0,77300000;-0,11182047
0,77400000;-0,11125900
0,77500000;-0,11069826
0,77600000;-0,11013825
0,77700000;-0,10957895
0,77800000;-0,10902038
0,77900000;-0,10846252
0,78000000;-0,10790537
0,78100000;-0,10734895
0,78200000;-0,10679323
0,78300000;-0,10623822
0,78400000;-0,10568392
0,78500000;-0,10513033
0,78600000;-0,10457744
0,78700000;-0,10402526
0,78800000;-0,10347377
0,78900000;-0,10292299
0,79000000;-0,10237290
0,79100000;-0,10182351
0,79200000;-0,10127481
0,79300000;-0,10072681
0,79400000;-0,10017949
0,79500000;-0,09963287
0,79600000;-0,09908693
0,79700000;-0,09854168
0,79800000;-0,09799711
0,79900000;-0,09745322
0,80000000;-0,09691002
0,80100000;-0,09636749
0,80200000;-0,09582564
0,80300000;-0,09528446
0,80400000;-0,09474396
0,80500000;-0,09420413
0,80600000;-0,09366497
0,80700000;-0,09312647
0,80800000;-0,09258865
0,80900000;-0,09205149
0,81000000;-0,09151499
0,81100000;-0,09097916
0,81200000;-0,09044398
0,81300000;-0,08990947
0,81400000;-0,08937561
0,81500000;-0,08884240
0,81600000;-0,08830985
0,81700000;-0,08777796
0,81800000;-0,08724671
0,81900000;-0,08671611
0,82000000;-0,08618616
0,82100000;-0,08565686
0,82200000;-0,08512820
0,82300000;-0,08460018
0,82400000;-0,08407280
0,82500000;-0,08354607
0,82600000;-0,08301997
0,82700000;-0,08249451
0,82800000;-0,08196968
0,82900000;-0,08144549
0,83000000;-0,08092192
0,83100000;-0,08039899
0,83200000;-0,07987669
0,83300000;-0,07935502
0,83400000;-0,07883397
0,83500000;-0,07831354
0,83600000;-0,07779374
0,83700000;-0,07727456
0,83800000;-0,07675600
0,83900000;-0,07623806
0,84000000;-0,07572073
0,84100000;-0,07520402
0,84200000;-0,07468793
0,84300000;-0,07417244
0,84400000;-0,07365757
0,84500000;-0,07314331
0,84600000;-0,07262966
0,84700000;-0,07211661
0,84800000;-0,07160417
0,84900000;-0,07109233
0,85000000;-0,07058109
0,85100000;-0,07007046
0,85200000;-0,06956042
0,85300000;-0,06905099
0,85400000;-0,06854215
0,85500000;-0,06803390
0,85600000;-0,06752625
0,85700000;-0,06701920
0,85800000;-0,06651273
0,85900000;-0,06600685
0,86000000;-0,06550115
0,86100000;-0,06499646
0,86200000;-0,06449236
0,86300000;-0,06398885
0,86400000;-0,06348592
0,86500000;-0,06298357
0,86600000;-0,06248179
0,86700000;-0,06198060
0,86800000;-0,06147999
0,86900000;-0,06097995
0,87000000;-0,06048048
0,87100000;-0,05998159
0,87200000;-0,05948327
0,87300000;-0,05898552
0,87400000;-0,05848835
0,87500000;-0,05799174
0,87600000;-0,05749569
0,87700000;-0,05700021
0,87800000;-0,05650530
0,87900000;-0,05601095
0,88000000;-0,05551716
0,88100000;-0,05502393
0,88200000;-0,05453126
0,88300000;-0,05403915
0,88400000;-0,05354760
0,88500000;-0,05305660
0,88600000;-0,05256615
0,88700000;-0,05207626
0,88800000;-0,05158692
0,88900000;-0,05109813
0,89000000;-0,05060989
0,89100000;-0,05012220
0,89200000;-0,04963506
0,89300000;-0,04914846
0,89400000;-0,04866240
0,89500000;-0,04817689
0,89600000;-0,04769192
0,89700000;-0,04720749
0,89800000;-0,04672360
0,89900000;-0,04624025
0,90000000;-0,04575743
0,90100000;-0,04527516
0,90200000;-0,04479341
0,90300000;-0,04431220
0,90400000;-0,04383153
0,90500000;-0,04335138
0,90600000;-0,04287176
0,90700000;-0,04239268
0,90800000;-0,04191412
0,90900000;-0,04143609
0,91000000;-0,04095858
0,91100000;-0,04048160
0,91200000;-0,04000514
0,91300000;-0,03952920
0,91400000;-0,03905378
0,91500000;-0,03857889
0,91600000;-0,03810451
0,91700000;-0,03763065
0,91800000;-0,03715731
0,91900000;-0,03668448
0,92000000;-0,03621216
0,92100000;-0,03574036
0,92200000;-0,03526907
0,92300000;-0,03479829
0,92400000;-0,03432802
0,92500000;-0,03385826
0,92600000;-0,03338901
0,92700000;-0,03292026
0,92800000;-0,03245202
0,92900000;-0,03198428
0,93000000;-0,03151705
0,93100000;-0,03105032
0,93200000;-0,03058409
0,93300000;-0,03011836
0,93400000;-0,02965312
0,93500000;-0,02918839
0,93600000;-0,02872415
0,93700000;-0,02826041
0,93800000;-0,02779716
0,93900000;-0,02733441
0,94000000;-0,02687215
0,94100000;-0,02641038
0,94200000;-0,02594910
0,94300000;-0,02548831
0,94400000;-0,02502801
0,94500000;-0,02456820
0,94600000;-0,02410887
0,94700000;-0,02365003
0,94800000;-0,02319167
0,94900000;-0,02273379
0,95000000;-0,02227640
0,95100000;-0,02181949
0,95200000;-0,02136306
0,95300000;-0,02090710
0,95400000;-0,02045163
0,95500000;-0,01999663
0,95600000;-0,01954211
0,95700000;-0,01908807
0,95800000;-0,01863450
0,95900000;-0,01818140
0,96000000;-0,01772877
0,96100000;-0,01727662
0,96200000;-0,01682493
0,96300000;-0,01637372
0,96400000;-0,01592297
0,96500000;-0,01547269
0,96600000;-0,01502288
0,96700000;-0,01457353
0,96800000;-0,01412465
0,96900000;-0,01367623
0,97000000;-0,01322827
0,97100000;-0,01278077
0,97200000;-0,01233374
0,97300000;-0,01188716
0,97400000;-0,01144105
0,97500000;-0,01099539
0,97600000;-0,01055019
0,97700000;-0,01010544
0,97800000;-0,00966075
0,97900000;-0,00921697
0,98000000;-0,00877363
0,98100000;-0,00833074
0,98200000;-0,00788830
0,98300000;-0,00744630
0,98400000;-0,00700475
0,98500000;-0,00656365
0,98600000;-0,00612299
0,98700000;-0,00568277
0,98800000;-0,00524299
0,98900000;-0,00480366
0,99000000;-0,00436477
0,99100000;-0,00392632
0,99200000;-0,00348831
0,99300000;-0,00305074
0,99400000;-0,00261361
0,99500000;-0,00217692
0,99600000;-0,00174066
0,99700000;-0,00130484
0,99800000;-0,00086946
0,99900000;-0,00043451
1,00000000;-0,00000000
1,00100000;0,00043408
1,00200000;0,00086772
1,00300000;0,00130093
1,00400000;0,00173371
1,00500000;0,00216606
1,00600000;0,00259797
1,00700000;0,00302946
1,00800000;0,00346051
1,00900000;0,00389114
1,01000000;0,00432134
1,01100000;0,00475111
1,01200000;0,00518045
1,01300000;0,00560937
1,01400000;0,00603786
1,01500000;0,00646592
1,01600000;0,00689357
1,01700000;0,00732078
1,01800000;0,00774757
1,01900000;0,00817395
1,02000000;0,00859989
1,02100000;0,00902542
1,02200000;0,00945053
1,02300000;0,00987521
1,02400000;0,01029996
1,02500000;0,01072387
1,02600000;0,01114736
1,02700000;0,01157045
1,02800000;0,01199312
1,02900000;0,01241538
1,03000000;0,01283723
1,03100000;0,01325867
1,03200000;0,01367970
1,03300000;0,01410033
1,03400000;0,01452054
1,03500000;0,01494035
1,03600000;0,01535976
1,03700000;0,01577876
1,03800000;0,01619736
1,03900000;0,01661555
1,04000000;0,01703334
1,04100000;0,01745073
1,04200000;0,01786772
1,04300000;0,01828431
1,04400000;0,01870050
1,04500000;0,01911630
1,04600000;0,01953169
1,04700000;0,01994669
1,04800000;0,02036129
1,04900000;0,02077549
1,05000000;0,02118930
1,05100000;0,02160272
1,05200000;0,02201574
1,05300000;0,02242838
1,05400000;0,02284062
1,05500000;0,02325246
1,05600000;0,02366392
1,05700000;0,02407499
1,05800000;0,02448567
1,05900000;0,02489596
1,06000000;0,02530587
1,06100000;0,02571539
1,06200000;0,02612452
1,06300000;0,02653327
1,06400000;0,02694163
1,06500000;0,02734961
1,06600000;0,02775721
1,06700000;0,02816442
1,06800000;0,02857125
1,06900000;0,02897771
1,07000000;0,02938378
1,07100000;0,02978947
1,07200000;0,03019479
1,07300000;0,03059972
1,07400000;0,03100428
1,07500000;0,03140846
1,07600000;0,03181227
1,07700000;0,03221570
1,07800000;0,03261876
1,07900000;0,03302144
1,08000000;0,03342375
1,08100000;0,03382569
1,08200000;0,03422725
1,08300000;0,03462845
1,08400000;0,03502927
1,08500000;0,03542973
1,08600000;0,03582982
1,08700000;0,03622953
1,08800000;0,03662888
1,08900000;0,03702787
1,09000000;0,03742648
1,09100000;0,03782473
1,09200000;0,03822262
1,09300000;0,03862014
1,09400000;0,03901730
1,09500000;0,03941410
1,09600000;0,03981053
1,09700000;0,04020660
1,09800000;0,04060231
1,09900000;0,04099766
1,10000000;0,04139266
1,10100000;0,04178729
1,10200000;0,04218156
1,10300000;0,04257548
1,10400000;0,04296904
1,10500000;0,04336224
1,10600000;0,04375508
1,10700000;0,04414758
1,10800000;0,04453971
1,10900000;0,04493150
1,11000000;0,04532293
1,11100000;0,04571400
1,11200000;0,04610473
1,11300000;0,04649510
1,11400000;0,04688513
1,11500000;0,04727480
1,11600000;0,04766412
1,11700000;0,04805310
1,11800000;0,04844172
1,11900000;0,04883000
1,12000000;0,04921794
1,12100000;0,04960552
1,12200000;0,04999276
1,12300000;0,05037966
1,12400000;0,05076621
1,12500000;0,05115242
1,12600000;0,05153828
1,12700000;0,05192380
1,12800000;0,05230898
1,12900000;0,05269382
1,13000000;0,05307831
1,13100000;0,05346247
1,13200000;0,05384628
1,13300000;0,05422976
1,13400000;0,05461290
1,13500000;0,05499570
1,13600000;0,05537817
1,13700000;0,05576029
1,13800000;0,05614208
1,13900000;0,05652354
1,14000000;0,05690466
1,14100000;0,05728545
1,14200000;0,05766590
1,14300000;0,05804602
1,14400000;0,05842580
1,14500000;0,05880526
1,14600000;0,05918438
1,14700000;0,05956317
1,14800000;0,05994164
1,14900000;0,06031977
1,15000000;0,06069757
1,15100000;0,06107504
1,15200000;0,06145219
1,15300000;0,06182901
1,15400000;0,06220550
1,15500000;0,06258167
1,15600000;0,06295751
1,15700000;0,06333302
1,15800000;0,06370821
1,15900000;0,06408308
1,16000000;0,06445762
1,16100000;0,06483184
1,16200000;0,06520574
1,16300000;0,06557931
1,16400000;0,06595300
1,16500000;0,06632594
1,16600000;0,06669857
1,16700000;0,06707087
1,16800000;0,06744286
1,16900000;0,06781453
1,17000000;0,06818588
1,17100000;0,06855691
1,17200000;0,06892763
1,17300000;0,06929803
1,17400000;0,06966812
1,17500000;0,07003789
1,17600000;0,07040734
1,17700000;0,07077648
1,17800000;0,07114531
1,17900000;0,07151382
1,18000000;0,07188203
1,18100000;0,07224992
1,18200000;0,07261749
1,18300000;0,07298476
1,18400000;0,07335172
1,18500000;0,07371837
1,18600000;0,07408471
1,18700000;0,07445074
1,18800000;0,07481646
1,18900000;0,07518187
1,19000000;0,07554698
1,19100000;0,07591178
1,19200000;0,07627627
1,19300000;0,07664046
1,19400000;0,07700434
1,19500000;0,07736792
1,19600000;0,07773120
1,19700000;0,07809417
1,19800000;0,07845684
1,19900000;0,07881920
1,20000000;0,07918126
1,20100000;0,07954302
1,20200000;0,07990448
1,20300000;0,08026564
1,20400000;0,08062650
1,20500000;0,08098706
1,20600000;0,08134732
1,20700000;0,08170729
1,20800000;0,08206695
1,20900000;0,08242632
1,21000000;0,08278539
1,21100000;0,08314416
1,21200000;0,08350264
1,21300000;0,08386082
1,21400000;0,08421870
1,21500000;0,08457629
1,21600000;0,08493359
1,21700000;0,08529059
1,21800000;0,08564730
1,21900000;0,08600372
1,22000000;0,08635985
1,22100000;0,08671568
1,22200000;0,08707122
1,22300000;0,08742647
1,22400000;0,08778143
1,22500000;0,08813610
1,22600000;0,08849048
1,22700000;0,08884458
1,22800000;0,08919838
1,22900000;0,08955189
1,23000000;0,08990512
1,23100000;0,09025806
1,23200000;0,09061072
1,23300000;0,09096309
1,23400000;0,09131517
1,23500000;0,09166697
1,23600000;0,09201848
1,23700000;0,09236971
1,23800000;0,09272065
1,23900000;0,09307131
1,24000000;0,09342169
1,24100000;0,09377179
1,24200000;0,09412160
1,24300000;0,09447114
1,24400000;0,09482039
1,24500000;0,09516936
1,24600000;0,09551805
1,24700000;0,09586646
1,24800000;0,09621459
1,24900000;0,09656244
1,25000000;0,09691002
1,25100000;0,09725731
1,25200000;0,09760433
1,25300000;0,09795107
1,25400000;0,09829754
1,25500000;0,09864373
1,25600000;0,09898964
1,25700000;0,09933528
1,25800000;0,09968064
1,25900000;0,10002573
1,26000000;0,10037054
1,26100000;0,10071508
1,26200000;0,10105935
1,26300000;0,10140335
1,26400000;0,10174707
1,26500000;0,10209052
1,26600000;0,10243370
1,26700000;0,10277661
1,26800000;0,10311924
1,26900000;0,10346161
1,27000000;0,10380371
1,27100000;0,10414554
1,27200000;0,10448710
1,27300000;0,10482839
1,27400000;0,10516941
1,27500000;0,10551017
1,27600000;0,10585066
1,27700000;0,10619088
1,27800000;0,10653084
1,27900000;0,10687053
1,28000000;0,10720995
1,28100000;0,10754911
1,28200000;0,10788800
1,28300000;0,10822663
1,28400000;0,10856500
1,28500000;0,10890310
1,28600000;0,10924094
1,28700000;0,10957852
1,28800000;0,10991583
1,28900000;0,11025289
1,29000000;0,11058968
1,29100000;0,11092621
1,29200000;0,11126248
1,29300000;0,11159849
1,29400000;0,11193424
1,29500000;0,11226973
1,29600000;0,11260496
1,29700000;0,11293993
1,29800000;0,11327465
1,29900000;0,11360911
1,30000000;0,11394331
1,30100000;0,11427725
1,30200000;0,11461093
1,30300000;0,11494436
1,30400000;0,11527754
1,30500000;0,11561046
1,30600000;0,11594312
1,30700000;0,11627553
1,30800000;0,11660768
1,30900000;0,11693959
1,31000000;0,11727123
1,31100000;0,11760263
1,31200000;0,11793377
1,31300000;0,11826466
1,31400000;0,11859529
1,31500000;0,11892568
1,31600000;0,11925581
1,31700000;0,11958570
1,31800000;0,11991533
1,31900000;0,12024471
1,32000000;0,12057385
1,32100000;0,12090273
1,32200000;0,12123137
1,32300000;0,12155975
1,32400000;0,12188789
1,32500000;0,12221578
1,32600000;0,12254343
1,32700000;0,12287082
1,32800000;0,12319797
1,32900000;0,12352488
1,33000000;0,12385153
1,33100000;0,12417795
1,33200000;0,12450411
1,33300000;0,12483003
1,33400000;0,12515571
1,33500000;0,12548115
1,33600000;0,12580634
1,33700000;0,12613128
1,33800000;0,12645599
1,33900000;0,12678045
1,34000000;0,12710466
1,34100000;0,12742864
1,34200000;0,12775238
1,34300000;0,12807587
1,34400000;0,12839912
1,34500000;0,12872213
1,34600000;0,12904491
1,34700000;0,12936744
1,34800000;0,12968973
1,34900000;0,13001179
1,35000000;0,13033360
1,35100000;0,13065518
1,35200000;0,13097652
1,35300000;0,13129762
1,35400000;0,13161848
1,35500000;0,13193911
1,35600000;0,13225950
1,35700000;0,13257966
1,35800000;0,13289958
1,35900000;0,13321926
1,36000000;0,13353871
1,36100000;0,13385792
1,36200000;0,13417690
1,36300000;0,13449564
1,36400000;0,13481415
1,36500000;0,13513243
1,36600000;0,13545047
1,36700000;0,13576828
1,36800000;0,13608586
1,36900000;0,13640321
1,37000000;0,13672032
1,37100000;0,13703721
1,37200000;0,13735386
1,37300000;0,13767028
1,37400000;0,13798647
1,37500000;0,13830243
1,37600000;0,13861816
1,37700000;0,13893366
1,37800000;0,13924894
1,37900000;0,13956398
1,38000000;0,13987879
1,38100000;0,14019338
1,38200000;0,14050774
1,38300000;0,14082187
1,38400000;0,14113578
1,38500000;0,14144945
1,38600000;0,14176291
1,38700000;0,14207613
1,38800000;0,14238913
1,38900000;0,14270190
1,39000000;0,14301445
1,39100000;0,14332678
1,39200000;0,14363888
1,39300000;0,14395075
1,39400000;0,14426240
1,39500000;0,14457383
1,39600000;0,14488503
1,39700000;0,14519644
1,39800000;0,14550721
1,39900000;0,14581775
1,40000000;0,14612807
1,40100000;0,14643817
1,40200000;0,14674805
1,40300000;0,14705771
1,40400000;0,14736714
1,40500000;0,14767636
1,40600000;0,14798535
1,40700000;0,14829413
1,40800000;0,14860269
1,40900000;0,14891103
1,41000000;0,14921915
1,41100000;0,14952705
1,41200000;0,14983473
1,41300000;0,15014219
1,41400000;0,15044944
1,41500000;0,15075647
1,41600000;0,15106329
1,41700000;0,15136988
1,41800000;0,15167626
1,41900000;0,15198243
1,42000000;0,15228838
1,42100000;0,15259411
1,42200000;0,15289963
1,42300000;0,15320493
1,42400000;0,15351002
1,42500000;0,15381490
1,42600000;0,15411956
1,42700000;0,15442400
1,42800000;0,15472824
1,42900000;0,15503226
1,43000000;0,15533607
1,43100000;0,15563966
1,43200000;0,15594305
1,43300000;0,15624622
1,43400000;0,15654918
1,43500000;0,15685193
1,43600000;0,15715447
1,43700000;0,15745680
1,43800000;0,15775891
1,43900000;0,15806082
1,44000000;0,15836252
1,44100000;0,15866401
1,44200000;0,15896529
1,44300000;0,15926636
1,44400000;0,15956722
1,44500000;0,15986787
1,44600000;0,16016832
1,44700000;0,16046856
1,44800000;0,16076859
1,44900000;0,16106841
1,45000000;0,16136803
1,45100000;0,16166744
1,45200000;0,16196664
1,45300000;0,16226564
1,45400000;0,16256443
1,45500000;0,16286302
1,45600000;0,16316140
1,45700000;0,16345957
1,45800000;0,16375755
1,45900000;0,16405531
1,46000000;0,16435288
1,46100000;0,16465024
1,46200000;0,16494739
1,46300000;0,16524435
1,46400000;0,16554110
1,46500000;0,16583764
1,46600000;0,16613399
1,46700000;0,16643013
1,46800000;0,16672607
1,46900000;0,16702181
1,47000000;0,16731735
1,47100000;0,16761269
1,47200000;0,16790783
1,47300000;0,16820276
1,47400000;0,16849750
1,47500000;0,16879204
1,47600000;0,16908637
1,47700000;0,16938051
1,47800000;0,16967445
1,47900000;0,16996819
1,48000000;0,17026173
1,48100000;0,17055507
1,48200000;0,17084822
1,48300000;0,17114116
1,48400000;0,17143391
1,48500000;0,17172646
1,48600000;0,17201882
1,48700000;0,17231098
1,48800000;0,17260294
1,48900000;0,17289471
1,49000000;0,17318628
1,49100000;0,17347765
1,49200000;0,17376883
1,49300000;0,17405981
1,49400000;0,17435060
1,49500000;0,17464120
1,49600000;0,17493160
1,49700000;0,17522180
1,49800000;0,17551182
1,49900000;0,17580164
1,50000000;0,17609126
1,50100000;0,17638069
1,50200000;0,17666993
1,50300000;0,17695898
1,50400000;0,17724784
1,50500000;0,17753650
1,50600000;0,17782497
1,50700000;0,17811325
1,50800000;0,17840134
1,50900000;0,17868924
1,51000000;0,17897694
1,51100000;0,17926446
1,51200000;0,17955178
1,51300000;0,17983892
1,51400000;0,18012587
1,51500000;0,18041262
1,51600000;0,18069919
1,51700000;0,18098557
1,51800000;0,18127176
1,51900000;0,18155776
1,52000000;0,18184358
1,52100000;0,18212920
1,52200000;0,18241464
1,52300000;0,18269989
1,52400000;0,18298495
1,52500000;0,18326983
1,52600000;0,18355452
1,52700000;0,18383902
1,52800000;0,18412333
1,52900000;0,18440746
1,53000000;0,18469141
1,53100000;0,18497517
1,53200000;0,18525874
1,53300000;0,18554213
1,53400000;0,18582533
1,53500000;0,18610835
1,53600000;0,18639119
1,53700000;0,18667384
1,53800000;0,18695631
1,53900000;0,18723859
1,54000000;0,18752069
1,54100000;0,18780261
1,54200000;0,18808434
1,54300000;0,18836589
1,54400000;0,18864726
1,54500000;0,18892845
1,54600000;0,18920945
1,54700000;0,18949027
1,54800000;0,18977091
1,54900000;0,19005138
1,55000000;0,19033165
1,55100000;0,19061175
1,55200000;0,19089167
1,55300000;0,19117141
1,55400000;0,19145097
1,55500000;0,19173034
1,55600000;0,19200954
1,55700000;0,19228856
1,55800000;0,19256740
1,55900000;0,19284606
1,56000000;0,19312454
1,56100000;0,19340284
1,56200000;0,19368097
1,56300000;0,19395892
1,56400000;0,19423669
1,56500000;0,19451428
1,56600000;0,19479169
1,56700000;0,19506893
1,56800000;0,19534599
1,56900000;0,19562287
1,57000000;0,19589958
1,57100000;0,19617611
1,57200000;0,19645247
1,57300000;0,19672865
1,57400000;0,19700465
1,57500000;0,19728048
1,57600000;0,19755613
1,57700000;0,19783161
1,57800000;0,19810691
1,57900000;0,19838204
1,58000000;0,19865700
1,58100000;0,19893178
1,58200000;0,19920639
1,58300000;0,19948082
1,58400000;0,19975508
1,58500000;0,20002917
1,58600000;0,20030308
1,58700000;0,20057683
1,58800000;0,20085040
1,58900000;0,20112379
1,59000000;0,20139702
1,59100000;0,20167007
1,59200000;0,20194295
1,59300000;0,20221566
1,59400000;0,20248820
1,59500000;0,20276057
1,59600000;0,20303277
1,59700000;0,20330480
1,59800000;0,20357665
1,59900000;0,20384834
1,60000000;0,20411986
1,60100000;0,20439120
1,60200000;0,20466238
1,60300000;0,20493339
1,60400000;0,20520423
1,60500000;0,20547490
1,60600000;0,20574540
1,60700000;0,20601574
1,60800000;0,20628590
1,60900000;0,20655590
1,61000000;0,20682573
1,61100000;0,20709539
1,61200000;0,20736489
1,61300000;0,20763421
1,61400000;0,20790337
1,61500000;0,20817237
1,61600000;0,20844119
1,61700000;0,20870986
1,61800000;0,20897835
1,61900000;0,20924668
1,62000000;0,20951484
1,62100000;0,20978284
1,62200000;0,21005067
1,62300000;0,21031834
1,62400000;0,21058584
1,62500000;0,21085318
1,62600000;0,21112035
1,62700000;0,21138736
1,62800000;0,21165421
1,62900000;0,21192089
1,63000000;0,21218741
1,63100000;0,21245376
1,63200000;0,21271995
1,63300000;0,21298598
1,63400000;0,21325184
1,63500000;0,21351754
1,63600000;0,21378308
1,63700000;0,21404846
1,63800000;0,21431368
1,63900000;0,21457873
1,64000000;0,21484362
1,64100000;0,21510835
1,64200000;0,21537292
1,64300000;0,21563733
1,64400000;0,21590157
1,64500000;0,21616566
1,64600000;0,21642958
1,64700000;0,21669335
1,64800000;0,21695695
1,64900000;0,21722040
1,65000000;0,21748368
1,65100000;0,21774681
1,65200000;0,21800978
1,65300000;0,21827258
1,65400000;0,21853523
1,65500000;0,21879772
1,65600000;0,21906005
1,65700000;0,21932222
1,65800000;0,21958424
1,65900000;0,21984609
1,66000000;0,22010779
1,66100000;0,22036933
1,66200000;0,22063072
1,66300000;0,22089194
1,66400000;0,22115301
1,66500000;0,22141392
1,66600000;0,22167468
1,66700000;0,22193528
1,66800000;0,22219572
1,66900000;0,22245601
1,67000000;0,22271614
1,67100000;0,22297611
1,67200000;0,22323593
1,67300000;0,22349559
1,67400000;0,22375510
1,67500000;0,22401446
1,67600000;0,22427366
1,67700000;0,22453311
1,67800000;0,22479200
1,67900000;0,22505074
1,68000000;0,22530933
1,68100000;0,22556776
1,68200000;0,22582604
1,68300000;0,22608416
1,68400000;0,22634213
1,68500000;0,22659995
1,68600000;0,22685761
1,68700000;0,22711513
1,68800000;0,22737249
1,68900000;0,22762969
1,69000000;0,22788675
1,69100000;0,22814365
1,69200000;0,22840040
1,69300000;0,22865700
1,69400000;0,22891345
1,69500000;0,22916974
1,69600000;0,22942589
1,69700000;0,22968188
1,69800000;0,22993773
1,69900000;0,23019342
1,70000000;0,23044896
1,70100000;0,23070435
1,70200000;0,23095960
1,70300000;0,23121469
1,70400000;0,23146963
1,70500000;0,23172442
1,70600000;0,23197906
1,70700000;0,23223356
1,70800000;0,23248790
1,70900000;0,23274210
1,71000000;0,23299615
1,71100000;0,23325005
1,71200000;0,23350380
1,71300000;0,23375740
1,71400000;0,23401085
1,71500000;0,23426416
1,71600000;0,23451732
1,71700000;0,23477033
1,71800000;0,23502319
1,71900000;0,23527591
1,72000000;0,23552848
1,72100000;0,23578090
1,72200000;0,23603318
1,72300000;0,23628531
1,72400000;0,23653729
1,72500000;0,23678913
1,72600000;0,23704082
1,72700000;0,23729237
1,72800000;0,23754377
1,72900000;0,23779502
1,73000000;0,23804613
1,73100000;0,23829710
1,73200000;0,23854792
1,73300000;0,23879859
1,73400000;0,23904912
1,73500000;0,23929951
1,73600000;0,23954975
1,73700000;0,23979985
1,73800000;0,24004980
1,73900000;0,24029961
1,74000000;0,24054927
1,74100000;0,24079880
1,74200000;0,24104818
1,74300000;0,24129741
1,74400000;0,24154650
1,74500000;0,24179545
1,74600000;0,24204426
1,74700000;0,24229293
1,74800000;0,24254145
1,74900000;0,24278983
1,75000000;0,24303807
1,75100000;0,24328617
1,75200000;0,24353412
1,75300000;0,24378194
1,75400000;0,24402961
1,75500000;0,24427714
1,75600000;0,24452453
1,75700000;0,24477178
1,75800000;0,24501889
1,75900000;0,24526586
1,76000000;0,24551268
1,76100000;0,24575937
1,76200000;0,24600592
1,76300000;0,24625233
1,76400000;0,24649859
1,76500000;0,24674472
1,76600000;0,24699071
1,76700000;0,24723656
1,76800000;0,24748227
1,76900000;0,24772784
1,77000000;0,24797328
1,77100000;0,24821857
1,77200000;0,24846373
1,77300000;0,24870874
1,77400000;0,24895362
1,77500000;0,24919836
1,77600000;0,24944297
1,77700000;0,24968743
1,77800000;0,24993176
1,77900000;0,25017595
1,78000000;0,25042001
1,78100000;0,25066392
1,78200000;0,25090770
1,78300000;0,25115135
1,78400000;0,25139485
1,78500000;0,25163822
1,78600000;0,25188145
1,78700000;0,25212455
1,78800000;0,25236751
1,78900000;0,25261034
1,79000000;0,25285303
1,79100000;0,25309558
1,79200000;0,25333800
1,79300000;0,25358028
1,79400000;0,25382243
1,79500000;0,25406445
1,79600000;0,25430632
1,79700000;0,25454807
1,79800000;0,25478968
1,79900000;0,25503115
1,80000000;0,25527249
1,80100000;0,25551370
1,80200000;0,25575477
1,80300000;0,25599571
1,80400000;0,25623652
1,80500000;0,25647719
1,80600000;0,25671773
1,80700000;0,25695814
1,80800000;0,25719841
1,80900000;0,25743855
1,81000000;0,25767856
1,81100000;0,25791843
1,81200000;0,25815817
1,81300000;0,25839778
1,81400000;0,25863726
1,81500000;0,25887661
1,81600000;0,25911582
1,81700000;0,25935490
1,81800000;0,25959385
1,81900000;0,25983267
1,82000000;0,26007136
1,82100000;0,26030992
1,82200000;0,26054834
1,82300000;0,26078664
1,82400000;0,26102480
1,82500000;0,26126284
1,82600000;0,26150074
1,82700000;0,26173851
1,82800000;0,26197616
1,82900000;0,26221367
1,83000000;0,26245105
1,83100000;0,26268830
1,83200000;0,26292543
1,83300000;0,26316242
1,83400000;0,26339929
1,83500000;0,26363602
1,83600000;0,26387263
1,83700000;0,26410911
1,83800000;0,26434546
1,83900000;0,26458168
1,84000000;0,26481777
1,84100000;0,26505374
1,84200000;0,26528957
1,84300000;0,26552528
1,84400000;0,26576086
1,84500000;0,26599632
1,84600000;0,26623164
1,84700000;0,26646684
1,84800000;0,26670191
1,84900000;0,26693685
1,85000000;0,26717167
1,85100000;0,26740636
1,85200000;0,26764092
1,85300000;0,26787535
1,85400000;0,26810966
1,85500000;0,26834385
1,85600000;0,26857790
1,85700000;0,26881183
1,85800000;0,26904564
1,85900000;0,26927932
1,86000000;0,26951287
1,86100000;0,26974630
1,86200000;0,26997960
1,86300000;0,27021278
1,86400000;0,27044583
1,86500000;0,27067876
1,86600000;0,27091156
1,86700000;0,27114423
1,86800000;0,27137679
1,86900000;0,27160921
1,87000000;0,27184152
1,87100000;0,27207370
1,87200000;0,27230575
1,87300000;0,27253769
1,87400000;0,27276949
1,87500000;0,27300118
1,87600000;0,27323274
1,87700000;0,27346417
1,87800000;0,27369549
1,87900000;0,27392668
1,88000000;0,27415775
1,88100000;0,27438869
1,88200000;0,27461951
1,88300000;0,27485021
1,88400000;0,27508079
1,88500000;0,27531124
1,88600000;0,27554158
1,88700000;0,27577179
1,88800000;0,27600187
1,88900000;0,27623184
1,89000000;0,27646168
1,89100000;0,27669141
1,89200000;0,27692101
1,89300000;0,27715049
1,89400000;0,27737985
1,89500000;0,27760909
1,89600000;0,27783820
1,89700000;0,27806720
1,89800000;0,27829607
1,89900000;0,27852483
1,90000000;0,27875346
1,90100000;0,27898198
1,90200000;0,27921037
1,90300000;0,27943865
1,90400000;0,27966680
1,90500000;0,27989483
1,90600000;0,28012275
1,90700000;0,28035054
1,90800000;0,28057822
1,90900000;0,28080577
1,91000000;0,28103321
1,91100000;0,28126053
1,91200000;0,28148773
1,91300000;0,28171481
1,91400000;0,28194177
1,91500000;0,28216861
1,91600000;0,28239534
1,91700000;0,28262194
1,91800000;0,28284843
1,91900000;0,28307480
1,92000000;0,28330105
1,92100000;0,28352719
1,92200000;0,28375320
1,92300000;0,28397910
1,92400000;0,28420488
1,92500000;0,28443055
1,92600000;0,28465609
1,92700000;0,28488152
1,92800000;0,28510684
1,92900000;0,28533203
1,93000000;0,28555711
1,93100000;0,28578207
1,93200000;0,28600692
1,93300000;0,28623165
1,93400000;0,28645626
1,93500000;0,28668076
1,93600000;0,28690514
1,93700000;0,28712941
1,93800000;0,28735356
1,93900000;0,28757759
1,94000000;0,28780151
1,94100000;0,28802531
1,94200000;0,28824900
1,94300000;0,28847257
1,94400000;0,28869603
1,94500000;0,28891937
1,94600000;0,28914260
1,94700000;0,28936571
1,94800000;0,28958871
1,94900000;0,28981159
1,95000000;0,29003436
1,95100000;0,29025702
1,95200000;0,29047956
1,95300000;0,29070199
1,95400000;0,29092430
1,95500000;0,29114650
1,95600000;0,29136859
1,95700000;0,29159056
1,95800000;0,29181242
1,95900000;0,29203417
1,96000000;0,29225580
1,96100000;0,29247732
1,96200000;0,29269872
1,96300000;0,29292002
1,96400000;0,29314120
1,96500000;0,29336227
1,96600000;0,29358322
1,96700000;0,29380407
1,96800000;0,29402480
1,96900000;0,29424542
1,97000000;0,29446592
1,97100000;0,29468632
1,97200000;0,29490660
1,97300000;0,29512677
1,97400000;0,29534683
1,97500000;0,29556678
1,97600000;0,29578662
1,97700000;0,29600635
1,97800000;0,29622596
1,97900000;0,29644546
1,98000000;0,29666486
1,98100000;0,29688414
1,98200000;0,29710370
1,98300000;0,29732276
1,98400000;0,29754172
1,98500000;0,29776056
1,98600000;0,29797929
1,98700000;0,29819792
1,98800000;0,29841643
1,98900000;0,29863483
1,99000000;0,29885312
1,99100000;0,29907131
1,99200000;0,29928938
1,99300000;0,29950735
1,99400000;0,29972520
1,99500000;0,29994295
1,99600000;0,30016058
1,99700000;0,30037811
1,99800000;0,30059553
1,99900000;0,30081284
2,00000000;0,30103004
2,00100000;0,30124713
2,00200000;0,30146412
2,00300000;0,30168099
2,00400000;0,30189776
2,00500000;0,30211442
2,00600000;0,30233097
2,00700000;0,30254741
2,00800000;0,30276375
2,00900000;0,30297998
2,01000000;0,30319610
2,01100000;0,30341211
2,01200000;0,30362802
2,01300000;0,30384381
2,01400000;0,30405951
2,01500000;0,30427509
2,01600000;0,30449057
2,01700000;0,30470594
2,01800000;0,30492120
2,01900000;0,30513636
2,02000000;0,30535141
2,02100000;0,30556635
2,02200000;0,30578119
2,02300000;0,30599592
2,02400000;0,30621054
2,02500000;0,30642506
2,02600000;0,30663948
2,02700000;0,30685378
2,02800000;0,30706798
2,02900000;0,30728208
2,03000000;0,30749607
2,03100000;0,30770996
2,03200000;0,30792374
2,03300000;0,30813741
2,03400000;0,30835098
2,03500000;0,30856444
2,03600000;0,30877780
2,03700000;0,30899106
2,03800000;0,30920421
2,03900000;0,30941725
2,04000000;0,30963020
2,04100000;0,30984303
2,04200000;0,31005576
2,04300000;0,31026839
2,04400000;0,31048092
2,04500000;0,31069334
2,04600000;0,31090565
2,04700000;0,31111787
2,04800000;0,31132998
2,04900000;0,31154198
2,05000000;0,31175388
2,05100000;0,31196568
2,05200000;0,31217738
2,05300000;0,31238897
2,05400000;0,31260046
2,05500000;0,31281185
2,05600000;0,31302313
2,05700000;0,31323431
2,05800000;0,31344539
2,05900000;0,31365636
2,06000000;0,31386724
2,06100000;0,31407801
2,06200000;0,31428868
2,06300000;0,31449924
2,06400000;0,31470971
2,06500000;0,31492007
2,06600000;0,31513033
2,06700000;0,31534049
2,06800000;0,31555055
2,06900000;0,31576050
2,07000000;0,31597036
2,07100000;0,31618011
2,07200000;0,31638976
2,07300000;0,31659931
2,07400000;0,31680876
2,07500000;0,31701811
2,07600000;0,31722736
2,07700000;0,31743650
2,07800000;0,31764555
2,07900000;0,31785450
2,08000000;0,31806334
2,08100000;0,31827209
2,08200000;0,31848073
2,08300000;0,31868927
2,08400000;0,31889772
2,08500000;0,31910606
2,08600000;0,31931431
2,08700000;0,31952245
2,08800000;0,31973049
2,08900000;0,31993844
2,09000000;0,32014628
2,09100000;0,32035403
2,09200000;0,32056168
2,09300000;0,32076922
2,09400000;0,32097667
2,09500000;0,32118402
2,09600000;0,32139127
2,09700000;0,32159842
2,09800000;0,32180548
2,09900000;0,32201243
2,10000000;0,32221929
2,10100000;0,32242604
2,10200000;0,32263270
2,10300000;0,32283926
2,10400000;0,32304572
2,10500000;0,32325209
2,10600000;0,32345835
2,10700000;0,32366452
2,10800000;0,32387059
2,10900000;0,32407656
2,11000000;0,32428244
2,11100000;0,32448822
2,11200000;0,32469390
2,11300000;0,32489948
2,11400000;0,32510496
2,11500000;0,32531035
2,11600000;0,32551564
2,11700000;0,32572084
2,11800000;0,32592593
2,11900000;0,32613093
2,12000000;0,32633584
2,12100000;0,32654064
2,12200000;0,32674535
2,12300000;0,32694997
2,12400000;0,32715448
2,12500000;0,32735890
2,12600000;0,32756323
2,12700000;0,32776746
2,12800000;0,32797159
2,12900000;0,32817563
2,13000000;0,32837957
2,13100000;0,32858341
2,13200000;0,32878716
2,13300000;0,32899082
2,13400000;0,32919438
2,13500000;0,32939784
2,13600000;0,32960121
2,13700000;0,32980448
2,13800000;0,33000766
2,13900000;0,33021074
2,14000000;0,33041373
2,14100000;0,33061662
2,14200000;0,33081942
2,14300000;0,33102212
2,14400000;0,33122473
2,14500000;0,33142725
2,14600000;0,33162967
2,14700000;0,33183199
2,14800000;0,33203422
2,14900000;0,33223636
2,15000000;0,33243841
2,15100000;0,33264036
2,15200000;0,33284221
2,15300000;0,33304397
2,15400000;0,33324564
2,15500000;0,33344721
2,15600000;0,33364870
2,15700000;0,33385008
2,15800000;0,33405138
2,15900000;0,33425258
2,16000000;0,33445369
2,16100000;0,33465470
2,16200000;0,33485562
2,16300000;0,33505645
2,16400000;0,33525719
2,16500000;0,33545783
2,16600000;0,33565838
2,16700000;0,33585884
2,16800000;0,33605920
2,16900000;0,33625948
2,17000000;0,33645966
2,17100000;0,33665975
2,17200000;0,33685974
2,17300000;0,33705965
2,17400000;0,33725946
2,17500000;0,33745918
2,17600000;0,33765881
2,17700000;0,33785834
2,17800000;0,33805779
2,17900000;0,33825714
2,18000000;0,33845640
2,18100000;0,33865557
2,18200000;0,33885465
2,18300000;0,33905364
2,18400000;0,33925254
2,18500000;0,33945135
2,18600000;0,33965006
2,18700000;0,33984868
2,18800000;0,34004722
2,18900000;0,34024566
2,19000000;0,34044401
2,19100000;0,34064227
2,19200000;0,34084044
2,19300000;0,34103852
2,19400000;0,34123651
2,19500000;0,34143441
2,19600000;0,34163222
2,19700000;0,34182994
2,19800000;0,34202757
2,19900000;0,34222511
2,20000000;0,34242256
2,20100000;0,34261992
2,20200000;0,34281719
2,20300000;0,34301438
2,20400000;0,34321147
2,20500000;0,34340847
2,20600000;0,34360538
2,20700000;0,34380221
2,20800000;0,34399894
2,20900000;0,34419559
2,21000000;0,34439214
2,21100000;0,34458861
2,21200000;0,34478499
2,21300000;0,34498128
2,21400000;0,34517748
2,21500000;0,34537359
2,21600000;0,34556961
2,21700000;0,34576555
2,21800000;0,34596140
2,21900000;0,34615716
2,22000000;0,34635283
2,22100000;0,34654841
2,22200000;0,34674390
2,22300000;0,34693931
2,22400000;0,34713463
2,22500000;0,34732986
2,22600000;0,34752500
2,22700000;0,34772006
2,22800000;0,34791502
2,22900000;0,34810990
2,23000000;0,34830470
2,23100000;0,34849940
2,23200000;0,34869402
2,23300000;0,34888855
2,23400000;0,34908300
2,23500000;0,34927735
2,23600000;0,34947162
2,23700000;0,34966581
2,23800000;0,34985990
2,23900000;0,35005391
2,24000000;0,35024783
2,24100000;0,35044167
2,24200000;0,35063542
2,24300000;0,35082908
2,24400000;0,35102266
2,24500000;0,35121615
2,24600000;0,35140956
2,24700000;0,35160288
2,24800000;0,35179611
2,24900000;0,35198925
2,25000000;0,35218232
2,25100000;0,35237529
2,25200000;0,35256818
2,25300000;0,35276098
2,25400000;0,35295370
2,25500000;0,35314633
2,25600000;0,35333888
2,25700000;0,35353134
2,25800000;0,35372372
2,25900000;0,35391601
2,26000000;0,35410822
2,26100000;0,35430034
2,26200000;0,35449237
2,26300000;0,35468432
2,26400000;0,35487619
2,26500000;0,35506797
2,26600000;0,35525967
2,26700000;0,35545128
2,26800000;0,35564281
2,26900000;0,35583425
2,27000000;0,35602561
2,27100000;0,35621689
2,27200000;0,35640808
2,27300000;0,35659918
2,27400000;0,35679021
2,27500000;0,35698115
2,27600000;0,35717200
2,27700000;0,35736277
2,27800000;0,35755346
2,27900000;0,35774406
2,28000000;0,35793458
2,28100000;0,35812502
2,28200000;0,35831537
2,28300000;0,35850564
2,28400000;0,35869582
2,28500000;0,35888593
2,28600000;0,35907595
2,28700000;0,35926588
2,28800000;0,35945573
2,28900000;0,35964550
2,29000000;0,35983519
2,29100000;0,36002480
2,29200000;0,36021432
2,29300000;0,36040376
2,29400000;0,36059311
2,29500000;0,36078239
2,29600000;0,36097158
2,29700000;0,36116069
2,29800000;0,36134971
2,29900000;0,36153866
2,30000000;0,36172789
2,30100000;0,36191667
2,30200000;0,36210537
2,30300000;0,36229399
2,30400000;0,36248253
2,30500000;0,36267098
2,30600000;0,36285935
2,30700000;0,36304764
2,30800000;0,36323585
2,30900000;0,36342398
2,31000000;0,36361203
2,31100000;0,36379999
2,31200000;0,36398788
2,31300000;0,36417568
2,31400000;0,36436340
2,31500000;0,36455104
2,31600000;0,36473860
2,31700000;0,36492608
2,31800000;0,36511348
2,31900000;0,36530079
2,32000000;0,36548803
2,32100000;0,36567518
2,32200000;0,36586226
2,32300000;0,36604925
2,32400000;0,36623617
2,32500000;0,36642300
2,32600000;0,36660975
2,32700000;0,36679642
2,32800000;0,36698302
2,32900000;0,36716953
2,33000000;0,36735596
2,33100000;0,36754231
2,33200000;0,36772859
2,33300000;0,36791478
2,33400000;0,36810089
2,33500000;0,36828692
2,33600000;0,36847288
2,33700000;0,36865875
2,33800000;0,36884454
2,33900000;0,36903026
2,34000000;0,36921589
2,34100000;0,36940145
2,34200000;0,36958693
2,34300000;0,36977232
2,34400000;0,36995764
2,34500000;0,37014288
2,34600000;0,37032804
2,34700000;0,37051312
2,34800000;0,37069812
2,34900000;0,37088305
2,35000000;0,37106789
2,35100000;0,37125266
2,35200000;0,37143735
2,35300000;0,37162196
2,35400000;0,37180649
2,35500000;0,37199094
2,35600000;0,37217531
2,35700000;0,37235961
2,35800000;0,37254383
2,35900000;0,37272797
2,36000000;0,37291203
2,36100000;0,37309601
2,36200000;0,37327992
2,36300000;0,37346375
2,36400000;0,37364750
2,36500000;0,37383117
2,36600000;0,37401476
2,36700000;0,37419828
2,36800000;0,37438172
2,36900000;0,37456508
2,37000000;0,37474837
2,37100000;0,37493157
2,37200000;0,37511470
2,37300000;0,37529776
2,37400000;0,37548073
2,37500000;0,37566363
2,37600000;0,37584645
2,37700000;0,37602920
2,37800000;0,37621187
2,37900000;0,37639446
2,38000000;0,37657697
2,38100000;0,37675941
2,38200000;0,37694177
2,38300000;0,37712406
2,38400000;0,37730626
2,38500000;0,37748839
2,38600000;0,37767045
2,38700000;0,37785243
2,38800000;0,37803433
2,38900000;0,37821616
2,39000000;0,37839791
2,39100000;0,37857958
2,39200000;0,37876118
2,39300000;0,37894271
2,39400000;0,37912415
2,39500000;0,37930552
2,39600000;0,37948682
2,39700000;0,37966804
2,39800000;0,37984918
2,39900000;0,38003025
2,40000000;0,38021124
2,40100000;0,38039216
2,40200000;0,38057300
2,40300000;0,38075377
2,40400000;0,38093446
2,40500000;0,38111508
2,40600000;0,38129562
2,40700000;0,38147609
2,40800000;0,38165648
2,40900000;0,38183680
2,41000000;0,38201704
2,41100000;0,38219720
2,41200000;0,38237730
2,41300000;0,38255731
2,41400000;0,38273726
2,41500000;0,38291713
2,41600000;0,38309692
2,41700000;0,38327664
2,41800000;0,38345629
2,41900000;0,38363586
2,42000000;0,38381535
2,42100000;0,38399478
2,42200000;0,38417412
2,42300000;0,38435340
2,42400000;0,38453260
2,42500000;0,38471173
2,42600000;0,38489078
2,42700000;0,38506976
2,42800000;0,38524866
2,42900000;0,38542750
2,43000000;0,38560625
2,43100000;0,38578494
2,43200000;0,38596355
2,43300000;0,38614209
2,43400000;0,38632055
2,43500000;0,38649894
2,43600000;0,38667726
2,43700000;0,38685550
2,43800000;0,38703367
2,43900000;0,38721177
2,44000000;0,38738980
2,44100000;0,38756775
2,44200000;0,38774563
2,44300000;0,38792344
2,44400000;0,38810117
2,44500000;0,38827883
2,44600000;0,38845642
2,44700000;0,38863393
2,44800000;0,38881138
2,44900000;0,38898875
2,45000000;0,38916605
2,45100000;0,38934327
2,45200000;0,38952043
2,45300000;0,38969751
2,45400000;0,38987452
2,45500000;0,39005145
2,45600000;0,39022832
2,45700000;0,39040511
2,45800000;0,39058183
2,45900000;0,39075848
2,46000000;0,39093506
2,46100000;0,39111157
2,46200000;0,39128800
2,46300000;0,39146436
2,46400000;0,39164065
2,46500000;0,39181687
2,46600000;0,39199302
2,46700000;0,39216910
2,46800000;0,39234510
2,46900000;0,39252103
2,47000000;0,39269690
2,47100000;0,39287269
2,47200000;0,39304841
2,47300000;0,39322406
2,47400000;0,39339964
2,47500000;0,39357514
2,47600000;0,39375058
2,47700000;0,39392594
2,47800000;0,39410124
2,47900000;0,39427646
2,48000000;0,39445161
2,48100000;0,39462670
2,48200000;0,39480171
2,48300000;0,39497665
2,48400000;0,39515152
2,48500000;0,39532632
2,48600000;0,39550105
2,48700000;0,39567571
2,48800000;0,39585030
2,48900000;0,39602482
2,49000000;0,39619927
2,49100000;0,39637365
2,49200000;0,39654796
2,49300000;0,39672220
2,49400000;0,39689637
2,49500000;0,39707047
2,49600000;0,39724450
2,49700000;0,39741846
2,49800000;0,39759235
2,49900000;0,39776617
2,50000000;0,39793992
2,50100000;0,39811360
2,50200000;0,39828721
2,50300000;0,39846076
2,50400000;0,39863423
2,50500000;0,39880764
2,50600000;0,39898097
2,50700000;0,39915424
2,50800000;0,39932743
2,50900000;0,39950056
2,51000000;0,39967362
2,51100000;0,39984661
2,51200000;0,40001953
2,51300000;0,40019238
2,51400000;0,40036517
2,51500000;0,40053788
2,51600000;0,40071053
2,51700000;0,40088311
2,51800000;0,40105561
2,51900000;0,40122806
2,52000000;0,40140043
2,52100000;0,40157273
2,52200000;0,40174497
2,52300000;0,40191713
2,52400000;0,40208923
2,52500000;0,40226126
2,52600000;0,40243322
2,52700000;0,40260512
2,52800000;0,40277695
2,52900000;0,40294870
2,53000000;0,40312039
2,53100000;0,40329202
2,53200000;0,40346357
2,53300000;0,40363506
2,53400000;0,40380648
2,53500000;0,40397783
2,53600000;0,40414911
2,53700000;0,40432033
2,53800000;0,40449148
2,53900000;0,40466256
2,54000000;0,40483358
2,54100000;0,40500452
2,54200000;0,40517540
2,54300000;0,40534622
2,54400000;0,40551696
2,54500000;0,40568764
2,54600000;0,40585825
2,54700000;0,40602879
2,54800000;0,40619927
2,54900000;0,40636968
2,55000000;0,40654003
2,55100000;0,40671030
2,55200000;0,40688051
2,55300000;0,40705065
2,55400000;0,40722073
2,55500000;0,40739074
2,55600000;0,40756068
2,55700000;0,40773056
2,55800000;0,40790037
2,55900000;0,40807012
2,56000000;0,40823979
2,56100000;0,40840941
2,56200000;0,40857895
2,56300000;0,40874843
2,56400000;0,40891784
2,56500000;0,40908719
2,56600000;0,40925647
2,56700000;0,40942569
2,56800000;0,40959484
2,56900000;0,40976392
2,57000000;0,40993294
2,57100000;0,41010189
2,57200000;0,41027077
2,57300000;0,41043959
2,57400000;0,41060835
2,57500000;0,41077704
2,57600000;0,41094566
2,57700000;0,41111422
2,57800000;0,41128271
2,57900000;0,41145114
2,58000000;0,41161950
2,58100000;0,41178780
2,58200000;0,41195603
2,58300000;0,41212420
2,58400000;0,41229230
2,58500000;0,41246033
2,58600000;0,41262831
2,58700000;0,41279621
2,58800000;0,41296405
2,58900000;0,41313183
2,59000000;0,41329954
2,59100000;0,41346719
2,59200000;0,41363477
2,59300000;0,41380229
2,59400000;0,41396974
2,59500000;0,41413713
2,59600000;0,41430446
2,59700000;0,41447171
2,59800000;0,41463891
2,59900000;0,41480604
2,60000000;0,41497311
2,60100000;0,41514011
2,60200000;0,41530705
2,60300000;0,41547392
2,60400000;0,41564073
2,60500000;0,41580748
2,60600000;0,41597416
2,60700000;0,41614078
2,60800000;0,41630733
2,60900000;0,41647382
2,61000000;0,41664025
2,61100000;0,41680661
2,61200000;0,41697291
2,61300000;0,41713914
2,61400000;0,41730532
2,61500000;0,41747142
2,61600000;0,41763747
2,61700000;0,41780345
2,61800000;0,41796937
2,61900000;0,41813522
2,62000000;0,41830101
2,62100000;0,41846674
2,62200000;0,41863240
2,62300000;0,41879800
2,62400000;0,41896354
2,62500000;0,41912902
2,62600000;0,41929443
2,62700000;0,41946012
2,62800000;0,41962541
2,62900000;0,41979064
2,63000000;0,41995580
2,63100000;0,42012090
2,63200000;0,42028593
2,63300000;0,42045091
2,63400000;0,42061582
2,63500000;0,42078067
2,63600000;0,42094545
2,63700000;0,42111018
2,63800000;0,42127484
2,63900000;0,42143944
2,64000000;0,42160397
2,64100000;0,42176845
2,64200000;0,42193286
2,64300000;0,42209721
2,64400000;0,42226150
2,64500000;0,42242572
2,64600000;0,42258988
2,64700000;0,42275398
2,64800000;0,42291802
2,64900000;0,42308200
2,65000000;0,42324592
2,65100000;0,42340977
2,65200000;0,42357356
2,65300000;0,42373729
2,65400000;0,42390096
2,65500000;0,42406457
2,65600000;0,42422811
2,65700000;0,42439159
2,65800000;0,42455501
2,65900000;0,42471838
2,66000000;0,42488167
2,66100000;0,42504491
2,66200000;0,42520809
2,66300000;0,42537120
2,66400000;0,42553426
2,66500000;0,42569725
2,66600000;0,42586018
2,66700000;0,42602305
2,66800000;0,42618586
2,66900000;0,42634861
2,67000000;0,42651129
2,67100000;0,42667392
2,67200000;0,42683649
2,67300000;0,42699899
2,67400000;0,42716143
2,67500000;0,42732382
2,67600000;0,42748614
2,67700000;0,42764840
2,67800000;0,42781060
2,67900000;0,42797274
2,68000000;0,42813482
2,68100000;0,42829684
2,68200000;0,42845880
2,68300000;0,42862070
2,68400000;0,42878254
2,68500000;0,42894431
2,68600000;0,42910603
2,68700000;0,42926769
2,68800000;0,42942929
2,68900000;0,42959082
2,69000000;0,42975230
2,69100000;0,42991372
2,69200000;0,43007508
2,69300000;0,43023637
2,69400000;0,43039761
2,69500000;0,43055879
2,69600000;0,43071991
2,69700000;0,43088096
2,69800000;0,43104196
2,69900000;0,43120290
2,70000000;0,43136378
2,70100000;0,43152460
2,70200000;0,43168536
2,70300000;0,43184606
2,70400000;0,43200670
2,70500000;0,43216728
2,70600000;0,43232780
2,70700000;0,43248827
2,70800000;0,43264867
2,70900000;0,43280902
2,71000000;0,43296930
2,71100000;0,43312953
2,71200000;0,43328969
2,71300000;0,43344980
2,71400000;0,43360985
2,71500000;0,43376984
2,71600000;0,43392977
2,71700000;0,43408964
2,71800000;0,43424946
2,71900000;0,43440921
2,72000000;0,43456891
2,72100000;0,43472854
2,72200000;0,43488812
2,72300000;0,43504764
2,72400000;0,43520710
2,72500000;0,43536651
2,72600000;0,43552585
2,72700000;0,43568514
2,72800000;0,43584436
2,72900000;0,43600353
2,73000000;0,43616264
2,73100000;0,43632170
2,73200000;0,43648069
2,73300000;0,43663963
2,73400000;0,43679850
2,73500000;0,43695732
2,73600000;0,43711609
2,73700000;0,43727479
2,73800000;0,43743344
2,73900000;0,43759202
2,74000000;0,43775055
2,74100000;0,43790903
2,74200000;0,43806744
2,74300000;0,43822580
2,74400000;0,43838409
2,74500000;0,43854234
2,74600000;0,43870052
2,74700000;0,43885864
2,74800000;0,43901671
2,74900000;0,43917472
2,75000000;0,43933268
2,75100000;0,43949057
2,75200000;0,43964841
2,75300000;0,43980619
2,75400000;0,43996392
2,75500000;0,44012158
2,75600000;0,44027919
2,75700000;0,44043674
2,75800000;0,44059424
2,75900000;0,44075168
2,76000000;0,44090906
2,76100000;0,44106638
2,76200000;0,44122365
2,76300000;0,44138086
2,76400000;0,44153801
2,76500000;0,44169511
2,76600000;0,44185215
2,76700000;0,44200913
2,76800000;0,44216605
2,76900000;0,44232292
2,77000000;0,44247974
2,77100000;0,44263649
2,77200000;0,44279319
2,77300000;0,44294983
2,77400000;0,44310642
2,77500000;0,44326295
2,77600000;0,44341942
2,77700000;0,44357584
2,77800000;0,44373220
2,77900000;0,44388851
2,78000000;0,44404475
2,78100000;0,44420095
2,78200000;0,44435708
2,78300000;0,44451316
2,78400000;0,44466919
2,78500000;0,44482515
2,78600000;0,44498107
2,78700000;0,44513692
2,78800000;0,44529272
2,78900000;0,44544846
2,79000000;0,44560415
2,79100000;0,44575979
2,79200000;0,44591536
2,79300000;0,44607088
2,79400000;0,44622635
2,79500000;0,44638176
2,79600000;0,44653711
2,79700000;0,44669241
2,79800000;0,44684765
2,79900000;0,44700284
2,80000000;0,44715797
2,80100000;0,44731305
2,80200000;0,44746807
2,80300000;0,44762304
2,80400000;0,44777795
2,80500000;0,44793280
2,80600000;0,44808760
2,80700000;0,44824235
2,80800000;0,44839704
2,80900000;0,44855167
2,81000000;0,44870625
2,81100000;0,44886078
2,81200000;0,44901525
2,81300000;0,44916966
2,81400000;0,44932402
2,81500000;0,44947832
2,81600000;0,44963258
2,81700000;0,44978677
2,81800000;0,44994091
2,81900000;0,45009500
2,82000000;0,45024903
2,82100000;0,45040301
2,82200000;0,45055693
2,82300000;0,45071080
2,82400000;0,45086461
2,82500000;0,45101837
2,82600000;0,45117207
2,82700000;0,45132572
2,82800000;0,45147932
2,82900000;0,45163286
2,83000000;0,45178635
2,83100000;0,45193978
2,83200000;0,45209316
2,83300000;0,45224648
2,83400000;0,45239975
2,83500000;0,45255297
2,83600000;0,45270613
2,83700000;0,45285924
2,83800000;0,45301229
2,83900000;0,45316529
2,84000000;0,45331824
2,84100000;0,45347113
2,84200000;0,45362397
2,84300000;0,45377676
2,84400000;0,45392949
2,84500000;0,45408216
2,84600000;0,45423479
2,84700000;0,45438736
2,84800000;0,45453987
2,84900000;0,45469234
2,85000000;0,45484475
2,85100000;0,45499710
2,85200000;0,45514941
2,85300000;0,45530166
2,85400000;0,45545385
2,85500000;0,45560599
2,85600000;0,45575808
2,85700000;0,45591012
2,85800000;0,45606210
2,85900000;0,45621403
2,86000000;0,45636591
2,86100000;0,45651773
2,86200000;0,45666950
2,86300000;0,45682122
2,86400000;0,45697288
2,86500000;0,45712450
2,86600000;0,45727605
2,86700000;0,45742756
2,86800000;0,45757901
2,86900000;0,45773041
2,87000000;0,45788176
2,87100000;0,45803305
2,87200000;0,45818430
2,87300000;0,45833548
2,87400000;0,45848662
2,87500000;0,45863771
2,87600000;0,45878874
2,87700000;0,45893972
2,87800000;0,45909064
2,87900000;0,45924152
2,88000000;0,45939234
2,88100000;0,45954311
2,88200000;0,45969382
2,88300000;0,45984449
2,88400000;0,45999510
2,88500000;0,46014566
2,88600000;0,46029617
2,88700000;0,46044662
2,88800000;0,46059703
2,88900000;0,46074738
2,89000000;0,46089768
2,89100000;0,46104793
2,89200000;0,46119812
2,89300000;0,46134827
2,89400000;0,46149836
2,89500000;0,46164840
2,89600000;0,46179838
2,89700000;0,46194832
2,89800000;0,46209821
2,89900000;0,46224804
2,90000000;0,46239782
2,90100000;0,46254755
2,90200000;0,46269723
2,90300000;0,46284685
2,90400000;0,46299643
2,90500000;0,46314595
2,90600000;0,46329542
2,90700000;0,46344484
2,90800000;0,46359421
2,90900000;0,46374353
2,91000000;0,46389280
2,91100000;0,46404201
2,91200000;0,46419117
2,91300000;0,46434029
2,91400000;0,46448935
2,91500000;0,46463836
2,91600000;0,46478732
2,91700000;0,46493622
2,91800000;0,46508508
2,91900000;0,46523389
2,92000000;0,46538264
2,92100000;0,46553135
2,92200000;0,46568000
2,92300000;0,46582860
2,92400000;0,46597715
2,92500000;0,46612565
2,92600000;0,46627410
2,92700000;0,46642250
2,92800000;0,46657085
2,92900000;0,46671915
2,93000000;0,46686739
2,93100000;0,46701559
2,93200000;0,46716374
2,93300000;0,46731183
2,93400000;0,46745988
2,93500000;0,46760787
2,93600000;0,46775582
2,93700000;0,46790371
2,93800000;0,46805155
2,93900000;0,46819935
2,94000000;0,46834709
2,94100000;0,46849478
2,94200000;0,46864242
2,94300000;0,46879001
2,94400000;0,46893756
2,94500000;0,46908505
2,94600000;0,46923249
2,94700000;0,46937988
2,94800000;0,46952722
2,94900000;0,46967451
2,95000000;0,46982176
2,95100000;0,46996895
2,95200000;0,47011609
2,95300000;0,47026318
2,95400000;0,47041022
2,95500000;0,47055722
2,95600000;0,47070416
2,95700000;0,47085105
2,95800000;0,47099790
2,95900000;0,47114469
2,96000000;0,47129176
2,96100000;0,47143846
2,96200000;0,47158510
2,96300000;0,47173170
2,96400000;0,47187825
2,96500000;0,47202475
2,96600000;0,47217119
2,96700000;0,47231759
2,96800000;0,47246394
2,96900000;0,47261024
2,97000000;0,47275649
2,97100000;0,47290270
2,97200000;0,47304885
2,97300000;0,47319495
2,97400000;0,47334101
2,97500000;0,47348701
2,97600000;0,47363297
2,97700000;0,47377888
2,97800000;0,47392474
2,97900000;0,47407054
2,98000000;0,47421631
2,98100000;0,47436202
2,98200000;0,47450768
2,98300000;0,47465329
2,98400000;0,47479886
2,98500000;0,47494437
2,98600000;0,47508984
2,98700000;0,47523526
2,98800000;0,47538063
2,98900000;0,47552595
2,99000000;0,47567122
2,99100000;0,47581645
2,99200000;0,47596162
2,99300000;0,47610675
2,99400000;0,47625183
2,99500000;0,47639686
2,99600000;0,47654184
2,99700000;0,47668678
2,99800000;0,47683166
2,99900000;0,47697650
3,00000000;0,47712129
3,00100000;0,47726603
3,00200000;0,47741072
3,00300000;0,47755536
3,00400000;0,47769996
3,00500000;0,47784451
3,00600000;0,47798900
3,00700000;0,47813346
3,00800000;0,47827786
3,00900000;0,47842221
3,01000000;0,47856652
3,01100000;0,47871078
3,01200000;0,47885499
3,01300000;0,47899916
3,01400000;0,47914327
3,01500000;0,47928734
3,01600000;0,47943136
3,01700000;0,47957533
3,01800000;0,47971926
3,01900000;0,47986313
3,02000000;0,48000696
3,02100000;0,48015075
3,02200000;0,48029448
3,02300000;0,48043817
3,02400000;0,48058181
3,02500000;0,48072540
3,02600000;0,48086894
3,02700000;0,48101244
3,02800000;0,48115589
3,02900000;0,48129929
3,03000000;0,48144264
3,03100000;0,48158595
3,03200000;0,48172921
3,03300000;0,48187242
3,03400000;0,48201559
3,03500000;0,48215871
3,03600000;0,48230178
3,03700000;0,48244480
3,03800000;0,48258778
3,03900000;0,48273071
3,04000000;0,48287359
3,04100000;0,48301643
3,04200000;0,48315922
3,04300000;0,48330196
3,04400000;0,48344465
3,04500000;0,48358730
3,04600000;0,48372990
3,04700000;0,48387246
3,04800000;0,48401497
3,04900000;0,48415743
3,05000000;0,48429984
3,05100000;0,48444221
3,05200000;0,48458453
3,05300000;0,48472681
3,05400000;0,48486903
3,05500000;0,48501121
3,05600000;0,48515335
3,05700000;0,48529544
3,05800000;0,48543748
3,05900000;0,48557947
3,06000000;0,48572142
3,06100000;0,48586333
3,06200000;0,48600518
3,06300000;0,48614699
3,06400000;0,48628875
3,06500000;0,48643047
3,06600000;0,48657214
3,06700000;0,48671377
3,06800000;0,48685535
3,06900000;0,48699688
3,07000000;0,48713837
3,07100000;0,48727981
3,07200000;0,48742120
3,07300000;0,48756255
3,07400000;0,48770385
3,07500000;0,48784511
3,07600000;0,48798632
3,07700000;0,48812748
3,07800000;0,48826860
3,07900000;0,48840967
3,08000000;0,48855070
3,08100000;0,48869168
3,08200000;0,48883262
3,08300000;0,48897351
3,08400000;0,48911435
3,08500000;0,48925515
3,08600000;0,48939590
3,08700000;0,48953661
3,08800000;0,48967727
3,08900000;0,48981788
3,09000000;0,48995845
3,09100000;0,49009898
3,09200000;0,49023946
3,09300000;0,49037989
3,09400000;0,49052028
3,09500000;0,49066062
3,09600000;0,49080092
3,09700000;0,49094118
3,09800000;0,49108138
3,09900000;0,49122154
3,10000000;0,49136166
3,10100000;0,49150173
3,10200000;0,49164176
3,10300000;0,49178174
3,10400000;0,49192168
3,10500000;0,49206157
3,10600000;0,49220141
3,10700000;0,49234122
3,10800000;0,49248097
3,10900000;0,49262068
3,11000000;0,49276035
3,11100000;0,49289997
3,11200000;0,49303955
3,11300000;0,49317908
3,11400000;0,49331856
3,11500000;0,49345801
3,11600000;0,49359740
3,11700000;0,49373676
3,11800000;0,49387606
3,11900000;0,49401533
3,12000000;0,49415455
3,12100000;0,49429372
3,12200000;0,49443285
3,12300000;0,49457193
3,12400000;0,49471097
3,12500000;0,49484997
3,12600000;0,49498892
3,12700000;0,49512783
3,12800000;0,49526669
3,12900000;0,49540551
3,13000000;0,49554428
3,13100000;0,49568301
3,13200000;0,49582169
3,13300000;0,49596033
3,13400000;0,49609893
3,13500000;0,49623748
3,13600000;0,49637599
3,13700000;0,49651446
3,13800000;0,49665287
3,13900000;0,49679125
3,14000000;0,49692958
3,14100000;0,49706787
3,14200000;0,49720611
3,14300000;0,49734431
3,14400000;0,49748247
3,14500000;0,49762058
3,14600000;0,49775865
3,14700000;0,49789667
3,14800000;0,49803465
3,14900000;0,49817259
3,15000000;0,49831048
3,15100000;0,49844833
3,15200000;0,49858613
3,15300000;0,49872389
3,15400000;0,49886161
3,15500000;0,49899928
3,15600000;0,49913691
3,15700000;0,49927450
3,15800000;0,49941204
3,15900000;0,49954954
3,16000000;0,49968700
3,16100000;0,49982441
3,16200000;0,49996178
3,16300000;0,50009910
3,16400000;0,50023639
3,16500000;0,50037362
3,16600000;0,50051082
3,16700000;0,50064797
3,16800000;0,50078508
3,16900000;0,50092214
3,17000000;0,50105917
3,17100000;0,50119615
3,17200000;0,50133308
3,17300000;0,50146997
3,17400000;0,50160682
3,17500000;0,50174363
3,17600000;0,50188039
3,17700000;0,50201711
3,17800000;0,50215379
3,17900000;0,50229042
3,18000000;0,50242701
3,18100000;0,50256356
3,18200000;0,50270007
3,18300000;0,50283653
3,18400000;0,50297295
3,18500000;0,50310933
3,18600000;0,50324566
3,18700000;0,50338195
3,18800000;0,50351820
3,18900000;0,50365440
3,19000000;0,50379057
3,19100000;0,50392669
3,19200000;0,50406276
3,19300000;0,50419880
3,19400000;0,50433479
3,19500000;0,50447074
3,19600000;0,50460665
3,19700000;0,50474251
3,19800000;0,50487833
3,19900000;0,50501411
3,20000000;0,50514985
3,20100000;0,50528554
3,20200000;0,50542120
3,20300000;0,50555681
3,20400000;0,50569237
3,20500000;0,50582790
3,20600000;0,50596338
3,20700000;0,50609882
3,20800000;0,50623422
3,20900000;0,50636958
3,21000000;0,50650489
3,21100000;0,50664016
3,21200000;0,50677539
3,21300000;0,50691058
3,21400000;0,50704573
3,21500000;0,50718083
3,21600000;0,50731589
3,21700000;0,50745091
3,21800000;0,50758589
3,21900000;0,50772083
3,22000000;0,50785572
3,22100000;0,50799057
3,22200000;0,50812538
3,22300000;0,50826015
3,22400000;0,50839488
3,22500000;0,50852956
3,22600000;0,50866420
3,22700000;0,50879880
3,22800000;0,50893336
3,22900000;0,50906788
3,23000000;0,50920236
3,23100000;0,50933679
3,23200000;0,50947118
3,23300000;0,50960554
3,23400000;0,50973985
3,23500000;0,50987411
3,23600000;0,51000834
3,23700000;0,51014253
3,23800000;0,51027667
3,23900000;0,51041077
3,24000000;0,51054483
3,24100000;0,51067885
3,24200000;0,51081283
3,24300000;0,51094677
3,24400000;0,51108066
3,24500000;0,51121452
3,24600000;0,51134833
3,24700000;0,51148210
3,24800000;0,51161583
3,24900000;0,51174952
3,25000000;0,51188317
3,25100000;0,51201678
3,25200000;0,51215034
3,25300000;0,51228387
3,25400000;0,51241735
3,25500000;0,51255079
3,25600000;0,51268420
3,25700000;0,51281756
3,25800000;0,51295088
3,25900000;0,51308416
3,26000000;0,51321739
3,26100000;0,51335059
3,26200000;0,51348375
3,26300000;0,51361686
3,26400000;0,51374994
3,26500000;0,51388297
3,26600000;0,51401597
3,26700000;0,51414892
3,26800000;0,51428183
3,26900000;0,51441470
3,27000000;0,51454753
3,27100000;0,51468032
3,27200000;0,51481307
3,27300000;0,51494578
3,27400000;0,51507845
3,27500000;0,51521108
3,27600000;0,51534366
3,27700000;0,51547621
3,27800000;0,51560872
3,27900000;0,51574118
3,28000000;0,51587361
3,28100000;0,51600599
3,28200000;0,51613834
3,28300000;0,51627064
3,28400000;0,51640291
3,28500000;0,51653513
3,28600000;0,51666731
3,28700000;0,51679946
3,28800000;0,51693156
3,28900000;0,51706362
3,29000000;0,51719565
3,29100000;0,51732763
3,29200000;0,51745957
3,29300000;0,51759147
3,29400000;0,51772334
3,29500000;0,51785516
3,29600000;0,51798694
3,29700000;0,51811900
3,29800000;0,51825070
3,29900000;0,51838236
3,30000000;0,51851399
3,30100000;0,51864557
3,30200000;0,51877711
3,30300000;0,51890862
3,30400000;0,51904008
3,30500000;0,51917151
3,30600000;0,51930289
3,30700000;0,51943424
3,30800000;0,51956554
3,30900000;0,51969681
3,31000000;0,51982804
3,31100000;0,51995922
3,31200000;0,52009037
3,31300000;0,52022148
3,31400000;0,52035254
3,31500000;0,52048357
3,31600000;0,52061456
3,31700000;0,52074551
3,31800000;0,52087642
3,31900000;0,52100729
3,32000000;0,52113812
3,32100000;0,52126891
3,32200000;0,52139966
3,32300000;0,52153038
3,32400000;0,52166105
3,32500000;0,52179168
3,32600000;0,52192228
3,32700000;0,52205283
3,32800000;0,52218335
3,32900000;0,52231383
3,33000000;0,52244427
3,33100000;0,52257466
3,33200000;0,52270502
3,33300000;0,52283534
3,33400000;0,52296563
3,33500000;0,52309587
3,33600000;0,52322607
3,33700000;0,52335624
3,33800000;0,52348636
3,33900000;0,52361645
3,34000000;0,52374649
3,34100000;0,52387650
3,34200000;0,52400647
3,34300000;0,52413640
3,34400000;0,52426629
3,34500000;0,52439615
3,34600000;0,52452596
3,34700000;0,52465574
3,34800000;0,52478547
3,34900000;0,52491517
3,35000000;0,52504483
3,35100000;0,52517445
3,35200000;0,52530403
3,35300000;0,52543357
3,35400000;0,52556308
3,35500000;0,52569254
3,35600000;0,52582197
3,35700000;0,52595136
3,35800000;0,52608071
3,35900000;0,52621002
3,36000000;0,52633929
3,36100000;0,52646853
3,36200000;0,52659772
3,36300000;0,52672688
3,36400000;0,52685600
3,36500000;0,52698508
3,36600000;0,52711412
3,36700000;0,52724313
3,36800000;0,52737209
3,36900000;0,52750102
3,37000000;0,52762991
3,37100000;0,52775876
3,37200000;0,52788758
3,37300000;0,52801635
3,37400000;0,52814509
3,37500000;0,52827378
3,37600000;0,52840245
3,37700000;0,52853107
3,37800000;0,52865965
3,37900000;0,52878820
3,38000000;0,52891671
3,38100000;0,52904517
3,38200000;0,52917361
3,38300000;0,52930200
3,38400000;0,52943036
3,38500000;0,52955867
3,38600000;0,52968695
3,38700000;0,52981520
3,38800000;0,52994340
3,38900000;0,53007157
3,39000000;0,53019970
3,39100000;0,53032779
3,39200000;0,53045584
3,39300000;0,53058386
3,39400000;0,53071183
3,39500000;0,53083977
3,39600000;0,53096768
3,39700000;0,53109554
3,39800000;0,53122337
3,39900000;0,53135116
3,40000000;0,53147891
3,40100000;0,53160662
3,40200000;0,53173430
3,40300000;0,53186194
3,40400000;0,53198954
3,40500000;0,53211711
3,40600000;0,53224463
3,40700000;0,53237212
3,40800000;0,53249957
3,40900000;0,53262699
3,41000000;0,53275436
3,41100000;0,53288170
3,41200000;0,53300901
3,41300000;0,53313627
3,41400000;0,53326350
3,41500000;0,53339069
3,41600000;0,53351784
3,41700000;0,53364496
3,41800000;0,53377204
3,41900000;0,53389908
3,42000000;0,53402608
3,42100000;0,53415305
3,42200000;0,53427998
3,42300000;0,53440688
3,42400000;0,53453373
3,42500000;0,53466055
3,42600000;0,53478733
3,42700000;0,53491408
3,42800000;0,53504079
3,42900000;0,53516746
3,43000000;0,53529409
3,43100000;0,53542069
3,43200000;0,53554725
3,43300000;0,53567377
3,43400000;0,53580026
3,43500000;0,53592671
3,43600000;0,53605312
3,43700000;0,53617950
3,43800000;0,53630584
3,43900000;0,53643214
3,44000000;0,53655841
3,44100000;0,53668464
3,44200000;0,53681083
3,44300000;0,53693698
3,44400000;0,53706310
3,44500000;0,53718919
3,44600000;0,53731523
3,44700000;0,53744124
3,44800000;0,53756721
3,44900000;0,53769315
3,45000000;0,53781905
3,45100000;0,53794491
3,45200000;0,53807074
3,45300000;0,53819653
3,45400000;0,53832229
3,45500000;0,53844800
3,45600000;0,53857369
3,45700000;0,53869933
3,45800000;0,53882494
3,45900000;0,53895051
3,46000000;0,53907605
3,46100000;0,53920155
3,46200000;0,53932701
3,46300000;0,53945244
3,46400000;0,53957783
3,46500000;0,53970318
3,46600000;0,53982850
3,46700000;0,53995378
3,46800000;0,54007903
3,46900000;0,54020424
3,47000000;0,54032941
3,47100000;0,54045455
3,47200000;0,54057965
3,47300000;0,54070472
3,47400000;0,54082975
3,47500000;0,54095474
3,47600000;0,54107970
3,47700000;0,54120462
3,47800000;0,54132951
3,47900000;0,54145436
3,48000000;0,54157918
3,48100000;0,54170395
3,48200000;0,54182870
3,48300000;0,54195340
3,48400000;0,54207807
3,48500000;0,54220271
3,48600000;0,54232731
3,48700000;0,54245187
3,48800000;0,54257640
3,48900000;0,54270089
3,49000000;0,54282535
3,49100000;0,54294977
3,49200000;0,54307416
3,49300000;0,54319851
3,49400000;0,54332282
3,49500000;0,54344710
3,49600000;0,54357134
3,49700000;0,54369555
3,49800000;0,54381972
3,49900000;0,54394386
3,50000000;0,54406796
3,50100000;0,54419202
3,50200000;0,54431605
3,50300000;0,54444005
3,50400000;0,54456401
3,50500000;0,54468793
3,50600000;0,54481182
3,50700000;0,54493567
3,50800000;0,54505949
3,50900000;0,54518327
3,51000000;0,54530702
3,51100000;0,54543073
3,51200000;0,54555441
3,51300000;0,54567805
3,51400000;0,54580166
3,51500000;0,54592523
3,51600000;0,54604876
3,51700000;0,54617227
3,51800000;0,54629573
3,51900000;0,54641916
3,52000000;0,54654256
3,52100000;0,54666592
3,52200000;0,54678924
3,52300000;0,54691253
3,52400000;0,54703579
3,52500000;0,54715901
3,52600000;0,54728220
3,52700000;0,54740535
3,52800000;0,54752846
3,52900000;0,54765154
3,53000000;0,54777459
3,53100000;0,54789760
3,53200000;0,54802058
3,53300000;0,54814352
3,53400000;0,54826642
3,53500000;0,54838930
3,53600000;0,54851213
3,53700000;0,54863494
3,53800000;0,54875770
3,53900000;0,54888044
3,54000000;0,54900314
3,54100000;0,54912580
3,54200000;0,54924843
3,54300000;0,54937102
3,54400000;0,54949358
3,54500000;0,54961611
3,54600000;0,54973860
3,54700000;0,54986105
3,54800000;0,54998348
3,54900000;0,55010586
3,55000000;0,55022822
3,55100000;0,55035053
3,55200000;0,55047282
3,55300000;0,55059507
3,55400000;0,55071728
3,55500000;0,55083946
3,55600000;0,55096161
3,55700000;0,55108372
3,55800000;0,55120580
3,55900000;0,55132784
3,56000000;0,55144985
3,56100000;0,55157182
3,56200000;0,55169376
3,56300000;0,55181567
3,56400000;0,55193754
3,56500000;0,55205938
3,56600000;0,55218118
3,56700000;0,55230295
3,56800000;0,55242469
3,56900000;0,55254639
3,57000000;0,55266806
3,57100000;0,55278969
3,57200000;0,55291129
3,57300000;0,55303285
3,57400000;0,55315438
3,57500000;0,55327588
3,57600000;0,55339734
3,57700000;0,55351877
3,57800000;0,55364017
3,57900000;0,55376153
3,58000000;0,55388285
3,58100000;0,55400415
3,58200000;0,55412541
3,58300000;0,55424663
3,58400000;0,55436782
3,58500000;0,55448898
3,58600000;0,55461011
3,58700000;0,55473120
3,58800000;0,55485225
3,58900000;0,55497327
3,59000000;0,55509426
3,59100000;0,55521522
3,59200000;0,55533614
3,59300000;0,55545703
3,59400000;0,55557788
3,59500000;0,55569870
3,59600000;0,55581949
3,59700000;0,55594024
3,59800000;0,55606096
3,59900000;0,55618165
3,60000000;0,55630230
3,60100000;0,55642292
3,60200000;0,55654351
3,60300000;0,55666406
3,60400000;0,55678458
3,60500000;0,55690506
3,60600000;0,55702552
3,60700000;0,55714594
3,60800000;0,55726632
3,60900000;0,55738667
3,61000000;0,55750699
3,61100000;0,55762728
3,61200000;0,55774753
3,61300000;0,55786775
3,61400000;0,55798793
3,61500000;0,55810808
3,61600000;0,55822820
3,61700000;0,55834829
3,61800000;0,55846834
3,61900000;0,55858836
3,62000000;0,55870835
3,62100000;0,55882830
3,62200000;0,55894822
3,62300000;0,55906811
3,62400000;0,55918796
3,62500000;0,55930778
3,62600000;0,55942757
3,62700000;0,55954732
3,62800000;0,55966704
3,62900000;0,55978673
3,63000000;0,55990639
3,63100000;0,56002601
3,63200000;0,56014560
3,63300000;0,56026515
3,63400000;0,56038468
3,63500000;0,56050417
3,63600000;0,56062363
3,63700000;0,56074335
3,63800000;0,56086274
3,63900000;0,56098210
3,64000000;0,56110143
3,64100000;0,56122072
3,64200000;0,56133998
3,64300000;0,56145921
3,64400000;0,56157841
3,64500000;0,56169757
3,64600000;0,56181671
3,64700000;0,56193580
3,64800000;0,56205487
3,64900000;0,56217390
3,65000000;0,56229290
3,65100000;0,56241187
3,65200000;0,56253081
3,65300000;0,56264971
3,65400000;0,56276858
3,65500000;0,56288742
3,65600000;0,56300622
3,65700000;0,56312500
3,65800000;0,56324374
3,65900000;0,56336244
3,66000000;0,56348112
3,66100000;0,56359976
3,66200000;0,56371837
3,66300000;0,56383695
3,66400000;0,56395550
3,66500000;0,56407401
3,66600000;0,56419249
3,66700000;0,56431094
3,66800000;0,56442936
3,66900000;0,56454774
3,67000000;0,56466609
3,67100000;0,56478441
3,67200000;0,56490270
3,67300000;0,56502096
3,67400000;0,56513918
3,67500000;0,56525737
3,67600000;0,56537553
3,67700000;0,56549366
3,67800000;0,56561175
3,67900000;0,56572981
3,68000000;0,56584784
3,68100000;0,56596584
3,68200000;0,56608381
3,68300000;0,56620174
3,68400000;0,56631964
3,68500000;0,56643751
3,68600000;0,56655535
3,68700000;0,56667316
3,68800000;0,56679093
3,68900000;0,56690868
3,69000000;0,56702639
3,69100000;0,56714406
3,69200000;0,56726171
3,69300000;0,56737933
3,69400000;0,56749691
3,69500000;0,56761446
3,69600000;0,56773198
3,69700000;0,56784947
3,69800000;0,56796692
3,69900000;0,56808435
3,70000000;0,56820174
3,70100000;0,56831910
3,70200000;0,56843643
3,70300000;0,56855372
3,70400000;0,56867099
3,70500000;0,56878822
3,70600000;0,56890543
3,70700000;0,56902260
3,70800000;0,56913973
3,70900000;0,56925684
3,71000000;0,56937392
3,71100000;0,56949096
3,71200000;0,56960797
3,71300000;0,56972496
3,71400000;0,56984191
3,71500000;0,56995882
3,71600000;0,57007571
3,71700000;0,57019257
3,71800000;0,57030939
3,71900000;0,57042618
3,72000000;0,57054294
3,72100000;0,57065967
3,72200000;0,57077637
3,72300000;0,57089304
3,72400000;0,57100967
3,72500000;0,57112628
3,72600000;0,57124285
3,72700000;0,57135939
3,72800000;0,57147590
3,72900000;0,57159238
3,73000000;0,57170883
3,73100000;0,57182524
3,73200000;0,57194163
3,73300000;0,57205798
3,73400000;0,57217431
3,73500000;0,57229060
3,73600000;0,57240686
3,73700000;0,57252309
3,73800000;0,57263929
3,73900000;0,57275546
3,74000000;0,57287159
3,74100000;0,57298770
3,74200000;0,57310377
3,74300000;0,57321982
3,74400000;0,57333583
3,74500000;0,57345181
3,74600000;0,57356776
3,74700000;0,57368368
3,74800000;0,57379957
3,74900000;0,57391542
3,75000000;0,57403125
3,75100000;0,57414705
3,75200000;0,57426281
3,75300000;0,57437855
3,75400000;0,57449425
3,75500000;0,57460992
3,75600000;0,57472556
3,75700000;0,57484117
3,75800000;0,57495675
3,75900000;0,57507230
3,76000000;0,57518782
3,76100000;0,57530331
3,76200000;0,57541877
3,76300000;0,57553419
3,76400000;0,57564959
3,76500000;0,57576495
3,76600000;0,57588029
3,76700000;0,57599559
3,76800000;0,57611087
3,76900000;0,57622611
3,77000000;0,57634132
3,77100000;0,57645650
3,77200000;0,57657165
3,77300000;0,57668677
3,77400000;0,57680186
3,77500000;0,57691692
3,77600000;0,57703195
3,77700000;0,57714695
3,77800000;0,57726192
3,77900000;0,57737686
3,78000000;0,57749176
3,78100000;0,57760664
3,78200000;0,57772149
3,78300000;0,57783630
3,78400000;0,57795109
3,78500000;0,57806584
3,78600000;0,57818057
3,78700000;0,57829526
3,78800000;0,57840993
3,78900000;0,57852456
3,79000000;0,57863917
3,79100000;0,57875374
3,79200000;0,57886828
3,79300000;0,57898280
3,79400000;0,57909728
3,79500000;0,57921173
3,79600000;0,57932615
3,79700000;0,57944055
3,79800000;0,57955491
3,79900000;0,57966924
3,80000000;0,57978354
3,80100000;0,57989782
3,80200000;0,58001206
3,80300000;0,58012627
3,80400000;0,58024045
3,80500000;0,58035461
3,80600000;0,58046873
3,80700000;0,58058282
3,80800000;0,58069688
3,80900000;0,58081091
3,81000000;0,58092492
3,81100000;0,58103889
3,81200000;0,58115283
3,81300000;0,58126674
3,81400000;0,58138063
3,81500000;0,58149448
3,81600000;0,58160830
3,81700000;0,58172209
3,81800000;0,58183586
3,81900000;0,58194959
3,82000000;0,58206329
3,82100000;0,58217697
3,82200000;0,58229061
3,82300000;0,58240423
3,82400000;0,58251781
3,82500000;0,58263137
3,82600000;0,58274489
3,82700000;0,58285839
3,82800000;0,58297185
3,82900000;0,58308529
3,83000000;0,58319870
3,83100000;0,58331207
3,83200000;0,58342542
3,83300000;0,58353874
3,83400000;0,58365203
3,83500000;0,58376529
3,83600000;0,58387852
3,83700000;0,58399172
3,83800000;0,58410489
3,83900000;0,58421803
3,84000000;0,58433114
3,84100000;0,58444422
3,84200000;0,58455727
3,84300000;0,58467030
3,84400000;0,58478329
3,84500000;0,58489625
3,84600000;0,58500919
3,84700000;0,58512209
3,84800000;0,58523497
3,84900000;0,58534782
3,85000000;0,58546064
3,85100000;0,58557342
3,85200000;0,58568618
3,85300000;0,58579891
3,85400000;0,58591161
3,85500000;0,58602428
3,85600000;0,58613693
3,85700000;0,58624954
3,85800000;0,58636212
3,85900000;0,58647468
3,86000000;0,58658720
3,86100000;0,58669970
3,86200000;0,58681216
3,86300000;0,58692460
3,86400000;0,58703701
3,86500000;0,58714939
3,86600000;0,58726174
3,86700000;0,58737406
3,86800000;0,58748635
3,86900000;0,58759862
3,87000000;0,58771085
3,87100000;0,58782306
3,87200000;0,58793523
3,87300000;0,58804738
3,87400000;0,58815950
3,87500000;0,58827159
3,87600000;0,58838365
3,87700000;0,58849568
3,87800000;0,58860768
3,87900000;0,58871966
3,88000000;0,58883160
3,88100000;0,58894352
3,88200000;0,58905541
3,88300000;0,58916727
3,88400000;0,58927909
3,88500000;0,58939090
3,88600000;0,58950267
3,88700000;0,58961441
3,88800000;0,58972613
3,88900000;0,58983781
3,89000000;0,58994947
3,89100000;0,59006110
3,89200000;0,59017270
3,89300000;0,59028427
3,89400000;0,59039581
3,89500000;0,59050732
3,89600000;0,59061881
3,89700000;0,59073027
3,89800000;0,59084169
3,89900000;0,59095309
3,90000000;0,59106446
3,90100000;0,59117581
3,90200000;0,59128712
3,90300000;0,59139841
3,90400000;0,59150966
3,90500000;0,59162089
3,90600000;0,59173209
3,90700000;0,59184326
3,90800000;0,59195440
3,90900000;0,59206552
3,91000000;0,59217660
3,91100000;0,59228766
3,91200000;0,59239869
3,91300000;0,59250969
3,91400000;0,59262066
3,91500000;0,59273161
3,91600000;0,59284252
3,91700000;0,59295341
3,91800000;0,59306427
3,91900000;0,59317510
3,92000000;0,59328590
3,92100000;0,59339668
3,92200000;0,59350742
3,92300000;0,59361814
3,92400000;0,59372883
3,92500000;0,59383949
3,92600000;0,59395012
3,92700000;0,59406073
3,92800000;0,59417131
3,92900000;0,59428185
3,93000000;0,59439237
3,93100000;0,59450287
3,93200000;0,59461333
3,93300000;0,59472377
3,93400000;0,59483418
3,93500000;0,59494456
3,93600000;0,59505491
3,93700000;0,59516523
3,93800000;0,59527553
3,93900000;0,59538579
3,94000000;0,59549603
3,94100000;0,59560625
3,94200000;0,59571643
3,94300000;0,59582659
3,94400000;0,59593671
3,94500000;0,59604681
3,94600000;0,59615689
3,94700000;0,59626693
3,94800000;0,59637695
3,94900000;0,59648694
3,95000000;0,59659690
3,95100000;0,59670683
3,95200000;0,59681673
3,95300000;0,59692661
3,95400000;0,59703646
3,95500000;0,59714628
3,95600000;0,59725608
3,95700000;0,59736584
3,95800000;0,59747558
3,95900000;0,59758529
3,96000000;0,59769497
3,96100000;0,59780463
3,96200000;0,59791426
3,96300000;0,59802386
3,96400000;0,59813343
3,96500000;0,59824297
3,96600000;0,59835249
3,96700000;0,59846198
3,96800000;0,59857144
3,96900000;0,59868088
3,97000000;0,59879028
3,97100000;0,59889966
3,97200000;0,59900901
3,97300000;0,59911834
3,97400000;0,59922763
3,97500000;0,59933690
3,97600000;0,59944614
3,97700000;0,59955536
3,97800000;0,59966454
3,97900000;0,59977398
3,98000000;0,59988312
3,98100000;0,59999222
3,98200000;0,60010130
3,98300000;0,60021035
3,98400000;0,60031937
3,98500000;0,60042837
3,98600000;0,60053733
3,98700000;0,60064628
3,98800000;0,60075519
3,98900000;0,60086408
3,99000000;0,60097293
3,99100000;0,60108177
3,99200000;0,60119057
3,99300000;0,60129935
3,99400000;0,60140810
3,99500000;0,60151682
3,99600000;0,60162552
3,99700000;0,60173418
3,99800000;0,60184282
3,99900000;0,60195144
4,00000000;0,60206002
4,00100000;0,60216858
4,00200000;0,60227712
4,00300000;0,60238562
4,00400000;0,60249410
4,00500000;0,60260255
4,00600000;0,60271098
4,00700000;0,60281937
4,00800000;0,60292774
4,00900000;0,60303609
4,01000000;0,60314440
4,01100000;0,60325269
4,01200000;0,60336095
4,01300000;0,60346919
4,01400000;0,60357739
4,01500000;0,60368558
4,01600000;0,60379373
4,01700000;0,60390186
4,01800000;0,60400996
4,01900000;0,60411803
4,02000000;0,60422608
4,02100000;0,60433410
4,02200000;0,60444209
4,02300000;0,60455005
4,02400000;0,60465799
4,02500000;0,60476591
4,02600000;0,60487379
4,02700000;0,60498165
4,02800000;0,60508948
4,02900000;0,60519729
4,03000000;0,60530506
4,03100000;0,60541282
4,03200000;0,60552054
4,03300000;0,60562824
4,03400000;0,60573591
4,03500000;0,60584355
4,03600000;0,60595117
4,03700000;0,60605876
4,03800000;0,60616633
4,03900000;0,60627387
4,04000000;0,60638138
4,04100000;0,60648886
4,04200000;0,60659632
4,04300000;0,60670375
4,04400000;0,60681116
4,04500000;0,60691854
4,04600000;0,60702589
4,04700000;0,60713321
4,04800000;0,60724051
4,04900000;0,60734778
4,05000000;0,60745503
4,05100000;0,60756225
4,05200000;0,60766944
4,05300000;0,60777661
4,05400000;0,60788375
4,05500000;0,60799086
4,05600000;0,60809795
4,05700000;0,60820501
4,05800000;0,60831205
4,05900000;0,60841905
4,06000000;0,60852604
4,06100000;0,60863299
4,06200000;0,60873992
4,06300000;0,60884682
4,06400000;0,60895370
4,06500000;0,60906055
4,06600000;0,60916737
4,06700000;0,60927417
4,06800000;0,60938094
4,06900000;0,60948769
4,07000000;0,60959441
4,07100000;0,60970110
4,07200000;0,60980776
4,07300000;0,60991440
4,07400000;0,61002102
4,07500000;0,61012761
4,07600000;0,61023417
4,07700000;0,61034070
4,07800000;0,61044721
4,07900000;0,61055370
4,08000000;0,61066015
4,08100000;0,61076658
4,08200000;0,61087299
4,08300000;0,61097937
4,08400000;0,61108572
4,08500000;0,61119205
4,08600000;0,61129835
4,08700000;0,61140462
4,08800000;0,61151087
4,08900000;0,61161709
4,09000000;0,61172329
4,09100000;0,61182946
4,09200000;0,61193561
4,09300000;0,61204173
4,09400000;0,61214782
4,09500000;0,61225389
4,09600000;0,61235993
4,09700000;0,61246594
4,09800000;0,61257193
4,09900000;0,61267790
4,10000000;0,61278383
4,10100000;0,61288975
4,10200000;0,61299563
4,10300000;0,61310149
4,10400000;0,61320733
4,10500000;0,61331314
4,10600000;0,61341892
4,10700000;0,61352468
4,10800000;0,61363041
4,10900000;0,61373611
4,11000000;0,61384179
4,11100000;0,61394745
4,11200000;0,61405308
4,11300000;0,61415868
4,11400000;0,61426426
4,11500000;0,61436981
4,11600000;0,61447533
4,11700000;0,61458083
4,11800000;0,61468631
4,11900000;0,61479176
4,12000000;0,61489718
4,12100000;0,61500258
4,12200000;0,61510795
4,12300000;0,61521330
4,12400000;0,61531862
4,12500000;0,61542391
4,12600000;0,61552918
4,12700000;0,61563443
4,12800000;0,61573965
4,12900000;0,61584484
4,13000000;0,61595001
4,13100000;0,61605515
4,13200000;0,61616027
4,13300000;0,61626536
4,13400000;0,61637043
4,13500000;0,61647547
4,13600000;0,61658048
4,13700000;0,61668547
4,13800000;0,61679044
4,13900000;0,61689538
4,14000000;0,61700029
4,14100000;0,61710518
4,14200000;0,61721004
4,14300000;0,61731488
4,14400000;0,61741969
4,14500000;0,61752448
4,14600000;0,61762924
4,14700000;0,61773398
4,14800000;0,61783869
4,14900000;0,61794338
4,15000000;0,61804804
4,15100000;0,61815267
4,15200000;0,61825729
4,15300000;0,61836187
4,15400000;0,61846643
4,15500000;0,61857097
4,15600000;0,61867548
4,15700000;0,61877996
4,15800000;0,61888442
4,15900000;0,61898886
4,16000000;0,61909326
4,16100000;0,61919765
4,16200000;0,61930201
4,16300000;0,61940634
4,16400000;0,61951065
4,16500000;0,61961494
4,16600000;0,61971920
4,16700000;0,61982343
4,16800000;0,61992764
4,16900000;0,62003182
4,17000000;0,62013598
4,17100000;0,62024012
4,17200000;0,62034422
4,17300000;0,62044831
4,17400000;0,62055237
4,17500000;0,62065640
4,17600000;0,62076041
4,17700000;0,62086440
4,17800000;0,62096836
4,17900000;0,62107229
4,18000000;0,62117620
4,18100000;0,62128009
4,18200000;0,62138395
4,18300000;0,62148778
4,18400000;0,62159159
4,18500000;0,62169538
4,18600000;0,62179914
4,18700000;0,62190287
4,18800000;0,62200658
4,18900000;0,62211027
4,19000000;0,62221393
4,19100000;0,62231757
4,19200000;0,62242118
4,19300000;0,62252477
4,19400000;0,62262833
4,19500000;0,62273187
4,19600000;0,62283538
4,19700000;0,62293887
4,19800000;0,62304234
4,19900000;0,62314578
4,20000000;0,62324919
4,20100000;0,62335258
4,20200000;0,62345595
4,20300000;0,62355929
4,20400000;0,62366261
4,20500000;0,62376590
4,20600000;0,62386916
4,20700000;0,62397241
4,20800000;0,62407563
4,20900000;0,62417882
4,21000000;0,62428199
4,21100000;0,62438513
4,21200000;0,62448825
4,21300000;0,62459135
4,21400000;0,62469442
4,21500000;0,62479747
4,21600000;0,62490049
4,21700000;0,62500349
4,21800000;0,62510646
4,21900000;0,62520941
4,22000000;0,62531233
4,22100000;0,62541523
4,22200000;0,62551811
4,22300000;0,62562096
4,22400000;0,62572379
4,22500000;0,62582659
4,22600000;0,62592937
4,22700000;0,62603212
4,22800000;0,62613485
4,22900000;0,62623756
4,23000000;0,62634024
4,23100000;0,62644290
4,23200000;0,62654553
4,23300000;0,62664814
4,23400000;0,62675072
4,23500000;0,62685328
4,23600000;0,62695582
4,23700000;0,62705833
4,23800000;0,62716082
4,23900000;0,62726328
4,24000000;0,62736572
4,24100000;0,62746814
4,24200000;0,62757053
4,24300000;0,62767289
4,24400000;0,62777524
4,24500000;0,62787755
4,24600000;0,62797985
4,24700000;0,62808212
4,24800000;0,62818437
4,24900000;0,62828659
4,25000000;0,62838879
4,25100000;0,62849096
4,25200000;0,62859311
4,25300000;0,62869523
4,25400000;0,62879734
4,25500000;0,62889941
4,25600000;0,62900147
4,25700000;0,62910350
4,25800000;0,62920550
4,25900000;0,62930749
4,26000000;0,62940944
4,26100000;0,62951138
4,26200000;0,62961329
4,26300000;0,62971517
4,26400000;0,62981704
4,26500000;0,62991888
4,26600000;0,63002069
4,26700000;0,63012248
4,26800000;0,63022425
4,26900000;0,63032599
4,27000000;0,63042771
4,27100000;0,63052940
4,27200000;0,63063108
4,27300000;0,63073272
4,27400000;0,63083435
4,27500000;0,63093595
4,27600000;0,63103752
4,27700000;0,63113908
4,27800000;0,63124061
4,27900000;0,63134211
4,28000000;0,63144359
4,28100000;0,63154505
4,28200000;0,63164648
4,28300000;0,63174790
4,28400000;0,63184928
4,28500000;0,63195064
4,28600000;0,63205198
4,28700000;0,63215330
4,28800000;0,63225459
4,28900000;0,63235586
4,29000000;0,63245711
4,29100000;0,63255833
4,29200000;0,63265952
4,29300000;0,63276070
4,29400000;0,63286185
4,29500000;0,63296298
4,29600000;0,63306408
4,29700000;0,63316516
4,29800000;0,63326622
4,29900000;0,63336725
4,30000000;0,63346826
4,30100000;0,63356924
4,30200000;0,63367021
4,30300000;0,63377114
4,30400000;0,63387206
4,30500000;0,63397295
4,30600000;0,63407382
4,30700000;0,63417467
4,30800000;0,63427549
4,30900000;0,63437629
4,31000000;0,63447706
4,31100000;0,63457781
4,31200000;0,63467854
4,31300000;0,63477924
4,31400000;0,63487993
4,31500000;0,63498058
4,31600000;0,63508122
4,31700000;0,63518183
4,31800000;0,63528242
4,31900000;0,63538298
4,32000000;0,63548353
4,32100000;0,63558404
4,32200000;0,63568480
4,32300000;0,63578528
4,32400000;0,63588573
4,32500000;0,63598615
4,32600000;0,63608655
4,32700000;0,63618693
4,32800000;0,63628729
4,32900000;0,63638762
4,33000000;0,63648793
4,33100000;0,63658822
4,33200000;0,63668849
4,33300000;0,63678873
4,33400000;0,63688894
4,33500000;0,63698914
4,33600000;0,63708931
4,33700000;0,63718946
4,33800000;0,63728958
4,33900000;0,63738968
4,34000000;0,63748976
4,34100000;0,63758982
4,34200000;0,63768985
4,34300000;0,63778986
4,34400000;0,63788985
4,34500000;0,63798981
4,34600000;0,63808975
4,34700000;0,63818967
4,34800000;0,63828956
4,34900000;0,63838944
4,35000000;0,63848929
4,35100000;0,63858911
4,35200000;0,63868891
4,35300000;0,63878869
4,35400000;0,63888845
4,35500000;0,63898819
4,35600000;0,63908790
4,35700000;0,63918759
4,35800000;0,63928725
4,35900000;0,63938689
4,36000000;0,63948651
4,36100000;0,63958611
4,36200000;0,63968568
4,36300000;0,63978524
4,36400000;0,63988476
4,36500000;0,63998427
4,36600000;0,64008375
4,36700000;0,64018321
4,36800000;0,64028265
4,36900000;0,64038206
4,37000000;0,64048146
4,37100000;0,64058082
4,37200000;0,64068017
4,37300000;0,64077949
4,37400000;0,64087880
4,37500000;0,64097807
4,37600000;0,64107733
4,37700000;0,64117656
4,37800000;0,64127577
4,37900000;0,64137496
4,38000000;0,64147412
4,38100000;0,64157327
4,38200000;0,64167239
4,38300000;0,64177148
4,38400000;0,64187056
4,38500000;0,64196961
4,38600000;0,64206864
4,38700000;0,64216764
4,38800000;0,64226663
4,38900000;0,64236559
4,39000000;0,64246453
4,39100000;0,64256344
4,39200000;0,64266234
4,39300000;0,64276121
4,39400000;0,64286006
4,39500000;0,64295888
4,39600000;0,64305769
4,39700000;0,64315647
4,39800000;0,64325523
4,39900000;0,64335396
4,40000000;0,64345268
4,40100000;0,64355137
4,40200000;0,64365004
4,40300000;0,64374869
4,40400000;0,64384731
4,40500000;0,64394591
4,40600000;0,64404449
4,40700000;0,64414305
4,40800000;0,64424158
4,40900000;0,64434010
4,41000000;0,64443859
4,41100000;0,64453705
4,41200000;0,64463550
4,41300000;0,64473392
4,41400000;0,64483232
4,41500000;0,64493070
4,41600000;0,64502906
4,41700000;0,64512739
4,41800000;0,64522570
4,41900000;0,64532399
4,42000000;0,64542226
4,42100000;0,64552051
4,42200000;0,64561873
4,42300000;0,64571693
4,42400000;0,64581511
4,42500000;0,64591326
4,42600000;0,64601140
4,42700000;0,64610951
4,42800000;0,64620760
4,42900000;0,64630567
4,43000000;0,64640371
4,43100000;0,64650173
4,43200000;0,64659974
4,43300000;0,64669771
4,43400000;0,64679567
4,43500000;0,64689361
4,43600000;0,64699152
4,43700000;0,64708941
4,43800000;0,64718728
4,43900000;0,64728512
4,44000000;0,64738295
4,44100000;0,64748075
4,44200000;0,64757853
4,44300000;0,64767629
4,44400000;0,64777403
4,44500000;0,64787174
4,44600000;0,64796943
4,44700000;0,64806710
4,44800000;0,64816475
4,44900000;0,64826238
4,45000000;0,64835998
4,45100000;0,64845757
4,45200000;0,64855513
4,45300000;0,64865267
4,45400000;0,64875018
4,45500000;0,64884768
4,45600000;0,64894515
4,45700000;0,64904260
4,45800000;0,64914003
4,45900000;0,64923744
4,46000000;0,64933482
4,46100000;0,64943219
4,46200000;0,64952953
4,46300000;0,64962685
4,46400000;0,64972415
4,46500000;0,64982143
4,46600000;0,64991868
4,46700000;0,65001591
4,46800000;0,65011313
4,46900000;0,65021031
4,47000000;0,65030748
4,47100000;0,65040463
4,47200000;0,65050175
4,47300000;0,65059886
4,47400000;0,65069594
4,47500000;0,65079300
4,47600000;0,65089003
4,47700000;0,65098705
4,47800000;0,65108404
4,47900000;0,65118102
4,48000000;0,65127797
4,48100000;0,65137490
4,48200000;0,65147180
4,48300000;0,65156869
4,48400000;0,65166555
4,48500000;0,65176240
4,48600000;0,65185922
4,48700000;0,65195602
4,48800000;0,65205280
4,48900000;0,65214955
4,49000000;0,65224629
4,49100000;0,65234300
4,49200000;0,65243969
4,49300000;0,65253636
4,49400000;0,65263301
4,49500000;0,65272964
4,49600000;0,65282624
4,49700000;0,65292283
4,49800000;0,65301939
4,49900000;0,65311593
4,50000000;0,65321245
4,50100000;0,65330895
4,50200000;0,65340543
4,50300000;0,65350188
4,50400000;0,65359832
4,50500000;0,65369473
4,50600000;0,65379112
4,50700000;0,65388749
4,50800000;0,65398384
4,50900000;0,65408017
4,51000000;0,65417647
4,51100000;0,65427276
4,51200000;0,65436902
4,51300000;0,65446526
4,51400000;0,65456148
4,51500000;0,65465768
4,51600000;0,65475386
4,51700000;0,65485002
4,51800000;0,65494615
4,51900000;0,65504227
4,52000000;0,65513836
4,52100000;0,65523443
4,52200000;0,65533048
4,52300000;0,65542651
4,52400000;0,65552252
4,52500000;0,65561850
4,52600000;0,65571447
4,52700000;0,65581041
4,52800000;0,65590634
4,52900000;0,65600224
4,53000000;0,65609812
4,53100000;0,65619398
4,53200000;0,65628981
4,53300000;0,65638563
4,53400000;0,65648143
4,53500000;0,65657720
4,53600000;0,65667296
4,53700000;0,65676869
4,53800000;0,65686440
4,53900000;0,65696009
4,54000000;0,65705576
4,54100000;0,65715141
4,54200000;0,65724704
4,54300000;0,65734264
4,54400000;0,65743823
4,54500000;0,65753379
4,54600000;0,65762933
4,54700000;0,65772486
4,54800000;0,65782036
4,54900000;0,65791584
4,55000000;0,65801130
4,55100000;0,65810673
4,55200000;0,65820215
4,55300000;0,65829755
4,55400000;0,65839292
4,55500000;0,65848828
4,55600000;0,65858361
4,55700000;0,65867892
4,55800000;0,65877421
4,55900000;0,65886948
4,56000000;0,65896473
4,56100000;0,65905996
4,56200000;0,65915517
4,56300000;0,65925036
4,56400000;0,65934552
4,56500000;0,65944067
4,56600000;0,65953579
4,56700000;0,65963090
4,56800000;0,65972598
4,56900000;0,65982104
4,57000000;0,65991608
4,57100000;0,66001110
4,57200000;0,66010610
4,57300000;0,66020108
4,57400000;0,66029604
4,57500000;0,66039098
4,57600000;0,66048589
4,57700000;0,66058079
4,57800000;0,66067566
4,57900000;0,66077052
4,58000000;0,66086535
4,58100000;0,66096016
4,58200000;0,66105496
4,58300000;0,66114973
4,58400000;0,66124448
4,58500000;0,66133921
4,58600000;0,66143392
4,58700000;0,66152861
4,58800000;0,66162328
4,58900000;0,66171792
4,59000000;0,66181255
4,59100000;0,66190716
4,59200000;0,66200174
4,59300000;0,66209631
4,59400000;0,66219085
4,59500000;0,66228538
4,59600000;0,66237988
4,59700000;0,66247436
4,59800000;0,66256882
4,59900000;0,66266327
4,60000000;0,66275769
4,60100000;0,66285209
4,60200000;0,66294647
4,60300000;0,66304083
4,60400000;0,66313517
4,60500000;0,66322948
4,60600000;0,66332378
4,60700000;0,66341806
4,60800000;0,66351232
4,60900000;0,66360655
4,61000000;0,66370077
4,61100000;0,66379497
4,61200000;0,66388914
4,61300000;0,66398330
4,61400000;0,66407743
4,61500000;0,66417155
4,61600000;0,66426564
4,61700000;0,66435971
4,61800000;0,66445377
4,61900000;0,66454780
4,62000000;0,66464181
4,62100000;0,66473580
4,62200000;0,66482977
4,62300000;0,66492373
4,62400000;0,66501766
4,62500000;0,66511157
4,62600000;0,66520546
4,62700000;0,66529933
4,62800000;0,66539318
4,62900000;0,66548701
4,63000000;0,66558082
4,63100000;0,66567461
4,63200000;0,66576837
4,63300000;0,66586212
4,63400000;0,66595585
4,63500000;0,66604956
4,63600000;0,66614325
4,63700000;0,66623691
4,63800000;0,66633056
4,63900000;0,66642419
4,64000000;0,66651780
4,64100000;0,66661138
4,64200000;0,66670495
4,64300000;0,66679850
4,64400000;0,66689202
4,64500000;0,66698553
4,64600000;0,66707901
4,64700000;0,66717248
4,64800000;0,66726593
4,64900000;0,66735935
4,65000000;0,66745276
4,65100000;0,66754614
4,65200000;0,66763951
4,65300000;0,66773285
4,65400000;0,66782618
4,65500000;0,66791948
4,65600000;0,66801277
4,65700000;0,66810604
4,65800000;0,66819928
4,65900000;0,66829251
4,66000000;0,66838571
4,66100000;0,66847890
4,66200000;0,66857206
4,66300000;0,66866521
4,66400000;0,66875833
4,66500000;0,66885144
4,66600000;0,66894452
4,66700000;0,66903784
4,66800000;0,66913089
4,66900000;0,66922391
4,67000000;0,66931692
4,67100000;0,66940991
4,67200000;0,66950287
4,67300000;0,66959582
4,67400000;0,66968874
4,67500000;0,66978165
4,67600000;0,66987454
4,67700000;0,66996741
4,67800000;0,67006025
4,67900000;0,67015308
4,68000000;0,67024589
4,68100000;0,67033867
4,68200000;0,67043144
4,68300000;0,67052419
4,68400000;0,67061692
4,68500000;0,67070963
4,68600000;0,67080232
4,68700000;0,67089498
4,68800000;0,67098763
4,68900000;0,67108026
4,69000000;0,67117287
4,69100000;0,67126546
4,69200000;0,67135803
4,69300000;0,67145058
4,69400000;0,67154311
4,69500000;0,67163562
4,69600000;0,67172811
4,69700000;0,67182059
4,69800000;0,67191304
4,69900000;0,67200547
4,70000000;0,67209788
4,70100000;0,67219028
4,70200000;0,67228265
4,70300000;0,67237500
4,70400000;0,67246734
4,70500000;0,67255965
4,70600000;0,67265194
4,70700000;0,67274422
4,70800000;0,67283647
4,70900000;0,67292871
4,71000000;0,67302093
4,71100000;0,67311312
4,71200000;0,67320530
4,71300000;0,67329746
4,71400000;0,67338960
4,71500000;0,67348171
4,71600000;0,67357381
4,71700000;0,67366589
4,71800000;0,67375795
4,71900000;0,67384999
4,72000000;0,67394201
4,72100000;0,67403401
4,72200000;0,67412600
4,72300000;0,67421796
4,72400000;0,67430990
4,72500000;0,67440182
4,72600000;0,67449373
4,72700000;0,67458561
4,72800000;0,67467748
4,72900000;0,67476932
4,73000000;0,67486115
4,73100000;0,67495296
4,73200000;0,67504474
4,73300000;0,67513651
4,73400000;0,67522826
4,73500000;0,67531999
4,73600000;0,67541170
4,73700000;0,67550339
4,73800000;0,67559506
4,73900000;0,67568671
4,74000000;0,67577835
4,74100000;0,67586996
4,74200000;0,67596155
4,74300000;0,67605313
4,74400000;0,67614468
4,74500000;0,67623622
4,74600000;0,67632773
4,74700000;0,67641923
4,74800000;0,67651071
4,74900000;0,67660217
4,75000000;0,67669361
4,75100000;0,67678503
4,75200000;0,67687643
4,75300000;0,67696781
4,75400000;0,67705917
4,75500000;0,67715052
4,75600000;0,67724184
4,75700000;0,67733315
4,75800000;0,67742443
4,75900000;0,67751570
4,76000000;0,67760695
4,76100000;0,67769817
4,76200000;0,67778938
4,76300000;0,67788057
4,76400000;0,67797174
4,76500000;0,67806289
4,76600000;0,67815403
4,76700000;0,67824514
4,76800000;0,67833624
4,76900000;0,67842731
4,77000000;0,67851837
4,77100000;0,67860940
4,77200000;0,67870042
4,77300000;0,67879142
4,77400000;0,67888240
4,77500000;0,67897336
4,77600000;0,67906430
4,77700000;0,67915522
4,77800000;0,67924613
4,77900000;0,67933701
4,78000000;0,67942788
4,78100000;0,67951872
4,78200000;0,67960955
4,78300000;0,67970036
4,78400000;0,67979115
4,78500000;0,67988192
4,78600000;0,67997267
4,78700000;0,68006340
4,78800000;0,68015412
4,78900000;0,68024481
4,79000000;0,68033549
4,79100000;0,68042615
4,79200000;0,68051678
4,79300000;0,68060740
4,79400000;0,68069800
4,79500000;0,68078858
4,79600000;0,68087915
4,79700000;0,68096969
4,79800000;0,68106021
4,79900000;0,68115072
4,80000000;0,68124121
4,80100000;0,68133167
4,80200000;0,68142212
4,80300000;0,68151255
4,80400000;0,68160297
4,80500000;0,68169336
4,80600000;0,68178373
4,80700000;0,68187409
4,80800000;0,68196442
4,80900000;0,68205474
4,81000000;0,68214504
4,81100000;0,68223532
4,81200000;0,68232558
4,81300000;0,68241582
4,81400000;0,68250605
4,81500000;0,68259625
4,81600000;0,68268644
4,81700000;0,68277660
4,81800000;0,68286675
4,81900000;0,68295688
4,82000000;0,68304699
4,82100000;0,68313709
4,82200000;0,68322716
4,82300000;0,68331722
4,82400000;0,68340725
4,82500000;0,68349727
4,82600000;0,68358727
4,82700000;0,68367725
4,82800000;0,68376721
4,82900000;0,68385716
4,83000000;0,68394708
4,83100000;0,68403699
4,83200000;0,68412687
4,83300000;0,68421674
4,83400000;0,68430659
4,83500000;0,68439642
4,83600000;0,68448624
4,83700000;0,68457603
4,83800000;0,68466581
4,83900000;0,68475557
4,84000000;0,68484530
4,84100000;0,68493502
4,84200000;0,68502473
4,84300000;0,68511441
4,84400000;0,68520407
4,84500000;0,68529372
4,84600000;0,68538335
4,84700000;0,68547296
4,84800000;0,68556255
4,84900000;0,68565212
4,85000000;0,68574167
4,85100000;0,68583121
4,85200000;0,68592073
4,85300000;0,68601023
4,85400000;0,68609970
4,85500000;0,68618917
4,85600000;0,68627861
4,85700000;0,68636803
4,85800000;0,68645744
4,85900000;0,68654683
4,86000000;0,68663620
4,86100000;0,68672555
4,86200000;0,68681488
4,86300000;0,68690420
4,86400000;0,68699349
4,86500000;0,68708277
4,86600000;0,68717203
4,86700000;0,68726127
4,86800000;0,68735049
4,86900000;0,68743970
4,87000000;0,68752888
4,87100000;0,68761805
4,87200000;0,68770720
4,87300000;0,68779633
4,87400000;0,68788544
4,87500000;0,68797454
4,87600000;0,68806361
4,87700000;0,68815267
4,87800000;0,68824171
4,87900000;0,68833073
4,88000000;0,68841974
4,88100000;0,68850872
4,88200000;0,68859769
4,88300000;0,68868664
4,88400000;0,68877557
4,88500000;0,68886448
4,88600000;0,68895337
4,88700000;0,68904225
4,88800000;0,68913111
4,88900000;0,68921994
4,89000000;0,68930877
4,89100000;0,68939757
4,89200000;0,68948635
4,89300000;0,68957512
4,89400000;0,68966387
4,89500000;0,68975260
4,89600000;0,68984131
4,89700000;0,68993000
4,89800000;0,69001868
4,89900000;0,69010734
4,90000000;0,69019598
4,90100000;0,69028460
4,90200000;0,69037320
4,90300000;0,69046179
4,90400000;0,69055036
4,90500000;0,69063891
4,90600000;0,69072744
4,90700000;0,69081595
4,90800000;0,69090445
4,90900000;0,69099292
4,91000000;0,69108138
4,91100000;0,69116982
4,91200000;0,69125825
4,91300000;0,69134665
4,91400000;0,69143504
4,91500000;0,69152341
4,91600000;0,69161176
4,91700000;0,69170009
4,91800000;0,69178841
4,91900000;0,69187671
4,92000000;0,69196498
4,92100000;0,69205325
4,92200000;0,69214149
4,92300000;0,69222972
4,92400000;0,69231792
4,92500000;0,69240611
4,92600000;0,69249428
4,92700000;0,69258244
4,92800000;0,69267057
4,92900000;0,69275869
4,93000000;0,69284679
4,93100000;0,69293488
4,93200000;0,69302294
4,93300000;0,69311099
4,93400000;0,69319902
4,93500000;0,69328703
4,93600000;0,69337502
4,93700000;0,69346300
4,93800000;0,69355095
4,93900000;0,69363889
4,94000000;0,69372681
4,94100000;0,69381472
4,94200000;0,69390260
4,94300000;0,69399047
4,94400000;0,69407832
4,94500000;0,69416616
4,94600000;0,69425397
4,94700000;0,69434177
4,94800000;0,69442955
4,94900000;0,69451731
4,95000000;0,69460506
4,95100000;0,69469278
4,95200000;0,69478049
4,95300000;0,69486818
4,95400000;0,69495586
4,95500000;0,69504351
4,95600000;0,69513115
4,95700000;0,69521877
4,95800000;0,69530637
4,95900000;0,69539396
4,96000000;0,69548152
4,96100000;0,69556907
4,96200000;0,69565661
4,96300000;0,69574412
4,96400000;0,69583162
4,96500000;0,69591910
4,96600000;0,69600656
4,96700000;0,69609400
4,96800000;0,69618143
4,96900000;0,69626884
4,97000000;0,69635623
4,97100000;0,69644360
4,97200000;0,69653096
4,97300000;0,69661829
4,97400000;0,69670562
4,97500000;0,69679292
4,97600000;0,69688020
4,97700000;0,69696747
4,97800000;0,69705472
4,97900000;0,69714196
4,98000000;0,69722917
4,98100000;0,69731637
4,98200000;0,69740355
4,98300000;0,69749071
4,98400000;0,69757786
4,98500000;0,69766499
4,98600000;0,69775210
4,98700000;0,69783919
4,98800000;0,69792627
4,98900000;0,69801332
4,99000000;0,69810036
4,99100000;0,69818739
4,99200000;0,69827439
4,99300000;0,69836138
4,99400000;0,69844835
4,99500000;0,69853531
4,99600000;0,69862224
4,99700000;0,69870916
4,99800000;0,69879606
4,99900000;0,69888295
5,00000000;0,69896981
5,00100000;0,69905666
5,00200000;0,69914349
5,00300000;0,69923031
5,00400000;0,69931711
5,00500000;0,69940389
5,00600000;0,69949065
5,00700000;0,69957739
5,00800000;0,69966412
5,00900000;0,69975083
5,01000000;0,69983753
5,01100000;0,69992420
5,01200000;0,70001110
5,01300000;0,70009774
5,01400000;0,70018437
5,01500000;0,70027097
5,01600000;0,70035756
5,01700000;0,70044414
5,01800000;0,70053069
5,01900000;0,70061723
5,02000000;0,70070375
5,02100000;0,70079026
5,02200000;0,70087674
5,02300000;0,70096321
5,02400000;0,70104966
5,02500000;0,70113610
5,02600000;0,70122252
5,02700000;0,70130892
5,02800000;0,70139530
5,02900000;0,70148167
5,03000000;0,70156802
5,03100000;0,70165435
5,03200000;0,70174066
5,03300000;0,70182696
5,03400000;0,70191324
5,03500000;0,70199950
5,03600000;0,70208575
5,03700000;0,70217198
5,03800000;0,70225819
5,03900000;0,70234438
5,04000000;0,70243056
5,04100000;0,70251672
5,04200000;0,70260287
5,04300000;0,70268899
5,04400000;0,70277510
5,04500000;0,70286119
5,04600000;0,70294727
5,04700000;0,70303333
5,04800000;0,70311937
5,04900000;0,70320539
5,05000000;0,70329140
5,05100000;0,70337739
5,05200000;0,70346336
5,05300000;0,70354932
5,05400000;0,70363526
5,05500000;0,70372118
5,05600000;0,70380708
5,05700000;0,70389297
5,05800000;0,70397884
5,05900000;0,70406470
5,06000000;0,70415053
5,06100000;0,70423635
5,06200000;0,70432216
5,06300000;0,70440794
5,06400000;0,70449371
5,06500000;0,70457946
5,06600000;0,70466520
5,06700000;0,70475092
5,06800000;0,70483662
5,06900000;0,70492230
5,07000000;0,70500797
5,07100000;0,70509362
5,07200000;0,70517926
5,07300000;0,70526487
5,07400000;0,70535047
5,07500000;0,70543606
5,07600000;0,70552162
5,07700000;0,70560717
5,07800000;0,70569270
5,07900000;0,70577822
5,08000000;0,70586372
5,08100000;0,70594920
5,08200000;0,70603467
5,08300000;0,70612011
5,08400000;0,70620555
5,08500000;0,70629096
5,08600000;0,70637636
5,08700000;0,70646174
5,08800000;0,70654710
5,08900000;0,70663245
5,09000000;0,70671778
5,09100000;0,70680310
5,09200000;0,70688839
5,09300000;0,70697368
5,09400000;0,70705894
5,09500000;0,70714419
5,09600000;0,70722942
5,09700000;0,70731463
5,09800000;0,70739983
5,09900000;0,70748501
5,10000000;0,70757017
5,10100000;0,70765532
5,10200000;0,70774045
5,10300000;0,70782556
5,10400000;0,70791066
5,10500000;0,70799574
5,10600000;0,70808080
5,10700000;0,70816585
5,10800000;0,70825088
5,10900000;0,70833589
5,11000000;0,70842089
5,11100000;0,70850587
5,11200000;0,70859083
5,11300000;0,70867578
5,11400000;0,70876071
5,11500000;0,70884563
5,11600000;0,70893052
5,11700000;0,70901540
5,11800000;0,70910027
5,11900000;0,70918511
5,12000000;0,70926995
5,12100000;0,70935476
5,12200000;0,70943956
5,12300000;0,70952434
5,12400000;0,70960910
5,12500000;0,70969385
5,12600000;0,70977858
5,12700000;0,70986330
5,12800000;0,70994800
5,12900000;0,71003268
5,13000000;0,71011734
5,13100000;0,71020199
5,13200000;0,71028663
5,13300000;0,71037124
5,13400000;0,71045584
5,13500000;0,71054042
5,13600000;0,71062499
5,13700000;0,71070954
5,13800000;0,71079407
5,13900000;0,71087859
5,14000000;0,71096309
5,14100000;0,71104758
5,14200000;0,71113204
5,14300000;0,71121650
5,14400000;0,71130093
5,14500000;0,71138535
5,14600000;0,71146975
5,14700000;0,71155414
5,14800000;0,71163851
5,14900000;0,71172286
5,15000000;0,71180720
5,15100000;0,71189152
5,15200000;0,71197582
5,15300000;0,71206011
5,15400000;0,71214438
5,15500000;0,71222863
5,15600000;0,71231287
5,15700000;0,71239709
5,15800000;0,71248130
5,15900000;0,71256549
5,16000000;0,71264966
5,16100000;0,71273382
5,16200000;0,71281796
5,16300000;0,71290208
5,16400000;0,71298619
5,16500000;0,71307028
5,16600000;0,71315436
5,16700000;0,71323842
5,16800000;0,71332246
5,16900000;0,71340649
5,17000000;0,71349050
5,17100000;0,71357449
5,17200000;0,71365847
5,17300000;0,71374243
5,17400000;0,71382638
5,17500000;0,71391031
5,17600000;0,71399422
5,17700000;0,71407811
5,17800000;0,71416200
5,17900000;0,71424586
5,18000000;0,71432971
5,18100000;0,71441354
5,18200000;0,71449736
5,18300000;0,71458115
5,18400000;0,71466494
5,18500000;0,71474871
5,18600000;0,71483246
5,18700000;0,71491619
5,18800000;0,71499991
5,18900000;0,71508361
5,19000000;0,71516730
5,19100000;0,71525097
5,19200000;0,71533462
5,19300000;0,71541826
5,19400000;0,71550188
5,19500000;0,71558549
5,19600000;0,71566908
5,19700000;0,71575265
5,19800000;0,71583621
5,19900000;0,71591975
5,20000000;0,71600328
5,20100000;0,71608679
5,20200000;0,71617028
5,20300000;0,71625376
5,20400000;0,71633722
5,20500000;0,71642067
5,20600000;0,71650409
5,20700000;0,71658751
5,20800000;0,71667090
5,20900000;0,71675429
5,21000000;0,71683765
5,21100000;0,71692100
5,21200000;0,71700433
5,21300000;0,71708765
5,21400000;0,71717095
5,21500000;0,71725424
5,21600000;0,71733751
5,21700000;0,71742076
5,21800000;0,71750400
5,21900000;0,71758722
5,22000000;0,71767042
5,22100000;0,71775361
5,22200000;0,71783679
5,22300000;0,71791994
5,22400000;0,71800309
5,22500000;0,71808621
5,22600000;0,71816932
5,22700000;0,71825242
5,22800000;0,71833549
5,22900000;0,71841856
5,23000000;0,71850160
5,23100000;0,71858463
5,23200000;0,71866765
5,23300000;0,71875065
5,23400000;0,71883363
5,23500000;0,71891660
5,23600000;0,71899955
5,23700000;0,71908248
5,23800000;0,71916540
5,23900000;0,71924831
5,24000000;0,71933119
5,24100000;0,71941407
5,24200000;0,71949692
5,24300000;0,71957976
5,24400000;0,71966259
5,24500000;0,71974540
5,24600000;0,71982819
5,24700000;0,71991097
5,24800000;0,71999373
5,24900000;0,72007647
5,25000000;0,72015920
5,25100000;0,72024192
5,25200000;0,72032461
5,25300000;0,72040730
5,25400000;0,72048996
5,25500000;0,72057262
5,25600000;0,72065525
5,25700000;0,72073787
5,25800000;0,72082047
5,25900000;0,72090306
5,26000000;0,72098564
5,26100000;0,72106819
5,26200000;0,72115073
5,26300000;0,72123326
5,26400000;0,72131577
5,26500000;0,72139826
5,26600000;0,72148074
5,26700000;0,72156320
5,26800000;0,72164565
5,26900000;0,72172808
5,27000000;0,72181050
5,27100000;0,72189290
5,27200000;0,72197528
5,27300000;0,72205765
5,27400000;0,72214001
5,27500000;0,72222234
5,27600000;0,72230467
5,27700000;0,72238697
5,27800000;0,72246926
5,27900000;0,72255154
5,28000000;0,72263380
5,28100000;0,72271604
5,28200000;0,72279827
5,28300000;0,72288048
5,28400000;0,72296268
5,28500000;0,72304486
5,28600000;0,72312703
5,28700000;0,72320918
5,28800000;0,72329132
5,28900000;0,72337344
5,29000000;0,72345554
5,29100000;0,72353763
5,29200000;0,72361970
5,29300000;0,72370176
5,29400000;0,72378380
5,29500000;0,72386583
5,29600000;0,72394784
5,29700000;0,72402983
5,29800000;0,72411181
5,29900000;0,72419378
5,30000000;0,72427573
5,30100000;0,72435766
5,30200000;0,72443958
5,30300000;0,72452148
5,30400000;0,72460337
5,30500000;0,72468524
5,30600000;0,72476710
5,30700000;0,72484894
5,30800000;0,72493077
5,30900000;0,72501258
5,31000000;0,72509437
5,31100000;0,72517615
5,31200000;0,72525792
5,31300000;0,72533966
5,31400000;0,72542140
5,31500000;0,72550311
5,31600000;0,72558482
5,31700000;0,72566650
5,31800000;0,72574818
5,31900000;0,72582983
5,32000000;0,72591147
5,32100000;0,72599310
5,32200000;0,72607471
5,32300000;0,72615631
5,32400000;0,72623789
5,32500000;0,72631945
5,32600000;0,72640100
5,32700000;0,72648253
5,32800000;0,72656405
5,32900000;0,72664555
5,33000000;0,72672704
5,33100000;0,72680851
5,33200000;0,72688997
5,33300000;0,72697141
5,33400000;0,72705284
5,33500000;0,72713425
5,33600000;0,72721565
5,33700000;0,72729703
5,33800000;0,72737840
5,33900000;0,72745975
5,34000000;0,72754108
5,34100000;0,72762240
5,34200000;0,72770371
5,34300000;0,72778500
5,34400000;0,72786627
5,34500000;0,72794753
5,34600000;0,72802877
5,34700000;0,72811000
5,34800000;0,72819122
5,34900000;0,72827241
5,35000000;0,72835360
5,35100000;0,72843476
5,35200000;0,72851592
5,35300000;0,72859706
5,35400000;0,72867818
5,35500000;0,72875929
5,35600000;0,72884038
5,35700000;0,72892145
5,35800000;0,72900275
5,35900000;0,72908379
5,36000000;0,72916483
5,36100000;0,72924584
5,36200000;0,72932685
5,36300000;0,72940783
5,36400000;0,72948880
5,36500000;0,72956976
5,36600000;0,72965070
5,36700000;0,72973163
5,36800000;0,72981254
5,36900000;0,72989344
5,37000000;0,72997432
5,37100000;0,73005518
5,37200000;0,73013604
5,37300000;0,73021687
5,37400000;0,73029769
5,37500000;0,73037850
5,37600000;0,73045929
5,37700000;0,73054007
5,37800000;0,73062083
5,37900000;0,73070157
5,38000000;0,73078230
5,38100000;0,73086302
5,38200000;0,73094372
5,38300000;0,73102441
5,38400000;0,73110508
5,38500000;0,73118573
5,38600000;0,73126637
5,38700000;0,73134700
5,38800000;0,73142761
5,38900000;0,73150821
5,39000000;0,73158879
5,39100000;0,73166935
5,39200000;0,73174991
5,39300000;0,73183044
5,39400000;0,73191096
5,39500000;0,73199147
5,39600000;0,73207196
5,39700000;0,73215244
5,39800000;0,73223290
5,39900000;0,73231335
5,40000000;0,73239378
5,40100000;0,73247420
5,40200000;0,73255460
5,40300000;0,73263498
5,40400000;0,73271536
5,40500000;0,73279571
5,40600000;0,73287606
5,40700000;0,73295638
5,40800000;0,73303670
5,40900000;0,73311700
5,41000000;0,73319728
5,41100000;0,73327755
5,41200000;0,73335780
5,41300000;0,73343804
5,41400000;0,73351826
5,41500000;0,73359847
5,41600000;0,73367867
5,41700000;0,73375885
5,41800000;0,73383901
5,41900000;0,73391916
5,42000000;0,73399930
5,42100000;0,73407942
5,42200000;0,73415952
5,42300000;0,73423961
5,42400000;0,73431969
5,42500000;0,73439975
5,42600000;0,73447980
5,42700000;0,73455983
5,42800000;0,73463984
5,42900000;0,73471985
5,43000000;0,73479983
5,43100000;0,73487981
5,43200000;0,73495976
5,43300000;0,73503971
5,43400000;0,73511964
5,43500000;0,73519955
5,43600000;0,73527945
5,43700000;0,73535933
5,43800000;0,73543920
5,43900000;0,73551906
5,44000000;0,73559890
5,44100000;0,73567872
5,44200000;0,73575853
5,44300000;0,73583833
5,44400000;0,73591811
5,44500000;0,73599788
5,44600000;0,73607763
5,44700000;0,73615737
5,44800000;0,73623709
5,44900000;0,73631680
5,45000000;0,73639650
5,45100000;0,73647617
5,45200000;0,73655584
5,45300000;0,73663549
5,45400000;0,73671512
5,45500000;0,73679475
5,45600000;0,73687435
5,45700000;0,73695394
5,45800000;0,73703352
5,45900000;0,73711308
5,46000000;0,73719263
5,46100000;0,73727216
5,46200000;0,73735168
5,46300000;0,73743119
5,46400000;0,73751068
5,46500000;0,73759015
5,46600000;0,73766961
5,46700000;0,73774906
5,46800000;0,73782849
5,46900000;0,73790791
5,47000000;0,73798731
5,47100000;0,73806670
5,47200000;0,73814607
5,47300000;0,73822543
5,47400000;0,73830477
5,47500000;0,73838410
5,47600000;0,73846342
5,47700000;0,73854272
5,47800000;0,73862201
5,47900000;0,73870128
5,48000000;0,73878054
5,48100000;0,73885978
5,48200000;0,73893901
5,48300000;0,73901822
5,48400000;0,73909742
5,48500000;0,73917661
5,48600000;0,73925578
5,48700000;0,73933493
5,48800000;0,73941408
5,48900000;0,73949320
5,49000000;0,73957232
5,49100000;0,73965141
5,49200000;0,73973050
5,49300000;0,73980957
5,49400000;0,73988862
5,49500000;0,73996767
5,49600000;0,74004669
5,49700000;0,74012570
5,49800000;0,74020470
5,49900000;0,74028369
5,50000000;0,74036265
5,50100000;0,74044161
5,50200000;0,74052055
5,50300000;0,74059948
5,50400000;0,74067839
5,50500000;0,74075729
5,50600000;0,74083617
5,50700000;0,74091504
5,50800000;0,74099389
5,50900000;0,74107273
5,51000000;0,74115156
5,51100000;0,74123037
5,51200000;0,74130917
5,51300000;0,74138795
5,51400000;0,74146672
5,51500000;0,74154547
5,51600000;0,74162421
5,51700000;0,74170294
5,51800000;0,74178165
5,51900000;0,74186035
5,52000000;0,74193903
5,52100000;0,74201770
5,52200000;0,74209635
5,52300000;0,74217499
5,52400000;0,74225362
5,52500000;0,74233223
5,52600000;0,74241083
5,52700000;0,74248941
5,52800000;0,74256798
5,52900000;0,74264654
5,53000000;0,74272508
5,53100000;0,74280361
5,53200000;0,74288212
5,53300000;0,74296062
5,53400000;0,74303910
5,53500000;0,74311757
5,53600000;0,74319602
5,53700000;0,74327447
5,53800000;0,74335289
5,53900000;0,74343131
5,54000000;0,74350971
5,54100000;0,74358809
5,54200000;0,74366646
5,54300000;0,74374482
5,54400000;0,74382316
5,54500000;0,74390149
5,54600000;0,74397980
5,54700000;0,74405810
5,54800000;0,74413639
5,54900000;0,74421466
5,55000000;0,74429292
5,55100000;0,74437116
5,55200000;0,74444939
5,55300000;0,74452761
5,55400000;0,74460581
5,55500000;0,74468399
5,55600000;0,74476217
5,55700000;0,74484033
5,55800000;0,74491847
5,55900000;0,74499660
5,56000000;0,74507472
5,56100000;0,74515282
5,56200000;0,74523091
5,56300000;0,74530899
5,56400000;0,74538705
5,56500000;0,74546509
5,56600000;0,74554313
5,56700000;0,74562114
5,56800000;0,74569915
5,56900000;0,74577714
5,57000000;0,74585512
5,57100000;0,74593308
5,57200000;0,74601103
5,57300000;0,74608896
5,57400000;0,74616688
5,57500000;0,74624479
5,57600000;0,74632268
5,57700000;0,74640056
5,57800000;0,74647843
5,57900000;0,74655628
5,58000000;0,74663411
5,58100000;0,74671194
5,58200000;0,74678974
5,58300000;0,74686754
5,58400000;0,74694532
5,58500000;0,74702309
5,58600000;0,74710084
5,58700000;0,74717858
5,58800000;0,74725631
5,58900000;0,74733402
5,59000000;0,74741172
5,59100000;0,74748940
5,59200000;0,74756707
5,59300000;0,74764472
5,59400000;0,74772237
5,59500000;0,74779999
5,59600000;0,74787761
5,59700000;0,74795521
5,59800000;0,74803280
5,59900000;0,74811037
5,60000000;0,74818793
5,60100000;0,74826547
5,60200000;0,74834300
5,60300000;0,74842052
5,60400000;0,74849802
5,60500000;0,74857551
5,60600000;0,74865299
5,60700000;0,74873045
5,60800000;0,74880790
5,60900000;0,74888533
5,61000000;0,74896275
5,61100000;0,74904016
5,61200000;0,74911755
5,61300000;0,74919493
5,61400000;0,74927230
5,61500000;0,74934965
5,61600000;0,74942699
5,61700000;0,74950431
5,61800000;0,74958162
5,61900000;0,74965892
5,62000000;0,74973620
5,62100000;0,74981347
5,62200000;0,74989073
5,62300000;0,74996797
5,62400000;0,75004519
5,62500000;0,75012241
5,62600000;0,75019961
5,62700000;0,75027680
5,62800000;0,75035397
5,62900000;0,75043113
5,63000000;0,75050827
5,63100000;0,75058540
5,63200000;0,75066252
5,63300000;0,75073963
5,63400000;0,75081672
5,63500000;0,75089379
5,63600000;0,75097086
5,63700000;0,75104791
5,63800000;0,75112494
5,63900000;0,75120197
5,64000000;0,75127897
5,64100000;0,75135597
5,64200000;0,75143295
5,64300000;0,75150992
5,64400000;0,75158687
5,64500000;0,75166381
5,64600000;0,75174074
5,64700000;0,75181765
5,64800000;0,75189455
5,64900000;0,75197144
5,65000000;0,75204831
5,65100000;0,75212517
5,65200000;0,75220201
5,65300000;0,75227885
5,65400000;0,75235566
5,65500000;0,75243247
5,65600000;0,75250926
5,65700000;0,75258604
5,65800000;0,75266280
5,65900000;0,75273955
5,66000000;0,75281629
5,66100000;0,75289301
5,66200000;0,75296972
5,66300000;0,75304641
5,66400000;0,75312310
5,66500000;0,75319976
5,66600000;0,75327642
5,66700000;0,75335306
5,66800000;0,75342969
5,66900000;0,75350630
5,67000000;0,75358290
5,67100000;0,75365949
5,67200000;0,75373607
5,67300000;0,75381263
5,67400000;0,75388917
5,67500000;0,75396571
5,67600000;0,75404223
5,67700000;0,75411873
5,67800000;0,75419523
5,67900000;0,75427171
5,68000000;0,75434817
5,68100000;0,75442463
5,68200000;0,75450107
5,68300000;0,75457749
5,68400000;0,75465390
5,68500000;0,75473030
5,68600000;0,75480669
5,68700000;0,75488306
5,68800000;0,75495942
5,68900000;0,75503576
5,69000000;0,75511210
5,69100000;0,75518841
5,69200000;0,75526472
5,69300000;0,75534101
5,69400000;0,75541729
5,69500000;0,75549355
5,69600000;0,75556980
5,69700000;0,75564604
5,69800000;0,75572227
5,69900000;0,75579848
5,70000000;0,75587468
5,70100000;0,75595086
5,70200000;0,75602703
5,70300000;0,75610319
5,70400000;0,75617933
5,70500000;0,75625569
5,70600000;0,75633180
5,70700000;0,75640791
5,70800000;0,75648400
5,70900000;0,75656008
5,71000000;0,75663614
5,71100000;0,75671219
5,71200000;0,75678823
5,71300000;0,75686426
5,71400000;0,75694027
5,71500000;0,75701627
5,71600000;0,75709225
5,71700000;0,75716822
5,71800000;0,75724418
5,71900000;0,75732013
5,72000000;0,75739606
5,72100000;0,75747198
5,72200000;0,75754788
5,72300000;0,75762377
5,72400000;0,75769965
5,72500000;0,75777552
5,72600000;0,75785137
5,72700000;0,75792721
5,72800000;0,75800304
5,72900000;0,75807885
5,73000000;0,75815465
5,73100000;0,75823043
5,73200000;0,75830621
5,73300000;0,75838197
5,73400000;0,75845771
5,73500000;0,75853345
5,73600000;0,75860917
5,73700000;0,75868487
5,73800000;0,75876057
5,73900000;0,75883625
5,74000000;0,75891191
5,74100000;0,75898757
5,74200000;0,75906321
5,74300000;0,75913884
5,74400000;0,75921445
5,74500000;0,75929005
5,74600000;0,75936564
5,74700000;0,75944121
5,74800000;0,75951678
5,74900000;0,75959233
5,75000000;0,75966786
5,75100000;0,75974338
5,75200000;0,75981889
5,75300000;0,75989439
5,75400000;0,75996987
5,75500000;0,76004534
5,75600000;0,76012080
5,75700000;0,76019624
5,75800000;0,76027167
5,75900000;0,76034709
5,76000000;0,76042250
5,76100000;0,76049789
5,76200000;0,76057326
5,76300000;0,76064863
5,76400000;0,76072398
5,76500000;0,76079932
5,76600000;0,76087465
5,76700000;0,76094996
5,76800000;0,76102526
5,76900000;0,76110055
5,77000000;0,76117582
5,77100000;0,76125108
5,77200000;0,76132633
5,77300000;0,76140156
5,77400000;0,76147678
5,77500000;0,76155199
5,77600000;0,76162719
5,77700000;0,76170237
5,77800000;0,76177754
5,77900000;0,76185270
5,78000000;0,76192784
5,78100000;0,76200297
5,78200000;0,76207809
5,78300000;0,76215319
5,78400000;0,76222828
5,78500000;0,76230336
5,78600000;0,76237843
5,78700000;0,76245348
5,78800000;0,76252852
5,78900000;0,76260355
5,79000000;0,76267856
5,79100000;0,76275356
5,79200000;0,76282855
5,79300000;0,76290352
5,79400000;0,76297849
5,79500000;0,76305343
5,79600000;0,76312837
5,79700000;0,76320329
5,79800000;0,76327820
5,79900000;0,76335310
5,80000000;0,76342799
5,80100000;0,76350286
5,80200000;0,76357772
5,80300000;0,76365256
5,80400000;0,76372739
5,80500000;0,76380221
5,80600000;0,76387702
5,80700000;0,76395181
5,80800000;0,76402660
5,80900000;0,76410136
5,81000000;0,76417612
5,81100000;0,76425086
5,81200000;0,76432559
5,81300000;0,76440031
5,81400000;0,76447501
5,81500000;0,76454970
5,81600000;0,76462438
5,81700000;0,76469905
5,81800000;0,76477370
5,81900000;0,76484834
5,82000000;0,76492297
5,82100000;0,76499758
5,82200000;0,76507218
5,82300000;0,76514677
5,82400000;0,76522135
5,82500000;0,76529591
5,82600000;0,76537046
5,82700000;0,76544500
5,82800000;0,76551952
5,82900000;0,76559403
5,83000000;0,76566853
5,83100000;0,76574302
5,83200000;0,76581749
5,83300000;0,76589195
5,83400000;0,76596640
5,83500000;0,76604083
5,83600000;0,76611526
5,83700000;0,76618967
5,83800000;0,76626406
5,83900000;0,76633845
5,84000000;0,76641282
5,84100000;0,76648718
5,84200000;0,76656152
5,84300000;0,76663586
5,84400000;0,76671018
5,84500000;0,76678448
5,84600000;0,76685878
5,84700000;0,76693306
5,84800000;0,76700733
5,84900000;0,76708159
5,85000000;0,76715583
5,85100000;0,76723006
5,85200000;0,76730428
5,85300000;0,76737849
5,85400000;0,76745268
5,85500000;0,76752686
5,85600000;0,76760103
5,85700000;0,76767518
5,85800000;0,76774933
5,85900000;0,76782346
5,86000000;0,76789758
5,86100000;0,76797168
5,86200000;0,76804577
5,86300000;0,76811985
5,86400000;0,76819392
5,86500000;0,76826797
5,86600000;0,76834201
5,86700000;0,76841604
5,86800000;0,76849006
5,86900000;0,76856406
5,87000000;0,76863805
5,87100000;0,76871203
5,87200000;0,76878600
5,87300000;0,76885995
5,87400000;0,76893389
5,87500000;0,76900782
5,87600000;0,76908174
5,87700000;0,76915564
5,87800000;0,76922953
5,87900000;0,76930341
5,88000000;0,76937727
5,88100000;0,76945113
5,88200000;0,76952497
5,88300000;0,76959879
5,88400000;0,76967261
5,88500000;0,76974641
5,88600000;0,76982020
5,88700000;0,76989398
5,88800000;0,76996774
5,88900000;0,77004150
5,89000000;0,77011524
5,89100000;0,77018896
5,89200000;0,77026268
5,89300000;0,77033638
5,89400000;0,77041007
5,89500000;0,77048375
5,89600000;0,77055741
5,89700000;0,77063106
5,89800000;0,77070470
5,89900000;0,77077833
5,90000000;0,77085195
5,90100000;0,77092555
5,90200000;0,77099914
5,90300000;0,77107272
5,90400000;0,77114628
5,90500000;0,77121983
5,90600000;0,77129337
5,90700000;0,77136690
5,90800000;0,77144042
5,90900000;0,77151392
5,91000000;0,77158741
5,91100000;0,77166089
5,91200000;0,77173435
5,91300000;0,77180781
5,91400000;0,77188125
5,91500000;0,77195467
5,91600000;0,77202809
5,91700000;0,77210149
5,91800000;0,77217488
5,91900000;0,77224826
5,92000000;0,77232163
5,92100000;0,77239498
5,92200000;0,77246832
5,92300000;0,77254165
5,92400000;0,77261497
5,92500000;0,77268827
5,92600000;0,77276157
5,92700000;0,77283484
5,92800000;0,77290811
5,92900000;0,77298137
5,93000000;0,77305461
5,93100000;0,77312784
5,93200000;0,77320106
5,93300000;0,77327426
5,93400000;0,77334745
5,93500000;0,77342064
5,93600000;0,77349380
5,93700000;0,77356696
5,93800000;0,77364010
5,93900000;0,77371323
5,94000000;0,77378635
5,94100000;0,77385946
5,94200000;0,77393255
5,94300000;0,77400564
5,94400000;0,77407871
5,94500000;0,77415176
5,94600000;0,77422481
5,94700000;0,77429784
5,94800000;0,77437086
5,94900000;0,77444387
5,95000000;0,77451687
5,95100000;0,77458985
5,95200000;0,77466282
5,95300000;0,77473578
5,95400000;0,77480873
5,95500000;0,77488166
5,95600000;0,77495459
5,95700000;0,77502750
5,95800000;0,77510040
5,95900000;0,77517328
5,96000000;0,77524615
5,96100000;0,77531902
5,96200000;0,77539187
5,96300000;0,77546470
5,96400000;0,77553753
5,96500000;0,77561034
5,96600000;0,77568314
5,96700000;0,77575593
5,96800000;0,77582870
5,96900000;0,77590147
5,97000000;0,77597422
5,97100000;0,77604696
5,97200000;0,77611969
5,97300000;0,77619240
5,97400000;0,77626510
5,97500000;0,77633779
5,97600000;0,77641047
5,97700000;0,77648314
5,97800000;0,77655579
5,97900000;0,77662843
5,98000000;0,77670106
5,98100000;0,77677368
5,98200000;0,77684629
5,98300000;0,77691888
5,98400000;0,77699146
5,98500000;0,77706403
5,98600000;0,77713659
5,98700000;0,77720913
5,98800000;0,77728167
5,98900000;0,77735419
5,99000000;0,77742670
5,99100000;0,77749919
5,99200000;0,77757168
5,99300000;0,77764415
5,99400000;0,77771661
5,99500000;0,77778906
5,99600000;0,77786149
5,99700000;0,77793392
5,99800000;0,77800633
5,99900000;0,77807873
6,00000000;0,77815112
6,00100000;0,77822349
6,00200000;0,77829586
6,00300000;0,77836821
6,00400000;0,77844055
6,00500000;0,77851287
6,00600000;0,77858519
6,00700000;0,77865749
6,00800000;0,77872978
6,00900000;0,77880206
6,01000000;0,77887433
6,01100000;0,77894659
6,01200000;0,77901883
6,01300000;0,77909106
6,01400000;0,77916328
6,01500000;0,77923549
6,01600000;0,77930768
6,01700000;0,77937986
6,01800000;0,77945204
6,01900000;0,77952419
6,02000000;0,77959634
6,02100000;0,77966848
6,02200000;0,77974060
6,02300000;0,77981271
6,02400000;0,77988481
6,02500000;0,77995690
6,02600000;0,78002897
6,02700000;0,78010104
6,02800000;0,78017309
6,02900000;0,78024513
6,03000000;0,78031715
6,03100000;0,78038917
6,03200000;0,78046117
6,03300000;0,78053317
6,03400000;0,78060515
6,03500000;0,78067711
6,03600000;0,78074907
6,03700000;0,78082101
6,03800000;0,78089294
6,03900000;0,78096486
6,04000000;0,78103677
6,04100000;0,78110867
6,04200000;0,78118055
6,04300000;0,78125243
6,04400000;0,78132429
6,04500000;0,78139614
6,04600000;0,78146797
6,04700000;0,78153980
6,04800000;0,78161161
6,04900000;0,78168341
6,05000000;0,78175520
6,05100000;0,78182698
6,05200000;0,78189874
6,05300000;0,78197071
6,05400000;0,78204245
6,05500000;0,78211418
6,05600000;0,78218590
6,05700000;0,78225761
6,05800000;0,78232930
6,05900000;0,78240099
6,06000000;0,78247266
6,06100000;0,78254432
6,06200000;0,78261596
6,06300000;0,78268760
6,06400000;0,78275922
6,06500000;0,78283084
6,06600000;0,78290244
6,06700000;0,78297402
6,06800000;0,78304560
6,06900000;0,78311717
6,07000000;0,78318872
6,07100000;0,78326026
6,07200000;0,78333179
6,07300000;0,78340331
6,07400000;0,78347481
6,07500000;0,78354631
6,07600000;0,78361779
6,07700000;0,78368926
6,07800000;0,78376072
6,07900000;0,78383217
6,08000000;0,78390360
6,08100000;0,78397503
6,08200000;0,78404644
6,08300000;0,78411784
6,08400000;0,78418923
6,08500000;0,78426060
6,08600000;0,78433197
6,08700000;0,78440332
6,08800000;0,78447466
6,08900000;0,78454599
6,09000000;0,78461731
6,09100000;0,78468862
6,09200000;0,78475991
6,09300000;0,78483120
6,09400000;0,78490247
6,09500000;0,78497373
6,09600000;0,78504498
6,09700000;0,78511621
6,09800000;0,78518744
6,09900000;0,78525865
6,10000000;0,78532985
6,10100000;0,78540104
6,10200000;0,78547222
6,10300000;0,78554338
6,10400000;0,78561454
6,10500000;0,78568568
6,10600000;0,78575681
6,10700000;0,78582793
6,10800000;0,78589904
6,10900000;0,78597014
6,11000000;0,78604122
6,11100000;0,78611229
6,11200000;0,78618335
6,11300000;0,78625440
6,11400000;0,78632544
6,11500000;0,78639647
6,11600000;0,78646748
6,11700000;0,78653849
6,11800000;0,78660948
6,11900000;0,78668046
6,12000000;0,78675143
6,12100000;0,78682238
6,12200000;0,78689333
6,12300000;0,78696426
6,12400000;0,78703519
6,12500000;0,78710610
6,12600000;0,78717700
6,12700000;0,78724788
6,12800000;0,78731876
6,12900000;0,78738962
6,13000000;0,78746048
6,13100000;0,78753132
6,13200000;0,78760215
6,13300000;0,78767296
6,13400000;0,78774377
6,13500000;0,78781457
6,13600000;0,78788535
6,13700000;0,78795612
6,13800000;0,78802688
6,13900000;0,78809763
6,14000000;0,78816837
6,14100000;0,78823909
6,14200000;0,78830981
6,14300000;0,78838051
6,14400000;0,78845120
6,14500000;0,78852188
6,14600000;0,78859255
6,14700000;0,78866321
6,14800000;0,78873385
6,14900000;0,78880448
6,15000000;0,78887511
6,15100000;0,78894572
6,15200000;0,78901632
6,15300000;0,78908690
6,15400000;0,78915748
6,15500000;0,78922805
6,15600000;0,78929860
6,15700000;0,78936914
6,15800000;0,78943967
6,15900000;0,78951019
6,16000000;0,78958070
6,16100000;0,78965119
6,16200000;0,78972168
6,16300000;0,78979215
6,16400000;0,78986261
6,16500000;0,78993306
6,16600000;0,79000350
6,16700000;0,79007393
6,16800000;0,79014435
6,16900000;0,79021475
6,17000000;0,79028514
6,17100000;0,79035553
6,17200000;0,79042590
6,17300000;0,79049626
6,17400000;0,79056660
6,17500000;0,79063694
6,17600000;0,79070726
6,17700000;0,79077758
6,17800000;0,79084788
6,17900000;0,79091817
6,18000000;0,79098845
6,18100000;0,79105872
6,18200000;0,79112898
6,18300000;0,79119922
6,18400000;0,79126945
6,18500000;0,79133968
6,18600000;0,79140989
6,18700000;0,79148009
6,18800000;0,79155028
6,18900000;0,79162045
6,19000000;0,79169062
6,19100000;0,79176077
6,19200000;0,79183092
6,19300000;0,79190105
6,19400000;0,79197117
6,19500000;0,79204128
6,19600000;0,79211138
6,19700000;0,79218146
6,19800000;0,79225154
6,19900000;0,79232160
6,20000000;0,79239165
6,20100000;0,79246170
6,20200000;0,79253173
6,20300000;0,79260174
6,20400000;0,79267175
6,20500000;0,79274175
6,20600000;0,79281173
6,20700000;0,79288171
6,20800000;0,79295167
6,20900000;0,79302162
6,21000000;0,79309156
6,21100000;0,79316149
6,21200000;0,79323141
6,21300000;0,79330131
6,21400000;0,79337121
6,21500000;0,79344109
6,21600000;0,79351096
6,21700000;0,79358082
6,21800000;0,79365067
6,21900000;0,79372051
6,22000000;0,79379034
6,22100000;0,79386015
6,22200000;0,79392996
6,22300000;0,79399975
6,22400000;0,79406954
6,22500000;0,79413931
6,22600000;0,79420907
6,22700000;0,79427882
6,22800000;0,79434855
6,22900000;0,79441828
6,23000000;0,79448799
6,23100000;0,79455770
6,23200000;0,79462739
6,23300000;0,79469707
6,23400000;0,79476674
6,23500000;0,79483640
6,23600000;0,79490605
6,23700000;0,79497569
6,23800000;0,79504531
6,23900000;0,79511493
6,24000000;0,79518453
6,24100000;0,79525412
6,24200000;0,79532370
6,24300000;0,79539327
6,24400000;0,79546283
6,24500000;0,79553238
6,24600000;0,79560192
6,24700000;0,79567144
6,24800000;0,79574096
6,24900000;0,79581046
6,25000000;0,79587995
6,25100000;0,79594943
6,25200000;0,79601890
6,25300000;0,79608836
6,25400000;0,79615781
6,25500000;0,79622725
6,25600000;0,79629667
6,25700000;0,79636609
6,25800000;0,79643549
6,25900000;0,79650488
6,26000000;0,79657426
6,26100000;0,79664363
6,26200000;0,79671299
6,26300000;0,79678234
6,26400000;0,79685168
6,26500000;0,79692100
6,26600000;0,79699032
6,26700000;0,79705962
6,26800000;0,79712891
6,26900000;0,79719819
6,27000000;0,79726746
6,27100000;0,79733672
6,27200000;0,79740597
6,27300000;0,79747521
6,27400000;0,79754444
6,27500000;0,79761365
6,27600000;0,79768285
6,27700000;0,79775205
6,27800000;0,79782123
6,27900000;0,79789040
6,28000000;0,79795956
6,28100000;0,79802871
6,28200000;0,79809785
6,28300000;0,79816698
6,28400000;0,79823609
6,28500000;0,79830520
6,28600000;0,79837429
6,28700000;0,79844337
6,28800000;0,79851245
6,28900000;0,79858151
6,29000000;0,79865056
6,29100000;0,79871960
6,29200000;0,79878862
6,29300000;0,79885764
6,29400000;0,79892665
6,29500000;0,79899564
6,29600000;0,79906463
6,29700000;0,79913360
6,29800000;0,79920256
6,29900000;0,79927151
6,30000000;0,79934045
6,30100000;0,79940938
6,30200000;0,79947830
6,30300000;0,79954721
6,30400000;0,79961611
6,30500000;0,79968499
6,30600000;0,79975387
6,30700000;0,79982273
6,30800000;0,79989158
6,30900000;0,79996043
6,31000000;0,80002926
6,31100000;0,80009808
6,31200000;0,80016689
6,31300000;0,80023568
6,31400000;0,80030447
6,31500000;0,80037325
6,31600000;0,80044201
6,31700000;0,80051077
6,31800000;0,80057951
6,31900000;0,80064825
6,32000000;0,80071697
6,32100000;0,80078568
6,32200000;0,80085438
6,32300000;0,80092307
6,32400000;0,80099175
6,32500000;0,80106042
6,32600000;0,80112907
6,32700000;0,80119772
6,32800000;0,80126636
6,32900000;0,80133498
6,33000000;0,80140359
6,33100000;0,80147220
6,33200000;0,80154079
6,33300000;0,80160937
6,33400000;0,80167794
6,33500000;0,80174650
6,33600000;0,80181505
6,33700000;0,80188359
6,33800000;0,80195211
6,33900000;0,80202063
6,34000000;0,80208913
6,34100000;0,80215763
6,34200000;0,80222611
6,34300000;0,80229459
6,34400000;0,80236305
6,34500000;0,80243150
6,34600000;0,80249994
6,34700000;0,80256837
6,34800000;0,80263679
6,34900000;0,80270520
6,35000000;0,80277360
6,35100000;0,80284198
6,35200000;0,80291036
6,35300000;0,80297872
6,35400000;0,80304708
6,35500000;0,80311542
6,35600000;0,80318375
6,35700000;0,80325208
6,35800000;0,80332039
6,35900000;0,80338869
6,36000000;0,80345698
6,36100000;0,80352526
6,36200000;0,80359353
6,36300000;0,80366178
6,36400000;0,80373003
6,36500000;0,80379827
6,36600000;0,80386649
6,36700000;0,80393471
6,36800000;0,80400291
6,36900000;0,80407110
6,37000000;0,80413929
6,37100000;0,80420746
6,37200000;0,80427562
6,37300000;0,80434377
6,37400000;0,80441191
6,37500000;0,80448004
6,37600000;0,80454816
6,37700000;0,80461627
6,37800000;0,80468436
6,37900000;0,80475245
6,38000000;0,80482053
6,38100000;0,80488859
6,38200000;0,80495665
6,38300000;0,80502469
6,38400000;0,80509272
6,38500000;0,80516075
6,38600000;0,80522876
6,38700000;0,80529676
6,38800000;0,80536475
6,38900000;0,80543273
6,39000000;0,80550070
6,39100000;0,80556866
6,39200000;0,80563660
6,39300000;0,80570454
6,39400000;0,80577247
6,39500000;0,80584038
6,39600000;0,80590829
6,39700000;0,80597619
6,39800000;0,80604407
6,39900000;0,80611194
6,40000000;0,80618001
6,40100000;0,80624786
6,40200000;0,80631570
6,40300000;0,80638354
6,40400000;0,80645136
6,40500000;0,80651917
6,40600000;0,80658697
6,40700000;0,80665476
6,40800000;0,80672254
6,40900000;0,80679030
6,41000000;0,80685806
6,41100000;0,80692581
6,41200000;0,80699354
6,41300000;0,80706127
6,41400000;0,80712899
6,41500000;0,80719669
6,41600000;0,80726438
6,41700000;0,80733207
6,41800000;0,80739974
6,41900000;0,80746740
6,42000000;0,80753506
6,42100000;0,80760270
6,42200000;0,80767033
6,42300000;0,80773795
6,42400000;0,80780556
6,42500000;0,80787316
6,42600000;0,80794075
6,42700000;0,80800832
6,42800000;0,80807589
6,42900000;0,80814345
6,43000000;0,80821100
6,43100000;0,80827853
6,43200000;0,80834606
6,43300000;0,80841357
6,43400000;0,80848108
6,43500000;0,80854857
6,43600000;0,80861606
6,43700000;0,80868353
6,43800000;0,80875099
6,43900000;0,80881844
6,44000000;0,80888589
6,44100000;0,80895332
6,44200000;0,80902074
6,44300000;0,80908815
6,44400000;0,80915555
6,44500000;0,80922294
6,44600000;0,80929032
6,44700000;0,80935769
6,44800000;0,80942504
6,44900000;0,80949239
6,45000000;0,80955973
6,45100000;0,80962706
6,45200000;0,80969437
6,45300000;0,80976168
6,45400000;0,80982897
6,45500000;0,80989626
6,45600000;0,80996353
6,45700000;0,81003080
6,45800000;0,81009805
6,45900000;0,81016529
6,46000000;0,81023253
6,46100000;0,81029975
6,46200000;0,81036696
6,46300000;0,81043416
6,46400000;0,81050136
6,46500000;0,81056854
6,46600000;0,81063571
6,46700000;0,81070287
6,46800000;0,81077002
6,46900000;0,81083716
6,47000000;0,81090429
6,47100000;0,81097140
6,47200000;0,81103851
6,47300000;0,81110561
6,47400000;0,81117270
6,47500000;0,81123978
6,47600000;0,81130684
6,47700000;0,81137390
6,47800000;0,81144094
6,47900000;0,81150798
6,48000000;0,81157501
6,48100000;0,81164202
6,48200000;0,81170903
6,48300000;0,81177602
6,48400000;0,81184300
6,48500000;0,81190998
6,48600000;0,81197694
6,48700000;0,81204389
6,48800000;0,81211084
6,48900000;0,81217777
6,49000000;0,81224469
6,49100000;0,81231160
6,49200000;0,81237851
6,49300000;0,81244540
6,49400000;0,81251228
6,49500000;0,81257915
6,49600000;0,81264601
6,49700000;0,81271286
6,49800000;0,81277970
6,49900000;0,81284653
6,50000000;0,81291335
6,50100000;0,81298016
6,50200000;0,81304695
6,50300000;0,81311374
6,50400000;0,81318052
6,50500000;0,81324729
6,50600000;0,81331405
6,50700000;0,81338079
6,50800000;0,81344753
6,50900000;0,81351426
6,51000000;0,81358097
6,51100000;0,81364768
6,51200000;0,81371438
6,51300000;0,81378106
6,51400000;0,81384774
6,51500000;0,81391440
6,51600000;0,81398106
6,51700000;0,81404770
6,51800000;0,81411434
6,51900000;0,81418096
6,52000000;0,81424758
6,52100000;0,81431418
6,52200000;0,81438077
6,52300000;0,81444736
6,52400000;0,81451393
6,52500000;0,81458049
6,52600000;0,81464705
6,52700000;0,81471359
6,52800000;0,81478012
6,52900000;0,81484664
6,53000000;0,81491316
6,53100000;0,81497966
6,53200000;0,81504615
6,53300000;0,81511263
6,53400000;0,81517910
6,53500000;0,81524556
6,53600000;0,81531202
6,53700000;0,81537846
6,53800000;0,81544489
6,53900000;0,81551131
6,54000000;0,81557772
6,54100000;0,81564412
6,54200000;0,81571051
6,54300000;0,81577689
6,54400000;0,81584326
6,54500000;0,81590962
6,54600000;0,81597597
6,54700000;0,81604231
6,54800000;0,81610864
6,54900000;0,81617496
6,55000000;0,81624127
6,55100000;0,81630756
6,55200000;0,81637385
6,55300000;0,81644013
6,55400000;0,81650640
6,55500000;0,81657266
6,55600000;0,81663891
6,55700000;0,81670514
6,55800000;0,81677137
6,55900000;0,81683759
6,56000000;0,81690380
6,56100000;0,81697000
6,56200000;0,81703618
6,56300000;0,81710236
6,56400000;0,81716853
6,56500000;0,81723469
6,56600000;0,81730083
6,56700000;0,81736697
6,56800000;0,81743310
6,56900000;0,81749922
6,57000000;0,81756532
6,57100000;0,81763142
6,57200000;0,81769751
6,57300000;0,81776358
6,57400000;0,81782965
6,57500000;0,81789571
6,57600000;0,81796176
6,57700000;0,81802779
6,57800000;0,81809382
6,57900000;0,81815984
6,58000000;0,81822584
6,58100000;0,81829184
6,58200000;0,81835783
6,58300000;0,81842380
6,58400000;0,81848977
6,58500000;0,81855573
6,58600000;0,81862167
6,58700000;0,81868761
6,58800000;0,81875353
6,58900000;0,81881945
6,59000000;0,81888536
6,59100000;0,81895125
6,59200000;0,81901714
6,59300000;0,81908302
6,59400000;0,81914888
6,59500000;0,81921474
6,59600000;0,81928059
6,59700000;0,81934642
6,59800000;0,81941225
6,59900000;0,81947807
6,60000000;0,81954387
6,60100000;0,81960967
6,60200000;0,81967546
6,60300000;0,81974123
6,60400000;0,81980700
6,60500000;0,81987276
6,60600000;0,81993850
6,60700000;0,82000424
6,60800000;0,82006997
6,60900000;0,82013568
6,61000000;0,82020139
6,61100000;0,82026709
6,61200000;0,82033278
6,61300000;0,82039845
6,61400000;0,82046412
6,61500000;0,82052978
6,61600000;0,82059542
6,61700000;0,82066106
6,61800000;0,82072669
6,61900000;0,82079231
6,62000000;0,82085791
6,62100000;0,82092351
6,62200000;0,82098910
6,62300000;0,82105468
6,62400000;0,82112025
6,62500000;0,82118581
6,62600000;0,82125135
6,62700000;0,82131689
6,62800000;0,82138242
6,62900000;0,82144794
6,63000000;0,82151345
6,63100000;0,82157895
6,63200000;0,82164444
6,63300000;0,82170991
6,63400000;0,82177538
6,63500000;0,82184084
6,63600000;0,82190629
6,63700000;0,82197173
6,63800000;0,82203716
6,63900000;0,82210258
6,64000000;0,82216799
6,64100000;0,82223339
6,64200000;0,82229878
6,64300000;0,82236416
6,64400000;0,82242953
6,64500000;0,82249490
6,64600000;0,82256025
6,64700000;0,82262559
6,64800000;0,82269092
6,64900000;0,82275624
6,65000000;0,82282155
6,65100000;0,82288685
6,65200000;0,82295215
6,65300000;0,82301743
6,65400000;0,82308270
6,65500000;0,82314796
6,65600000;0,82321322
6,65700000;0,82327846
6,65800000;0,82334369
6,65900000;0,82340892
6,66000000;0,82347413
6,66100000;0,82353933
6,66200000;0,82360453
6,66300000;0,82366971
6,66400000;0,82373489
6,66500000;0,82380005
6,66600000;0,82386521
6,66700000;0,82393035
6,66800000;0,82399549
6,66900000;0,82406061
6,67000000;0,82412573
6,67100000;0,82419083
6,67200000;0,82425593
6,67300000;0,82432102
6,67400000;0,82438609
6,67500000;0,82445116
6,67600000;0,82451622
6,67700000;0,82458127
6,67800000;0,82464630
6,67900000;0,82471133
6,68000000;0,82477635
6,68100000;0,82484136
6,68200000;0,82490636
6,68300000;0,82497135
6,68400000;0,82503633
6,68500000;0,82510130
6,68600000;0,82516626
6,68700000;0,82523121
6,68800000;0,82529615
6,68900000;0,82536108
6,69000000;0,82542600
6,69100000;0,82549091
6,69200000;0,82555581
6,69300000;0,82562070
6,69400000;0,82568559
6,69500000;0,82575046
6,69600000;0,82581532
6,69700000;0,82588018
6,69800000;0,82594502
6,69900000;0,82600985
6,70000000;0,82607468
6,70100000;0,82613949
6,70200000;0,82620430
6,70300000;0,82626909
6,70400000;0,82633388
6,70500000;0,82639865
6,70600000;0,82646342
6,70700000;0,82652818
6,70800000;0,82659292
6,70900000;0,82665766
6,71000000;0,82672239
6,71100000;0,82678711
6,71200000;0,82685181
6,71300000;0,82691651
6,71400000;0,82698120
6,71500000;0,82704588
6,71600000;0,82711055
6,71700000;0,82717521
6,71800000;0,82723986
6,71900000;0,82730450
6,72000000;0,82736913
6,72100000;0,82743375
6,72200000;0,82749837
6,72300000;0,82756297
6,72400000;0,82762756
6,72500000;0,82769215
6,72600000;0,82775672
6,72700000;0,82782128
6,72800000;0,82788584
6,72900000;0,82795038
6,73000000;0,82801492
6,73100000;0,82807944
6,73200000;0,82814396
6,73300000;0,82820847
6,73400000;0,82827296
6,73500000;0,82833745
6,73600000;0,82840193
6,73700000;0,82846640
6,73800000;0,82853085
6,73900000;0,82859530
6,74000000;0,82865974
6,74100000;0,82872417
6,74200000;0,82878859
6,74300000;0,82885300
6,74400000;0,82891740
6,74500000;0,82898180
6,74600000;0,82904618
6,74700000;0,82911055
6,74800000;0,82917491
6,74900000;0,82923946
6,75000000;0,82930381
6,75100000;0,82936814
6,75200000;0,82943247
6,75300000;0,82949678
6,75400000;0,82956109
6,75500000;0,82962539
6,75600000;0,82968967
6,75700000;0,82975395
6,75800000;0,82981822
6,75900000;0,82988248
6,76000000;0,82994673
6,76100000;0,83001097
6,76200000;0,83007520
6,76300000;0,83013942
6,76400000;0,83020363
6,76500000;0,83026783
6,76600000;0,83033202
6,76700000;0,83039620
6,76800000;0,83046038
6,76900000;0,83052454
6,77000000;0,83058869
6,77100000;0,83065284
6,77200000;0,83071697
6,77300000;0,83078110
6,77400000;0,83084522
6,77500000;0,83090932
6,77600000;0,83097342
6,77700000;0,83103751
6,77800000;0,83110159
6,77900000;0,83116566
6,78000000;0,83122972
6,78100000;0,83129377
6,78200000;0,83135781
6,78300000;0,83142184
6,78400000;0,83148586
6,78500000;0,83154987
6,78600000;0,83161387
6,78700000;0,83167787
6,78800000;0,83174185
6,78900000;0,83180583
6,79000000;0,83186979
6,79100000;0,83193375
6,79200000;0,83199769
6,79300000;0,83206163
6,79400000;0,83212556
6,79500000;0,83218948
6,79600000;0,83225339
6,79700000;0,83231728
6,79800000;0,83238117
6,79900000;0,83244505
6,80000000;0,83250893
6,80100000;0,83257279
6,80200000;0,83263664
6,80300000;0,83270048
6,80400000;0,83276432
6,80500000;0,83282814
6,80600000;0,83289196
6,80700000;0,83295576
6,80800000;0,83301956
6,80900000;0,83308334
6,81000000;0,83314712
6,81100000;0,83321089
6,81200000;0,83327465
6,81300000;0,83333840
6,81400000;0,83340214
6,81500000;0,83346587
6,81600000;0,83352959
6,81700000;0,83359330
6,81800000;0,83365700
6,81900000;0,83372070
6,82000000;0,83378438
6,82100000;0,83384805
6,82200000;0,83391172
6,82300000;0,83397537
6,82400000;0,83403902
6,82500000;0,83410266
6,82600000;0,83416629
6,82700000;0,83422990
6,82800000;0,83429351
6,82900000;0,83435711
6,83000000;0,83442070
6,83100000;0,83448428
6,83200000;0,83454786
6,83300000;0,83461142
6,83400000;0,83467497
6,83500000;0,83473852
6,83600000;0,83480205
6,83700000;0,83486558
6,83800000;0,83492909
6,83900000;0,83499260
6,84000000;0,83505610
6,84100000;0,83511959
6,84200000;0,83518306
6,84300000;0,83524653
6,84400000;0,83530999
6,84500000;0,83537345
6,84600000;0,83543689
6,84700000;0,83550032
6,84800000;0,83556374
6,84900000;0,83562716
6,85000000;0,83569056
6,85100000;0,83575396
6,85200000;0,83581734
6,85300000;0,83588072
6,85400000;0,83594409
6,85500000;0,83600745
6,85600000;0,83607080
6,85700000;0,83613414
6,85800000;0,83619747
6,85900000;0,83626079
6,86000000;0,83632410
6,86100000;0,83638740
6,86200000;0,83645070
6,86300000;0,83651398
6,86400000;0,83657726
6,86500000;0,83664052
6,86600000;0,83670378
6,86700000;0,83676703
6,86800000;0,83683027
6,86900000;0,83689350
6,87000000;0,83695672
6,87100000;0,83701993
6,87200000;0,83708313
6,87300000;0,83714632
6,87400000;0,83720951
6,87500000;0,83727268
6,87600000;0,83733585
6,87700000;0,83739900
6,87800000;0,83746215
6,87900000;0,83752529
6,88000000;0,83758841
6,88100000;0,83765153
6,88200000;0,83771464
6,88300000;0,83777774
6,88400000;0,83784084
6,88500000;0,83790392
6,88600000;0,83796699
6,88700000;0,83803006
6,88800000;0,83809311
6,88900000;0,83815616
6,89000000;0,83821919
6,89100000;0,83828222
6,89200000;0,83834524
6,89300000;0,83840825
6,89400000;0,83847125
6,89500000;0,83853424
6,89600000;0,83859722
6,89700000;0,83866019
6,89800000;0,83872316
6,89900000;0,83878611
6,90000000;0,83884906
6,90100000;0,83891199
6,90200000;0,83897492
6,90300000;0,83903784
6,90400000;0,83910075
6,90500000;0,83916365
6,90600000;0,83922654
6,90700000;0,83928942
6,90800000;0,83935229
6,90900000;0,83941515
6,91000000;0,83947801
6,91100000;0,83954085
6,91200000;0,83960369
6,91300000;0,83966652
6,91400000;0,83972933
6,91500000;0,83979214
6,91600000;0,83985494
6,91700000;0,83991773
6,91800000;0,83998051
6,91900000;0,84004329
6,92000000;0,84010605
6,92100000;0,84016880
6,92200000;0,84023155
6,92300000;0,84029429
6,92400000;0,84035701
6,92500000;0,84041973
6,92600000;0,84048244
6,92700000;0,84054514
6,92800000;0,84060783
6,92900000;0,84067051
6,93000000;0,84073318
6,93100000;0,84079585
6,93200000;0,84085850
6,93300000;0,84092115
6,93400000;0,84098379
6,93500000;0,84104641
6,93600000;0,84110903
6,93700000;0,84117164
6,93800000;0,84123424
6,93900000;0,84129683
6,94000000;0,84135941
6,94100000;0,84142199
6,94200000;0,84148455
6,94300000;0,84154711
6,94400000;0,84160965
6,94500000;0,84167219
6,94600000;0,84173472
6,94700000;0,84179724
6,94800000;0,84185975
6,94900000;0,84192225
6,95000000;0,84198474
6,95100000;0,84204723
6,95200000;0,84210970
6,95300000;0,84217217
6,95400000;0,84223462
6,95500000;0,84229707
6,95600000;0,84235951
6,95700000;0,84242194
6,95800000;0,84248436
6,95900000;0,84254677
6,96000000;0,84260917
6,96100000;0,84267157
6,96200000;0,84273395
6,96300000;0,84279633
6,96400000;0,84285869
6,96500000;0,84292105
6,96600000;0,84298340
6,96700000;0,84304574
6,96800000;0,84310807
6,96900000;0,84317039
6,97000000;0,84323271
6,97100000;0,84329501
6,97200000;0,84335730
6,97300000;0,84341959
6,97400000;0,84348187
6,97500000;0,84354414
6,97600000;0,84360640
6,97700000;0,84366865
6,97800000;0,84373089
6,97900000;0,84379312
6,98000000;0,84385534
6,98100000;0,84391756
6,98200000;0,84397977
6,98300000;0,84404196
6,98400000;0,84410415
6,98500000;0,84416633
6,98600000;0,84422850
6,98700000;0,84429066
6,98800000;0,84435281
6,98900000;0,84441496
6,99000000;0,84447709
6,99100000;0,84453922
6,99200000;0,84460133
6,99300000;0,84466344
6,99400000;0,84472554
6,99500000;0,84478763
6,99600000;0,84484971
6,99700000;0,84491179
6,99800000;0,84497385
6,99900000;0,84503590
7,00000000;0,84509795
7,00100000;0,84515999
7,00200000;0,84522202
7,00300000;0,84528403
7,00400000;0,84534604
7,00500000;0,84540805
7,00600000;0,84547004
7,00700000;0,84553202
7,00800000;0,84559400
7,00900000;0,84565596
7,01000000;0,84571792
7,01100000;0,84577987
7,01200000;0,84584181
7,01300000;0,84590374
7,01400000;0,84596566
7,01500000;0,84602758
7,01600000;0,84608948
7,01700000;0,84615138
7,01800000;0,84621326
7,01900000;0,84627514
7,02000000;0,84633701
7,02100000;0,84639887
7,02200000;0,84646072
7,02300000;0,84652256
7,02400000;0,84658440
7,02500000;0,84664622
7,02600000;0,84670804
7,02700000;0,84676985
7,02800000;0,84683165
7,02900000;0,84689344
7,03000000;0,84695522
7,03100000;0,84701699
7,03200000;0,84707875
7,03300000;0,84714051
7,03400000;0,84720225
7,03500000;0,84726399
7,03600000;0,84732572
7,03700000;0,84738744
7,03800000;0,84744915
7,03900000;0,84751085
7,04000000;0,84757254
7,04100000;0,84763423
7,04200000;0,84769590
7,04300000;0,84775757
7,04400000;0,84781923
7,04500000;0,84788088
7,04600000;0,84794252
7,04700000;0,84800415
7,04800000;0,84806578
7,04900000;0,84812739
7,05000000;0,84818900
7,05100000;0,84825059
7,05200000;0,84831218
7,05300000;0,84837376
7,05400000;0,84843533
7,05500000;0,84849689
7,05600000;0,84855845
7,05700000;0,84861999
7,05800000;0,84868153
7,05900000;0,84874305
7,06000000;0,84880457
7,06100000;0,84886608
7,06200000;0,84892758
7,06300000;0,84898908
7,06400000;0,84905056
7,06500000;0,84911203
7,06600000;0,84917350
7,06700000;0,84923496
7,06800000;0,84929641
7,06900000;0,84935785
7,07000000;0,84941928
7,07100000;0,84948070
7,07200000;0,84954212
7,07300000;0,84960352
7,07400000;0,84966492
7,07500000;0,84972631
7,07600000;0,84978769
7,07700000;0,84984906
7,07800000;0,84991042
7,07900000;0,84997177
7,08000000;0,85003312
7,08100000;0,85009445
7,08200000;0,85015578
7,08300000;0,85021710
7,08400000;0,85027841
7,08500000;0,85033971
7,08600000;0,85040100
7,08700000;0,85046229
7,08800000;0,85052356
7,08900000;0,85058483
7,09000000;0,85064609
7,09100000;0,85070734
7,09200000;0,85076858
7,09300000;0,85082981
7,09400000;0,85089103
7,09500000;0,85095225
7,09600000;0,85101345
7,09700000;0,85107484
7,09800000;0,85113603
7,09900000;0,85119721
7,10000000;0,85125838
7,10100000;0,85131955
7,10200000;0,85138070
7,10300000;0,85144185
7,10400000;0,85150298
7,10500000;0,85156411
7,10600000;0,85162523
7,10700000;0,85168635
7,10800000;0,85174745
7,10900000;0,85180854
7,11000000;0,85186963
7,11100000;0,85193071
7,11200000;0,85199178
7,11300000;0,85205284
7,11400000;0,85211389
7,11500000;0,85217493
7,11600000;0,85223597
7,11700000;0,85229699
7,11800000;0,85235801
7,11900000;0,85241902
7,12000000;0,85248002
7,12100000;0,85254101
7,12200000;0,85260199
7,12300000;0,85266297
7,12400000;0,85272393
7,12500000;0,85278489
7,12600000;0,85284584
7,12700000;0,85290678
7,12800000;0,85296771
7,12900000;0,85302864
7,13000000;0,85308955
7,13100000;0,85315046
7,13200000;0,85321136
7,13300000;0,85327224
7,13400000;0,85333312
7,13500000;0,85339400
7,13600000;0,85345486
7,13700000;0,85351572
7,13800000;0,85357656
7,13900000;0,85363740
7,14000000;0,85369823
7,14100000;0,85375905
7,14200000;0,85381986
7,14300000;0,85388067
7,14400000;0,85394146
7,14500000;0,85400225
7,14600000;0,85406303
7,14700000;0,85412380
7,14800000;0,85418456
7,14900000;0,85424531
7,15000000;0,85430605
7,15100000;0,85436679
7,15200000;0,85442752
7,15300000;0,85448824
7,15400000;0,85454895
7,15500000;0,85460965
7,15600000;0,85467034
7,15700000;0,85473103
7,15800000;0,85479170
7,15900000;0,85485237
7,16000000;0,85491303
7,16100000;0,85497368
7,16200000;0,85503432
7,16300000;0,85509496
7,16400000;0,85515558
7,16500000;0,85521620
7,16600000;0,85527681
7,16700000;0,85533741
7,16800000;0,85539800
7,16900000;0,85545859
7,17000000;0,85551916
7,17100000;0,85557973
7,17200000;0,85564028
7,17300000;0,85570083
7,17400000;0,85576137
7,17500000;0,85582191
7,17600000;0,85588243
7,17700000;0,85594295
7,17800000;0,85600345
7,17900000;0,85606395
7,18000000;0,85612444
7,18100000;0,85618493
7,18200000;0,85624540
7,18300000;0,85630587
7,18400000;0,85636632
7,18500000;0,85642677
7,18600000;0,85648721
7,18700000;0,85654764
7,18800000;0,85660806
7,18900000;0,85666848
7,19000000;0,85672889
7,19100000;0,85678928
7,19200000;0,85684967
7,19300000;0,85691005
7,19400000;0,85697043
7,19500000;0,85703079
7,19600000;0,85709115
7,19700000;0,85715149
7,19800000;0,85721183
7,19900000;0,85727216
7,20000000;0,85733249
7,20100000;0,85739280
7,20200000;0,85745311
7,20300000;0,85751340
7,20400000;0,85757369
7,20500000;0,85763397
7,20600000;0,85769425
7,20700000;0,85775451
7,20800000;0,85781477
7,20900000;0,85787501
7,21000000;0,85793525
7,21100000;0,85799548
7,21200000;0,85805570
7,21300000;0,85811592
7,21400000;0,85817612
7,21500000;0,85823632
7,21600000;0,85829651
7,21700000;0,85835669
7,21800000;0,85841686
7,21900000;0,85847702
7,22000000;0,85853718
7,22100000;0,85859733
7,22200000;0,85865746
7,22300000;0,85871759
7,22400000;0,85877772
7,22500000;0,85883783
7,22600000;0,85889794
7,22700000;0,85895803
7,22800000;0,85901812
7,22900000;0,85907820
7,23000000;0,85913827
7,23100000;0,85919834
7,23200000;0,85925839
7,23300000;0,85931844
7,23400000;0,85937848
7,23500000;0,85943851
7,23600000;0,85949853
7,23700000;0,85955855
7,23800000;0,85961855
7,23900000;0,85967855
7,24000000;0,85973854
7,24100000;0,85979852
7,24200000;0,85985849
7,24300000;0,85991846
7,24400000;0,85997841
7,24500000;0,86003836
7,24600000;0,86009830
7,24700000;0,86015823
7,24800000;0,86021815
7,24900000;0,86027807
7,25000000;0,86033797
7,25100000;0,86039787
7,25200000;0,86045776
7,25300000;0,86051764
7,25400000;0,86057752
7,25500000;0,86063738
7,25600000;0,86069724
7,25700000;0,86075709
7,25800000;0,86081693
7,25900000;0,86087676
7,26000000;0,86093658
7,26100000;0,86099640
7,26200000;0,86105621
7,26300000;0,86111600
7,26400000;0,86117580
7,26500000;0,86123558
7,26600000;0,86129535
7,26700000;0,86135512
7,26800000;0,86141488
7,26900000;0,86147463
7,27000000;0,86153437
7,27100000;0,86159410
7,27200000;0,86165383
7,27300000;0,86171354
7,27400000;0,86177325
7,27500000;0,86183295
7,27600000;0,86189264
7,27700000;0,86195233
7,27800000;0,86201200
7,27900000;0,86207167
7,28000000;0,86213133
7,28100000;0,86219098
7,28200000;0,86225063
7,28300000;0,86231026
7,28400000;0,86236989
7,28500000;0,86242951
7,28600000;0,86248912
7,28700000;0,86254872
7,28800000;0,86260831
7,28900000;0,86266790
7,29000000;0,86272747
7,29100000;0,86278704
7,29200000;0,86284661
7,29300000;0,86290616
7,29400000;0,86296570
7,29500000;0,86302524
7,29600000;0,86308477
7,29700000;0,86314429
7,29800000;0,86320380
7,29900000;0,86326331
7,30000000;0,86332280
7,30100000;0,86338229
7,30200000;0,86344177
7,30300000;0,86350124
7,30400000;0,86356070
7,30500000;0,86362016
7,30600000;0,86367961
7,30700000;0,86373904
7,30800000;0,86379848
7,30900000;0,86385790
7,31000000;0,86391731
7,31100000;0,86397672
7,31200000;0,86403612
7,31300000;0,86409551
7,31400000;0,86415489
7,31500000;0,86421426
7,31600000;0,86427363
7,31700000;0,86433299
7,31800000;0,86439234
7,31900000;0,86445168
7,32000000;0,86451101
7,32100000;0,86457034
7,32200000;0,86462965
7,32300000;0,86468896
7,32400000;0,86474826
7,32500000;0,86480756
7,32600000;0,86486684
7,32700000;0,86492612
7,32800000;0,86498539
7,32900000;0,86504465
7,33000000;0,86510390
7,33100000;0,86516314
7,33200000;0,86522238
7,33300000;0,86528161
7,33400000;0,86534083
7,33500000;0,86540004
7,33600000;0,86545924
7,33700000;0,86551844
7,33800000;0,86557763
7,33900000;0,86563681
7,34000000;0,86569598
7,34100000;0,86575514
7,34200000;0,86581430
7,34300000;0,86587345
7,34400000;0,86593258
7,34500000;0,86599172
7,34600000;0,86605084
7,34700000;0,86610995
7,34800000;0,86616906
7,34900000;0,86622816
7,35000000;0,86628725
7,35100000;0,86634634
7,35200000;0,86640541
7,35300000;0,86646448
7,35400000;0,86652354
7,35500000;0,86658259
7,35600000;0,86664163
7,35700000;0,86670066
7,35800000;0,86675969
7,35900000;0,86681871
7,36000000;0,86687772
7,36100000;0,86693672
7,36200000;0,86699572
7,36300000;0,86705471
7,36400000;0,86711368
7,36500000;0,86717266
7,36600000;0,86723162
7,36700000;0,86729057
7,36800000;0,86734952
7,36900000;0,86740846
7,37000000;0,86746739
7,37100000;0,86752631
7,37200000;0,86758523
7,37300000;0,86764413
7,37400000;0,86770303
7,37500000;0,86776192
7,37600000;0,86782081
7,37700000;0,86787968
7,37800000;0,86793855
7,37900000;0,86799741
7,38000000;0,86805626
7,38100000;0,86811510
7,38200000;0,86817393
7,38300000;0,86823276
7,38400000;0,86829158
7,38500000;0,86835039
7,38600000;0,86840919
7,38700000;0,86846799
7,38800000;0,86852678
7,38900000;0,86858556
7,39000000;0,86864433
7,39100000;0,86870309
7,39200000;0,86876185
7,39300000;0,86882059
7,39400000;0,86887933
7,39500000;0,86893806
7,39600000;0,86899679
7,39700000;0,86905550
7,39800000;0,86911421
7,39900000;0,86917291
7,40000000;0,86923160
7,40100000;0,86929029
7,40200000;0,86934896
7,40300000;0,86940763
7,40400000;0,86946629
7,40500000;0,86952494
7,40600000;0,86958359
7,40700000;0,86964222
7,40800000;0,86970085
7,40900000;0,86975947
7,41000000;0,86981808
7,41100000;0,86987669
7,41200000;0,86993529
7,41300000;0,86999387
7,41400000;0,87005246
7,41500000;0,87011103
7,41600000;0,87016959
7,41700000;0,87022815
7,41800000;0,87028670
7,41900000;0,87034524
7,42000000;0,87040378
7,42100000;0,87046230
7,42200000;0,87052082
7,42300000;0,87057933
7,42400000;0,87063783
7,42500000;0,87069632
7,42600000;0,87075481
7,42700000;0,87081329
7,42800000;0,87087176
7,42900000;0,87093022
7,43000000;0,87098868
7,43100000;0,87104712
7,43200000;0,87110556
7,43300000;0,87116399
7,43400000;0,87122242
7,43500000;0,87128083
7,43600000;0,87133924
7,43700000;0,87139764
7,43800000;0,87145603
7,43900000;0,87151442
7,44000000;0,87157279
7,44100000;0,87163116
7,44200000;0,87168952
7,44300000;0,87174787
7,44400000;0,87180622
7,44500000;0,87186456
7,44600000;0,87192307
7,44700000;0,87198139
7,44800000;0,87203970
7,44900000;0,87209801
7,45000000;0,87215631
7,45100000;0,87221460
7,45200000;0,87227288
7,45300000;0,87233115
7,45400000;0,87238942
7,45500000;0,87244768
7,45600000;0,87250593
7,45700000;0,87256417
7,45800000;0,87262241
7,45900000;0,87268064
7,46000000;0,87273886
7,46100000;0,87279707
7,46200000;0,87285527
7,46300000;0,87291347
7,46400000;0,87297166
7,46500000;0,87302984
7,46600000;0,87308801
7,46700000;0,87314618
7,46800000;0,87320434
7,46900000;0,87326249
7,47000000;0,87332063
7,47100000;0,87337876
7,47200000;0,87343689
7,47300000;0,87349501
7,47400000;0,87355312
7,47500000;0,87361122
7,47600000;0,87366932
7,47700000;0,87372740
7,47800000;0,87378548
7,47900000;0,87384355
7,48000000;0,87390162
7,48100000;0,87395968
7,48200000;0,87401772
7,48300000;0,87407577
7,48400000;0,87413380
7,48500000;0,87419182
7,48600000;0,87424984
7,48700000;0,87430785
7,48800000;0,87436585
7,48900000;0,87442385
7,49000000;0,87448183
7,49100000;0,87453981
7,49200000;0,87459779
7,49300000;0,87465575
7,49400000;0,87471370
7,49500000;0,87477165
7,49600000;0,87482959
7,49700000;0,87488753
7,49800000;0,87494545
7,49900000;0,87500337
7,50000000;0,87506128
7,50100000;0,87511918
7,50200000;0,87517707
7,50300000;0,87523496
7,50400000;0,87529284
7,50500000;0,87535071
7,50600000;0,87540857
7,50700000;0,87546643
7,50800000;0,87552427
7,50900000;0,87558211
7,51000000;0,87563995
7,51100000;0,87569777
7,51200000;0,87575559
7,51300000;0,87581340
7,51400000;0,87587120
7,51500000;0,87592899
7,51600000;0,87598678
7,51700000;0,87604456
7,51800000;0,87610233
7,51900000;0,87616009
7,52000000;0,87621785
7,52100000;0,87627559
7,52200000;0,87633333
7,52300000;0,87639107
7,52400000;0,87644879
7,52500000;0,87650651
7,52600000;0,87656422
7,52700000;0,87662192
7,52800000;0,87667961
7,52900000;0,87673730
7,53000000;0,87679498
7,53100000;0,87685265
7,53200000;0,87691031
7,53300000;0,87696797
7,53400000;0,87702561
7,53500000;0,87708325
7,53600000;0,87714089
7,53700000;0,87719851
7,53800000;0,87725613
7,53900000;0,87731374
7,54000000;0,87737134
7,54100000;0,87742894
7,54200000;0,87748652
7,54300000;0,87754410
7,54400000;0,87760167
7,54500000;0,87765924
7,54600000;0,87771679
7,54700000;0,87777434
7,54800000;0,87783188
7,54900000;0,87788942
7,55000000;0,87794694
7,55100000;0,87800446
7,55200000;0,87806197
7,55300000;0,87811947
7,55400000;0,87817697
7,55500000;0,87823446
7,55600000;0,87829194
7,55700000;0,87834941
7,55800000;0,87840688
7,55900000;0,87846433
7,56000000;0,87852178
7,56100000;0,87857922
7,56200000;0,87863666
7,56300000;0,87869409
7,56400000;0,87875151
7,56500000;0,87880892
7,56600000;0,87886632
7,56700000;0,87892372
7,56800000;0,87898111
7,56900000;0,87903849
7,57000000;0,87909586
7,57100000;0,87915323
7,57200000;0,87921059
7,57300000;0,87926794
7,57400000;0,87932528
7,57500000;0,87938262
7,57600000;0,87943995
7,57700000;0,87949727
7,57800000;0,87955458
7,57900000;0,87961189
7,58000000;0,87966918
7,58100000;0,87972647
7,58200000;0,87978376
7,58300000;0,87984103
7,58400000;0,87989830
7,58500000;0,87995556
7,58600000;0,88001281
7,58700000;0,88007006
7,58800000;0,88012730
7,58900000;0,88018453
7,59000000;0,88024175
7,59100000;0,88029896
7,59200000;0,88035617
7,59300000;0,88041337
7,59400000;0,88047056
7,59500000;0,88052775
7,59600000;0,88058493
7,59700000;0,88064210
7,59800000;0,88069926
7,59900000;0,88075641
7,60000000;0,88081356
7,60100000;0,88087070
7,60200000;0,88092783
7,60300000;0,88098496
7,60400000;0,88104207
7,60500000;0,88109918
7,60600000;0,88115629
7,60700000;0,88121338
7,60800000;0,88127047
7,60900000;0,88132755
7,61000000;0,88138462
7,61100000;0,88144168
7,61200000;0,88149874
7,61300000;0,88155579
7,61400000;0,88161283
7,61500000;0,88166987
7,61600000;0,88172690
7,61700000;0,88178392
7,61800000;0,88184093
7,61900000;0,88189793
7,62000000;0,88195493
7,62100000;0,88201192
7,62200000;0,88206890
7,62300000;0,88212588
7,62400000;0,88218284
7,62500000;0,88223980
7,62600000;0,88229676
7,62700000;0,88235370
7,62800000;0,88241064
7,62900000;0,88246757
7,63000000;0,88252449
7,63100000;0,88258141
7,63200000;0,88263831
7,63300000;0,88269521
7,63400000;0,88275211
7,63500000;0,88280899
7,63600000;0,88286587
7,63700000;0,88292274
7,63800000;0,88297960
7,63900000;0,88303646
7,64000000;0,88309331
7,64100000;0,88315015
7,64200000;0,88320698
7,64300000;0,88326381
7,64400000;0,88332062
7,64500000;0,88337744
7,64600000;0,88343424
7,64700000;0,88349103
7,64800000;0,88354782
7,64900000;0,88360460
7,65000000;0,88366138
7,65100000;0,88371814
7,65200000;0,88377490
7,65300000;0,88383165
7,65400000;0,88388840
7,65500000;0,88394514
7,65600000;0,88400186
7,65700000;0,88405859
7,65800000;0,88411530
7,65900000;0,88417201
7,66000000;0,88422871
7,66100000;0,88428540
7,66200000;0,88434208
7,66300000;0,88439876
7,66400000;0,88445543
7,66500000;0,88451209
7,66600000;0,88456875
7,66700000;0,88462540
7,66800000;0,88468204
7,66900000;0,88473867
7,67000000;0,88479530
7,67100000;0,88485191
7,67200000;0,88490853
7,67300000;0,88496513
7,67400000;0,88502173
7,67500000;0,88507831
7,67600000;0,88513490
7,67700000;0,88519147
7,67800000;0,88524804
7,67900000;0,88530460
7,68000000;0,88536115
7,68100000;0,88541769
7,68200000;0,88547423
7,68300000;0,88553076
7,68400000;0,88558728
7,68500000;0,88564380
7,68600000;0,88570030
7,68700000;0,88575680
7,68800000;0,88581330
7,68900000;0,88586978
7,69000000;0,88592626
7,69100000;0,88598273
7,69200000;0,88603920
7,69300000;0,88609565
7,69400000;0,88615210
7,69500000;0,88620854
7,69600000;0,88626498
7,69700000;0,88632140
7,69800000;0,88637782
7,69900000;0,88643424
7,70000000;0,88649064
7,70100000;0,88654704
7,70200000;0,88660343
7,70300000;0,88665981
7,70400000;0,88671619
7,70500000;0,88677256
7,70600000;0,88682892
7,70700000;0,88688527
7,70800000;0,88694162
7,70900000;0,88699796
7,71000000;0,88705429
7,71100000;0,88711061
7,71200000;0,88716693
7,71300000;0,88722324
7,71400000;0,88727954
7,71500000;0,88733584
7,71600000;0,88739213
7,71700000;0,88744841
7,71800000;0,88750468
7,71900000;0,88756095
7,72000000;0,88761721
7,72100000;0,88767346
7,72200000;0,88772970
7,72300000;0,88778594
7,72400000;0,88784217
7,72500000;0,88789839
7,72600000;0,88795461
7,72700000;0,88801081
7,72800000;0,88806701
7,72900000;0,88812321
7,73000000;0,88817939
7,73100000;0,88823557
7,73200000;0,88829174
7,73300000;0,88834791
7,73400000;0,88840406
7,73500000;0,88846021
7,73600000;0,88851636
7,73700000;0,88857249
7,73800000;0,88862862
7,73900000;0,88868474
7,74000000;0,88874085
7,74100000;0,88879696
7,74200000;0,88885306
7,74300000;0,88890915
7,74400000;0,88896524
7,74500000;0,88902131
7,74600000;0,88907738
7,74700000;0,88913345
7,74800000;0,88918950
7,74900000;0,88924555
7,75000000;0,88930159
7,75100000;0,88935762
7,75200000;0,88941365
7,75300000;0,88946967
7,75400000;0,88952568
7,75500000;0,88958169
7,75600000;0,88963768
7,75700000;0,88969367
7,75800000;0,88974966
7,75900000;0,88980563
7,76000000;0,88986160
7,76100000;0,88991756
7,76200000;0,88997352
7,76300000;0,89002947
7,76400000;0,89008541
7,76500000;0,89014134
7,76600000;0,89019726
7,76700000;0,89025318
7,76800000;0,89030909
7,76900000;0,89036500
7,77000000;0,89042089
7,77100000;0,89047678
7,77200000;0,89053267
7,77300000;0,89058854
7,77400000;0,89064441
7,77500000;0,89070027
7,77600000;0,89075612
7,77700000;0,89081197
7,77800000;0,89086781
7,77900000;0,89092364
7,78000000;0,89097947
7,78100000;0,89103528
7,78200000;0,89109109
7,78300000;0,89114690
7,78400000;0,89120269
7,78500000;0,89125848
7,78600000;0,89131426
7,78700000;0,89137004
7,78800000;0,89142581
7,78900000;0,89148157
7,79000000;0,89153732
7,79100000;0,89159307
7,79200000;0,89164881
7,79300000;0,89170454
7,79400000;0,89176026
7,79500000;0,89181615
7,79600000;0,89187186
7,79700000;0,89192757
7,79800000;0,89198326
7,79900000;0,89203895
7,80000000;0,89209464
7,80100000;0,89215031
7,80200000;0,89220598
7,80300000;0,89226164
7,80400000;0,89231729
7,80500000;0,89237294
7,80600000;0,89242858
7,80700000;0,89248421
7,80800000;0,89253983
7,80900000;0,89259545
7,81000000;0,89265106
7,81100000;0,89270667
7,81200000;0,89276226
7,81300000;0,89281785
7,81400000;0,89287343
7,81500000;0,89292901
7,81600000;0,89298458
7,81700000;0,89304014
7,81800000;0,89309569
7,81900000;0,89315124
7,82000000;0,89320678
7,82100000;0,89326231
7,82200000;0,89331784
7,82300000;0,89337335
7,82400000;0,89342887
7,82500000;0,89348437
7,82600000;0,89353987
7,82700000;0,89359536
7,82800000;0,89365084
7,82900000;0,89370631
7,83000000;0,89376178
7,83100000;0,89381724
7,83200000;0,89387270
7,83300000;0,89392815
7,83400000;0,89398359
7,83500000;0,89403902
7,83600000;0,89409445
7,83700000;0,89414987
7,83800000;0,89420528
7,83900000;0,89426068
7,84000000;0,89431608
7,84100000;0,89437147
7,84200000;0,89442685
7,84300000;0,89448223
7,84400000;0,89453760
7,84500000;0,89459296
7,84600000;0,89464832
7,84700000;0,89470367
7,84800000;0,89475901
7,84900000;0,89481434
7,85000000;0,89486967
7,85100000;0,89492499
7,85200000;0,89498030
7,85300000;0,89503561
7,85400000;0,89509091
7,85500000;0,89514620
7,85600000;0,89520149
7,85700000;0,89525676
7,85800000;0,89531203
7,85900000;0,89536730
7,86000000;0,89542256
7,86100000;0,89547781
7,86200000;0,89553305
7,86300000;0,89558828
7,86400000;0,89564351
7,86500000;0,89569873
7,86600000;0,89575395
7,86700000;0,89580916
7,86800000;0,89586436
7,86900000;0,89591955
7,87000000;0,89597474
7,87100000;0,89602992
7,87200000;0,89608509
7,87300000;0,89614026
7,87400000;0,89619541
7,87500000;0,89625057
7,87600000;0,89630571
7,87700000;0,89636085
7,87800000;0,89641598
7,87900000;0,89647110
7,88000000;0,89652622
7,88100000;0,89658133
7,88200000;0,89663643
7,88300000;0,89669153
7,88400000;0,89674661
7,88500000;0,89680170
7,88600000;0,89685677
7,88700000;0,89691184
7,88800000;0,89696690
7,88900000;0,89702195
7,89000000;0,89707700
7,89100000;0,89713204
7,89200000;0,89718707
7,89300000;0,89724210
7,89400000;0,89729712
7,89500000;0,89735213
7,89600000;0,89740713
7,89700000;0,89746213
7,89800000;0,89751712
7,89900000;0,89757211
7,90000000;0,89762708
7,90100000;0,89768205
7,90200000;0,89773702
7,90300000;0,89779197
7,90400000;0,89784692
7,90500000;0,89790186
7,90600000;0,89795680
7,90700000;0,89801173
7,90800000;0,89806665
7,90900000;0,89812156
7,91000000;0,89817647
7,91100000;0,89823137
7,91200000;0,89828627
7,91300000;0,89834115
7,91400000;0,89839603
7,91500000;0,89845090
7,91600000;0,89850577
7,91700000;0,89856063
7,91800000;0,89861548
7,91900000;0,89867033
7,92000000;0,89872516
7,92100000;0,89878000
7,92200000;0,89883482
7,92300000;0,89888964
7,92400000;0,89894445
7,92500000;0,89899925
7,92600000;0,89905405
7,92700000;0,89910884
7,92800000;0,89916362
7,92900000;0,89921840
7,93000000;0,89927317
7,93100000;0,89932793
7,93200000;0,89938268
7,93300000;0,89943743
7,93400000;0,89949217
7,93500000;0,89954691
7,93600000;0,89960164
7,93700000;0,89965636
7,93800000;0,89971107
7,93900000;0,89976578
7,94000000;0,89982048
7,94100000;0,89987517
7,94200000;0,89992986
7,94300000;0,89998454
7,94400000;0,90003921
7,94500000;0,90009387
7,94600000;0,90014853
7,94700000;0,90020318
7,94800000;0,90025783
7,94900000;0,90031247
7,95000000;0,90036710
7,95100000;0,90042172
7,95200000;0,90047634
7,95300000;0,90053095
7,95400000;0,90058555
7,95500000;0,90064015
7,95600000;0,90069474
7,95700000;0,90074932
7,95800000;0,90080390
7,95900000;0,90085847
7,96000000;0,90091303
7,96100000;0,90096759
7,96200000;0,90102214
7,96300000;0,90107668
7,96400000;0,90113121
7,96500000;0,90118574
7,96600000;0,90124026
7,96700000;0,90129478
7,96800000;0,90134929
7,96900000;0,90140379
7,97000000;0,90145828
7,97100000;0,90151277
7,97200000;0,90156725
7,97300000;0,90162172
7,97400000;0,90167619
7,97500000;0,90173065
7,97600000;0,90178510
7,97700000;0,90183955
7,97800000;0,90189399
7,97900000;0,90194842
7,98000000;0,90200285
7,98100000;0,90205727
7,98200000;0,90211168
7,98300000;0,90216608
7,98400000;0,90222048
7,98500000;0,90227487
7,98600000;0,90232926
7,98700000;0,90238364
7,98800000;0,90243801
7,98900000;0,90249237
7,99000000;0,90254673
7,99100000;0,90260108
7,99200000;0,90265542
7,99300000;0,90270976
7,99400000;0,90276409
7,99500000;0,90281842
7,99600000;0,90287273
7,99700000;0,90292704
7,99800000;0,90298135
7,99900000;0,90303564
8,00000000;0,90308993
8,00100000;0,90314422
8,00200000;0,90319849
8,00300000;0,90325276
8,00400000;0,90330702
8,00500000;0,90336128
8,00600000;0,90341553
8,00700000;0,90346977
8,00800000;0,90352401
8,00900000;0,90357823
8,01000000;0,90363246
8,01100000;0,90368667
8,01200000;0,90374088
8,01300000;0,90379508
8,01400000;0,90384928
8,01500000;0,90390346
8,01600000;0,90395765
8,01700000;0,90401182
8,01800000;0,90406599
8,01900000;0,90412015
8,02000000;0,90417430
8,02100000;0,90422845
8,02200000;0,90428259
8,02300000;0,90433673
8,02400000;0,90439085
8,02500000;0,90444497
8,02600000;0,90449909
8,02700000;0,90455319
8,02800000;0,90460729
8,02900000;0,90466139
8,03000000;0,90471548
8,03100000;0,90476956
8,03200000;0,90482363
8,03300000;0,90487770
8,03400000;0,90493176
8,03500000;0,90498581
8,03600000;0,90503986
8,03700000;0,90509389
8,03800000;0,90514793
8,03900000;0,90520195
8,04000000;0,90525597
8,04100000;0,90530999
8,04200000;0,90536399
8,04300000;0,90541799
8,04400000;0,90547198
8,04500000;0,90552597
8,04600000;0,90557995
8,04700000;0,90563392
8,04800000;0,90568789
8,04900000;0,90574185
8,05000000;0,90579580
8,05100000;0,90584975
8,05200000;0,90590368
8,05300000;0,90595762
8,05400000;0,90601154
8,05500000;0,90606546
8,05600000;0,90611937
8,05700000;0,90617328
8,05800000;0,90622718
8,05900000;0,90628107
8,06000000;0,90633496
8,06100000;0,90638883
8,06200000;0,90644271
8,06300000;0,90649657
8,06400000;0,90655043
8,06500000;0,90660428
8,06600000;0,90665813
8,06700000;0,90671197
8,06800000;0,90676580
8,06900000;0,90681962
8,07000000;0,90687344
8,07100000;0,90692726
8,07200000;0,90698106
8,07300000;0,90703486
8,07400000;0,90708865
8,07500000;0,90714244
8,07600000;0,90719622
8,07700000;0,90724999
8,07800000;0,90730375
8,07900000;0,90735751
8,08000000;0,90741126
8,08100000;0,90746501
8,08200000;0,90751875
8,08300000;0,90757248
8,08400000;0,90762621
8,08500000;0,90767992
8,08600000;0,90773364
8,08700000;0,90778734
8,08800000;0,90784104
8,08900000;0,90789473
8,09000000;0,90794842
8,09100000;0,90800210
8,09200000;0,90805577
8,09300000;0,90810944
8,09400000;0,90816310
8,09500000;0,90821675
8,09600000;0,90827039
8,09700000;0,90832403
8,09800000;0,90837767
8,09900000;0,90843129
8,10000000;0,90848491
8,10100000;0,90853852
8,10200000;0,90859213
8,10300000;0,90864573
8,10400000;0,90869932
8,10500000;0,90875291
8,10600000;0,90880649
8,10700000;0,90886006
8,10800000;0,90891363
8,10900000;0,90896719
8,11000000;0,90902074
8,11100000;0,90907429
8,11200000;0,90912783
8,11300000;0,90918136
8,11400000;0,90923489
8,11500000;0,90928841
8,11600000;0,90934192
8,11700000;0,90939543
8,11800000;0,90944893
8,11900000;0,90950242
8,12000000;0,90955591
8,12100000;0,90960939
8,12200000;0,90966286
8,12300000;0,90971633
8,12400000;0,90976979
8,12500000;0,90982325
8,12600000;0,90987669
8,12700000;0,90993014
8,12800000;0,90998357
8,12900000;0,91003700
8,13000000;0,91009042
8,13100000;0,91014383
8,13200000;0,91019724
8,13300000;0,91025064
8,13400000;0,91030404
8,13500000;0,91035743
8,13600000;0,91041081
8,13700000;0,91046419
8,13800000;0,91051755
8,13900000;0,91057092
8,14000000;0,91062427
8,14100000;0,91067762
8,14200000;0,91073096
8,14300000;0,91078430
8,14400000;0,91083780
8,14500000;0,91089112
8,14600000;0,91094444
8,14700000;0,91099775
8,14800000;0,91105105
8,14900000;0,91110435
8,15000000;0,91115764
8,15100000;0,91121093
8,15200000;0,91126420
8,15300000;0,91131747
8,15400000;0,91137074
8,15500000;0,91142400
8,15600000;0,91147725
8,15700000;0,91153049
8,15800000;0,91158373
8,15900000;0,91163696
8,16000000;0,91169019
8,16100000;0,91174341
8,16200000;0,91179662
8,16300000;0,91184982
8,16400000;0,91190302
8,16500000;0,91195622
8,16600000;0,91200940
8,16700000;0,91206258
8,16800000;0,91211576
8,16900000;0,91216892
8,17000000;0,91222208
8,17100000;0,91227524
8,17200000;0,91232838
8,17300000;0,91238152
8,17400000;0,91243466
8,17500000;0,91248778
8,17600000;0,91254091
8,17700000;0,91259402
8,17800000;0,91264713
8,17900000;0,91270023
8,18000000;0,91275333
8,18100000;0,91280641
8,18200000;0,91285950
8,18300000;0,91291257
8,18400000;0,91296564
8,18500000;0,91301870
8,18600000;0,91307176
8,18700000;0,91312481
8,18800000;0,91317785
8,18900000;0,91323089
8,19000000;0,91328392
8,19100000;0,91333694
8,19200000;0,91338996
8,19300000;0,91344297
8,19400000;0,91349598
8,19500000;0,91354897
8,19600000;0,91360196
8,19700000;0,91365495
8,19800000;0,91370793
8,19900000;0,91376090
8,20000000;0,91381387
8,20100000;0,91386683
8,20200000;0,91391978
8,20300000;0,91397272
8,20400000;0,91402566
8,20500000;0,91407860
8,20600000;0,91413152
8,20700000;0,91418444
8,20800000;0,91423736
8,20900000;0,91429027
8,21000000;0,91434317
8,21100000;0,91439606
8,21200000;0,91444895
8,21300000;0,91450183
8,21400000;0,91455471
8,21500000;0,91460758
8,21600000;0,91466044
8,21700000;0,91471329
8,21800000;0,91476614
8,21900000;0,91481899
8,22000000;0,91487182
8,22100000;0,91492465
8,22200000;0,91497748
8,22300000;0,91503029
8,22400000;0,91508311
8,22500000;0,91513591
8,22600000;0,91518871
8,22700000;0,91524150
8,22800000;0,91529429
8,22900000;0,91534706
8,23000000;0,91539984
8,23100000;0,91545260
8,23200000;0,91550536
8,23300000;0,91555812
8,23400000;0,91561086
8,23500000;0,91566360
8,23600000;0,91571634
8,23700000;0,91576906
8,23800000;0,91582179
8,23900000;0,91587450
8,24000000;0,91592721
8,24100000;0,91597991
8,24200000;0,91603261
8,24300000;0,91608530
8,24400000;0,91613798
8,24500000;0,91619066
8,24600000;0,91624333
8,24700000;0,91629599
8,24800000;0,91634865
8,24900000;0,91640130
8,25000000;0,91645394
8,25100000;0,91650658
8,25200000;0,91655921
8,25300000;0,91661184
8,25400000;0,91666446
8,25500000;0,91671707
8,25600000;0,91676967
8,25700000;0,91682227
8,25800000;0,91687487
8,25900000;0,91692746
8,26000000;0,91698004
8,26100000;0,91703261
8,26200000;0,91708518
8,26300000;0,91713774
8,26400000;0,91719030
8,26500000;0,91724284
8,26600000;0,91729539
8,26700000;0,91734792
8,26800000;0,91740045
8,26900000;0,91745298
8,27000000;0,91750549
8,27100000;0,91755801
8,27200000;0,91761051
8,27300000;0,91766301
8,27400000;0,91771550
8,27500000;0,91776798
8,27600000;0,91782046
8,27700000;0,91787294
8,27800000;0,91792540
8,27900000;0,91797786
8,28000000;0,91803032
8,28100000;0,91808276
8,28200000;0,91813521
8,28300000;0,91818764
8,28400000;0,91824007
8,28500000;0,91829249
8,28600000;0,91834491
8,28700000;0,91839732
8,28800000;0,91844972
8,28900000;0,91850212
8,29000000;0,91855451
8,29100000;0,91860689
8,29200000;0,91865927
8,29300000;0,91871164
8,29400000;0,91876401
8,29500000;0,91881636
8,29600000;0,91886872
8,29700000;0,91892106
8,29800000;0,91897340
8,29900000;0,91902574
8,30000000;0,91907806
8,30100000;0,91913038
8,30200000;0,91918270
8,30300000;0,91923501
8,30400000;0,91928731
8,30500000;0,91933961
8,30600000;0,91939190
8,30700000;0,91944418
8,30800000;0,91949646
8,30900000;0,91954873
8,31000000;0,91960099
8,31100000;0,91965325
8,31200000;0,91970550
8,31300000;0,91975775
8,31400000;0,91980999
8,31500000;0,91986222
8,31600000;0,91991444
8,31700000;0,91996667
8,31800000;0,92001888
8,31900000;0,92007109
8,32000000;0,92012329
8,32100000;0,92017548
8,32200000;0,92022767
8,32300000;0,92027986
8,32400000;0,92033203
8,32500000;0,92038420
8,32600000;0,92043637
8,32700000;0,92048852
8,32800000;0,92054067
8,32900000;0,92059282
8,33000000;0,92064496
8,33100000;0,92069709
8,33200000;0,92074922
8,33300000;0,92080134
8,33400000;0,92085345
8,33500000;0,92090556
8,33600000;0,92095766
8,33700000;0,92100976
8,33800000;0,92106184
8,33900000;0,92111393
8,34000000;0,92116600
8,34100000;0,92121807
8,34200000;0,92127014
8,34300000;0,92132219
8,34400000;0,92137425
8,34500000;0,92142629
8,34600000;0,92147833
8,34700000;0,92153036
8,34800000;0,92158239
8,34900000;0,92163441
8,35000000;0,92168642
8,35100000;0,92173843
8,35200000;0,92179043
8,35300000;0,92184243
8,35400000;0,92189442
8,35500000;0,92194640
8,35600000;0,92199838
8,35700000;0,92205035
8,35800000;0,92210231
8,35900000;0,92215427
8,36000000;0,92220622
8,36100000;0,92225817
8,36200000;0,92231011
8,36300000;0,92236204
8,36400000;0,92241397
8,36500000;0,92246589
8,36600000;0,92251780
8,36700000;0,92256971
8,36800000;0,92262161
8,36900000;0,92267351
8,37000000;0,92272540
8,37100000;0,92277728
8,37200000;0,92282916
8,37300000;0,92288103
8,37400000;0,92293289
8,37500000;0,92298475
8,37600000;0,92303660
8,37700000;0,92308845
8,37800000;0,92314029
8,37900000;0,92319212
8,38000000;0,92324395
8,38100000;0,92329577
8,38200000;0,92334759
8,38300000;0,92339940
8,38400000;0,92345120
8,38500000;0,92350300
8,38600000;0,92355479
8,38700000;0,92360657
8,38800000;0,92365835
8,38900000;0,92371012
8,39000000;0,92376189
8,39100000;0,92381365
8,39200000;0,92386540
8,39300000;0,92391715
8,39400000;0,92396889
8,39500000;0,92402063
8,39600000;0,92407235
8,39700000;0,92412408
8,39800000;0,92417579
8,39900000;0,92422750
8,40000000;0,92427921
8,40100000;0,92433091
8,40200000;0,92438260
8,40300000;0,92443428
8,40400000;0,92448596
8,40500000;0,92453764
8,40600000;0,92458931
8,40700000;0,92464097
8,40800000;0,92469262
8,40900000;0,92474427
8,41000000;0,92479591
8,41100000;0,92484755
8,41200000;0,92489918
8,41300000;0,92495080
8,41400000;0,92500242
8,41500000;0,92505404
8,41600000;0,92510564
8,41700000;0,92515724
8,41800000;0,92520883
8,41900000;0,92526042
8,42000000;0,92531200
8,42100000;0,92536358
8,42200000;0,92541515
8,42300000;0,92546671
8,42400000;0,92551827
8,42500000;0,92556982
8,42600000;0,92562136
8,42700000;0,92567290
8,42800000;0,92572444
8,42900000;0,92577596
8,43000000;0,92582748
8,43100000;0,92587900
8,43200000;0,92593050
8,43300000;0,92598201
8,43400000;0,92603350
8,43500000;0,92608499
8,43600000;0,92613647
8,43700000;0,92618795
8,43800000;0,92623942
8,43900000;0,92629089
8,44000000;0,92634235
8,44100000;0,92639380
8,44200000;0,92644525
8,44300000;0,92649669
8,44400000;0,92654812
8,44500000;0,92659955
8,44600000;0,92665098
8,44700000;0,92670239
8,44800000;0,92675380
8,44900000;0,92680521
8,45000000;0,92685661
8,45100000;0,92690800
8,45200000;0,92695938
8,45300000;0,92701076
8,45400000;0,92706214
8,45500000;0,92711351
8,45600000;0,92716487
8,45700000;0,92721622
8,45800000;0,92726757
8,45900000;0,92731892
8,46000000;0,92737025
8,46100000;0,92742159
8,46200000;0,92747291
8,46300000;0,92752423
8,46400000;0,92757554
8,46500000;0,92762685
8,46600000;0,92767815
8,46700000;0,92772945
8,46800000;0,92778074
8,46900000;0,92783202
8,47000000;0,92788330
8,47100000;0,92793457
8,47200000;0,92798583
8,47300000;0,92803709
8,47400000;0,92808834
8,47500000;0,92813959
8,47600000;0,92819083
8,47700000;0,92824206
8,47800000;0,92829329
8,47900000;0,92834452
8,48000000;0,92839573
8,48100000;0,92844694
8,48200000;0,92849815
8,48300000;0,92854934
8,48400000;0,92860054
8,48500000;0,92865172
8,48600000;0,92870290
8,48700000;0,92875408
8,48800000;0,92880525
8,48900000;0,92885641
8,49000000;0,92890756
8,49100000;0,92895871
8,49200000;0,92900986
8,49300000;0,92906100
8,49400000;0,92911229
8,49500000;0,92916342
8,49600000;0,92921454
8,49700000;0,92926565
8,49800000;0,92931676
8,49900000;0,92936786
8,50000000;0,92941896
8,50100000;0,92947005
8,50200000;0,92952113
8,50300000;0,92957221
8,50400000;0,92962328
8,50500000;0,92967435
8,50600000;0,92972541
8,50700000;0,92977646
8,50800000;0,92982751
8,50900000;0,92987855
8,51000000;0,92992959
8,51100000;0,92998062
8,51200000;0,93003164
8,51300000;0,93008266
8,51400000;0,93013367
8,51500000;0,93018468
8,51600000;0,93023568
8,51700000;0,93028667
8,51800000;0,93033766
8,51900000;0,93038864
8,52000000;0,93043962
8,52100000;0,93049059
8,52200000;0,93054155
8,52300000;0,93059251
8,52400000;0,93064347
8,52500000;0,93069441
8,52600000;0,93074535
8,52700000;0,93079629
8,52800000;0,93084721
8,52900000;0,93089814
8,53000000;0,93094905
8,53100000;0,93099996
8,53200000;0,93105087
8,53300000;0,93110177
8,53400000;0,93115266
8,53500000;0,93120355
8,53600000;0,93125443
8,53700000;0,93130530
8,53800000;0,93135617
8,53900000;0,93140703
8,54000000;0,93145789
8,54100000;0,93150874
8,54200000;0,93155958
8,54300000;0,93161042
8,54400000;0,93166126
8,54500000;0,93171208
8,54600000;0,93176290
8,54700000;0,93181372
8,54800000;0,93186453
8,54900000;0,93191533
8,55000000;0,93196613
8,55100000;0,93201692
8,55200000;0,93206771
8,55300000;0,93211849
8,55400000;0,93216926
8,55500000;0,93222003
8,55600000;0,93227079
8,55700000;0,93232154
8,55800000;0,93237229
8,55900000;0,93242304
8,56000000;0,93247378
8,56100000;0,93252451
8,56200000;0,93257523
8,56300000;0,93262595
8,56400000;0,93267667
8,56500000;0,93272738
8,56600000;0,93277808
8,56700000;0,93282877
8,56800000;0,93287947
8,56900000;0,93293015
8,57000000;0,93298083
8,57100000;0,93303150
8,57200000;0,93308217
8,57300000;0,93313283
8,57400000;0,93318348
8,57500000;0,93323413
8,57600000;0,93328478
8,57700000;0,93333541
8,57800000;0,93338605
8,57900000;0,93343667
8,58000000;0,93348729
8,58100000;0,93353790
8,58200000;0,93358851
8,58300000;0,93363911
8,58400000;0,93368971
8,58500000;0,93374030
8,58600000;0,93379088
8,58700000;0,93384146
8,58800000;0,93389204
8,58900000;0,93394260
8,59000000;0,93399316
8,59100000;0,93404372
8,59200000;0,93409427
8,59300000;0,93414481
8,59400000;0,93419535
8,59500000;0,93424588
8,59600000;0,93429640
8,59700000;0,93434692
8,59800000;0,93439744
8,59900000;0,93444794
8,60000000;0,93449845
8,60100000;0,93454894
8,60200000;0,93459943
8,60300000;0,93464992
8,60400000;0,93470039
8,60500000;0,93475087
8,60600000;0,93480133
8,60700000;0,93485179
8,60800000;0,93490225
8,60900000;0,93495270
8,61000000;0,93500314
8,61100000;0,93505358
8,61200000;0,93510401
8,61300000;0,93515444
8,61400000;0,93520486
8,61500000;0,93525527
8,61600000;0,93530568
8,61700000;0,93535608
8,61800000;0,93540648
8,61900000;0,93545687
8,62000000;0,93550725
8,62100000;0,93555763
8,62200000;0,93560800
8,62300000;0,93565837
8,62400000;0,93570873
8,62500000;0,93575909
8,62600000;0,93580944
8,62700000;0,93585978
8,62800000;0,93591012
8,62900000;0,93596045
8,63000000;0,93601078
8,63100000;0,93606110
8,63200000;0,93611141
8,63300000;0,93616172
8,63400000;0,93621202
8,63500000;0,93626232
8,63600000;0,93631261
8,63700000;0,93636290
8,63800000;0,93641318
8,63900000;0,93646345
8,64000000;0,93651372
8,64100000;0,93656398
8,64200000;0,93661424
8,64300000;0,93666449
8,64400000;0,93671473
8,64500000;0,93676497
8,64600000;0,93681521
8,64700000;0,93686543
8,64800000;0,93691565
8,64900000;0,93696587
8,65000000;0,93701608
8,65100000;0,93706628
8,65200000;0,93711648
8,65300000;0,93716668
8,65400000;0,93721686
8,65500000;0,93726704
8,65600000;0,93731722
8,65700000;0,93736739
8,65800000;0,93741755
8,65900000;0,93746771
8,66000000;0,93751786
8,66100000;0,93756801
8,66200000;0,93761815
8,66300000;0,93766828
8,66400000;0,93771841
8,66500000;0,93776853
8,66600000;0,93781865
8,66700000;0,93786876
8,66800000;0,93791887
8,66900000;0,93796897
8,67000000;0,93801906
8,67100000;0,93806915
8,67200000;0,93811923
8,67300000;0,93816931
8,67400000;0,93821938
8,67500000;0,93826945
8,67600000;0,93831950
8,67700000;0,93836956
8,67800000;0,93841961
8,67900000;0,93846965
8,68000000;0,93851968
8,68100000;0,93856972
8,68200000;0,93861974
8,68300000;0,93866976
8,68400000;0,93871977
8,68500000;0,93876978
8,68600000;0,93881978
8,68700000;0,93886978
8,68800000;0,93891977
8,68900000;0,93896975
8,69000000;0,93901973
8,69100000;0,93906970
8,69200000;0,93911967
8,69300000;0,93916963
8,69400000;0,93921959
8,69500000;0,93926954
8,69600000;0,93931948
8,69700000;0,93936942
8,69800000;0,93941935
8,69900000;0,93946928
8,70000000;0,93951920
8,70100000;0,93956912
8,70200000;0,93961903
8,70300000;0,93966893
8,70400000;0,93971883
8,70500000;0,93976872
8,70600000;0,93981861
8,70700000;0,93986849
8,70800000;0,93991837
8,70900000;0,93996824
8,71000000;0,94001810
8,71100000;0,94006796
8,71200000;0,94011781
8,71300000;0,94016766
8,71400000;0,94021750
8,71500000;0,94026733
8,71600000;0,94031716
8,71700000;0,94036699
8,71800000;0,94041681
8,71900000;0,94046662
8,72000000;0,94051643
8,72100000;0,94056623
8,72200000;0,94061602
8,72300000;0,94066581
8,72400000;0,94071560
8,72500000;0,94076537
8,72600000;0,94081515
8,72700000;0,94086491
8,72800000;0,94091467
8,72900000;0,94096443
8,73000000;0,94101418
8,73100000;0,94106392
8,73200000;0,94111366
8,73300000;0,94116339
8,73400000;0,94121312
8,73500000;0,94126284
8,73600000;0,94131256
8,73700000;0,94136227
8,73800000;0,94141197
8,73900000;0,94146167
8,74000000;0,94151136
8,74100000;0,94156105
8,74200000;0,94161073
8,74300000;0,94166041
8,74400000;0,94171008
8,74500000;0,94175974
8,74600000;0,94180940
8,74700000;0,94185905
8,74800000;0,94190870
8,74900000;0,94195834
8,75000000;0,94200798
8,75100000;0,94205761
8,75200000;0,94210723
8,75300000;0,94215685
8,75400000;0,94220647
8,75500000;0,94225607
8,75600000;0,94230568
8,75700000;0,94235527
8,75800000;0,94240486
8,75900000;0,94245445
8,76000000;0,94250403
8,76100000;0,94255360
8,76200000;0,94260317
8,76300000;0,94265273
8,76400000;0,94270229
8,76500000;0,94275184
8,76600000;0,94280138
8,76700000;0,94285092
8,76800000;0,94290046
8,76900000;0,94294999
8,77000000;0,94299951
8,77100000;0,94304903
8,77200000;0,94309854
8,77300000;0,94314804
8,77400000;0,94319754
8,77500000;0,94324704
8,77600000;0,94329653
8,77700000;0,94334601
8,77800000;0,94339549
8,77900000;0,94344496
8,78000000;0,94349443
8,78100000;0,94354389
8,78200000;0,94359334
8,78300000;0,94364279
8,78400000;0,94369224
8,78500000;0,94374167
8,78600000;0,94379111
8,78700000;0,94384053
8,78800000;0,94388996
8,78900000;0,94393937
8,79000000;0,94398878
8,79100000;0,94403819
8,79200000;0,94408758
8,79300000;0,94413698
8,79400000;0,94418636
8,79500000;0,94423575
8,79600000;0,94428512
8,79700000;0,94433449
8,79800000;0,94438386
8,79900000;0,94443322
8,80000000;0,94448257
8,80100000;0,94453192
8,80200000;0,94458126
8,80300000;0,94463060
8,80400000;0,94467993
8,80500000;0,94472926
8,80600000;0,94477858
8,80700000;0,94482789
8,80800000;0,94487720
8,80900000;0,94492651
8,81000000;0,94497580
8,81100000;0,94502510
8,81200000;0,94507438
8,81300000;0,94512366
8,81400000;0,94517294
8,81500000;0,94522221
8,81600000;0,94527147
8,81700000;0,94532073
8,81800000;0,94536999
8,81900000;0,94541923
8,82000000;0,94546847
8,82100000;0,94551771
8,82200000;0,94556694
8,82300000;0,94561617
8,82400000;0,94566539
8,82500000;0,94571460
8,82600000;0,94576381
8,82700000;0,94581301
8,82800000;0,94586221
8,82900000;0,94591140
8,83000000;0,94596059
8,83100000;0,94600977
8,83200000;0,94605894
8,83300000;0,94610811
8,83400000;0,94615728
8,83500000;0,94620644
8,83600000;0,94625559
8,83700000;0,94630474
8,83800000;0,94635388
8,83900000;0,94640301
8,84000000;0,94645214
8,84100000;0,94650127
8,84200000;0,94655039
8,84300000;0,94659966
8,84400000;0,94664877
8,84500000;0,94669787
8,84600000;0,94674697
8,84700000;0,94679606
8,84800000;0,94684515
8,84900000;0,94689423
8,85000000;0,94694330
8,85100000;0,94699237
8,85200000;0,94704144
8,85300000;0,94709050
8,85400000;0,94713955
8,85500000;0,94718860
8,85600000;0,94723764
8,85700000;0,94728668
8,85800000;0,94733571
8,85900000;0,94738473
8,86000000;0,94743375
8,86100000;0,94748277
8,86200000;0,94753177
8,86300000;0,94758078
8,86400000;0,94762978
8,86500000;0,94767877
8,86600000;0,94772775
8,86700000;0,94777674
8,86800000;0,94782571
8,86900000;0,94787468
8,87000000;0,94792365
8,87100000;0,94797260
8,87200000;0,94802156
8,87300000;0,94807051
8,87400000;0,94811945
8,87500000;0,94816839
8,87600000;0,94821732
8,87700000;0,94826624
8,87800000;0,94831516
8,87900000;0,94836408
8,88000000;0,94841299
8,88100000;0,94846189
8,88200000;0,94851079
8,88300000;0,94855968
8,88400000;0,94860857
8,88500000;0,94865745
8,88600000;0,94870633
8,88700000;0,94875520
8,88800000;0,94880407
8,88900000;0,94885293
8,89000000;0,94890178
8,89100000;0,94895063
8,89200000;0,94899947
8,89300000;0,94904831
8,89400000;0,94909714
8,89500000;0,94914597
8,89600000;0,94919479
8,89700000;0,94924361
8,89800000;0,94929242
8,89900000;0,94934122
8,90000000;0,94939002
8,90100000;0,94943882
8,90200000;0,94948760
8,90300000;0,94953639
8,90400000;0,94958516
8,90500000;0,94963394
8,90600000;0,94968270
8,90700000;0,94973146
8,90800000;0,94978022
8,90900000;0,94982897
8,91000000;0,94987772
8,91100000;0,94992645
8,91200000;0,94997519
8,91300000;0,95002392
8,91400000;0,95007264
8,91500000;0,95012136
8,91600000;0,95017007
8,91700000;0,95021878
8,91800000;0,95026748
8,91900000;0,95031617
8,92000000;0,95036486
8,92100000;0,95041355
8,92200000;0,95046223
8,92300000;0,95051090
8,92400000;0,95055957
8,92500000;0,95060823
8,92600000;0,95065689
8,92700000;0,95070554
8,92800000;0,95075419
8,92900000;0,95080283
8,93000000;0,95085146
8,93100000;0,95090009
8,93200000;0,95094872
8,93300000;0,95099734
8,93400000;0,95104595
8,93500000;0,95109456
8,93600000;0,95114316
8,93700000;0,95119176
8,93800000;0,95124035
8,93900000;0,95128894
8,94000000;0,95133752
8,94100000;0,95138609
8,94200000;0,95143466
8,94300000;0,95148323
8,94400000;0,95153179
8,94500000;0,95158034
8,94600000;0,95162889
8,94700000;0,95167743
8,94800000;0,95172597
8,94900000;0,95177450
8,95000000;0,95182303
8,95100000;0,95187155
8,95200000;0,95192007
8,95300000;0,95196858
8,95400000;0,95201708
8,95500000;0,95206558
8,95600000;0,95211408
8,95700000;0,95216257
8,95800000;0,95221105
8,95900000;0,95225953
8,96000000;0,95230800
8,96100000;0,95235647
8,96200000;0,95240493
8,96300000;0,95245339
8,96400000;0,95250184
8,96500000;0,95255028
8,96600000;0,95259872
8,96700000;0,95264716
8,96800000;0,95269559
8,96900000;0,95274401
8,97000000;0,95279243
8,97100000;0,95284084
8,97200000;0,95288925
8,97300000;0,95293765
8,97400000;0,95298605
8,97500000;0,95303444
8,97600000;0,95308283
8,97700000;0,95313121
8,97800000;0,95317959
8,97900000;0,95322796
8,98000000;0,95327632
8,98100000;0,95332468
8,98200000;0,95337303
8,98300000;0,95342138
8,98400000;0,95346972
8,98500000;0,95351806
8,98600000;0,95356640
8,98700000;0,95361472
8,98800000;0,95366304
8,98900000;0,95371136
8,99000000;0,95375967
8,99100000;0,95380798
8,99200000;0,95385628
8,99300000;0,95390457
8,99400000;0,95395286
8,99500000;0,95400114
8,99600000;0,95404942
8,99700000;0,95409770
8,99800000;0,95414596
8,99900000;0,95419423
9,00000000;0,95424248
9,00100000;0,95429074
9,00200000;0,95433898
9,00300000;0,95438722
9,00400000;0,95443546
9,00500000;0,95448369
9,00600000;0,95453192
9,00700000;0,95458013
9,00800000;0,95462835
9,00900000;0,95467656
9,01000000;0,95472476
9,01100000;0,95477296
9,01200000;0,95482115
9,01300000;0,95486934
9,01400000;0,95491752
9,01500000;0,95496570
9,01600000;0,95501387
9,01700000;0,95506204
9,01800000;0,95511020
9,01900000;0,95515835
9,02000000;0,95520650
9,02100000;0,95525465
9,02200000;0,95530279
9,02300000;0,95535092
9,02400000;0,95539905
9,02500000;0,95544717
9,02600000;0,95549529
9,02700000;0,95554341
9,02800000;0,95559151
9,02900000;0,95563962
9,03000000;0,95568771
9,03100000;0,95573580
9,03200000;0,95578389
9,03300000;0,95583197
9,03400000;0,95588005
9,03500000;0,95592812
9,03600000;0,95597618
9,03700000;0,95602424
9,03800000;0,95607230
9,03900000;0,95612034
9,04000000;0,95616839
9,04100000;0,95621643
9,04200000;0,95626446
9,04300000;0,95631249
9,04400000;0,95636051
9,04500000;0,95640853
9,04600000;0,95645654
9,04700000;0,95650454
9,04800000;0,95655255
9,04900000;0,95660054
9,05000000;0,95664853
9,05100000;0,95669652
9,05200000;0,95674450
9,05300000;0,95679247
9,05400000;0,95684044
9,05500000;0,95688841
9,05600000;0,95693636
9,05700000;0,95698432
9,05800000;0,95703227
9,05900000;0,95708021
9,06000000;0,95712815
9,06100000;0,95717608
9,06200000;0,95722401
9,06300000;0,95727193
9,06400000;0,95731984
9,06500000;0,95736775
9,06600000;0,95741566
9,06700000;0,95746356
9,06800000;0,95751146
9,06900000;0,95755935
9,07000000;0,95760723
9,07100000;0,95765511
9,07200000;0,95770298
9,07300000;0,95775085
9,07400000;0,95779872
9,07500000;0,95784658
9,07600000;0,95789443
9,07700000;0,95794228
9,07800000;0,95799012
9,07900000;0,95803796
9,08000000;0,95808579
9,08100000;0,95813361
9,08200000;0,95818144
9,08300000;0,95822925
9,08400000;0,95827706
9,08500000;0,95832487
9,08600000;0,95837267
9,08700000;0,95842046
9,08800000;0,95846825
9,08900000;0,95851604
9,09000000;0,95856382
9,09100000;0,95861159
9,09200000;0,95865936
9,09300000;0,95870712
9,09400000;0,95875488
9,09500000;0,95880264
9,09600000;0,95885038
9,09700000;0,95889813
9,09800000;0,95894586
9,09900000;0,95899360
9,10000000;0,95904132
9,10100000;0,95908904
9,10200000;0,95913676
9,10300000;0,95918447
9,10400000;0,95923218
9,10500000;0,95927988
9,10600000;0,95932757
9,10700000;0,95937526
9,10800000;0,95942295
9,10900000;0,95947063
9,11000000;0,95951830
9,11100000;0,95956597
9,11200000;0,95961363
9,11300000;0,95966129
9,11400000;0,95970895
9,11500000;0,95975660
9,11600000;0,95980424
9,11700000;0,95985188
9,11800000;0,95989951
9,11900000;0,95994714
9,12000000;0,95999476
9,12100000;0,96004238
9,12200000;0,96008999
9,12300000;0,96013759
9,12400000;0,96018519
9,12500000;0,96023279
9,12600000;0,96028038
9,12700000;0,96032797
9,12800000;0,96037555
9,12900000;0,96042312
9,13000000;0,96047069
9,13100000;0,96051826
9,13200000;0,96056582
9,13300000;0,96061337
9,13400000;0,96066092
9,13500000;0,96070846
9,13600000;0,96075600
9,13700000;0,96080354
9,13800000;0,96085106
9,13900000;0,96089859
9,14000000;0,96094611
9,14100000;0,96099362
9,14200000;0,96104113
9,14300000;0,96108863
9,14400000;0,96113613
9,14500000;0,96118362
9,14600000;0,96123110
9,14700000;0,96127859
9,14800000;0,96132606
9,14900000;0,96137353
9,15000000;0,96142100
9,15100000;0,96146846
9,15200000;0,96151592
9,15300000;0,96156337
9,15400000;0,96161081
9,15500000;0,96165825
9,15600000;0,96170569
9,15700000;0,96175312
9,15800000;0,96180054
9,15900000;0,96184796
9,16000000;0,96189537
9,16100000;0,96194278
9,16200000;0,96199019
9,16300000;0,96203758
9,16400000;0,96208498
9,16500000;0,96213237
9,16600000;0,96217975
9,16700000;0,96222713
9,16800000;0,96227450
9,16900000;0,96232187
9,17000000;0,96236923
9,17100000;0,96241659
9,17200000;0,96246394
9,17300000;0,96251129
9,17400000;0,96255863
9,17500000;0,96260596
9,17600000;0,96265330
9,17700000;0,96270062
9,17800000;0,96274794
9,17900000;0,96279526
9,18000000;0,96284257
9,18100000;0,96288988
9,18200000;0,96293718
9,18300000;0,96298447
9,18400000;0,96303176
9,18500000;0,96307905
9,18600000;0,96312633
9,18700000;0,96317360
9,18800000;0,96322087
9,18900000;0,96326814
9,19000000;0,96331540
9,19100000;0,96336265
9,19200000;0,96340990
9,19300000;0,96345730
9,19400000;0,96350454
9,19500000;0,96355177
9,19600000;0,96359900
9,19700000;0,96364622
9,19800000;0,96369344
9,19900000;0,96374065
9,20000000;0,96378786
9,20100000;0,96383506
9,20200000;0,96388226
9,20300000;0,96392945
9,20400000;0,96397664
9,20500000;0,96402382
9,20600000;0,96407100
9,20700000;0,96411817
9,20800000;0,96416534
9,20900000;0,96421250
9,21000000;0,96425966
9,21100000;0,96430681
9,21200000;0,96435396
9,21300000;0,96440110
9,21400000;0,96444824
9,21500000;0,96449537
9,21600000;0,96454249
9,21700000;0,96458962
9,21800000;0,96463673
9,21900000;0,96468384
9,22000000;0,96473095
9,22100000;0,96477805
9,22200000;0,96482514
9,22300000;0,96487223
9,22400000;0,96491932
9,22500000;0,96496640
9,22600000;0,96501347
9,22700000;0,96506054
9,22800000;0,96510761
9,22900000;0,96515467
9,23000000;0,96520172
9,23100000;0,96524877
9,23200000;0,96529582
9,23300000;0,96534286
9,23400000;0,96538989
9,23500000;0,96543692
9,23600000;0,96548395
9,23700000;0,96553096
9,23800000;0,96557798
9,23900000;0,96562499
9,24000000;0,96567199
9,24100000;0,96571899
9,24200000;0,96576598
9,24300000;0,96581297
9,24400000;0,96585995
9,24500000;0,96590693
9,24600000;0,96595391
9,24700000;0,96600087
9,24800000;0,96604784
9,24900000;0,96609480
9,25000000;0,96614175
9,25100000;0,96618870
9,25200000;0,96623564
9,25300000;0,96628258
9,25400000;0,96632951
9,25500000;0,96637644
9,25600000;0,96642336
9,25700000;0,96647028
9,25800000;0,96651719
9,25900000;0,96656410
9,26000000;0,96661100
9,26100000;0,96665790
9,26200000;0,96670479
9,26300000;0,96675168
9,26400000;0,96679856
9,26500000;0,96684543
9,26600000;0,96689231
9,26700000;0,96693917
9,26800000;0,96698603
9,26900000;0,96703289
9,27000000;0,96707974
9,27100000;0,96712659
9,27200000;0,96717343
9,27300000;0,96722027
9,27400000;0,96726710
9,27500000;0,96731392
9,27600000;0,96736075
9,27700000;0,96740756
9,27800000;0,96745437
9,27900000;0,96750118
9,28000000;0,96754798
9,28100000;0,96759478
9,28200000;0,96764157
9,28300000;0,96768835
9,28400000;0,96773513
9,28500000;0,96778191
9,28600000;0,96782868
9,28700000;0,96787545
9,28800000;0,96792221
9,28900000;0,96796896
9,29000000;0,96801571
9,29100000;0,96806246
9,29200000;0,96810920
9,29300000;0,96815594
9,29400000;0,96820267
9,29500000;0,96824939
9,29600000;0,96829611
9,29700000;0,96834283
9,29800000;0,96838954
9,29900000;0,96843625
9,30000000;0,96848295
9,30100000;0,96852964
9,30200000;0,96857633
9,30300000;0,96862302
9,30400000;0,96866970
9,30500000;0,96871637
9,30600000;0,96876304
9,30700000;0,96880971
9,30800000;0,96885637
9,30900000;0,96890302
9,31000000;0,96894967
9,31100000;0,96899632
9,31200000;0,96904296
9,31300000;0,96908959
9,31400000;0,96913623
9,31500000;0,96918285
9,31600000;0,96922947
9,31700000;0,96927609
9,31800000;0,96932270
9,31900000;0,96936930
9,32000000;0,96941590
9,32100000;0,96946250
9,32200000;0,96950909
9,32300000;0,96955567
9,32400000;0,96960225
9,32500000;0,96964883
9,32600000;0,96969540
9,32700000;0,96974196
9,32800000;0,96978852
9,32900000;0,96983508
9,33000000;0,96988163
9,33100000;0,96992817
9,33200000;0,96997471
9,33300000;0,97002125
9,33400000;0,97006778
9,33500000;0,97011431
9,33600000;0,97016083
9,33700000;0,97020734
9,33800000;0,97025385
9,33900000;0,97030036
9,34000000;0,97034686
9,34100000;0,97039335
9,34200000;0,97043984
9,34300000;0,97048633
9,34400000;0,97053281
9,34500000;0,97057928
9,34600000;0,97062576
9,34700000;0,97067222
9,34800000;0,97071868
9,34900000;0,97076514
9,35000000;0,97081159
9,35100000;0,97085803
9,35200000;0,97090447
9,35300000;0,97095091
9,35400000;0,97099734
9,35500000;0,97104377
9,35600000;0,97109019
9,35700000;0,97113660
9,35800000;0,97118301
9,35900000;0,97122942
9,36000000;0,97127582
9,36100000;0,97132222
9,36200000;0,97136861
9,36300000;0,97141499
9,36400000;0,97146138
9,36500000;0,97150775
9,36600000;0,97155412
9,36700000;0,97160049
9,36800000;0,97164685
9,36900000;0,97169321
9,37000000;0,97173956
9,37100000;0,97178591
9,37200000;0,97183225
9,37300000;0,97187858
9,37400000;0,97192492
9,37500000;0,97197124
9,37600000;0,97201756
9,37700000;0,97206388
9,37800000;0,97211019
9,37900000;0,97215650
9,38000000;0,97220280
9,38100000;0,97224910
9,38200000;0,97229539
9,38300000;0,97234168
9,38400000;0,97238796
9,38500000;0,97243424
9,38600000;0,97248051
9,38700000;0,97252678
9,38800000;0,97257304
9,38900000;0,97261930
9,39000000;0,97266555
9,39100000;0,97271180
9,39200000;0,97275804
9,39300000;0,97280428
9,39400000;0,97285051
9,39500000;0,97289674
9,39600000;0,97294297
9,39700000;0,97298918
9,39800000;0,97303540
9,39900000;0,97308161
9,40000000;0,97312781
9,40100000;0,97317401
9,40200000;0,97322020
9,40300000;0,97326639
9,40400000;0,97331257
9,40500000;0,97335875
9,40600000;0,97340493
9,40700000;0,97345110
9,40800000;0,97349726
9,40900000;0,97354342
9,41000000;0,97358957
9,41100000;0,97363572
9,41200000;0,97368187
9,41300000;0,97372801
9,41400000;0,97377414
9,41500000;0,97382027
9,41600000;0,97386640
9,41700000;0,97391252
9,41800000;0,97395863
9,41900000;0,97400474
9,42000000;0,97405085
9,42100000;0,97409695
9,42200000;0,97414305
9,42300000;0,97418914
9,42400000;0,97423522
9,42500000;0,97428130
9,42600000;0,97432738
9,42700000;0,97437345
9,42800000;0,97441952
9,42900000;0,97446558
9,43000000;0,97451163
9,43100000;0,97455769
9,43200000;0,97460373
9,43300000;0,97464978
9,43400000;0,97469581
9,43500000;0,97474184
9,43600000;0,97478787
9,43700000;0,97483389
9,43800000;0,97487991
9,43900000;0,97492592
9,44000000;0,97497193
9,44100000;0,97501793
9,44200000;0,97506393
9,44300000;0,97510993
9,44400000;0,97515591
9,44500000;0,97520190
9,44600000;0,97524788
9,44700000;0,97529385
9,44800000;0,97533982
9,44900000;0,97538578
9,45000000;0,97543174
9,45100000;0,97547770
9,45200000;0,97552365
9,45300000;0,97556959
9,45400000;0,97561553
9,45500000;0,97566146
9,45600000;0,97570739
9,45700000;0,97575332
9,45800000;0,97579924
9,45900000;0,97584515
9,46000000;0,97589106
9,46100000;0,97593697
9,46200000;0,97598287
9,46300000;0,97602877
9,46400000;0,97607466
9,46500000;0,97612054
9,46600000;0,97616643
9,46700000;0,97621230
9,46800000;0,97625817
9,46900000;0,97630404
9,47000000;0,97634990
9,47100000;0,97639576
9,47200000;0,97644161
9,47300000;0,97648746
9,47400000;0,97653330
9,47500000;0,97657914
9,47600000;0,97662497
9,47700000;0,97667080
9,47800000;0,97671662
9,47900000;0,97676244
9,48000000;0,97680826
9,48100000;0,97685406
9,48200000;0,97689987
9,48300000;0,97694567
9,48400000;0,97699146
9,48500000;0,97703725
9,48600000;0,97708304
9,48700000;0,97712882
9,48800000;0,97717459
9,48900000;0,97722036
9,49000000;0,97726613
9,49100000;0,97731189
9,49200000;0,97735764
9,49300000;0,97740339
9,49400000;0,97744914
9,49500000;0,97749488
9,49600000;0,97754062
9,49700000;0,97758635
9,49800000;0,97763208
9,49900000;0,97767780
9,50000000;0,97772351
9,50100000;0,97776923
9,50200000;0,97781493
9,50300000;0,97786064
9,50400000;0,97790633
9,50500000;0,97795203
9,50600000;0,97799772
9,50700000;0,97804340
9,50800000;0,97808908
9,50900000;0,97813475
9,51000000;0,97818042
9,51100000;0,97822609
9,51200000;0,97827174
9,51300000;0,97831740
9,51400000;0,97836305
9,51500000;0,97840869
9,51600000;0,97845433
9,51700000;0,97849997
9,51800000;0,97854560
9,51900000;0,97859123
9,52000000;0,97863685
9,52100000;0,97868246
9,52200000;0,97872808
9,52300000;0,97877368
9,52400000;0,97881928
9,52500000;0,97886488
9,52600000;0,97891047
9,52700000;0,97895606
9,52800000;0,97900164
9,52900000;0,97904722
9,53000000;0,97909279
9,53100000;0,97913836
9,53200000;0,97918393
9,53300000;0,97922949
9,53400000;0,97927504
9,53500000;0,97932059
9,53600000;0,97936613
9,53700000;0,97941167
9,53800000;0,97945721
9,53900000;0,97950274
9,54000000;0,97954826
9,54100000;0,97959378
9,54200000;0,97963930
9,54300000;0,97968496
9,54400000;0,97973047
9,54500000;0,97977597
9,54600000;0,97982147
9,54700000;0,97986696
9,54800000;0,97991245
9,54900000;0,97995793
9,55000000;0,98000341
9,55100000;0,98004888
9,55200000;0,98009435
9,55300000;0,98013981
9,55400000;0,98018527
9,55500000;0,98023072
9,55600000;0,98027617
9,55700000;0,98032162
9,55800000;0,98036706
9,55900000;0,98041249
9,56000000;0,98045792
9,56100000;0,98050335
9,56200000;0,98054877
9,56300000;0,98059419
9,56400000;0,98063960
9,56500000;0,98068500
9,56600000;0,98073041
9,56700000;0,98077580
9,56800000;0,98082119
9,56900000;0,98086658
9,57000000;0,98091197
9,57100000;0,98095734
9,57200000;0,98100272
9,57300000;0,98104809
9,57400000;0,98109345
9,57500000;0,98113881
9,57600000;0,98118416
9,57700000;0,98122951
9,57800000;0,98127486
9,57900000;0,98132020
9,58000000;0,98136553
9,58100000;0,98141086
9,58200000;0,98145619
9,58300000;0,98150151
9,58400000;0,98154683
9,58500000;0,98159214
9,58600000;0,98163745
9,58700000;0,98168275
9,58800000;0,98172805
9,58900000;0,98177334
9,59000000;0,98181863
9,59100000;0,98186391
9,59200000;0,98190919
9,59300000;0,98195446
9,59400000;0,98199973
9,59500000;0,98204500
9,59600000;0,98209026
9,59700000;0,98213551
9,59800000;0,98218076
9,59900000;0,98222601
9,60000000;0,98227125
9,60100000;0,98231649
9,60200000;0,98236172
9,60300000;0,98240694
9,60400000;0,98245217
9,60500000;0,98249738
9,60600000;0,98254260
9,60700000;0,98258781
9,60800000;0,98263301
9,60900000;0,98267821
9,61000000;0,98272340
9,61100000;0,98276859
9,61200000;0,98281377
9,61300000;0,98285895
9,61400000;0,98290413
9,61500000;0,98294930
9,61600000;0,98299447
9,61700000;0,98303963
9,61800000;0,98308478
9,61900000;0,98312993
9,62000000;0,98317508
9,62100000;0,98322022
9,62200000;0,98326536
9,62300000;0,98331049
9,62400000;0,98335562
9,62500000;0,98340075
9,62600000;0,98344586
9,62700000;0,98349098
9,62800000;0,98353609
9,62900000;0,98358119
9,63000000;0,98362629
9,63100000;0,98367139
9,63200000;0,98371648
9,63300000;0,98376157
9,63400000;0,98380665
9,63500000;0,98385172
9,63600000;0,98389680
9,63700000;0,98394186
9,63800000;0,98398692
9,63900000;0,98403198
9,64000000;0,98407704
9,64100000;0,98412208
9,64200000;0,98416713
9,64300000;0,98421217
9,64400000;0,98425720
9,64500000;0,98430223
9,64600000;0,98434726
9,64700000;0,98439228
9,64800000;0,98443729
9,64900000;0,98448231
9,65000000;0,98452731
9,65100000;0,98457231
9,65200000;0,98461731
9,65300000;0,98466230
9,65400000;0,98470729
9,65500000;0,98475227
9,65600000;0,98479725
9,65700000;0,98484223
9,65800000;0,98488720
9,65900000;0,98493216
9,66000000;0,98497712
9,66100000;0,98502208
9,66200000;0,98506703
9,66300000;0,98511197
9,66400000;0,98515691
9,66500000;0,98520185
9,66600000;0,98524678
9,66700000;0,98529171
9,66800000;0,98533663
9,66900000;0,98538155
9,67000000;0,98542646
9,67100000;0,98547137
9,67200000;0,98551628
9,67300000;0,98556118
9,67400000;0,98560607
9,67500000;0,98565096
9,67600000;0,98569585
9,67700000;0,98574073
9,67800000;0,98578561
9,67900000;0,98583048
9,68000000;0,98587534
9,68100000;0,98592021
9,68200000;0,98596506
9,68300000;0,98600992
9,68400000;0,98605477
9,68500000;0,98609961
9,68600000;0,98614445
9,68700000;0,98618928
9,68800000;0,98623411
9,68900000;0,98627894
9,69000000;0,98632376
9,69100000;0,98636858
9,69200000;0,98641339
9,69300000;0,98645819
9,69400000;0,98650300
9,69500000;0,98654779
9,69600000;0,98659259
9,69700000;0,98663738
9,69800000;0,98668216
9,69900000;0,98672694
9,70000000;0,98677171
9,70100000;0,98681648
9,70200000;0,98686125
9,70300000;0,98690601
9,70400000;0,98695077
9,70500000;0,98699552
9,70600000;0,98704026
9,70700000;0,98708501
9,70800000;0,98712974
9,70900000;0,98717448
9,71000000;0,98721920
9,71100000;0,98726393
9,71200000;0,98730865
9,71300000;0,98735336
9,71400000;0,98739807
9,71500000;0,98744278
9,71600000;0,98748748
9,71700000;0,98753217
9,71800000;0,98757687
9,71900000;0,98762155
9,72000000;0,98766624
9,72100000;0,98771091
9,72200000;0,98775559
9,72300000;0,98780026
9,72400000;0,98784492
9,72500000;0,98788958
9,72600000;0,98793423
9,72700000;0,98797888
9,72800000;0,98802353
9,72900000;0,98806817
9,73000000;0,98811281
9,73100000;0,98815744
9,73200000;0,98820207
9,73300000;0,98824669
9,73400000;0,98829131
9,73500000;0,98833592
9,73600000;0,98838053
9,73700000;0,98842513
9,73800000;0,98846973
9,73900000;0,98851433
9,74000000;0,98855892
9,74100000;0,98860351
9,74200000;0,98864809
9,74300000;0,98869266
9,74400000;0,98873724
9,74500000;0,98878180
9,74600000;0,98882637
9,74700000;0,98887093
9,74800000;0,98891548
9,74900000;0,98896003
9,75000000;0,98900457
9,75100000;0,98904911
9,75200000;0,98909365
9,75300000;0,98913818
9,75400000;0,98918271
9,75500000;0,98922723
9,75600000;0,98927175
9,75700000;0,98931626
9,75800000;0,98936077
9,75900000;0,98940527
9,76000000;0,98944977
9,76100000;0,98949427
9,76200000;0,98953876
9,76300000;0,98958324
9,76400000;0,98962772
9,76500000;0,98967220
9,76600000;0,98971667
9,76700000;0,98976114
9,76800000;0,98980560
9,76900000;0,98985006
9,77000000;0,98989451
9,77100000;0,98993896
9,77200000;0,98998341
9,77300000;0,99002785
9,77400000;0,99007228
9,77500000;0,99011671
9,77600000;0,99016114
9,77700000;0,99020556
9,77800000;0,99024998
9,77900000;0,99029439
9,78000000;0,99033880
9,78100000;0,99038320
9,78200000;0,99042760
9,78300000;0,99047200
9,78400000;0,99051639
9,78500000;0,99056077
9,78600000;0,99060515
9,78700000;0,99064953
9,78800000;0,99069390
9,78900000;0,99073827
9,79000000;0,99078263
9,79100000;0,99082699
9,79200000;0,99087134
9,79300000;0,99091569
9,79400000;0,99096004
9,79500000;0,99100438
9,79600000;0,99104871
9,79700000;0,99109305
9,79800000;0,99113737
9,79900000;0,99118169
9,80000000;0,99122601
9,80100000;0,99127033
9,80200000;0,99131463
9,80300000;0,99135894
9,80400000;0,99140324
9,80500000;0,99144753
9,80600000;0,99149182
9,80700000;0,99153611
9,80800000;0,99158039
9,80900000;0,99162467
9,81000000;0,99166894
9,81100000;0,99171321
9,81200000;0,99175747
9,81300000;0,99180173
9,81400000;0,99184598
9,81500000;0,99189023
9,81600000;0,99193448
9,81700000;0,99197872
9,81800000;0,99202296
9,81900000;0,99206719
9,82000000;0,99211142
9,82100000;0,99215564
9,82200000;0,99219986
9,82300000;0,99224407
9,82400000;0,99228828
9,82500000;0,99233248
9,82600000;0,99237668
9,82700000;0,99242088
9,82800000;0,99246507
9,82900000;0,99250926
9,83000000;0,99255344
9,83100000;0,99259762
9,83200000;0,99264179
9,83300000;0,99268596
9,83400000;0,99273012
9,83500000;0,99277428
9,83600000;0,99281844
9,83700000;0,99286259
9,83800000;0,99290674
9,83900000;0,99295088
9,84000000;0,99299502
9,84100000;0,99303915
9,84200000;0,99308328
9,84300000;0,99312740
9,84400000;0,99317152
9,84500000;0,99321564
9,84600000;0,99325975
9,84700000;0,99330385
9,84800000;0,99334795
9,84900000;0,99339205
9,85000000;0,99343614
9,85100000;0,99348023
9,85200000;0,99352432
9,85300000;0,99356839
9,85400000;0,99361247
9,85500000;0,99365654
9,85600000;0,99370061
9,85700000;0,99374467
9,85800000;0,99378872
9,85900000;0,99383278
9,86000000;0,99387682
9,86100000;0,99392087
9,86200000;0,99396491
9,86300000;0,99400894
9,86400000;0,99405297
9,86500000;0,99409700
9,86600000;0,99414102
9,86700000;0,99418503
9,86800000;0,99422905
9,86900000;0,99427305
9,87000000;0,99431706
9,87100000;0,99436106
9,87200000;0,99440505
9,87300000;0,99444904
9,87400000;0,99449302
9,87500000;0,99453701
9,87600000;0,99458098
9,87700000;0,99462495
9,87800000;0,99466892
9,87900000;0,99471288
9,88000000;0,99475684
9,88100000;0,99480080
9,88200000;0,99484475
9,88300000;0,99488869
9,88400000;0,99493263
9,88500000;0,99497657
9,88600000;0,99502050
9,88700000;0,99506443
9,88800000;0,99510835
9,88900000;0,99515227
9,89000000;0,99519619
9,89100000;0,99524010
9,89200000;0,99528400
9,89300000;0,99532805
9,89400000;0,99537194
9,89500000;0,99541584
9,89600000;0,99545972
9,89700000;0,99550361
9,89800000;0,99554749
9,89900000;0,99559136
9,90000000;0,99563523
9,90100000;0,99567910
9,90200000;0,99572296
9,90300000;0,99576681
9,90400000;0,99581067
9,90500000;0,99585451
9,90600000;0,99589836
9,90700000;0,99594220
9,90800000;0,99598603
9,90900000;0,99602986
9,91000000;0,99607369
9,91100000;0,99611751
9,91200000;0,99616132
9,91300000;0,99620514
9,91400000;0,99624894
9,91500000;0,99629275
9,91600000;0,99633655
9,91700000;0,99638034
9,91800000;0,99642413
9,91900000;0,99646792
9,92000000;0,99651170
9,92100000;0,99655548
9,92200000;0,99659925
9,92300000;0,99664302
9,92400000;0,99668678
9,92500000;0,99673054
9,92600000;0,99677430
9,92700000;0,99681805
9,92800000;0,99686179
9,92900000;0,99690554
9,93000000;0,99694927
9,93100000;0,99699301
9,93200000;0,99703674
9,93300000;0,99708046
9,93400000;0,99712418
9,93500000;0,99716789
9,93600000;0,99721161
9,93700000;0,99725531
9,93800000;0,99729901
9,93900000;0,99734271
9,94000000;0,99738641
9,94100000;0,99743009
9,94200000;0,99747378
9,94300000;0,99751746
9,94400000;0,99756114
9,94500000;0,99760481
9,94600000;0,99764847
9,94700000;0,99769214
9,94800000;0,99773580
9,94900000;0,99777945
9,95000000;0,99782310
9,95100000;0,99786674
9,95200000;0,99791038
9,95300000;0,99795402
9,95400000;0,99799765
9,95500000;0,99804128
9,95600000;0,99808490
9,95700000;0,99812852
9,95800000;0,99817214
9,95900000;0,99821575
9,96000000;0,99825935
9,96100000;0,99830295
9,96200000;0,99834655
9,96300000;0,99839014
9,96400000;0,99843373
9,96500000;0,99847732
9,96600000;0,99852090
9,96700000;0,99856447
9,96800000;0,99860804
9,96900000;0,99865161
9,97000000;0,99869517
9,97100000;0,99873873
9,97200000;0,99878228
9,97300000;0,99882583
9,97400000;0,99886937
9,97500000;0,99891291
9,97600000;0,99895645
9,97700000;0,99899998
9,97800000;0,99904351
9,97900000;0,99908703
9,98000000;0,99913055
9,98100000;0,99917406
9,98200000;0,99921757
9,98300000;0,99926108
9,98400000;0,99930458
9,98500000;0,99934807
9,98600000;0,99939157
9,98700000;0,99943505
9,98800000;0,99947854
9,98900000;0,99952202
9,99000000;0,99956549
9,99100000;0,99960896
9,99200000;0,99965243
9,99300000;0,99969589
9,99400000;0,99973935
9,99500000;0,99978280
9,99600000;0,99982625
9,99700000;0,99986969
9,99800000;0,99991313
9,99900000;0,99995657
10,00000000;1,00000000
