X;Result
-10,00000000;Error
-9,99900000;Error
-9,99800000;Error
-9,99700000;Error
-9,99600000;Error
-9,99500000;Error
-9,99400000;Error
-9,99300000;Error
-9,99200000;Error
-9,99100000;Error
-9,99000000;Error
-9,98900000;Error
-9,98800000;Error
-9,98700000;Error
-9,98600000;Error
-9,98500000;Error
-9,98400000;Error
-9,98300000;Error
-9,98200000;Error
-9,98100000;Error
-9,98000000;Error
-9,97900000;Error
-9,97800000;Error
-9,97700000;Error
-9,97600000;Error
-9,97500000;Error
-9,97400000;Error
-9,97300000;Error
-9,97200000;Error
-9,97100000;Error
-9,97000000;Error
-9,96900000;Error
-9,96800000;Error
-9,96700000;Error
-9,96600000;Error
-9,96500000;Error
-9,96400000;Error
-9,96300000;Error
-9,96200000;Error
-9,96100000;Error
-9,96000000;Error
-9,95900000;Error
-9,95800000;Error
-9,95700000;Error
-9,95600000;Error
-9,95500000;Error
-9,95400000;Error
-9,95300000;Error
-9,95200000;Error
-9,95100000;Error
-9,95000000;Error
-9,94900000;Error
-9,94800000;Error
-9,94700000;Error
-9,94600000;Error
-9,94500000;Error
-9,94400000;Error
-9,94300000;Error
-9,94200000;Error
-9,94100000;Error
-9,94000000;Error
-9,93900000;Error
-9,93800000;Error
-9,93700000;Error
-9,93600000;Error
-9,93500000;Error
-9,93400000;Error
-9,93300000;Error
-9,93200000;Error
-9,93100000;Error
-9,93000000;Error
-9,92900000;Error
-9,92800000;Error
-9,92700000;Error
-9,92600000;Error
-9,92500000;Error
-9,92400000;Error
-9,92300000;Error
-9,92200000;Error
-9,92100000;Error
-9,92000000;Error
-9,91900000;Error
-9,91800000;Error
-9,91700000;Error
-9,91600000;Error
-9,91500000;Error
-9,91400000;Error
-9,91300000;Error
-9,91200000;Error
-9,91100000;Error
-9,91000000;Error
-9,90900000;Error
-9,90800000;Error
-9,90700000;Error
-9,90600000;Error
-9,90500000;Error
-9,90400000;Error
-9,90300000;Error
-9,90200000;Error
-9,90100000;Error
-9,90000000;Error
-9,89900000;Error
-9,89800000;Error
-9,89700000;Error
-9,89600000;Error
-9,89500000;Error
-9,89400000;Error
-9,89300000;Error
-9,89200000;Error
-9,89100000;Error
-9,89000000;Error
-9,88900000;Error
-9,88800000;Error
-9,88700000;Error
-9,88600000;Error
-9,88500000;Error
-9,88400000;Error
-9,88300000;Error
-9,88200000;Error
-9,88100000;Error
-9,88000000;Error
-9,87900000;Error
-9,87800000;Error
-9,87700000;Error
-9,87600000;Error
-9,87500000;Error
-9,87400000;Error
-9,87300000;Error
-9,87200000;Error
-9,87100000;Error
-9,87000000;Error
-9,86900000;Error
-9,86800000;Error
-9,86700000;Error
-9,86600000;Error
-9,86500000;Error
-9,86400000;Error
-9,86300000;Error
-9,86200000;Error
-9,86100000;Error
-9,86000000;Error
-9,85900000;Error
-9,85800000;Error
-9,85700000;Error
-9,85600000;Error
-9,85500000;Error
-9,85400000;Error
-9,85300000;Error
-9,85200000;Error
-9,85100000;Error
-9,85000000;Error
-9,84900000;Error
-9,84800000;Error
-9,84700000;Error
-9,84600000;Error
-9,84500000;Error
-9,84400000;Error
-9,84300000;Error
-9,84200000;Error
-9,84100000;Error
-9,84000000;Error
-9,83900000;Error
-9,83800000;Error
-9,83700000;Error
-9,83600000;Error
-9,83500000;Error
-9,83400000;Error
-9,83300000;Error
-9,83200000;Error
-9,83100000;Error
-9,83000000;Error
-9,82900000;Error
-9,82800000;Error
-9,82700000;Error
-9,82600000;Error
-9,82500000;Error
-9,82400000;Error
-9,82300000;Error
-9,82200000;Error
-9,82100000;Error
-9,82000000;Error
-9,81900000;Error
-9,81800000;Error
-9,81700000;Error
-9,81600000;Error
-9,81500000;Error
-9,81400000;Error
-9,81300000;Error
-9,81200000;Error
-9,81100000;Error
-9,81000000;Error
-9,80900000;Error
-9,80800000;Error
-9,80700000;Error
-9,80600000;Error
-9,80500000;Error
-9,80400000;Error
-9,80300000;Error
-9,80200000;Error
-9,80100000;Error
-9,80000000;Error
-9,79900000;Error
-9,79800000;Error
-9,79700000;Error
-9,79600000;Error
-9,79500000;Error
-9,79400000;Error
-9,79300000;Error
-9,79200000;Error
-9,79100000;Error
-9,79000000;Error
-9,78900000;Error
-9,78800000;Error
-9,78700000;Error
-9,78600000;Error
-9,78500000;Error
-9,78400000;Error
-9,78300000;Error
-9,78200000;Error
-9,78100000;Error
-9,78000000;Error
-9,77900000;Error
-9,77800000;Error
-9,77700000;Error
-9,77600000;Error
-9,77500000;Error
-9,77400000;Error
-9,77300000;Error
-9,77200000;Error
-9,77100000;Error
-9,77000000;Error
-9,76900000;Error
-9,76800000;Error
-9,76700000;Error
-9,76600000;Error
-9,76500000;Error
-9,76400000;Error
-9,76300000;Error
-9,76200000;Error
-9,76100000;Error
-9,76000000;Error
-9,75900000;Error
-9,75800000;Error
-9,75700000;Error
-9,75600000;Error
-9,75500000;Error
-9,75400000;Error
-9,75300000;Error
-9,75200000;Error
-9,75100000;Error
-9,75000000;Error
-9,74900000;Error
-9,74800000;Error
-9,74700000;Error
-9,74600000;Error
-9,74500000;Error
-9,74400000;Error
-9,74300000;Error
-9,74200000;Error
-9,74100000;Error
-9,74000000;Error
-9,73900000;Error
-9,73800000;Error
-9,73700000;Error
-9,73600000;Error
-9,73500000;Error
-9,73400000;Error
-9,73300000;Error
-9,73200000;Error
-9,73100000;Error
-9,73000000;Error
-9,72900000;Error
-9,72800000;Error
-9,72700000;Error
-9,72600000;Error
-9,72500000;Error
-9,72400000;Error
-9,72300000;Error
-9,72200000;Error
-9,72100000;Error
-9,72000000;Error
-9,71900000;Error
-9,71800000;Error
-9,71700000;Error
-9,71600000;Error
-9,71500000;Error
-9,71400000;Error
-9,71300000;Error
-9,71200000;Error
-9,71100000;Error
-9,71000000;Error
-9,70900000;Error
-9,70800000;Error
-9,70700000;Error
-9,70600000;Error
-9,70500000;Error
-9,70400000;Error
-9,70300000;Error
-9,70200000;Error
-9,70100000;Error
-9,70000000;Error
-9,69900000;Error
-9,69800000;Error
-9,69700000;Error
-9,69600000;Error
-9,69500000;Error
-9,69400000;Error
-9,69300000;Error
-9,69200000;Error
-9,69100000;Error
-9,69000000;Error
-9,68900000;Error
-9,68800000;Error
-9,68700000;Error
-9,68600000;Error
-9,68500000;Error
-9,68400000;Error
-9,68300000;Error
-9,68200000;Error
-9,68100000;Error
-9,68000000;Error
-9,67900000;Error
-9,67800000;Error
-9,67700000;Error
-9,67600000;Error
-9,67500000;Error
-9,67400000;Error
-9,67300000;Error
-9,67200000;Error
-9,67100000;Error
-9,67000000;Error
-9,66900000;Error
-9,66800000;Error
-9,66700000;Error
-9,66600000;Error
-9,66500000;Error
-9,66400000;Error
-9,66300000;Error
-9,66200000;Error
-9,66100000;Error
-9,66000000;Error
-9,65900000;Error
-9,65800000;Error
-9,65700000;Error
-9,65600000;Error
-9,65500000;Error
-9,65400000;Error
-9,65300000;Error
-9,65200000;Error
-9,65100000;Error
-9,65000000;Error
-9,64900000;Error
-9,64800000;Error
-9,64700000;Error
-9,64600000;Error
-9,64500000;Error
-9,64400000;Error
-9,64300000;Error
-9,64200000;Error
-9,64100000;Error
-9,64000000;Error
-9,63900000;Error
-9,63800000;Error
-9,63700000;Error
-9,63600000;Error
-9,63500000;Error
-9,63400000;Error
-9,63300000;Error
-9,63200000;Error
-9,63100000;Error
-9,63000000;Error
-9,62900000;Error
-9,62800000;Error
-9,62700000;Error
-9,62600000;Error
-9,62500000;Error
-9,62400000;Error
-9,62300000;Error
-9,62200000;Error
-9,62100000;Error
-9,62000000;Error
-9,61900000;Error
-9,61800000;Error
-9,61700000;Error
-9,61600000;Error
-9,61500000;Error
-9,61400000;Error
-9,61300000;Error
-9,61200000;Error
-9,61100000;Error
-9,61000000;Error
-9,60900000;Error
-9,60800000;Error
-9,60700000;Error
-9,60600000;Error
-9,60500000;Error
-9,60400000;Error
-9,60300000;Error
-9,60200000;Error
-9,60100000;Error
-9,60000000;Error
-9,59900000;Error
-9,59800000;Error
-9,59700000;Error
-9,59600000;Error
-9,59500000;Error
-9,59400000;Error
-9,59300000;Error
-9,59200000;Error
-9,59100000;Error
-9,59000000;Error
-9,58900000;Error
-9,58800000;Error
-9,58700000;Error
-9,58600000;Error
-9,58500000;Error
-9,58400000;Error
-9,58300000;Error
-9,58200000;Error
-9,58100000;Error
-9,58000000;Error
-9,57900000;Error
-9,57800000;Error
-9,57700000;Error
-9,57600000;Error
-9,57500000;Error
-9,57400000;Error
-9,57300000;Error
-9,57200000;Error
-9,57100000;Error
-9,57000000;Error
-9,56900000;Error
-9,56800000;Error
-9,56700000;Error
-9,56600000;Error
-9,56500000;Error
-9,56400000;Error
-9,56300000;Error
-9,56200000;Error
-9,56100000;Error
-9,56000000;Error
-9,55900000;Error
-9,55800000;Error
-9,55700000;Error
-9,55600000;Error
-9,55500000;Error
-9,55400000;Error
-9,55300000;Error
-9,55200000;Error
-9,55100000;Error
-9,55000000;Error
-9,54900000;Error
-9,54800000;Error
-9,54700000;Error
-9,54600000;Error
-9,54500000;Error
-9,54400000;Error
-9,54300000;Error
-9,54200000;Error
-9,54100000;Error
-9,54000000;Error
-9,53900000;Error
-9,53800000;Error
-9,53700000;Error
-9,53600000;Error
-9,53500000;Error
-9,53400000;Error
-9,53300000;Error
-9,53200000;Error
-9,53100000;Error
-9,53000000;Error
-9,52900000;Error
-9,52800000;Error
-9,52700000;Error
-9,52600000;Error
-9,52500000;Error
-9,52400000;Error
-9,52300000;Error
-9,52200000;Error
-9,52100000;Error
-9,52000000;Error
-9,51900000;Error
-9,51800000;Error
-9,51700000;Error
-9,51600000;Error
-9,51500000;Error
-9,51400000;Error
-9,51300000;Error
-9,51200000;Error
-9,51100000;Error
-9,51000000;Error
-9,50900000;Error
-9,50800000;Error
-9,50700000;Error
-9,50600000;Error
-9,50500000;Error
-9,50400000;Error
-9,50300000;Error
-9,50200000;Error
-9,50100000;Error
-9,50000000;Error
-9,49900000;Error
-9,49800000;Error
-9,49700000;Error
-9,49600000;Error
-9,49500000;Error
-9,49400000;Error
-9,49300000;Error
-9,49200000;Error
-9,49100000;Error
-9,49000000;Error
-9,48900000;Error
-9,48800000;Error
-9,48700000;Error
-9,48600000;Error
-9,48500000;Error
-9,48400000;Error
-9,48300000;Error
-9,48200000;Error
-9,48100000;Error
-9,48000000;Error
-9,47900000;Error
-9,47800000;Error
-9,47700000;Error
-9,47600000;Error
-9,47500000;Error
-9,47400000;Error
-9,47300000;Error
-9,47200000;Error
-9,47100000;Error
-9,47000000;Error
-9,46900000;Error
-9,46800000;Error
-9,46700000;Error
-9,46600000;Error
-9,46500000;Error
-9,46400000;Error
-9,46300000;Error
-9,46200000;Error
-9,46100000;Error
-9,46000000;Error
-9,45900000;Error
-9,45800000;Error
-9,45700000;Error
-9,45600000;Error
-9,45500000;Error
-9,45400000;Error
-9,45300000;Error
-9,45200000;Error
-9,45100000;Error
-9,45000000;Error
-9,44900000;Error
-9,44800000;Error
-9,44700000;Error
-9,44600000;Error
-9,44500000;Error
-9,44400000;Error
-9,44300000;Error
-9,44200000;Error
-9,44100000;Error
-9,44000000;Error
-9,43900000;Error
-9,43800000;Error
-9,43700000;Error
-9,43600000;Error
-9,43500000;Error
-9,43400000;Error
-9,43300000;Error
-9,43200000;Error
-9,43100000;Error
-9,43000000;Error
-9,42900000;Error
-9,42800000;Error
-9,42700000;Error
-9,42600000;Error
-9,42500000;Error
-9,42400000;Error
-9,42300000;Error
-9,42200000;Error
-9,42100000;Error
-9,42000000;Error
-9,41900000;Error
-9,41800000;Error
-9,41700000;Error
-9,41600000;Error
-9,41500000;Error
-9,41400000;Error
-9,41300000;Error
-9,41200000;Error
-9,41100000;Error
-9,41000000;Error
-9,40900000;Error
-9,40800000;Error
-9,40700000;Error
-9,40600000;Error
-9,40500000;Error
-9,40400000;Error
-9,40300000;Error
-9,40200000;Error
-9,40100000;Error
-9,40000000;Error
-9,39900000;Error
-9,39800000;Error
-9,39700000;Error
-9,39600000;Error
-9,39500000;Error
-9,39400000;Error
-9,39300000;Error
-9,39200000;Error
-9,39100000;Error
-9,39000000;Error
-9,38900000;Error
-9,38800000;Error
-9,38700000;Error
-9,38600000;Error
-9,38500000;Error
-9,38400000;Error
-9,38300000;Error
-9,38200000;Error
-9,38100000;Error
-9,38000000;Error
-9,37900000;Error
-9,37800000;Error
-9,37700000;Error
-9,37600000;Error
-9,37500000;Error
-9,37400000;Error
-9,37300000;Error
-9,37200000;Error
-9,37100000;Error
-9,37000000;Error
-9,36900000;Error
-9,36800000;Error
-9,36700000;Error
-9,36600000;Error
-9,36500000;Error
-9,36400000;Error
-9,36300000;Error
-9,36200000;Error
-9,36100000;Error
-9,36000000;Error
-9,35900000;Error
-9,35800000;Error
-9,35700000;Error
-9,35600000;Error
-9,35500000;Error
-9,35400000;Error
-9,35300000;Error
-9,35200000;Error
-9,35100000;Error
-9,35000000;Error
-9,34900000;Error
-9,34800000;Error
-9,34700000;Error
-9,34600000;Error
-9,34500000;Error
-9,34400000;Error
-9,34300000;Error
-9,34200000;Error
-9,34100000;Error
-9,34000000;Error
-9,33900000;Error
-9,33800000;Error
-9,33700000;Error
-9,33600000;Error
-9,33500000;Error
-9,33400000;Error
-9,33300000;Error
-9,33200000;Error
-9,33100000;Error
-9,33000000;Error
-9,32900000;Error
-9,32800000;Error
-9,32700000;Error
-9,32600000;Error
-9,32500000;Error
-9,32400000;Error
-9,32300000;Error
-9,32200000;Error
-9,32100000;Error
-9,32000000;Error
-9,31900000;Error
-9,31800000;Error
-9,31700000;Error
-9,31600000;Error
-9,31500000;Error
-9,31400000;Error
-9,31300000;Error
-9,31200000;Error
-9,31100000;Error
-9,31000000;Error
-9,30900000;Error
-9,30800000;Error
-9,30700000;Error
-9,30600000;Error
-9,30500000;Error
-9,30400000;Error
-9,30300000;Error
-9,30200000;Error
-9,30100000;Error
-9,30000000;Error
-9,29900000;Error
-9,29800000;Error
-9,29700000;Error
-9,29600000;Error
-9,29500000;Error
-9,29400000;Error
-9,29300000;Error
-9,29200000;Error
-9,29100000;Error
-9,29000000;Error
-9,28900000;Error
-9,28800000;Error
-9,28700000;Error
-9,28600000;Error
-9,28500000;Error
-9,28400000;Error
-9,28300000;Error
-9,28200000;Error
-9,28100000;Error
-9,28000000;Error
-9,27900000;Error
-9,27800000;Error
-9,27700000;Error
-9,27600000;Error
-9,27500000;Error
-9,27400000;Error
-9,27300000;Error
-9,27200000;Error
-9,27100000;Error
-9,27000000;Error
-9,26900000;Error
-9,26800000;Error
-9,26700000;Error
-9,26600000;Error
-9,26500000;Error
-9,26400000;Error
-9,26300000;Error
-9,26200000;Error
-9,26100000;Error
-9,26000000;Error
-9,25900000;Error
-9,25800000;Error
-9,25700000;Error
-9,25600000;Error
-9,25500000;Error
-9,25400000;Error
-9,25300000;Error
-9,25200000;Error
-9,25100000;Error
-9,25000000;Error
-9,24900000;Error
-9,24800000;Error
-9,24700000;Error
-9,24600000;Error
-9,24500000;Error
-9,24400000;Error
-9,24300000;Error
-9,24200000;Error
-9,24100000;Error
-9,24000000;Error
-9,23900000;Error
-9,23800000;Error
-9,23700000;Error
-9,23600000;Error
-9,23500000;Error
-9,23400000;Error
-9,23300000;Error
-9,23200000;Error
-9,23100000;Error
-9,23000000;Error
-9,22900000;Error
-9,22800000;Error
-9,22700000;Error
-9,22600000;Error
-9,22500000;Error
-9,22400000;Error
-9,22300000;Error
-9,22200000;Error
-9,22100000;Error
-9,22000000;Error
-9,21900000;Error
-9,21800000;Error
-9,21700000;Error
-9,21600000;Error
-9,21500000;Error
-9,21400000;Error
-9,21300000;Error
-9,21200000;Error
-9,21100000;Error
-9,21000000;Error
-9,20900000;Error
-9,20800000;Error
-9,20700000;Error
-9,20600000;Error
-9,20500000;Error
-9,20400000;Error
-9,20300000;Error
-9,20200000;Error
-9,20100000;Error
-9,20000000;Error
-9,19900000;Error
-9,19800000;Error
-9,19700000;Error
-9,19600000;Error
-9,19500000;Error
-9,19400000;Error
-9,19300000;Error
-9,19200000;Error
-9,19100000;Error
-9,19000000;Error
-9,18900000;Error
-9,18800000;Error
-9,18700000;Error
-9,18600000;Error
-9,18500000;Error
-9,18400000;Error
-9,18300000;Error
-9,18200000;Error
-9,18100000;Error
-9,18000000;Error
-9,17900000;Error
-9,17800000;Error
-9,17700000;Error
-9,17600000;Error
-9,17500000;Error
-9,17400000;Error
-9,17300000;Error
-9,17200000;Error
-9,17100000;Error
-9,17000000;Error
-9,16900000;Error
-9,16800000;Error
-9,16700000;Error
-9,16600000;Error
-9,16500000;Error
-9,16400000;Error
-9,16300000;Error
-9,16200000;Error
-9,16100000;Error
-9,16000000;Error
-9,15900000;Error
-9,15800000;Error
-9,15700000;Error
-9,15600000;Error
-9,15500000;Error
-9,15400000;Error
-9,15300000;Error
-9,15200000;Error
-9,15100000;Error
-9,15000000;Error
-9,14900000;Error
-9,14800000;Error
-9,14700000;Error
-9,14600000;Error
-9,14500000;Error
-9,14400000;Error
-9,14300000;Error
-9,14200000;Error
-9,14100000;Error
-9,14000000;Error
-9,13900000;Error
-9,13800000;Error
-9,13700000;Error
-9,13600000;Error
-9,13500000;Error
-9,13400000;Error
-9,13300000;Error
-9,13200000;Error
-9,13100000;Error
-9,13000000;Error
-9,12900000;Error
-9,12800000;Error
-9,12700000;Error
-9,12600000;Error
-9,12500000;Error
-9,12400000;Error
-9,12300000;Error
-9,12200000;Error
-9,12100000;Error
-9,12000000;Error
-9,11900000;Error
-9,11800000;Error
-9,11700000;Error
-9,11600000;Error
-9,11500000;Error
-9,11400000;Error
-9,11300000;Error
-9,11200000;Error
-9,11100000;Error
-9,11000000;Error
-9,10900000;Error
-9,10800000;Error
-9,10700000;Error
-9,10600000;Error
-9,10500000;Error
-9,10400000;Error
-9,10300000;Error
-9,10200000;Error
-9,10100000;Error
-9,10000000;Error
-9,09900000;Error
-9,09800000;Error
-9,09700000;Error
-9,09600000;Error
-9,09500000;Error
-9,09400000;Error
-9,09300000;Error
-9,09200000;Error
-9,09100000;Error
-9,09000000;Error
-9,08900000;Error
-9,08800000;Error
-9,08700000;Error
-9,08600000;Error
-9,08500000;Error
-9,08400000;Error
-9,08300000;Error
-9,08200000;Error
-9,08100000;Error
-9,08000000;Error
-9,07900000;Error
-9,07800000;Error
-9,07700000;Error
-9,07600000;Error
-9,07500000;Error
-9,07400000;Error
-9,07300000;Error
-9,07200000;Error
-9,07100000;Error
-9,07000000;Error
-9,06900000;Error
-9,06800000;Error
-9,06700000;Error
-9,06600000;Error
-9,06500000;Error
-9,06400000;Error
-9,06300000;Error
-9,06200000;Error
-9,06100000;Error
-9,06000000;Error
-9,05900000;Error
-9,05800000;Error
-9,05700000;Error
-9,05600000;Error
-9,05500000;Error
-9,05400000;Error
-9,05300000;Error
-9,05200000;Error
-9,05100000;Error
-9,05000000;Error
-9,04900000;Error
-9,04800000;Error
-9,04700000;Error
-9,04600000;Error
-9,04500000;Error
-9,04400000;Error
-9,04300000;Error
-9,04200000;Error
-9,04100000;Error
-9,04000000;Error
-9,03900000;Error
-9,03800000;Error
-9,03700000;Error
-9,03600000;Error
-9,03500000;Error
-9,03400000;Error
-9,03300000;Error
-9,03200000;Error
-9,03100000;Error
-9,03000000;Error
-9,02900000;Error
-9,02800000;Error
-9,02700000;Error
-9,02600000;Error
-9,02500000;Error
-9,02400000;Error
-9,02300000;Error
-9,02200000;Error
-9,02100000;Error
-9,02000000;Error
-9,01900000;Error
-9,01800000;Error
-9,01700000;Error
-9,01600000;Error
-9,01500000;Error
-9,01400000;Error
-9,01300000;Error
-9,01200000;Error
-9,01100000;Error
-9,01000000;Error
-9,00900000;Error
-9,00800000;Error
-9,00700000;Error
-9,00600000;Error
-9,00500000;Error
-9,00400000;Error
-9,00300000;Error
-9,00200000;Error
-9,00100000;Error
-9,00000000;Error
-8,99900000;Error
-8,99800000;Error
-8,99700000;Error
-8,99600000;Error
-8,99500000;Error
-8,99400000;Error
-8,99300000;Error
-8,99200000;Error
-8,99100000;Error
-8,99000000;Error
-8,98900000;Error
-8,98800000;Error
-8,98700000;Error
-8,98600000;Error
-8,98500000;Error
-8,98400000;Error
-8,98300000;Error
-8,98200000;Error
-8,98100000;Error
-8,98000000;Error
-8,97900000;Error
-8,97800000;Error
-8,97700000;Error
-8,97600000;Error
-8,97500000;Error
-8,97400000;Error
-8,97300000;Error
-8,97200000;Error
-8,97100000;Error
-8,97000000;Error
-8,96900000;Error
-8,96800000;Error
-8,96700000;Error
-8,96600000;Error
-8,96500000;Error
-8,96400000;Error
-8,96300000;Error
-8,96200000;Error
-8,96100000;Error
-8,96000000;Error
-8,95900000;Error
-8,95800000;Error
-8,95700000;Error
-8,95600000;Error
-8,95500000;Error
-8,95400000;Error
-8,95300000;Error
-8,95200000;Error
-8,95100000;Error
-8,95000000;Error
-8,94900000;Error
-8,94800000;Error
-8,94700000;Error
-8,94600000;Error
-8,94500000;Error
-8,94400000;Error
-8,94300000;Error
-8,94200000;Error
-8,94100000;Error
-8,94000000;Error
-8,93900000;Error
-8,93800000;Error
-8,93700000;Error
-8,93600000;Error
-8,93500000;Error
-8,93400000;Error
-8,93300000;Error
-8,93200000;Error
-8,93100000;Error
-8,93000000;Error
-8,92900000;Error
-8,92800000;Error
-8,92700000;Error
-8,92600000;Error
-8,92500000;Error
-8,92400000;Error
-8,92300000;Error
-8,92200000;Error
-8,92100000;Error
-8,92000000;Error
-8,91900000;Error
-8,91800000;Error
-8,91700000;Error
-8,91600000;Error
-8,91500000;Error
-8,91400000;Error
-8,91300000;Error
-8,91200000;Error
-8,91100000;Error
-8,91000000;Error
-8,90900000;Error
-8,90800000;Error
-8,90700000;Error
-8,90600000;Error
-8,90500000;Error
-8,90400000;Error
-8,90300000;Error
-8,90200000;Error
-8,90100000;Error
-8,90000000;Error
-8,89900000;Error
-8,89800000;Error
-8,89700000;Error
-8,89600000;Error
-8,89500000;Error
-8,89400000;Error
-8,89300000;Error
-8,89200000;Error
-8,89100000;Error
-8,89000000;Error
-8,88900000;Error
-8,88800000;Error
-8,88700000;Error
-8,88600000;Error
-8,88500000;Error
-8,88400000;Error
-8,88300000;Error
-8,88200000;Error
-8,88100000;Error
-8,88000000;Error
-8,87900000;Error
-8,87800000;Error
-8,87700000;Error
-8,87600000;Error
-8,87500000;Error
-8,87400000;Error
-8,87300000;Error
-8,87200000;Error
-8,87100000;Error
-8,87000000;Error
-8,86900000;Error
-8,86800000;Error
-8,86700000;Error
-8,86600000;Error
-8,86500000;Error
-8,86400000;Error
-8,86300000;Error
-8,86200000;Error
-8,86100000;Error
-8,86000000;Error
-8,85900000;Error
-8,85800000;Error
-8,85700000;Error
-8,85600000;Error
-8,85500000;Error
-8,85400000;Error
-8,85300000;Error
-8,85200000;Error
-8,85100000;Error
-8,85000000;Error
-8,84900000;Error
-8,84800000;Error
-8,84700000;Error
-8,84600000;Error
-8,84500000;Error
-8,84400000;Error
-8,84300000;Error
-8,84200000;Error
-8,84100000;Error
-8,84000000;Error
-8,83900000;Error
-8,83800000;Error
-8,83700000;Error
-8,83600000;Error
-8,83500000;Error
-8,83400000;Error
-8,83300000;Error
-8,83200000;Error
-8,83100000;Error
-8,83000000;Error
-8,82900000;Error
-8,82800000;Error
-8,82700000;Error
-8,82600000;Error
-8,82500000;Error
-8,82400000;Error
-8,82300000;Error
-8,82200000;Error
-8,82100000;Error
-8,82000000;Error
-8,81900000;Error
-8,81800000;Error
-8,81700000;Error
-8,81600000;Error
-8,81500000;Error
-8,81400000;Error
-8,81300000;Error
-8,81200000;Error
-8,81100000;Error
-8,81000000;Error
-8,80900000;Error
-8,80800000;Error
-8,80700000;Error
-8,80600000;Error
-8,80500000;Error
-8,80400000;Error
-8,80300000;Error
-8,80200000;Error
-8,80100000;Error
-8,80000000;Error
-8,79900000;Error
-8,79800000;Error
-8,79700000;Error
-8,79600000;Error
-8,79500000;Error
-8,79400000;Error
-8,79300000;Error
-8,79200000;Error
-8,79100000;Error
-8,79000000;Error
-8,78900000;Error
-8,78800000;Error
-8,78700000;Error
-8,78600000;Error
-8,78500000;Error
-8,78400000;Error
-8,78300000;Error
-8,78200000;Error
-8,78100000;Error
-8,78000000;Error
-8,77900000;Error
-8,77800000;Error
-8,77700000;Error
-8,77600000;Error
-8,77500000;Error
-8,77400000;Error
-8,77300000;Error
-8,77200000;Error
-8,77100000;Error
-8,77000000;Error
-8,76900000;Error
-8,76800000;Error
-8,76700000;Error
-8,76600000;Error
-8,76500000;Error
-8,76400000;Error
-8,76300000;Error
-8,76200000;Error
-8,76100000;Error
-8,76000000;Error
-8,75900000;Error
-8,75800000;Error
-8,75700000;Error
-8,75600000;Error
-8,75500000;Error
-8,75400000;Error
-8,75300000;Error
-8,75200000;Error
-8,75100000;Error
-8,75000000;Error
-8,74900000;Error
-8,74800000;Error
-8,74700000;Error
-8,74600000;Error
-8,74500000;Error
-8,74400000;Error
-8,74300000;Error
-8,74200000;Error
-8,74100000;Error
-8,74000000;Error
-8,73900000;Error
-8,73800000;Error
-8,73700000;Error
-8,73600000;Error
-8,73500000;Error
-8,73400000;Error
-8,73300000;Error
-8,73200000;Error
-8,73100000;Error
-8,73000000;Error
-8,72900000;Error
-8,72800000;Error
-8,72700000;Error
-8,72600000;Error
-8,72500000;Error
-8,72400000;Error
-8,72300000;Error
-8,72200000;Error
-8,72100000;Error
-8,72000000;Error
-8,71900000;Error
-8,71800000;Error
-8,71700000;Error
-8,71600000;Error
-8,71500000;Error
-8,71400000;Error
-8,71300000;Error
-8,71200000;Error
-8,71100000;Error
-8,71000000;Error
-8,70900000;Error
-8,70800000;Error
-8,70700000;Error
-8,70600000;Error
-8,70500000;Error
-8,70400000;Error
-8,70300000;Error
-8,70200000;Error
-8,70100000;Error
-8,70000000;Error
-8,69900000;Error
-8,69800000;Error
-8,69700000;Error
-8,69600000;Error
-8,69500000;Error
-8,69400000;Error
-8,69300000;Error
-8,69200000;Error
-8,69100000;Error
-8,69000000;Error
-8,68900000;Error
-8,68800000;Error
-8,68700000;Error
-8,68600000;Error
-8,68500000;Error
-8,68400000;Error
-8,68300000;Error
-8,68200000;Error
-8,68100000;Error
-8,68000000;Error
-8,67900000;Error
-8,67800000;Error
-8,67700000;Error
-8,67600000;Error
-8,67500000;Error
-8,67400000;Error
-8,67300000;Error
-8,67200000;Error
-8,67100000;Error
-8,67000000;Error
-8,66900000;Error
-8,66800000;Error
-8,66700000;Error
-8,66600000;Error
-8,66500000;Error
-8,66400000;Error
-8,66300000;Error
-8,66200000;Error
-8,66100000;Error
-8,66000000;Error
-8,65900000;Error
-8,65800000;Error
-8,65700000;Error
-8,65600000;Error
-8,65500000;Error
-8,65400000;Error
-8,65300000;Error
-8,65200000;Error
-8,65100000;Error
-8,65000000;Error
-8,64900000;Error
-8,64800000;Error
-8,64700000;Error
-8,64600000;Error
-8,64500000;Error
-8,64400000;Error
-8,64300000;Error
-8,64200000;Error
-8,64100000;Error
-8,64000000;Error
-8,63900000;Error
-8,63800000;Error
-8,63700000;Error
-8,63600000;Error
-8,63500000;Error
-8,63400000;Error
-8,63300000;Error
-8,63200000;Error
-8,63100000;Error
-8,63000000;Error
-8,62900000;Error
-8,62800000;Error
-8,62700000;Error
-8,62600000;Error
-8,62500000;Error
-8,62400000;Error
-8,62300000;Error
-8,62200000;Error
-8,62100000;Error
-8,62000000;Error
-8,61900000;Error
-8,61800000;Error
-8,61700000;Error
-8,61600000;Error
-8,61500000;Error
-8,61400000;Error
-8,61300000;Error
-8,61200000;Error
-8,61100000;Error
-8,61000000;Error
-8,60900000;Error
-8,60800000;Error
-8,60700000;Error
-8,60600000;Error
-8,60500000;Error
-8,60400000;Error
-8,60300000;Error
-8,60200000;Error
-8,60100000;Error
-8,60000000;Error
-8,59900000;Error
-8,59800000;Error
-8,59700000;Error
-8,59600000;Error
-8,59500000;Error
-8,59400000;Error
-8,59300000;Error
-8,59200000;Error
-8,59100000;Error
-8,59000000;Error
-8,58900000;Error
-8,58800000;Error
-8,58700000;Error
-8,58600000;Error
-8,58500000;Error
-8,58400000;Error
-8,58300000;Error
-8,58200000;Error
-8,58100000;Error
-8,58000000;Error
-8,57900000;Error
-8,57800000;Error
-8,57700000;Error
-8,57600000;Error
-8,57500000;Error
-8,57400000;Error
-8,57300000;Error
-8,57200000;Error
-8,57100000;Error
-8,57000000;Error
-8,56900000;Error
-8,56800000;Error
-8,56700000;Error
-8,56600000;Error
-8,56500000;Error
-8,56400000;Error
-8,56300000;Error
-8,56200000;Error
-8,56100000;Error
-8,56000000;Error
-8,55900000;Error
-8,55800000;Error
-8,55700000;Error
-8,55600000;Error
-8,55500000;Error
-8,55400000;Error
-8,55300000;Error
-8,55200000;Error
-8,55100000;Error
-8,55000000;Error
-8,54900000;Error
-8,54800000;Error
-8,54700000;Error
-8,54600000;Error
-8,54500000;Error
-8,54400000;Error
-8,54300000;Error
-8,54200000;Error
-8,54100000;Error
-8,54000000;Error
-8,53900000;Error
-8,53800000;Error
-8,53700000;Error
-8,53600000;Error
-8,53500000;Error
-8,53400000;Error
-8,53300000;Error
-8,53200000;Error
-8,53100000;Error
-8,53000000;Error
-8,52900000;Error
-8,52800000;Error
-8,52700000;Error
-8,52600000;Error
-8,52500000;Error
-8,52400000;Error
-8,52300000;Error
-8,52200000;Error
-8,52100000;Error
-8,52000000;Error
-8,51900000;Error
-8,51800000;Error
-8,51700000;Error
-8,51600000;Error
-8,51500000;Error
-8,51400000;Error
-8,51300000;Error
-8,51200000;Error
-8,51100000;Error
-8,51000000;Error
-8,50900000;Error
-8,50800000;Error
-8,50700000;Error
-8,50600000;Error
-8,50500000;Error
-8,50400000;Error
-8,50300000;Error
-8,50200000;Error
-8,50100000;Error
-8,50000000;Error
-8,49900000;Error
-8,49800000;Error
-8,49700000;Error
-8,49600000;Error
-8,49500000;Error
-8,49400000;Error
-8,49300000;Error
-8,49200000;Error
-8,49100000;Error
-8,49000000;Error
-8,48900000;Error
-8,48800000;Error
-8,48700000;Error
-8,48600000;Error
-8,48500000;Error
-8,48400000;Error
-8,48300000;Error
-8,48200000;Error
-8,48100000;Error
-8,48000000;Error
-8,47900000;Error
-8,47800000;Error
-8,47700000;Error
-8,47600000;Error
-8,47500000;Error
-8,47400000;Error
-8,47300000;Error
-8,47200000;Error
-8,47100000;Error
-8,47000000;Error
-8,46900000;Error
-8,46800000;Error
-8,46700000;Error
-8,46600000;Error
-8,46500000;Error
-8,46400000;Error
-8,46300000;Error
-8,46200000;Error
-8,46100000;Error
-8,46000000;Error
-8,45900000;Error
-8,45800000;Error
-8,45700000;Error
-8,45600000;Error
-8,45500000;Error
-8,45400000;Error
-8,45300000;Error
-8,45200000;Error
-8,45100000;Error
-8,45000000;Error
-8,44900000;Error
-8,44800000;Error
-8,44700000;Error
-8,44600000;Error
-8,44500000;Error
-8,44400000;Error
-8,44300000;Error
-8,44200000;Error
-8,44100000;Error
-8,44000000;Error
-8,43900000;Error
-8,43800000;Error
-8,43700000;Error
-8,43600000;Error
-8,43500000;Error
-8,43400000;Error
-8,43300000;Error
-8,43200000;Error
-8,43100000;Error
-8,43000000;Error
-8,42900000;Error
-8,42800000;Error
-8,42700000;Error
-8,42600000;Error
-8,42500000;Error
-8,42400000;Error
-8,42300000;Error
-8,42200000;Error
-8,42100000;Error
-8,42000000;Error
-8,41900000;Error
-8,41800000;Error
-8,41700000;Error
-8,41600000;Error
-8,41500000;Error
-8,41400000;Error
-8,41300000;Error
-8,41200000;Error
-8,41100000;Error
-8,41000000;Error
-8,40900000;Error
-8,40800000;Error
-8,40700000;Error
-8,40600000;Error
-8,40500000;Error
-8,40400000;Error
-8,40300000;Error
-8,40200000;Error
-8,40100000;Error
-8,40000000;Error
-8,39900000;Error
-8,39800000;Error
-8,39700000;Error
-8,39600000;Error
-8,39500000;Error
-8,39400000;Error
-8,39300000;Error
-8,39200000;Error
-8,39100000;Error
-8,39000000;Error
-8,38900000;Error
-8,38800000;Error
-8,38700000;Error
-8,38600000;Error
-8,38500000;Error
-8,38400000;Error
-8,38300000;Error
-8,38200000;Error
-8,38100000;Error
-8,38000000;Error
-8,37900000;Error
-8,37800000;Error
-8,37700000;Error
-8,37600000;Error
-8,37500000;Error
-8,37400000;Error
-8,37300000;Error
-8,37200000;Error
-8,37100000;Error
-8,37000000;Error
-8,36900000;Error
-8,36800000;Error
-8,36700000;Error
-8,36600000;Error
-8,36500000;Error
-8,36400000;Error
-8,36300000;Error
-8,36200000;Error
-8,36100000;Error
-8,36000000;Error
-8,35900000;Error
-8,35800000;Error
-8,35700000;Error
-8,35600000;Error
-8,35500000;Error
-8,35400000;Error
-8,35300000;Error
-8,35200000;Error
-8,35100000;Error
-8,35000000;Error
-8,34900000;Error
-8,34800000;Error
-8,34700000;Error
-8,34600000;Error
-8,34500000;Error
-8,34400000;Error
-8,34300000;Error
-8,34200000;Error
-8,34100000;Error
-8,34000000;Error
-8,33900000;Error
-8,33800000;Error
-8,33700000;Error
-8,33600000;Error
-8,33500000;Error
-8,33400000;Error
-8,33300000;Error
-8,33200000;Error
-8,33100000;Error
-8,33000000;Error
-8,32900000;Error
-8,32800000;Error
-8,32700000;Error
-8,32600000;Error
-8,32500000;Error
-8,32400000;Error
-8,32300000;Error
-8,32200000;Error
-8,32100000;Error
-8,32000000;Error
-8,31900000;Error
-8,31800000;Error
-8,31700000;Error
-8,31600000;Error
-8,31500000;Error
-8,31400000;Error
-8,31300000;Error
-8,31200000;Error
-8,31100000;Error
-8,31000000;Error
-8,30900000;Error
-8,30800000;Error
-8,30700000;Error
-8,30600000;Error
-8,30500000;Error
-8,30400000;Error
-8,30300000;Error
-8,30200000;Error
-8,30100000;Error
-8,30000000;Error
-8,29900000;Error
-8,29800000;Error
-8,29700000;Error
-8,29600000;Error
-8,29500000;Error
-8,29400000;Error
-8,29300000;Error
-8,29200000;Error
-8,29100000;Error
-8,29000000;Error
-8,28900000;Error
-8,28800000;Error
-8,28700000;Error
-8,28600000;Error
-8,28500000;Error
-8,28400000;Error
-8,28300000;Error
-8,28200000;Error
-8,28100000;Error
-8,28000000;Error
-8,27900000;Error
-8,27800000;Error
-8,27700000;Error
-8,27600000;Error
-8,27500000;Error
-8,27400000;Error
-8,27300000;Error
-8,27200000;Error
-8,27100000;Error
-8,27000000;Error
-8,26900000;Error
-8,26800000;Error
-8,26700000;Error
-8,26600000;Error
-8,26500000;Error
-8,26400000;Error
-8,26300000;Error
-8,26200000;Error
-8,26100000;Error
-8,26000000;Error
-8,25900000;Error
-8,25800000;Error
-8,25700000;Error
-8,25600000;Error
-8,25500000;Error
-8,25400000;Error
-8,25300000;Error
-8,25200000;Error
-8,25100000;Error
-8,25000000;Error
-8,24900000;Error
-8,24800000;Error
-8,24700000;Error
-8,24600000;Error
-8,24500000;Error
-8,24400000;Error
-8,24300000;Error
-8,24200000;Error
-8,24100000;Error
-8,24000000;Error
-8,23900000;Error
-8,23800000;Error
-8,23700000;Error
-8,23600000;Error
-8,23500000;Error
-8,23400000;Error
-8,23300000;Error
-8,23200000;Error
-8,23100000;Error
-8,23000000;Error
-8,22900000;Error
-8,22800000;Error
-8,22700000;Error
-8,22600000;Error
-8,22500000;Error
-8,22400000;Error
-8,22300000;Error
-8,22200000;Error
-8,22100000;Error
-8,22000000;Error
-8,21900000;Error
-8,21800000;Error
-8,21700000;Error
-8,21600000;Error
-8,21500000;Error
-8,21400000;Error
-8,21300000;Error
-8,21200000;Error
-8,21100000;Error
-8,21000000;Error
-8,20900000;Error
-8,20800000;Error
-8,20700000;Error
-8,20600000;Error
-8,20500000;Error
-8,20400000;Error
-8,20300000;Error
-8,20200000;Error
-8,20100000;Error
-8,20000000;Error
-8,19900000;Error
-8,19800000;Error
-8,19700000;Error
-8,19600000;Error
-8,19500000;Error
-8,19400000;Error
-8,19300000;Error
-8,19200000;Error
-8,19100000;Error
-8,19000000;Error
-8,18900000;Error
-8,18800000;Error
-8,18700000;Error
-8,18600000;Error
-8,18500000;Error
-8,18400000;Error
-8,18300000;Error
-8,18200000;Error
-8,18100000;Error
-8,18000000;Error
-8,17900000;Error
-8,17800000;Error
-8,17700000;Error
-8,17600000;Error
-8,17500000;Error
-8,17400000;Error
-8,17300000;Error
-8,17200000;Error
-8,17100000;Error
-8,17000000;Error
-8,16900000;Error
-8,16800000;Error
-8,16700000;Error
-8,16600000;Error
-8,16500000;Error
-8,16400000;Error
-8,16300000;Error
-8,16200000;Error
-8,16100000;Error
-8,16000000;Error
-8,15900000;Error
-8,15800000;Error
-8,15700000;Error
-8,15600000;Error
-8,15500000;Error
-8,15400000;Error
-8,15300000;Error
-8,15200000;Error
-8,15100000;Error
-8,15000000;Error
-8,14900000;Error
-8,14800000;Error
-8,14700000;Error
-8,14600000;Error
-8,14500000;Error
-8,14400000;Error
-8,14300000;Error
-8,14200000;Error
-8,14100000;Error
-8,14000000;Error
-8,13900000;Error
-8,13800000;Error
-8,13700000;Error
-8,13600000;Error
-8,13500000;Error
-8,13400000;Error
-8,13300000;Error
-8,13200000;Error
-8,13100000;Error
-8,13000000;Error
-8,12900000;Error
-8,12800000;Error
-8,12700000;Error
-8,12600000;Error
-8,12500000;Error
-8,12400000;Error
-8,12300000;Error
-8,12200000;Error
-8,12100000;Error
-8,12000000;Error
-8,11900000;Error
-8,11800000;Error
-8,11700000;Error
-8,11600000;Error
-8,11500000;Error
-8,11400000;Error
-8,11300000;Error
-8,11200000;Error
-8,11100000;Error
-8,11000000;Error
-8,10900000;Error
-8,10800000;Error
-8,10700000;Error
-8,10600000;Error
-8,10500000;Error
-8,10400000;Error
-8,10300000;Error
-8,10200000;Error
-8,10100000;Error
-8,10000000;Error
-8,09900000;Error
-8,09800000;Error
-8,09700000;Error
-8,09600000;Error
-8,09500000;Error
-8,09400000;Error
-8,09300000;Error
-8,09200000;Error
-8,09100000;Error
-8,09000000;Error
-8,08900000;Error
-8,08800000;Error
-8,08700000;Error
-8,08600000;Error
-8,08500000;Error
-8,08400000;Error
-8,08300000;Error
-8,08200000;Error
-8,08100000;Error
-8,08000000;Error
-8,07900000;Error
-8,07800000;Error
-8,07700000;Error
-8,07600000;Error
-8,07500000;Error
-8,07400000;Error
-8,07300000;Error
-8,07200000;Error
-8,07100000;Error
-8,07000000;Error
-8,06900000;Error
-8,06800000;Error
-8,06700000;Error
-8,06600000;Error
-8,06500000;Error
-8,06400000;Error
-8,06300000;Error
-8,06200000;Error
-8,06100000;Error
-8,06000000;Error
-8,05900000;Error
-8,05800000;Error
-8,05700000;Error
-8,05600000;Error
-8,05500000;Error
-8,05400000;Error
-8,05300000;Error
-8,05200000;Error
-8,05100000;Error
-8,05000000;Error
-8,04900000;Error
-8,04800000;Error
-8,04700000;Error
-8,04600000;Error
-8,04500000;Error
-8,04400000;Error
-8,04300000;Error
-8,04200000;Error
-8,04100000;Error
-8,04000000;Error
-8,03900000;Error
-8,03800000;Error
-8,03700000;Error
-8,03600000;Error
-8,03500000;Error
-8,03400000;Error
-8,03300000;Error
-8,03200000;Error
-8,03100000;Error
-8,03000000;Error
-8,02900000;Error
-8,02800000;Error
-8,02700000;Error
-8,02600000;Error
-8,02500000;Error
-8,02400000;Error
-8,02300000;Error
-8,02200000;Error
-8,02100000;Error
-8,02000000;Error
-8,01900000;Error
-8,01800000;Error
-8,01700000;Error
-8,01600000;Error
-8,01500000;Error
-8,01400000;Error
-8,01300000;Error
-8,01200000;Error
-8,01100000;Error
-8,01000000;Error
-8,00900000;Error
-8,00800000;Error
-8,00700000;Error
-8,00600000;Error
-8,00500000;Error
-8,00400000;Error
-8,00300000;Error
-8,00200000;Error
-8,00100000;Error
-8,00000000;Error
-7,99900000;Error
-7,99800000;Error
-7,99700000;Error
-7,99600000;Error
-7,99500000;Error
-7,99400000;Error
-7,99300000;Error
-7,99200000;Error
-7,99100000;Error
-7,99000000;Error
-7,98900000;Error
-7,98800000;Error
-7,98700000;Error
-7,98600000;Error
-7,98500000;Error
-7,98400000;Error
-7,98300000;Error
-7,98200000;Error
-7,98100000;Error
-7,98000000;Error
-7,97900000;Error
-7,97800000;Error
-7,97700000;Error
-7,97600000;Error
-7,97500000;Error
-7,97400000;Error
-7,97300000;Error
-7,97200000;Error
-7,97100000;Error
-7,97000000;Error
-7,96900000;Error
-7,96800000;Error
-7,96700000;Error
-7,96600000;Error
-7,96500000;Error
-7,96400000;Error
-7,96300000;Error
-7,96200000;Error
-7,96100000;Error
-7,96000000;Error
-7,95900000;Error
-7,95800000;Error
-7,95700000;Error
-7,95600000;Error
-7,95500000;Error
-7,95400000;Error
-7,95300000;Error
-7,95200000;Error
-7,95100000;Error
-7,95000000;Error
-7,94900000;Error
-7,94800000;Error
-7,94700000;Error
-7,94600000;Error
-7,94500000;Error
-7,94400000;Error
-7,94300000;Error
-7,94200000;Error
-7,94100000;Error
-7,94000000;Error
-7,93900000;Error
-7,93800000;Error
-7,93700000;Error
-7,93600000;Error
-7,93500000;Error
-7,93400000;Error
-7,93300000;Error
-7,93200000;Error
-7,93100000;Error
-7,93000000;Error
-7,92900000;Error
-7,92800000;Error
-7,92700000;Error
-7,92600000;Error
-7,92500000;Error
-7,92400000;Error
-7,92300000;Error
-7,92200000;Error
-7,92100000;Error
-7,92000000;Error
-7,91900000;Error
-7,91800000;Error
-7,91700000;Error
-7,91600000;Error
-7,91500000;Error
-7,91400000;Error
-7,91300000;Error
-7,91200000;Error
-7,91100000;Error
-7,91000000;Error
-7,90900000;Error
-7,90800000;Error
-7,90700000;Error
-7,90600000;Error
-7,90500000;Error
-7,90400000;Error
-7,90300000;Error
-7,90200000;Error
-7,90100000;Error
-7,90000000;Error
-7,89900000;Error
-7,89800000;Error
-7,89700000;Error
-7,89600000;Error
-7,89500000;Error
-7,89400000;Error
-7,89300000;Error
-7,89200000;Error
-7,89100000;Error
-7,89000000;Error
-7,88900000;Error
-7,88800000;Error
-7,88700000;Error
-7,88600000;Error
-7,88500000;Error
-7,88400000;Error
-7,88300000;Error
-7,88200000;Error
-7,88100000;Error
-7,88000000;Error
-7,87900000;Error
-7,87800000;Error
-7,87700000;Error
-7,87600000;Error
-7,87500000;Error
-7,87400000;Error
-7,87300000;Error
-7,87200000;Error
-7,87100000;Error
-7,87000000;Error
-7,86900000;Error
-7,86800000;Error
-7,86700000;Error
-7,86600000;Error
-7,86500000;Error
-7,86400000;Error
-7,86300000;Error
-7,86200000;Error
-7,86100000;Error
-7,86000000;Error
-7,85900000;Error
-7,85800000;Error
-7,85700000;Error
-7,85600000;Error
-7,85500000;Error
-7,85400000;Error
-7,85300000;Error
-7,85200000;Error
-7,85100000;Error
-7,85000000;Error
-7,84900000;Error
-7,84800000;Error
-7,84700000;Error
-7,84600000;Error
-7,84500000;Error
-7,84400000;Error
-7,84300000;Error
-7,84200000;Error
-7,84100000;Error
-7,84000000;Error
-7,83900000;Error
-7,83800000;Error
-7,83700000;Error
-7,83600000;Error
-7,83500000;Error
-7,83400000;Error
-7,83300000;Error
-7,83200000;Error
-7,83100000;Error
-7,83000000;Error
-7,82900000;Error
-7,82800000;Error
-7,82700000;Error
-7,82600000;Error
-7,82500000;Error
-7,82400000;Error
-7,82300000;Error
-7,82200000;Error
-7,82100000;Error
-7,82000000;Error
-7,81900000;Error
-7,81800000;Error
-7,81700000;Error
-7,81600000;Error
-7,81500000;Error
-7,81400000;Error
-7,81300000;Error
-7,81200000;Error
-7,81100000;Error
-7,81000000;Error
-7,80900000;Error
-7,80800000;Error
-7,80700000;Error
-7,80600000;Error
-7,80500000;Error
-7,80400000;Error
-7,80300000;Error
-7,80200000;Error
-7,80100000;Error
-7,80000000;Error
-7,79900000;Error
-7,79800000;Error
-7,79700000;Error
-7,79600000;Error
-7,79500000;Error
-7,79400000;Error
-7,79300000;Error
-7,79200000;Error
-7,79100000;Error
-7,79000000;Error
-7,78900000;Error
-7,78800000;Error
-7,78700000;Error
-7,78600000;Error
-7,78500000;Error
-7,78400000;Error
-7,78300000;Error
-7,78200000;Error
-7,78100000;Error
-7,78000000;Error
-7,77900000;Error
-7,77800000;Error
-7,77700000;Error
-7,77600000;Error
-7,77500000;Error
-7,77400000;Error
-7,77300000;Error
-7,77200000;Error
-7,77100000;Error
-7,77000000;Error
-7,76900000;Error
-7,76800000;Error
-7,76700000;Error
-7,76600000;Error
-7,76500000;Error
-7,76400000;Error
-7,76300000;Error
-7,76200000;Error
-7,76100000;Error
-7,76000000;Error
-7,75900000;Error
-7,75800000;Error
-7,75700000;Error
-7,75600000;Error
-7,75500000;Error
-7,75400000;Error
-7,75300000;Error
-7,75200000;Error
-7,75100000;Error
-7,75000000;Error
-7,74900000;Error
-7,74800000;Error
-7,74700000;Error
-7,74600000;Error
-7,74500000;Error
-7,74400000;Error
-7,74300000;Error
-7,74200000;Error
-7,74100000;Error
-7,74000000;Error
-7,73900000;Error
-7,73800000;Error
-7,73700000;Error
-7,73600000;Error
-7,73500000;Error
-7,73400000;Error
-7,73300000;Error
-7,73200000;Error
-7,73100000;Error
-7,73000000;Error
-7,72900000;Error
-7,72800000;Error
-7,72700000;Error
-7,72600000;Error
-7,72500000;Error
-7,72400000;Error
-7,72300000;Error
-7,72200000;Error
-7,72100000;Error
-7,72000000;Error
-7,71900000;Error
-7,71800000;Error
-7,71700000;Error
-7,71600000;Error
-7,71500000;Error
-7,71400000;Error
-7,71300000;Error
-7,71200000;Error
-7,71100000;Error
-7,71000000;Error
-7,70900000;Error
-7,70800000;Error
-7,70700000;Error
-7,70600000;Error
-7,70500000;Error
-7,70400000;Error
-7,70300000;Error
-7,70200000;Error
-7,70100000;Error
-7,70000000;Error
-7,69900000;Error
-7,69800000;Error
-7,69700000;Error
-7,69600000;Error
-7,69500000;Error
-7,69400000;Error
-7,69300000;Error
-7,69200000;Error
-7,69100000;Error
-7,69000000;Error
-7,68900000;Error
-7,68800000;Error
-7,68700000;Error
-7,68600000;Error
-7,68500000;Error
-7,68400000;Error
-7,68300000;Error
-7,68200000;Error
-7,68100000;Error
-7,68000000;Error
-7,67900000;Error
-7,67800000;Error
-7,67700000;Error
-7,67600000;Error
-7,67500000;Error
-7,67400000;Error
-7,67300000;Error
-7,67200000;Error
-7,67100000;Error
-7,67000000;Error
-7,66900000;Error
-7,66800000;Error
-7,66700000;Error
-7,66600000;Error
-7,66500000;Error
-7,66400000;Error
-7,66300000;Error
-7,66200000;Error
-7,66100000;Error
-7,66000000;Error
-7,65900000;Error
-7,65800000;Error
-7,65700000;Error
-7,65600000;Error
-7,65500000;Error
-7,65400000;Error
-7,65300000;Error
-7,65200000;Error
-7,65100000;Error
-7,65000000;Error
-7,64900000;Error
-7,64800000;Error
-7,64700000;Error
-7,64600000;Error
-7,64500000;Error
-7,64400000;Error
-7,64300000;Error
-7,64200000;Error
-7,64100000;Error
-7,64000000;Error
-7,63900000;Error
-7,63800000;Error
-7,63700000;Error
-7,63600000;Error
-7,63500000;Error
-7,63400000;Error
-7,63300000;Error
-7,63200000;Error
-7,63100000;Error
-7,63000000;Error
-7,62900000;Error
-7,62800000;Error
-7,62700000;Error
-7,62600000;Error
-7,62500000;Error
-7,62400000;Error
-7,62300000;Error
-7,62200000;Error
-7,62100000;Error
-7,62000000;Error
-7,61900000;Error
-7,61800000;Error
-7,61700000;Error
-7,61600000;Error
-7,61500000;Error
-7,61400000;Error
-7,61300000;Error
-7,61200000;Error
-7,61100000;Error
-7,61000000;Error
-7,60900000;Error
-7,60800000;Error
-7,60700000;Error
-7,60600000;Error
-7,60500000;Error
-7,60400000;Error
-7,60300000;Error
-7,60200000;Error
-7,60100000;Error
-7,60000000;Error
-7,59900000;Error
-7,59800000;Error
-7,59700000;Error
-7,59600000;Error
-7,59500000;Error
-7,59400000;Error
-7,59300000;Error
-7,59200000;Error
-7,59100000;Error
-7,59000000;Error
-7,58900000;Error
-7,58800000;Error
-7,58700000;Error
-7,58600000;Error
-7,58500000;Error
-7,58400000;Error
-7,58300000;Error
-7,58200000;Error
-7,58100000;Error
-7,58000000;Error
-7,57900000;Error
-7,57800000;Error
-7,57700000;Error
-7,57600000;Error
-7,57500000;Error
-7,57400000;Error
-7,57300000;Error
-7,57200000;Error
-7,57100000;Error
-7,57000000;Error
-7,56900000;Error
-7,56800000;Error
-7,56700000;Error
-7,56600000;Error
-7,56500000;Error
-7,56400000;Error
-7,56300000;Error
-7,56200000;Error
-7,56100000;Error
-7,56000000;Error
-7,55900000;Error
-7,55800000;Error
-7,55700000;Error
-7,55600000;Error
-7,55500000;Error
-7,55400000;Error
-7,55300000;Error
-7,55200000;Error
-7,55100000;Error
-7,55000000;Error
-7,54900000;Error
-7,54800000;Error
-7,54700000;Error
-7,54600000;Error
-7,54500000;Error
-7,54400000;Error
-7,54300000;Error
-7,54200000;Error
-7,54100000;Error
-7,54000000;Error
-7,53900000;Error
-7,53800000;Error
-7,53700000;Error
-7,53600000;Error
-7,53500000;Error
-7,53400000;Error
-7,53300000;Error
-7,53200000;Error
-7,53100000;Error
-7,53000000;Error
-7,52900000;Error
-7,52800000;Error
-7,52700000;Error
-7,52600000;Error
-7,52500000;Error
-7,52400000;Error
-7,52300000;Error
-7,52200000;Error
-7,52100000;Error
-7,52000000;Error
-7,51900000;Error
-7,51800000;Error
-7,51700000;Error
-7,51600000;Error
-7,51500000;Error
-7,51400000;Error
-7,51300000;Error
-7,51200000;Error
-7,51100000;Error
-7,51000000;Error
-7,50900000;Error
-7,50800000;Error
-7,50700000;Error
-7,50600000;Error
-7,50500000;Error
-7,50400000;Error
-7,50300000;Error
-7,50200000;Error
-7,50100000;Error
-7,50000000;Error
-7,49900000;Error
-7,49800000;Error
-7,49700000;Error
-7,49600000;Error
-7,49500000;Error
-7,49400000;Error
-7,49300000;Error
-7,49200000;Error
-7,49100000;Error
-7,49000000;Error
-7,48900000;Error
-7,48800000;Error
-7,48700000;Error
-7,48600000;Error
-7,48500000;Error
-7,48400000;Error
-7,48300000;Error
-7,48200000;Error
-7,48100000;Error
-7,48000000;Error
-7,47900000;Error
-7,47800000;Error
-7,47700000;Error
-7,47600000;Error
-7,47500000;Error
-7,47400000;Error
-7,47300000;Error
-7,47200000;Error
-7,47100000;Error
-7,47000000;Error
-7,46900000;Error
-7,46800000;Error
-7,46700000;Error
-7,46600000;Error
-7,46500000;Error
-7,46400000;Error
-7,46300000;Error
-7,46200000;Error
-7,46100000;Error
-7,46000000;Error
-7,45900000;Error
-7,45800000;Error
-7,45700000;Error
-7,45600000;Error
-7,45500000;Error
-7,45400000;Error
-7,45300000;Error
-7,45200000;Error
-7,45100000;Error
-7,45000000;Error
-7,44900000;Error
-7,44800000;Error
-7,44700000;Error
-7,44600000;Error
-7,44500000;Error
-7,44400000;Error
-7,44300000;Error
-7,44200000;Error
-7,44100000;Error
-7,44000000;Error
-7,43900000;Error
-7,43800000;Error
-7,43700000;Error
-7,43600000;Error
-7,43500000;Error
-7,43400000;Error
-7,43300000;Error
-7,43200000;Error
-7,43100000;Error
-7,43000000;Error
-7,42900000;Error
-7,42800000;Error
-7,42700000;Error
-7,42600000;Error
-7,42500000;Error
-7,42400000;Error
-7,42300000;Error
-7,42200000;Error
-7,42100000;Error
-7,42000000;Error
-7,41900000;Error
-7,41800000;Error
-7,41700000;Error
-7,41600000;Error
-7,41500000;Error
-7,41400000;Error
-7,41300000;Error
-7,41200000;Error
-7,41100000;Error
-7,41000000;Error
-7,40900000;Error
-7,40800000;Error
-7,40700000;Error
-7,40600000;Error
-7,40500000;Error
-7,40400000;Error
-7,40300000;Error
-7,40200000;Error
-7,40100000;Error
-7,40000000;Error
-7,39900000;Error
-7,39800000;Error
-7,39700000;Error
-7,39600000;Error
-7,39500000;Error
-7,39400000;Error
-7,39300000;Error
-7,39200000;Error
-7,39100000;Error
-7,39000000;Error
-7,38900000;Error
-7,38800000;Error
-7,38700000;Error
-7,38600000;Error
-7,38500000;Error
-7,38400000;Error
-7,38300000;Error
-7,38200000;Error
-7,38100000;Error
-7,38000000;Error
-7,37900000;Error
-7,37800000;Error
-7,37700000;Error
-7,37600000;Error
-7,37500000;Error
-7,37400000;Error
-7,37300000;Error
-7,37200000;Error
-7,37100000;Error
-7,37000000;Error
-7,36900000;Error
-7,36800000;Error
-7,36700000;Error
-7,36600000;Error
-7,36500000;Error
-7,36400000;Error
-7,36300000;Error
-7,36200000;Error
-7,36100000;Error
-7,36000000;Error
-7,35900000;Error
-7,35800000;Error
-7,35700000;Error
-7,35600000;Error
-7,35500000;Error
-7,35400000;Error
-7,35300000;Error
-7,35200000;Error
-7,35100000;Error
-7,35000000;Error
-7,34900000;Error
-7,34800000;Error
-7,34700000;Error
-7,34600000;Error
-7,34500000;Error
-7,34400000;Error
-7,34300000;Error
-7,34200000;Error
-7,34100000;Error
-7,34000000;Error
-7,33900000;Error
-7,33800000;Error
-7,33700000;Error
-7,33600000;Error
-7,33500000;Error
-7,33400000;Error
-7,33300000;Error
-7,33200000;Error
-7,33100000;Error
-7,33000000;Error
-7,32900000;Error
-7,32800000;Error
-7,32700000;Error
-7,32600000;Error
-7,32500000;Error
-7,32400000;Error
-7,32300000;Error
-7,32200000;Error
-7,32100000;Error
-7,32000000;Error
-7,31900000;Error
-7,31800000;Error
-7,31700000;Error
-7,31600000;Error
-7,31500000;Error
-7,31400000;Error
-7,31300000;Error
-7,31200000;Error
-7,31100000;Error
-7,31000000;Error
-7,30900000;Error
-7,30800000;Error
-7,30700000;Error
-7,30600000;Error
-7,30500000;Error
-7,30400000;Error
-7,30300000;Error
-7,30200000;Error
-7,30100000;Error
-7,30000000;Error
-7,29900000;Error
-7,29800000;Error
-7,29700000;Error
-7,29600000;Error
-7,29500000;Error
-7,29400000;Error
-7,29300000;Error
-7,29200000;Error
-7,29100000;Error
-7,29000000;Error
-7,28900000;Error
-7,28800000;Error
-7,28700000;Error
-7,28600000;Error
-7,28500000;Error
-7,28400000;Error
-7,28300000;Error
-7,28200000;Error
-7,28100000;Error
-7,28000000;Error
-7,27900000;Error
-7,27800000;Error
-7,27700000;Error
-7,27600000;Error
-7,27500000;Error
-7,27400000;Error
-7,27300000;Error
-7,27200000;Error
-7,27100000;Error
-7,27000000;Error
-7,26900000;Error
-7,26800000;Error
-7,26700000;Error
-7,26600000;Error
-7,26500000;Error
-7,26400000;Error
-7,26300000;Error
-7,26200000;Error
-7,26100000;Error
-7,26000000;Error
-7,25900000;Error
-7,25800000;Error
-7,25700000;Error
-7,25600000;Error
-7,25500000;Error
-7,25400000;Error
-7,25300000;Error
-7,25200000;Error
-7,25100000;Error
-7,25000000;Error
-7,24900000;Error
-7,24800000;Error
-7,24700000;Error
-7,24600000;Error
-7,24500000;Error
-7,24400000;Error
-7,24300000;Error
-7,24200000;Error
-7,24100000;Error
-7,24000000;Error
-7,23900000;Error
-7,23800000;Error
-7,23700000;Error
-7,23600000;Error
-7,23500000;Error
-7,23400000;Error
-7,23300000;Error
-7,23200000;Error
-7,23100000;Error
-7,23000000;Error
-7,22900000;Error
-7,22800000;Error
-7,22700000;Error
-7,22600000;Error
-7,22500000;Error
-7,22400000;Error
-7,22300000;Error
-7,22200000;Error
-7,22100000;Error
-7,22000000;Error
-7,21900000;Error
-7,21800000;Error
-7,21700000;Error
-7,21600000;Error
-7,21500000;Error
-7,21400000;Error
-7,21300000;Error
-7,21200000;Error
-7,21100000;Error
-7,21000000;Error
-7,20900000;Error
-7,20800000;Error
-7,20700000;Error
-7,20600000;Error
-7,20500000;Error
-7,20400000;Error
-7,20300000;Error
-7,20200000;Error
-7,20100000;Error
-7,20000000;Error
-7,19900000;Error
-7,19800000;Error
-7,19700000;Error
-7,19600000;Error
-7,19500000;Error
-7,19400000;Error
-7,19300000;Error
-7,19200000;Error
-7,19100000;Error
-7,19000000;Error
-7,18900000;Error
-7,18800000;Error
-7,18700000;Error
-7,18600000;Error
-7,18500000;Error
-7,18400000;Error
-7,18300000;Error
-7,18200000;Error
-7,18100000;Error
-7,18000000;Error
-7,17900000;Error
-7,17800000;Error
-7,17700000;Error
-7,17600000;Error
-7,17500000;Error
-7,17400000;Error
-7,17300000;Error
-7,17200000;Error
-7,17100000;Error
-7,17000000;Error
-7,16900000;Error
-7,16800000;Error
-7,16700000;Error
-7,16600000;Error
-7,16500000;Error
-7,16400000;Error
-7,16300000;Error
-7,16200000;Error
-7,16100000;Error
-7,16000000;Error
-7,15900000;Error
-7,15800000;Error
-7,15700000;Error
-7,15600000;Error
-7,15500000;Error
-7,15400000;Error
-7,15300000;Error
-7,15200000;Error
-7,15100000;Error
-7,15000000;Error
-7,14900000;Error
-7,14800000;Error
-7,14700000;Error
-7,14600000;Error
-7,14500000;Error
-7,14400000;Error
-7,14300000;Error
-7,14200000;Error
-7,14100000;Error
-7,14000000;Error
-7,13900000;Error
-7,13800000;Error
-7,13700000;Error
-7,13600000;Error
-7,13500000;Error
-7,13400000;Error
-7,13300000;Error
-7,13200000;Error
-7,13100000;Error
-7,13000000;Error
-7,12900000;Error
-7,12800000;Error
-7,12700000;Error
-7,12600000;Error
-7,12500000;Error
-7,12400000;Error
-7,12300000;Error
-7,12200000;Error
-7,12100000;Error
-7,12000000;Error
-7,11900000;Error
-7,11800000;Error
-7,11700000;Error
-7,11600000;Error
-7,11500000;Error
-7,11400000;Error
-7,11300000;Error
-7,11200000;Error
-7,11100000;Error
-7,11000000;Error
-7,10900000;Error
-7,10800000;Error
-7,10700000;Error
-7,10600000;Error
-7,10500000;Error
-7,10400000;Error
-7,10300000;Error
-7,10200000;Error
-7,10100000;Error
-7,10000000;Error
-7,09900000;Error
-7,09800000;Error
-7,09700000;Error
-7,09600000;Error
-7,09500000;Error
-7,09400000;Error
-7,09300000;Error
-7,09200000;Error
-7,09100000;Error
-7,09000000;Error
-7,08900000;Error
-7,08800000;Error
-7,08700000;Error
-7,08600000;Error
-7,08500000;Error
-7,08400000;Error
-7,08300000;Error
-7,08200000;Error
-7,08100000;Error
-7,08000000;Error
-7,07900000;Error
-7,07800000;Error
-7,07700000;Error
-7,07600000;Error
-7,07500000;Error
-7,07400000;Error
-7,07300000;Error
-7,07200000;Error
-7,07100000;Error
-7,07000000;Error
-7,06900000;Error
-7,06800000;Error
-7,06700000;Error
-7,06600000;Error
-7,06500000;Error
-7,06400000;Error
-7,06300000;Error
-7,06200000;Error
-7,06100000;Error
-7,06000000;Error
-7,05900000;Error
-7,05800000;Error
-7,05700000;Error
-7,05600000;Error
-7,05500000;Error
-7,05400000;Error
-7,05300000;Error
-7,05200000;Error
-7,05100000;Error
-7,05000000;Error
-7,04900000;Error
-7,04800000;Error
-7,04700000;Error
-7,04600000;Error
-7,04500000;Error
-7,04400000;Error
-7,04300000;Error
-7,04200000;Error
-7,04100000;Error
-7,04000000;Error
-7,03900000;Error
-7,03800000;Error
-7,03700000;Error
-7,03600000;Error
-7,03500000;Error
-7,03400000;Error
-7,03300000;Error
-7,03200000;Error
-7,03100000;Error
-7,03000000;Error
-7,02900000;Error
-7,02800000;Error
-7,02700000;Error
-7,02600000;Error
-7,02500000;Error
-7,02400000;Error
-7,02300000;Error
-7,02200000;Error
-7,02100000;Error
-7,02000000;Error
-7,01900000;Error
-7,01800000;Error
-7,01700000;Error
-7,01600000;Error
-7,01500000;Error
-7,01400000;Error
-7,01300000;Error
-7,01200000;Error
-7,01100000;Error
-7,01000000;Error
-7,00900000;Error
-7,00800000;Error
-7,00700000;Error
-7,00600000;Error
-7,00500000;Error
-7,00400000;Error
-7,00300000;Error
-7,00200000;Error
-7,00100000;Error
-7,00000000;Error
-6,99900000;Error
-6,99800000;Error
-6,99700000;Error
-6,99600000;Error
-6,99500000;Error
-6,99400000;Error
-6,99300000;Error
-6,99200000;Error
-6,99100000;Error
-6,99000000;Error
-6,98900000;Error
-6,98800000;Error
-6,98700000;Error
-6,98600000;Error
-6,98500000;Error
-6,98400000;Error
-6,98300000;Error
-6,98200000;Error
-6,98100000;Error
-6,98000000;Error
-6,97900000;Error
-6,97800000;Error
-6,97700000;Error
-6,97600000;Error
-6,97500000;Error
-6,97400000;Error
-6,97300000;Error
-6,97200000;Error
-6,97100000;Error
-6,97000000;Error
-6,96900000;Error
-6,96800000;Error
-6,96700000;Error
-6,96600000;Error
-6,96500000;Error
-6,96400000;Error
-6,96300000;Error
-6,96200000;Error
-6,96100000;Error
-6,96000000;Error
-6,95900000;Error
-6,95800000;Error
-6,95700000;Error
-6,95600000;Error
-6,95500000;Error
-6,95400000;Error
-6,95300000;Error
-6,95200000;Error
-6,95100000;Error
-6,95000000;Error
-6,94900000;Error
-6,94800000;Error
-6,94700000;Error
-6,94600000;Error
-6,94500000;Error
-6,94400000;Error
-6,94300000;Error
-6,94200000;Error
-6,94100000;Error
-6,94000000;Error
-6,93900000;Error
-6,93800000;Error
-6,93700000;Error
-6,93600000;Error
-6,93500000;Error
-6,93400000;Error
-6,93300000;Error
-6,93200000;Error
-6,93100000;Error
-6,93000000;Error
-6,92900000;Error
-6,92800000;Error
-6,92700000;Error
-6,92600000;Error
-6,92500000;Error
-6,92400000;Error
-6,92300000;Error
-6,92200000;Error
-6,92100000;Error
-6,92000000;Error
-6,91900000;Error
-6,91800000;Error
-6,91700000;Error
-6,91600000;Error
-6,91500000;Error
-6,91400000;Error
-6,91300000;Error
-6,91200000;Error
-6,91100000;Error
-6,91000000;Error
-6,90900000;Error
-6,90800000;Error
-6,90700000;Error
-6,90600000;Error
-6,90500000;Error
-6,90400000;Error
-6,90300000;Error
-6,90200000;Error
-6,90100000;Error
-6,90000000;Error
-6,89900000;Error
-6,89800000;Error
-6,89700000;Error
-6,89600000;Error
-6,89500000;Error
-6,89400000;Error
-6,89300000;Error
-6,89200000;Error
-6,89100000;Error
-6,89000000;Error
-6,88900000;Error
-6,88800000;Error
-6,88700000;Error
-6,88600000;Error
-6,88500000;Error
-6,88400000;Error
-6,88300000;Error
-6,88200000;Error
-6,88100000;Error
-6,88000000;Error
-6,87900000;Error
-6,87800000;Error
-6,87700000;Error
-6,87600000;Error
-6,87500000;Error
-6,87400000;Error
-6,87300000;Error
-6,87200000;Error
-6,87100000;Error
-6,87000000;Error
-6,86900000;Error
-6,86800000;Error
-6,86700000;Error
-6,86600000;Error
-6,86500000;Error
-6,86400000;Error
-6,86300000;Error
-6,86200000;Error
-6,86100000;Error
-6,86000000;Error
-6,85900000;Error
-6,85800000;Error
-6,85700000;Error
-6,85600000;Error
-6,85500000;Error
-6,85400000;Error
-6,85300000;Error
-6,85200000;Error
-6,85100000;Error
-6,85000000;Error
-6,84900000;Error
-6,84800000;Error
-6,84700000;Error
-6,84600000;Error
-6,84500000;Error
-6,84400000;Error
-6,84300000;Error
-6,84200000;Error
-6,84100000;Error
-6,84000000;Error
-6,83900000;Error
-6,83800000;Error
-6,83700000;Error
-6,83600000;Error
-6,83500000;Error
-6,83400000;Error
-6,83300000;Error
-6,83200000;Error
-6,83100000;Error
-6,83000000;Error
-6,82900000;Error
-6,82800000;Error
-6,82700000;Error
-6,82600000;Error
-6,82500000;Error
-6,82400000;Error
-6,82300000;Error
-6,82200000;Error
-6,82100000;Error
-6,82000000;Error
-6,81900000;Error
-6,81800000;Error
-6,81700000;Error
-6,81600000;Error
-6,81500000;Error
-6,81400000;Error
-6,81300000;Error
-6,81200000;Error
-6,81100000;Error
-6,81000000;Error
-6,80900000;Error
-6,80800000;Error
-6,80700000;Error
-6,80600000;Error
-6,80500000;Error
-6,80400000;Error
-6,80300000;Error
-6,80200000;Error
-6,80100000;Error
-6,80000000;Error
-6,79900000;Error
-6,79800000;Error
-6,79700000;Error
-6,79600000;Error
-6,79500000;Error
-6,79400000;Error
-6,79300000;Error
-6,79200000;Error
-6,79100000;Error
-6,79000000;Error
-6,78900000;Error
-6,78800000;Error
-6,78700000;Error
-6,78600000;Error
-6,78500000;Error
-6,78400000;Error
-6,78300000;Error
-6,78200000;Error
-6,78100000;Error
-6,78000000;Error
-6,77900000;Error
-6,77800000;Error
-6,77700000;Error
-6,77600000;Error
-6,77500000;Error
-6,77400000;Error
-6,77300000;Error
-6,77200000;Error
-6,77100000;Error
-6,77000000;Error
-6,76900000;Error
-6,76800000;Error
-6,76700000;Error
-6,76600000;Error
-6,76500000;Error
-6,76400000;Error
-6,76300000;Error
-6,76200000;Error
-6,76100000;Error
-6,76000000;Error
-6,75900000;Error
-6,75800000;Error
-6,75700000;Error
-6,75600000;Error
-6,75500000;Error
-6,75400000;Error
-6,75300000;Error
-6,75200000;Error
-6,75100000;Error
-6,75000000;Error
-6,74900000;Error
-6,74800000;Error
-6,74700000;Error
-6,74600000;Error
-6,74500000;Error
-6,74400000;Error
-6,74300000;Error
-6,74200000;Error
-6,74100000;Error
-6,74000000;Error
-6,73900000;Error
-6,73800000;Error
-6,73700000;Error
-6,73600000;Error
-6,73500000;Error
-6,73400000;Error
-6,73300000;Error
-6,73200000;Error
-6,73100000;Error
-6,73000000;Error
-6,72900000;Error
-6,72800000;Error
-6,72700000;Error
-6,72600000;Error
-6,72500000;Error
-6,72400000;Error
-6,72300000;Error
-6,72200000;Error
-6,72100000;Error
-6,72000000;Error
-6,71900000;Error
-6,71800000;Error
-6,71700000;Error
-6,71600000;Error
-6,71500000;Error
-6,71400000;Error
-6,71300000;Error
-6,71200000;Error
-6,71100000;Error
-6,71000000;Error
-6,70900000;Error
-6,70800000;Error
-6,70700000;Error
-6,70600000;Error
-6,70500000;Error
-6,70400000;Error
-6,70300000;Error
-6,70200000;Error
-6,70100000;Error
-6,70000000;Error
-6,69900000;Error
-6,69800000;Error
-6,69700000;Error
-6,69600000;Error
-6,69500000;Error
-6,69400000;Error
-6,69300000;Error
-6,69200000;Error
-6,69100000;Error
-6,69000000;Error
-6,68900000;Error
-6,68800000;Error
-6,68700000;Error
-6,68600000;Error
-6,68500000;Error
-6,68400000;Error
-6,68300000;Error
-6,68200000;Error
-6,68100000;Error
-6,68000000;Error
-6,67900000;Error
-6,67800000;Error
-6,67700000;Error
-6,67600000;Error
-6,67500000;Error
-6,67400000;Error
-6,67300000;Error
-6,67200000;Error
-6,67100000;Error
-6,67000000;Error
-6,66900000;Error
-6,66800000;Error
-6,66700000;Error
-6,66600000;Error
-6,66500000;Error
-6,66400000;Error
-6,66300000;Error
-6,66200000;Error
-6,66100000;Error
-6,66000000;Error
-6,65900000;Error
-6,65800000;Error
-6,65700000;Error
-6,65600000;Error
-6,65500000;Error
-6,65400000;Error
-6,65300000;Error
-6,65200000;Error
-6,65100000;Error
-6,65000000;Error
-6,64900000;Error
-6,64800000;Error
-6,64700000;Error
-6,64600000;Error
-6,64500000;Error
-6,64400000;Error
-6,64300000;Error
-6,64200000;Error
-6,64100000;Error
-6,64000000;Error
-6,63900000;Error
-6,63800000;Error
-6,63700000;Error
-6,63600000;Error
-6,63500000;Error
-6,63400000;Error
-6,63300000;Error
-6,63200000;Error
-6,63100000;Error
-6,63000000;Error
-6,62900000;Error
-6,62800000;Error
-6,62700000;Error
-6,62600000;Error
-6,62500000;Error
-6,62400000;Error
-6,62300000;Error
-6,62200000;Error
-6,62100000;Error
-6,62000000;Error
-6,61900000;Error
-6,61800000;Error
-6,61700000;Error
-6,61600000;Error
-6,61500000;Error
-6,61400000;Error
-6,61300000;Error
-6,61200000;Error
-6,61100000;Error
-6,61000000;Error
-6,60900000;Error
-6,60800000;Error
-6,60700000;Error
-6,60600000;Error
-6,60500000;Error
-6,60400000;Error
-6,60300000;Error
-6,60200000;Error
-6,60100000;Error
-6,60000000;Error
-6,59900000;Error
-6,59800000;Error
-6,59700000;Error
-6,59600000;Error
-6,59500000;Error
-6,59400000;Error
-6,59300000;Error
-6,59200000;Error
-6,59100000;Error
-6,59000000;Error
-6,58900000;Error
-6,58800000;Error
-6,58700000;Error
-6,58600000;Error
-6,58500000;Error
-6,58400000;Error
-6,58300000;Error
-6,58200000;Error
-6,58100000;Error
-6,58000000;Error
-6,57900000;Error
-6,57800000;Error
-6,57700000;Error
-6,57600000;Error
-6,57500000;Error
-6,57400000;Error
-6,57300000;Error
-6,57200000;Error
-6,57100000;Error
-6,57000000;Error
-6,56900000;Error
-6,56800000;Error
-6,56700000;Error
-6,56600000;Error
-6,56500000;Error
-6,56400000;Error
-6,56300000;Error
-6,56200000;Error
-6,56100000;Error
-6,56000000;Error
-6,55900000;Error
-6,55800000;Error
-6,55700000;Error
-6,55600000;Error
-6,55500000;Error
-6,55400000;Error
-6,55300000;Error
-6,55200000;Error
-6,55100000;Error
-6,55000000;Error
-6,54900000;Error
-6,54800000;Error
-6,54700000;Error
-6,54600000;Error
-6,54500000;Error
-6,54400000;Error
-6,54300000;Error
-6,54200000;Error
-6,54100000;Error
-6,54000000;Error
-6,53900000;Error
-6,53800000;Error
-6,53700000;Error
-6,53600000;Error
-6,53500000;Error
-6,53400000;Error
-6,53300000;Error
-6,53200000;Error
-6,53100000;Error
-6,53000000;Error
-6,52900000;Error
-6,52800000;Error
-6,52700000;Error
-6,52600000;Error
-6,52500000;Error
-6,52400000;Error
-6,52300000;Error
-6,52200000;Error
-6,52100000;Error
-6,52000000;Error
-6,51900000;Error
-6,51800000;Error
-6,51700000;Error
-6,51600000;Error
-6,51500000;Error
-6,51400000;Error
-6,51300000;Error
-6,51200000;Error
-6,51100000;Error
-6,51000000;Error
-6,50900000;Error
-6,50800000;Error
-6,50700000;Error
-6,50600000;Error
-6,50500000;Error
-6,50400000;Error
-6,50300000;Error
-6,50200000;Error
-6,50100000;Error
-6,50000000;Error
-6,49900000;Error
-6,49800000;Error
-6,49700000;Error
-6,49600000;Error
-6,49500000;Error
-6,49400000;Error
-6,49300000;Error
-6,49200000;Error
-6,49100000;Error
-6,49000000;Error
-6,48900000;Error
-6,48800000;Error
-6,48700000;Error
-6,48600000;Error
-6,48500000;Error
-6,48400000;Error
-6,48300000;Error
-6,48200000;Error
-6,48100000;Error
-6,48000000;Error
-6,47900000;Error
-6,47800000;Error
-6,47700000;Error
-6,47600000;Error
-6,47500000;Error
-6,47400000;Error
-6,47300000;Error
-6,47200000;Error
-6,47100000;Error
-6,47000000;Error
-6,46900000;Error
-6,46800000;Error
-6,46700000;Error
-6,46600000;Error
-6,46500000;Error
-6,46400000;Error
-6,46300000;Error
-6,46200000;Error
-6,46100000;Error
-6,46000000;Error
-6,45900000;Error
-6,45800000;Error
-6,45700000;Error
-6,45600000;Error
-6,45500000;Error
-6,45400000;Error
-6,45300000;Error
-6,45200000;Error
-6,45100000;Error
-6,45000000;Error
-6,44900000;Error
-6,44800000;Error
-6,44700000;Error
-6,44600000;Error
-6,44500000;Error
-6,44400000;Error
-6,44300000;Error
-6,44200000;Error
-6,44100000;Error
-6,44000000;Error
-6,43900000;Error
-6,43800000;Error
-6,43700000;Error
-6,43600000;Error
-6,43500000;Error
-6,43400000;Error
-6,43300000;Error
-6,43200000;Error
-6,43100000;Error
-6,43000000;Error
-6,42900000;Error
-6,42800000;Error
-6,42700000;Error
-6,42600000;Error
-6,42500000;Error
-6,42400000;Error
-6,42300000;Error
-6,42200000;Error
-6,42100000;Error
-6,42000000;Error
-6,41900000;Error
-6,41800000;Error
-6,41700000;Error
-6,41600000;Error
-6,41500000;Error
-6,41400000;Error
-6,41300000;Error
-6,41200000;Error
-6,41100000;Error
-6,41000000;Error
-6,40900000;Error
-6,40800000;Error
-6,40700000;Error
-6,40600000;Error
-6,40500000;Error
-6,40400000;Error
-6,40300000;Error
-6,40200000;Error
-6,40100000;Error
-6,40000000;Error
-6,39900000;Error
-6,39800000;Error
-6,39700000;Error
-6,39600000;Error
-6,39500000;Error
-6,39400000;Error
-6,39300000;Error
-6,39200000;Error
-6,39100000;Error
-6,39000000;Error
-6,38900000;Error
-6,38800000;Error
-6,38700000;Error
-6,38600000;Error
-6,38500000;Error
-6,38400000;Error
-6,38300000;Error
-6,38200000;Error
-6,38100000;Error
-6,38000000;Error
-6,37900000;Error
-6,37800000;Error
-6,37700000;Error
-6,37600000;Error
-6,37500000;Error
-6,37400000;Error
-6,37300000;Error
-6,37200000;Error
-6,37100000;Error
-6,37000000;Error
-6,36900000;Error
-6,36800000;Error
-6,36700000;Error
-6,36600000;Error
-6,36500000;Error
-6,36400000;Error
-6,36300000;Error
-6,36200000;Error
-6,36100000;Error
-6,36000000;Error
-6,35900000;Error
-6,35800000;Error
-6,35700000;Error
-6,35600000;Error
-6,35500000;Error
-6,35400000;Error
-6,35300000;Error
-6,35200000;Error
-6,35100000;Error
-6,35000000;Error
-6,34900000;Error
-6,34800000;Error
-6,34700000;Error
-6,34600000;Error
-6,34500000;Error
-6,34400000;Error
-6,34300000;Error
-6,34200000;Error
-6,34100000;Error
-6,34000000;Error
-6,33900000;Error
-6,33800000;Error
-6,33700000;Error
-6,33600000;Error
-6,33500000;Error
-6,33400000;Error
-6,33300000;Error
-6,33200000;Error
-6,33100000;Error
-6,33000000;Error
-6,32900000;Error
-6,32800000;Error
-6,32700000;Error
-6,32600000;Error
-6,32500000;Error
-6,32400000;Error
-6,32300000;Error
-6,32200000;Error
-6,32100000;Error
-6,32000000;Error
-6,31900000;Error
-6,31800000;Error
-6,31700000;Error
-6,31600000;Error
-6,31500000;Error
-6,31400000;Error
-6,31300000;Error
-6,31200000;Error
-6,31100000;Error
-6,31000000;Error
-6,30900000;Error
-6,30800000;Error
-6,30700000;Error
-6,30600000;Error
-6,30500000;Error
-6,30400000;Error
-6,30300000;Error
-6,30200000;Error
-6,30100000;Error
-6,30000000;Error
-6,29900000;Error
-6,29800000;Error
-6,29700000;Error
-6,29600000;Error
-6,29500000;Error
-6,29400000;Error
-6,29300000;Error
-6,29200000;Error
-6,29100000;Error
-6,29000000;Error
-6,28900000;Error
-6,28800000;Error
-6,28700000;Error
-6,28600000;Error
-6,28500000;Error
-6,28400000;Error
-6,28300000;Error
-6,28200000;Error
-6,28100000;Error
-6,28000000;Error
-6,27900000;Error
-6,27800000;Error
-6,27700000;Error
-6,27600000;Error
-6,27500000;Error
-6,27400000;Error
-6,27300000;Error
-6,27200000;Error
-6,27100000;Error
-6,27000000;Error
-6,26900000;Error
-6,26800000;Error
-6,26700000;Error
-6,26600000;Error
-6,26500000;Error
-6,26400000;Error
-6,26300000;Error
-6,26200000;Error
-6,26100000;Error
-6,26000000;Error
-6,25900000;Error
-6,25800000;Error
-6,25700000;Error
-6,25600000;Error
-6,25500000;Error
-6,25400000;Error
-6,25300000;Error
-6,25200000;Error
-6,25100000;Error
-6,25000000;Error
-6,24900000;Error
-6,24800000;Error
-6,24700000;Error
-6,24600000;Error
-6,24500000;Error
-6,24400000;Error
-6,24300000;Error
-6,24200000;Error
-6,24100000;Error
-6,24000000;Error
-6,23900000;Error
-6,23800000;Error
-6,23700000;Error
-6,23600000;Error
-6,23500000;Error
-6,23400000;Error
-6,23300000;Error
-6,23200000;Error
-6,23100000;Error
-6,23000000;Error
-6,22900000;Error
-6,22800000;Error
-6,22700000;Error
-6,22600000;Error
-6,22500000;Error
-6,22400000;Error
-6,22300000;Error
-6,22200000;Error
-6,22100000;Error
-6,22000000;Error
-6,21900000;Error
-6,21800000;Error
-6,21700000;Error
-6,21600000;Error
-6,21500000;Error
-6,21400000;Error
-6,21300000;Error
-6,21200000;Error
-6,21100000;Error
-6,21000000;Error
-6,20900000;Error
-6,20800000;Error
-6,20700000;Error
-6,20600000;Error
-6,20500000;Error
-6,20400000;Error
-6,20300000;Error
-6,20200000;Error
-6,20100000;Error
-6,20000000;Error
-6,19900000;Error
-6,19800000;Error
-6,19700000;Error
-6,19600000;Error
-6,19500000;Error
-6,19400000;Error
-6,19300000;Error
-6,19200000;Error
-6,19100000;Error
-6,19000000;Error
-6,18900000;Error
-6,18800000;Error
-6,18700000;Error
-6,18600000;Error
-6,18500000;Error
-6,18400000;Error
-6,18300000;Error
-6,18200000;Error
-6,18100000;Error
-6,18000000;Error
-6,17900000;Error
-6,17800000;Error
-6,17700000;Error
-6,17600000;Error
-6,17500000;Error
-6,17400000;Error
-6,17300000;Error
-6,17200000;Error
-6,17100000;Error
-6,17000000;Error
-6,16900000;Error
-6,16800000;Error
-6,16700000;Error
-6,16600000;Error
-6,16500000;Error
-6,16400000;Error
-6,16300000;Error
-6,16200000;Error
-6,16100000;Error
-6,16000000;Error
-6,15900000;Error
-6,15800000;Error
-6,15700000;Error
-6,15600000;Error
-6,15500000;Error
-6,15400000;Error
-6,15300000;Error
-6,15200000;Error
-6,15100000;Error
-6,15000000;Error
-6,14900000;Error
-6,14800000;Error
-6,14700000;Error
-6,14600000;Error
-6,14500000;Error
-6,14400000;Error
-6,14300000;Error
-6,14200000;Error
-6,14100000;Error
-6,14000000;Error
-6,13900000;Error
-6,13800000;Error
-6,13700000;Error
-6,13600000;Error
-6,13500000;Error
-6,13400000;Error
-6,13300000;Error
-6,13200000;Error
-6,13100000;Error
-6,13000000;Error
-6,12900000;Error
-6,12800000;Error
-6,12700000;Error
-6,12600000;Error
-6,12500000;Error
-6,12400000;Error
-6,12300000;Error
-6,12200000;Error
-6,12100000;Error
-6,12000000;Error
-6,11900000;Error
-6,11800000;Error
-6,11700000;Error
-6,11600000;Error
-6,11500000;Error
-6,11400000;Error
-6,11300000;Error
-6,11200000;Error
-6,11100000;Error
-6,11000000;Error
-6,10900000;Error
-6,10800000;Error
-6,10700000;Error
-6,10600000;Error
-6,10500000;Error
-6,10400000;Error
-6,10300000;Error
-6,10200000;Error
-6,10100000;Error
-6,10000000;Error
-6,09900000;Error
-6,09800000;Error
-6,09700000;Error
-6,09600000;Error
-6,09500000;Error
-6,09400000;Error
-6,09300000;Error
-6,09200000;Error
-6,09100000;Error
-6,09000000;Error
-6,08900000;Error
-6,08800000;Error
-6,08700000;Error
-6,08600000;Error
-6,08500000;Error
-6,08400000;Error
-6,08300000;Error
-6,08200000;Error
-6,08100000;Error
-6,08000000;Error
-6,07900000;Error
-6,07800000;Error
-6,07700000;Error
-6,07600000;Error
-6,07500000;Error
-6,07400000;Error
-6,07300000;Error
-6,07200000;Error
-6,07100000;Error
-6,07000000;Error
-6,06900000;Error
-6,06800000;Error
-6,06700000;Error
-6,06600000;Error
-6,06500000;Error
-6,06400000;Error
-6,06300000;Error
-6,06200000;Error
-6,06100000;Error
-6,06000000;Error
-6,05900000;Error
-6,05800000;Error
-6,05700000;Error
-6,05600000;Error
-6,05500000;Error
-6,05400000;Error
-6,05300000;Error
-6,05200000;Error
-6,05100000;Error
-6,05000000;Error
-6,04900000;Error
-6,04800000;Error
-6,04700000;Error
-6,04600000;Error
-6,04500000;Error
-6,04400000;Error
-6,04300000;Error
-6,04200000;Error
-6,04100000;Error
-6,04000000;Error
-6,03900000;Error
-6,03800000;Error
-6,03700000;Error
-6,03600000;Error
-6,03500000;Error
-6,03400000;Error
-6,03300000;Error
-6,03200000;Error
-6,03100000;Error
-6,03000000;Error
-6,02900000;Error
-6,02800000;Error
-6,02700000;Error
-6,02600000;Error
-6,02500000;Error
-6,02400000;Error
-6,02300000;Error
-6,02200000;Error
-6,02100000;Error
-6,02000000;Error
-6,01900000;Error
-6,01800000;Error
-6,01700000;Error
-6,01600000;Error
-6,01500000;Error
-6,01400000;Error
-6,01300000;Error
-6,01200000;Error
-6,01100000;Error
-6,01000000;Error
-6,00900000;Error
-6,00800000;Error
-6,00700000;Error
-6,00600000;Error
-6,00500000;Error
-6,00400000;Error
-6,00300000;Error
-6,00200000;Error
-6,00100000;Error
-6,00000000;Error
-5,99900000;Error
-5,99800000;Error
-5,99700000;Error
-5,99600000;Error
-5,99500000;Error
-5,99400000;Error
-5,99300000;Error
-5,99200000;Error
-5,99100000;Error
-5,99000000;Error
-5,98900000;Error
-5,98800000;Error
-5,98700000;Error
-5,98600000;Error
-5,98500000;Error
-5,98400000;Error
-5,98300000;Error
-5,98200000;Error
-5,98100000;Error
-5,98000000;Error
-5,97900000;Error
-5,97800000;Error
-5,97700000;Error
-5,97600000;Error
-5,97500000;Error
-5,97400000;Error
-5,97300000;Error
-5,97200000;Error
-5,97100000;Error
-5,97000000;Error
-5,96900000;Error
-5,96800000;Error
-5,96700000;Error
-5,96600000;Error
-5,96500000;Error
-5,96400000;Error
-5,96300000;Error
-5,96200000;Error
-5,96100000;Error
-5,96000000;Error
-5,95900000;Error
-5,95800000;Error
-5,95700000;Error
-5,95600000;Error
-5,95500000;Error
-5,95400000;Error
-5,95300000;Error
-5,95200000;Error
-5,95100000;Error
-5,95000000;Error
-5,94900000;Error
-5,94800000;Error
-5,94700000;Error
-5,94600000;Error
-5,94500000;Error
-5,94400000;Error
-5,94300000;Error
-5,94200000;Error
-5,94100000;Error
-5,94000000;Error
-5,93900000;Error
-5,93800000;Error
-5,93700000;Error
-5,93600000;Error
-5,93500000;Error
-5,93400000;Error
-5,93300000;Error
-5,93200000;Error
-5,93100000;Error
-5,93000000;Error
-5,92900000;Error
-5,92800000;Error
-5,92700000;Error
-5,92600000;Error
-5,92500000;Error
-5,92400000;Error
-5,92300000;Error
-5,92200000;Error
-5,92100000;Error
-5,92000000;Error
-5,91900000;Error
-5,91800000;Error
-5,91700000;Error
-5,91600000;Error
-5,91500000;Error
-5,91400000;Error
-5,91300000;Error
-5,91200000;Error
-5,91100000;Error
-5,91000000;Error
-5,90900000;Error
-5,90800000;Error
-5,90700000;Error
-5,90600000;Error
-5,90500000;Error
-5,90400000;Error
-5,90300000;Error
-5,90200000;Error
-5,90100000;Error
-5,90000000;Error
-5,89900000;Error
-5,89800000;Error
-5,89700000;Error
-5,89600000;Error
-5,89500000;Error
-5,89400000;Error
-5,89300000;Error
-5,89200000;Error
-5,89100000;Error
-5,89000000;Error
-5,88900000;Error
-5,88800000;Error
-5,88700000;Error
-5,88600000;Error
-5,88500000;Error
-5,88400000;Error
-5,88300000;Error
-5,88200000;Error
-5,88100000;Error
-5,88000000;Error
-5,87900000;Error
-5,87800000;Error
-5,87700000;Error
-5,87600000;Error
-5,87500000;Error
-5,87400000;Error
-5,87300000;Error
-5,87200000;Error
-5,87100000;Error
-5,87000000;Error
-5,86900000;Error
-5,86800000;Error
-5,86700000;Error
-5,86600000;Error
-5,86500000;Error
-5,86400000;Error
-5,86300000;Error
-5,86200000;Error
-5,86100000;Error
-5,86000000;Error
-5,85900000;Error
-5,85800000;Error
-5,85700000;Error
-5,85600000;Error
-5,85500000;Error
-5,85400000;Error
-5,85300000;Error
-5,85200000;Error
-5,85100000;Error
-5,85000000;Error
-5,84900000;Error
-5,84800000;Error
-5,84700000;Error
-5,84600000;Error
-5,84500000;Error
-5,84400000;Error
-5,84300000;Error
-5,84200000;Error
-5,84100000;Error
-5,84000000;Error
-5,83900000;Error
-5,83800000;Error
-5,83700000;Error
-5,83600000;Error
-5,83500000;Error
-5,83400000;Error
-5,83300000;Error
-5,83200000;Error
-5,83100000;Error
-5,83000000;Error
-5,82900000;Error
-5,82800000;Error
-5,82700000;Error
-5,82600000;Error
-5,82500000;Error
-5,82400000;Error
-5,82300000;Error
-5,82200000;Error
-5,82100000;Error
-5,82000000;Error
-5,81900000;Error
-5,81800000;Error
-5,81700000;Error
-5,81600000;Error
-5,81500000;Error
-5,81400000;Error
-5,81300000;Error
-5,81200000;Error
-5,81100000;Error
-5,81000000;Error
-5,80900000;Error
-5,80800000;Error
-5,80700000;Error
-5,80600000;Error
-5,80500000;Error
-5,80400000;Error
-5,80300000;Error
-5,80200000;Error
-5,80100000;Error
-5,80000000;Error
-5,79900000;Error
-5,79800000;Error
-5,79700000;Error
-5,79600000;Error
-5,79500000;Error
-5,79400000;Error
-5,79300000;Error
-5,79200000;Error
-5,79100000;Error
-5,79000000;Error
-5,78900000;Error
-5,78800000;Error
-5,78700000;Error
-5,78600000;Error
-5,78500000;Error
-5,78400000;Error
-5,78300000;Error
-5,78200000;Error
-5,78100000;Error
-5,78000000;Error
-5,77900000;Error
-5,77800000;Error
-5,77700000;Error
-5,77600000;Error
-5,77500000;Error
-5,77400000;Error
-5,77300000;Error
-5,77200000;Error
-5,77100000;Error
-5,77000000;Error
-5,76900000;Error
-5,76800000;Error
-5,76700000;Error
-5,76600000;Error
-5,76500000;Error
-5,76400000;Error
-5,76300000;Error
-5,76200000;Error
-5,76100000;Error
-5,76000000;Error
-5,75900000;Error
-5,75800000;Error
-5,75700000;Error
-5,75600000;Error
-5,75500000;Error
-5,75400000;Error
-5,75300000;Error
-5,75200000;Error
-5,75100000;Error
-5,75000000;Error
-5,74900000;Error
-5,74800000;Error
-5,74700000;Error
-5,74600000;Error
-5,74500000;Error
-5,74400000;Error
-5,74300000;Error
-5,74200000;Error
-5,74100000;Error
-5,74000000;Error
-5,73900000;Error
-5,73800000;Error
-5,73700000;Error
-5,73600000;Error
-5,73500000;Error
-5,73400000;Error
-5,73300000;Error
-5,73200000;Error
-5,73100000;Error
-5,73000000;Error
-5,72900000;Error
-5,72800000;Error
-5,72700000;Error
-5,72600000;Error
-5,72500000;Error
-5,72400000;Error
-5,72300000;Error
-5,72200000;Error
-5,72100000;Error
-5,72000000;Error
-5,71900000;Error
-5,71800000;Error
-5,71700000;Error
-5,71600000;Error
-5,71500000;Error
-5,71400000;Error
-5,71300000;Error
-5,71200000;Error
-5,71100000;Error
-5,71000000;Error
-5,70900000;Error
-5,70800000;Error
-5,70700000;Error
-5,70600000;Error
-5,70500000;Error
-5,70400000;Error
-5,70300000;Error
-5,70200000;Error
-5,70100000;Error
-5,70000000;Error
-5,69900000;Error
-5,69800000;Error
-5,69700000;Error
-5,69600000;Error
-5,69500000;Error
-5,69400000;Error
-5,69300000;Error
-5,69200000;Error
-5,69100000;Error
-5,69000000;Error
-5,68900000;Error
-5,68800000;Error
-5,68700000;Error
-5,68600000;Error
-5,68500000;Error
-5,68400000;Error
-5,68300000;Error
-5,68200000;Error
-5,68100000;Error
-5,68000000;Error
-5,67900000;Error
-5,67800000;Error
-5,67700000;Error
-5,67600000;Error
-5,67500000;Error
-5,67400000;Error
-5,67300000;Error
-5,67200000;Error
-5,67100000;Error
-5,67000000;Error
-5,66900000;Error
-5,66800000;Error
-5,66700000;Error
-5,66600000;Error
-5,66500000;Error
-5,66400000;Error
-5,66300000;Error
-5,66200000;Error
-5,66100000;Error
-5,66000000;Error
-5,65900000;Error
-5,65800000;Error
-5,65700000;Error
-5,65600000;Error
-5,65500000;Error
-5,65400000;Error
-5,65300000;Error
-5,65200000;Error
-5,65100000;Error
-5,65000000;Error
-5,64900000;Error
-5,64800000;Error
-5,64700000;Error
-5,64600000;Error
-5,64500000;Error
-5,64400000;Error
-5,64300000;Error
-5,64200000;Error
-5,64100000;Error
-5,64000000;Error
-5,63900000;Error
-5,63800000;Error
-5,63700000;Error
-5,63600000;Error
-5,63500000;Error
-5,63400000;Error
-5,63300000;Error
-5,63200000;Error
-5,63100000;Error
-5,63000000;Error
-5,62900000;Error
-5,62800000;Error
-5,62700000;Error
-5,62600000;Error
-5,62500000;Error
-5,62400000;Error
-5,62300000;Error
-5,62200000;Error
-5,62100000;Error
-5,62000000;Error
-5,61900000;Error
-5,61800000;Error
-5,61700000;Error
-5,61600000;Error
-5,61500000;Error
-5,61400000;Error
-5,61300000;Error
-5,61200000;Error
-5,61100000;Error
-5,61000000;Error
-5,60900000;Error
-5,60800000;Error
-5,60700000;Error
-5,60600000;Error
-5,60500000;Error
-5,60400000;Error
-5,60300000;Error
-5,60200000;Error
-5,60100000;Error
-5,60000000;Error
-5,59900000;Error
-5,59800000;Error
-5,59700000;Error
-5,59600000;Error
-5,59500000;Error
-5,59400000;Error
-5,59300000;Error
-5,59200000;Error
-5,59100000;Error
-5,59000000;Error
-5,58900000;Error
-5,58800000;Error
-5,58700000;Error
-5,58600000;Error
-5,58500000;Error
-5,58400000;Error
-5,58300000;Error
-5,58200000;Error
-5,58100000;Error
-5,58000000;Error
-5,57900000;Error
-5,57800000;Error
-5,57700000;Error
-5,57600000;Error
-5,57500000;Error
-5,57400000;Error
-5,57300000;Error
-5,57200000;Error
-5,57100000;Error
-5,57000000;Error
-5,56900000;Error
-5,56800000;Error
-5,56700000;Error
-5,56600000;Error
-5,56500000;Error
-5,56400000;Error
-5,56300000;Error
-5,56200000;Error
-5,56100000;Error
-5,56000000;Error
-5,55900000;Error
-5,55800000;Error
-5,55700000;Error
-5,55600000;Error
-5,55500000;Error
-5,55400000;Error
-5,55300000;Error
-5,55200000;Error
-5,55100000;Error
-5,55000000;Error
-5,54900000;Error
-5,54800000;Error
-5,54700000;Error
-5,54600000;Error
-5,54500000;Error
-5,54400000;Error
-5,54300000;Error
-5,54200000;Error
-5,54100000;Error
-5,54000000;Error
-5,53900000;Error
-5,53800000;Error
-5,53700000;Error
-5,53600000;Error
-5,53500000;Error
-5,53400000;Error
-5,53300000;Error
-5,53200000;Error
-5,53100000;Error
-5,53000000;Error
-5,52900000;Error
-5,52800000;Error
-5,52700000;Error
-5,52600000;Error
-5,52500000;Error
-5,52400000;Error
-5,52300000;Error
-5,52200000;Error
-5,52100000;Error
-5,52000000;Error
-5,51900000;Error
-5,51800000;Error
-5,51700000;Error
-5,51600000;Error
-5,51500000;Error
-5,51400000;Error
-5,51300000;Error
-5,51200000;Error
-5,51100000;Error
-5,51000000;Error
-5,50900000;Error
-5,50800000;Error
-5,50700000;Error
-5,50600000;Error
-5,50500000;Error
-5,50400000;Error
-5,50300000;Error
-5,50200000;Error
-5,50100000;Error
-5,50000000;Error
-5,49900000;Error
-5,49800000;Error
-5,49700000;Error
-5,49600000;Error
-5,49500000;Error
-5,49400000;Error
-5,49300000;Error
-5,49200000;Error
-5,49100000;Error
-5,49000000;Error
-5,48900000;Error
-5,48800000;Error
-5,48700000;Error
-5,48600000;Error
-5,48500000;Error
-5,48400000;Error
-5,48300000;Error
-5,48200000;Error
-5,48100000;Error
-5,48000000;Error
-5,47900000;Error
-5,47800000;Error
-5,47700000;Error
-5,47600000;Error
-5,47500000;Error
-5,47400000;Error
-5,47300000;Error
-5,47200000;Error
-5,47100000;Error
-5,47000000;Error
-5,46900000;Error
-5,46800000;Error
-5,46700000;Error
-5,46600000;Error
-5,46500000;Error
-5,46400000;Error
-5,46300000;Error
-5,46200000;Error
-5,46100000;Error
-5,46000000;Error
-5,45900000;Error
-5,45800000;Error
-5,45700000;Error
-5,45600000;Error
-5,45500000;Error
-5,45400000;Error
-5,45300000;Error
-5,45200000;Error
-5,45100000;Error
-5,45000000;Error
-5,44900000;Error
-5,44800000;Error
-5,44700000;Error
-5,44600000;Error
-5,44500000;Error
-5,44400000;Error
-5,44300000;Error
-5,44200000;Error
-5,44100000;Error
-5,44000000;Error
-5,43900000;Error
-5,43800000;Error
-5,43700000;Error
-5,43600000;Error
-5,43500000;Error
-5,43400000;Error
-5,43300000;Error
-5,43200000;Error
-5,43100000;Error
-5,43000000;Error
-5,42900000;Error
-5,42800000;Error
-5,42700000;Error
-5,42600000;Error
-5,42500000;Error
-5,42400000;Error
-5,42300000;Error
-5,42200000;Error
-5,42100000;Error
-5,42000000;Error
-5,41900000;Error
-5,41800000;Error
-5,41700000;Error
-5,41600000;Error
-5,41500000;Error
-5,41400000;Error
-5,41300000;Error
-5,41200000;Error
-5,41100000;Error
-5,41000000;Error
-5,40900000;Error
-5,40800000;Error
-5,40700000;Error
-5,40600000;Error
-5,40500000;Error
-5,40400000;Error
-5,40300000;Error
-5,40200000;Error
-5,40100000;Error
-5,40000000;Error
-5,39900000;Error
-5,39800000;Error
-5,39700000;Error
-5,39600000;Error
-5,39500000;Error
-5,39400000;Error
-5,39300000;Error
-5,39200000;Error
-5,39100000;Error
-5,39000000;Error
-5,38900000;Error
-5,38800000;Error
-5,38700000;Error
-5,38600000;Error
-5,38500000;Error
-5,38400000;Error
-5,38300000;Error
-5,38200000;Error
-5,38100000;Error
-5,38000000;Error
-5,37900000;Error
-5,37800000;Error
-5,37700000;Error
-5,37600000;Error
-5,37500000;Error
-5,37400000;Error
-5,37300000;Error
-5,37200000;Error
-5,37100000;Error
-5,37000000;Error
-5,36900000;Error
-5,36800000;Error
-5,36700000;Error
-5,36600000;Error
-5,36500000;Error
-5,36400000;Error
-5,36300000;Error
-5,36200000;Error
-5,36100000;Error
-5,36000000;Error
-5,35900000;Error
-5,35800000;Error
-5,35700000;Error
-5,35600000;Error
-5,35500000;Error
-5,35400000;Error
-5,35300000;Error
-5,35200000;Error
-5,35100000;Error
-5,35000000;Error
-5,34900000;Error
-5,34800000;Error
-5,34700000;Error
-5,34600000;Error
-5,34500000;Error
-5,34400000;Error
-5,34300000;Error
-5,34200000;Error
-5,34100000;Error
-5,34000000;Error
-5,33900000;Error
-5,33800000;Error
-5,33700000;Error
-5,33600000;Error
-5,33500000;Error
-5,33400000;Error
-5,33300000;Error
-5,33200000;Error
-5,33100000;Error
-5,33000000;Error
-5,32900000;Error
-5,32800000;Error
-5,32700000;Error
-5,32600000;Error
-5,32500000;Error
-5,32400000;Error
-5,32300000;Error
-5,32200000;Error
-5,32100000;Error
-5,32000000;Error
-5,31900000;Error
-5,31800000;Error
-5,31700000;Error
-5,31600000;Error
-5,31500000;Error
-5,31400000;Error
-5,31300000;Error
-5,31200000;Error
-5,31100000;Error
-5,31000000;Error
-5,30900000;Error
-5,30800000;Error
-5,30700000;Error
-5,30600000;Error
-5,30500000;Error
-5,30400000;Error
-5,30300000;Error
-5,30200000;Error
-5,30100000;Error
-5,30000000;Error
-5,29900000;Error
-5,29800000;Error
-5,29700000;Error
-5,29600000;Error
-5,29500000;Error
-5,29400000;Error
-5,29300000;Error
-5,29200000;Error
-5,29100000;Error
-5,29000000;Error
-5,28900000;Error
-5,28800000;Error
-5,28700000;Error
-5,28600000;Error
-5,28500000;Error
-5,28400000;Error
-5,28300000;Error
-5,28200000;Error
-5,28100000;Error
-5,28000000;Error
-5,27900000;Error
-5,27800000;Error
-5,27700000;Error
-5,27600000;Error
-5,27500000;Error
-5,27400000;Error
-5,27300000;Error
-5,27200000;Error
-5,27100000;Error
-5,27000000;Error
-5,26900000;Error
-5,26800000;Error
-5,26700000;Error
-5,26600000;Error
-5,26500000;Error
-5,26400000;Error
-5,26300000;Error
-5,26200000;Error
-5,26100000;Error
-5,26000000;Error
-5,25900000;Error
-5,25800000;Error
-5,25700000;Error
-5,25600000;Error
-5,25500000;Error
-5,25400000;Error
-5,25300000;Error
-5,25200000;Error
-5,25100000;Error
-5,25000000;Error
-5,24900000;Error
-5,24800000;Error
-5,24700000;Error
-5,24600000;Error
-5,24500000;Error
-5,24400000;Error
-5,24300000;Error
-5,24200000;Error
-5,24100000;Error
-5,24000000;Error
-5,23900000;Error
-5,23800000;Error
-5,23700000;Error
-5,23600000;Error
-5,23500000;Error
-5,23400000;Error
-5,23300000;Error
-5,23200000;Error
-5,23100000;Error
-5,23000000;Error
-5,22900000;Error
-5,22800000;Error
-5,22700000;Error
-5,22600000;Error
-5,22500000;Error
-5,22400000;Error
-5,22300000;Error
-5,22200000;Error
-5,22100000;Error
-5,22000000;Error
-5,21900000;Error
-5,21800000;Error
-5,21700000;Error
-5,21600000;Error
-5,21500000;Error
-5,21400000;Error
-5,21300000;Error
-5,21200000;Error
-5,21100000;Error
-5,21000000;Error
-5,20900000;Error
-5,20800000;Error
-5,20700000;Error
-5,20600000;Error
-5,20500000;Error
-5,20400000;Error
-5,20300000;Error
-5,20200000;Error
-5,20100000;Error
-5,20000000;Error
-5,19900000;Error
-5,19800000;Error
-5,19700000;Error
-5,19600000;Error
-5,19500000;Error
-5,19400000;Error
-5,19300000;Error
-5,19200000;Error
-5,19100000;Error
-5,19000000;Error
-5,18900000;Error
-5,18800000;Error
-5,18700000;Error
-5,18600000;Error
-5,18500000;Error
-5,18400000;Error
-5,18300000;Error
-5,18200000;Error
-5,18100000;Error
-5,18000000;Error
-5,17900000;Error
-5,17800000;Error
-5,17700000;Error
-5,17600000;Error
-5,17500000;Error
-5,17400000;Error
-5,17300000;Error
-5,17200000;Error
-5,17100000;Error
-5,17000000;Error
-5,16900000;Error
-5,16800000;Error
-5,16700000;Error
-5,16600000;Error
-5,16500000;Error
-5,16400000;Error
-5,16300000;Error
-5,16200000;Error
-5,16100000;Error
-5,16000000;Error
-5,15900000;Error
-5,15800000;Error
-5,15700000;Error
-5,15600000;Error
-5,15500000;Error
-5,15400000;Error
-5,15300000;Error
-5,15200000;Error
-5,15100000;Error
-5,15000000;Error
-5,14900000;Error
-5,14800000;Error
-5,14700000;Error
-5,14600000;Error
-5,14500000;Error
-5,14400000;Error
-5,14300000;Error
-5,14200000;Error
-5,14100000;Error
-5,14000000;Error
-5,13900000;Error
-5,13800000;Error
-5,13700000;Error
-5,13600000;Error
-5,13500000;Error
-5,13400000;Error
-5,13300000;Error
-5,13200000;Error
-5,13100000;Error
-5,13000000;Error
-5,12900000;Error
-5,12800000;Error
-5,12700000;Error
-5,12600000;Error
-5,12500000;Error
-5,12400000;Error
-5,12300000;Error
-5,12200000;Error
-5,12100000;Error
-5,12000000;Error
-5,11900000;Error
-5,11800000;Error
-5,11700000;Error
-5,11600000;Error
-5,11500000;Error
-5,11400000;Error
-5,11300000;Error
-5,11200000;Error
-5,11100000;Error
-5,11000000;Error
-5,10900000;Error
-5,10800000;Error
-5,10700000;Error
-5,10600000;Error
-5,10500000;Error
-5,10400000;Error
-5,10300000;Error
-5,10200000;Error
-5,10100000;Error
-5,10000000;Error
-5,09900000;Error
-5,09800000;Error
-5,09700000;Error
-5,09600000;Error
-5,09500000;Error
-5,09400000;Error
-5,09300000;Error
-5,09200000;Error
-5,09100000;Error
-5,09000000;Error
-5,08900000;Error
-5,08800000;Error
-5,08700000;Error
-5,08600000;Error
-5,08500000;Error
-5,08400000;Error
-5,08300000;Error
-5,08200000;Error
-5,08100000;Error
-5,08000000;Error
-5,07900000;Error
-5,07800000;Error
-5,07700000;Error
-5,07600000;Error
-5,07500000;Error
-5,07400000;Error
-5,07300000;Error
-5,07200000;Error
-5,07100000;Error
-5,07000000;Error
-5,06900000;Error
-5,06800000;Error
-5,06700000;Error
-5,06600000;Error
-5,06500000;Error
-5,06400000;Error
-5,06300000;Error
-5,06200000;Error
-5,06100000;Error
-5,06000000;Error
-5,05900000;Error
-5,05800000;Error
-5,05700000;Error
-5,05600000;Error
-5,05500000;Error
-5,05400000;Error
-5,05300000;Error
-5,05200000;Error
-5,05100000;Error
-5,05000000;Error
-5,04900000;Error
-5,04800000;Error
-5,04700000;Error
-5,04600000;Error
-5,04500000;Error
-5,04400000;Error
-5,04300000;Error
-5,04200000;Error
-5,04100000;Error
-5,04000000;Error
-5,03900000;Error
-5,03800000;Error
-5,03700000;Error
-5,03600000;Error
-5,03500000;Error
-5,03400000;Error
-5,03300000;Error
-5,03200000;Error
-5,03100000;Error
-5,03000000;Error
-5,02900000;Error
-5,02800000;Error
-5,02700000;Error
-5,02600000;Error
-5,02500000;Error
-5,02400000;Error
-5,02300000;Error
-5,02200000;Error
-5,02100000;Error
-5,02000000;Error
-5,01900000;Error
-5,01800000;Error
-5,01700000;Error
-5,01600000;Error
-5,01500000;Error
-5,01400000;Error
-5,01300000;Error
-5,01200000;Error
-5,01100000;Error
-5,01000000;Error
-5,00900000;Error
-5,00800000;Error
-5,00700000;Error
-5,00600000;Error
-5,00500000;Error
-5,00400000;Error
-5,00300000;Error
-5,00200000;Error
-5,00100000;Error
-5,00000000;Error
-4,99900000;Error
-4,99800000;Error
-4,99700000;Error
-4,99600000;Error
-4,99500000;Error
-4,99400000;Error
-4,99300000;Error
-4,99200000;Error
-4,99100000;Error
-4,99000000;Error
-4,98900000;Error
-4,98800000;Error
-4,98700000;Error
-4,98600000;Error
-4,98500000;Error
-4,98400000;Error
-4,98300000;Error
-4,98200000;Error
-4,98100000;Error
-4,98000000;Error
-4,97900000;Error
-4,97800000;Error
-4,97700000;Error
-4,97600000;Error
-4,97500000;Error
-4,97400000;Error
-4,97300000;Error
-4,97200000;Error
-4,97100000;Error
-4,97000000;Error
-4,96900000;Error
-4,96800000;Error
-4,96700000;Error
-4,96600000;Error
-4,96500000;Error
-4,96400000;Error
-4,96300000;Error
-4,96200000;Error
-4,96100000;Error
-4,96000000;Error
-4,95900000;Error
-4,95800000;Error
-4,95700000;Error
-4,95600000;Error
-4,95500000;Error
-4,95400000;Error
-4,95300000;Error
-4,95200000;Error
-4,95100000;Error
-4,95000000;Error
-4,94900000;Error
-4,94800000;Error
-4,94700000;Error
-4,94600000;Error
-4,94500000;Error
-4,94400000;Error
-4,94300000;Error
-4,94200000;Error
-4,94100000;Error
-4,94000000;Error
-4,93900000;Error
-4,93800000;Error
-4,93700000;Error
-4,93600000;Error
-4,93500000;Error
-4,93400000;Error
-4,93300000;Error
-4,93200000;Error
-4,93100000;Error
-4,93000000;Error
-4,92900000;Error
-4,92800000;Error
-4,92700000;Error
-4,92600000;Error
-4,92500000;Error
-4,92400000;Error
-4,92300000;Error
-4,92200000;Error
-4,92100000;Error
-4,92000000;Error
-4,91900000;Error
-4,91800000;Error
-4,91700000;Error
-4,91600000;Error
-4,91500000;Error
-4,91400000;Error
-4,91300000;Error
-4,91200000;Error
-4,91100000;Error
-4,91000000;Error
-4,90900000;Error
-4,90800000;Error
-4,90700000;Error
-4,90600000;Error
-4,90500000;Error
-4,90400000;Error
-4,90300000;Error
-4,90200000;Error
-4,90100000;Error
-4,90000000;Error
-4,89900000;Error
-4,89800000;Error
-4,89700000;Error
-4,89600000;Error
-4,89500000;Error
-4,89400000;Error
-4,89300000;Error
-4,89200000;Error
-4,89100000;Error
-4,89000000;Error
-4,88900000;Error
-4,88800000;Error
-4,88700000;Error
-4,88600000;Error
-4,88500000;Error
-4,88400000;Error
-4,88300000;Error
-4,88200000;Error
-4,88100000;Error
-4,88000000;Error
-4,87900000;Error
-4,87800000;Error
-4,87700000;Error
-4,87600000;Error
-4,87500000;Error
-4,87400000;Error
-4,87300000;Error
-4,87200000;Error
-4,87100000;Error
-4,87000000;Error
-4,86900000;Error
-4,86800000;Error
-4,86700000;Error
-4,86600000;Error
-4,86500000;Error
-4,86400000;Error
-4,86300000;Error
-4,86200000;Error
-4,86100000;Error
-4,86000000;Error
-4,85900000;Error
-4,85800000;Error
-4,85700000;Error
-4,85600000;Error
-4,85500000;Error
-4,85400000;Error
-4,85300000;Error
-4,85200000;Error
-4,85100000;Error
-4,85000000;Error
-4,84900000;Error
-4,84800000;Error
-4,84700000;Error
-4,84600000;Error
-4,84500000;Error
-4,84400000;Error
-4,84300000;Error
-4,84200000;Error
-4,84100000;Error
-4,84000000;Error
-4,83900000;Error
-4,83800000;Error
-4,83700000;Error
-4,83600000;Error
-4,83500000;Error
-4,83400000;Error
-4,83300000;Error
-4,83200000;Error
-4,83100000;Error
-4,83000000;Error
-4,82900000;Error
-4,82800000;Error
-4,82700000;Error
-4,82600000;Error
-4,82500000;Error
-4,82400000;Error
-4,82300000;Error
-4,82200000;Error
-4,82100000;Error
-4,82000000;Error
-4,81900000;Error
-4,81800000;Error
-4,81700000;Error
-4,81600000;Error
-4,81500000;Error
-4,81400000;Error
-4,81300000;Error
-4,81200000;Error
-4,81100000;Error
-4,81000000;Error
-4,80900000;Error
-4,80800000;Error
-4,80700000;Error
-4,80600000;Error
-4,80500000;Error
-4,80400000;Error
-4,80300000;Error
-4,80200000;Error
-4,80100000;Error
-4,80000000;Error
-4,79900000;Error
-4,79800000;Error
-4,79700000;Error
-4,79600000;Error
-4,79500000;Error
-4,79400000;Error
-4,79300000;Error
-4,79200000;Error
-4,79100000;Error
-4,79000000;Error
-4,78900000;Error
-4,78800000;Error
-4,78700000;Error
-4,78600000;Error
-4,78500000;Error
-4,78400000;Error
-4,78300000;Error
-4,78200000;Error
-4,78100000;Error
-4,78000000;Error
-4,77900000;Error
-4,77800000;Error
-4,77700000;Error
-4,77600000;Error
-4,77500000;Error
-4,77400000;Error
-4,77300000;Error
-4,77200000;Error
-4,77100000;Error
-4,77000000;Error
-4,76900000;Error
-4,76800000;Error
-4,76700000;Error
-4,76600000;Error
-4,76500000;Error
-4,76400000;Error
-4,76300000;Error
-4,76200000;Error
-4,76100000;Error
-4,76000000;Error
-4,75900000;Error
-4,75800000;Error
-4,75700000;Error
-4,75600000;Error
-4,75500000;Error
-4,75400000;Error
-4,75300000;Error
-4,75200000;Error
-4,75100000;Error
-4,75000000;Error
-4,74900000;Error
-4,74800000;Error
-4,74700000;Error
-4,74600000;Error
-4,74500000;Error
-4,74400000;Error
-4,74300000;Error
-4,74200000;Error
-4,74100000;Error
-4,74000000;Error
-4,73900000;Error
-4,73800000;Error
-4,73700000;Error
-4,73600000;Error
-4,73500000;Error
-4,73400000;Error
-4,73300000;Error
-4,73200000;Error
-4,73100000;Error
-4,73000000;Error
-4,72900000;Error
-4,72800000;Error
-4,72700000;Error
-4,72600000;Error
-4,72500000;Error
-4,72400000;Error
-4,72300000;Error
-4,72200000;Error
-4,72100000;Error
-4,72000000;Error
-4,71900000;Error
-4,71800000;Error
-4,71700000;Error
-4,71600000;Error
-4,71500000;Error
-4,71400000;Error
-4,71300000;Error
-4,71200000;Error
-4,71100000;Error
-4,71000000;Error
-4,70900000;Error
-4,70800000;Error
-4,70700000;Error
-4,70600000;Error
-4,70500000;Error
-4,70400000;Error
-4,70300000;Error
-4,70200000;Error
-4,70100000;Error
-4,70000000;Error
-4,69900000;Error
-4,69800000;Error
-4,69700000;Error
-4,69600000;Error
-4,69500000;Error
-4,69400000;Error
-4,69300000;Error
-4,69200000;Error
-4,69100000;Error
-4,69000000;Error
-4,68900000;Error
-4,68800000;Error
-4,68700000;Error
-4,68600000;Error
-4,68500000;Error
-4,68400000;Error
-4,68300000;Error
-4,68200000;Error
-4,68100000;Error
-4,68000000;Error
-4,67900000;Error
-4,67800000;Error
-4,67700000;Error
-4,67600000;Error
-4,67500000;Error
-4,67400000;Error
-4,67300000;Error
-4,67200000;Error
-4,67100000;Error
-4,67000000;Error
-4,66900000;Error
-4,66800000;Error
-4,66700000;Error
-4,66600000;Error
-4,66500000;Error
-4,66400000;Error
-4,66300000;Error
-4,66200000;Error
-4,66100000;Error
-4,66000000;Error
-4,65900000;Error
-4,65800000;Error
-4,65700000;Error
-4,65600000;Error
-4,65500000;Error
-4,65400000;Error
-4,65300000;Error
-4,65200000;Error
-4,65100000;Error
-4,65000000;Error
-4,64900000;Error
-4,64800000;Error
-4,64700000;Error
-4,64600000;Error
-4,64500000;Error
-4,64400000;Error
-4,64300000;Error
-4,64200000;Error
-4,64100000;Error
-4,64000000;Error
-4,63900000;Error
-4,63800000;Error
-4,63700000;Error
-4,63600000;Error
-4,63500000;Error
-4,63400000;Error
-4,63300000;Error
-4,63200000;Error
-4,63100000;Error
-4,63000000;Error
-4,62900000;Error
-4,62800000;Error
-4,62700000;Error
-4,62600000;Error
-4,62500000;Error
-4,62400000;Error
-4,62300000;Error
-4,62200000;Error
-4,62100000;Error
-4,62000000;Error
-4,61900000;Error
-4,61800000;Error
-4,61700000;Error
-4,61600000;Error
-4,61500000;Error
-4,61400000;Error
-4,61300000;Error
-4,61200000;Error
-4,61100000;Error
-4,61000000;Error
-4,60900000;Error
-4,60800000;Error
-4,60700000;Error
-4,60600000;Error
-4,60500000;Error
-4,60400000;Error
-4,60300000;Error
-4,60200000;Error
-4,60100000;Error
-4,60000000;Error
-4,59900000;Error
-4,59800000;Error
-4,59700000;Error
-4,59600000;Error
-4,59500000;Error
-4,59400000;Error
-4,59300000;Error
-4,59200000;Error
-4,59100000;Error
-4,59000000;Error
-4,58900000;Error
-4,58800000;Error
-4,58700000;Error
-4,58600000;Error
-4,58500000;Error
-4,58400000;Error
-4,58300000;Error
-4,58200000;Error
-4,58100000;Error
-4,58000000;Error
-4,57900000;Error
-4,57800000;Error
-4,57700000;Error
-4,57600000;Error
-4,57500000;Error
-4,57400000;Error
-4,57300000;Error
-4,57200000;Error
-4,57100000;Error
-4,57000000;Error
-4,56900000;Error
-4,56800000;Error
-4,56700000;Error
-4,56600000;Error
-4,56500000;Error
-4,56400000;Error
-4,56300000;Error
-4,56200000;Error
-4,56100000;Error
-4,56000000;Error
-4,55900000;Error
-4,55800000;Error
-4,55700000;Error
-4,55600000;Error
-4,55500000;Error
-4,55400000;Error
-4,55300000;Error
-4,55200000;Error
-4,55100000;Error
-4,55000000;Error
-4,54900000;Error
-4,54800000;Error
-4,54700000;Error
-4,54600000;Error
-4,54500000;Error
-4,54400000;Error
-4,54300000;Error
-4,54200000;Error
-4,54100000;Error
-4,54000000;Error
-4,53900000;Error
-4,53800000;Error
-4,53700000;Error
-4,53600000;Error
-4,53500000;Error
-4,53400000;Error
-4,53300000;Error
-4,53200000;Error
-4,53100000;Error
-4,53000000;Error
-4,52900000;Error
-4,52800000;Error
-4,52700000;Error
-4,52600000;Error
-4,52500000;Error
-4,52400000;Error
-4,52300000;Error
-4,52200000;Error
-4,52100000;Error
-4,52000000;Error
-4,51900000;Error
-4,51800000;Error
-4,51700000;Error
-4,51600000;Error
-4,51500000;Error
-4,51400000;Error
-4,51300000;Error
-4,51200000;Error
-4,51100000;Error
-4,51000000;Error
-4,50900000;Error
-4,50800000;Error
-4,50700000;Error
-4,50600000;Error
-4,50500000;Error
-4,50400000;Error
-4,50300000;Error
-4,50200000;Error
-4,50100000;Error
-4,50000000;Error
-4,49900000;Error
-4,49800000;Error
-4,49700000;Error
-4,49600000;Error
-4,49500000;Error
-4,49400000;Error
-4,49300000;Error
-4,49200000;Error
-4,49100000;Error
-4,49000000;Error
-4,48900000;Error
-4,48800000;Error
-4,48700000;Error
-4,48600000;Error
-4,48500000;Error
-4,48400000;Error
-4,48300000;Error
-4,48200000;Error
-4,48100000;Error
-4,48000000;Error
-4,47900000;Error
-4,47800000;Error
-4,47700000;Error
-4,47600000;Error
-4,47500000;Error
-4,47400000;Error
-4,47300000;Error
-4,47200000;Error
-4,47100000;Error
-4,47000000;Error
-4,46900000;Error
-4,46800000;Error
-4,46700000;Error
-4,46600000;Error
-4,46500000;Error
-4,46400000;Error
-4,46300000;Error
-4,46200000;Error
-4,46100000;Error
-4,46000000;Error
-4,45900000;Error
-4,45800000;Error
-4,45700000;Error
-4,45600000;Error
-4,45500000;Error
-4,45400000;Error
-4,45300000;Error
-4,45200000;Error
-4,45100000;Error
-4,45000000;Error
-4,44900000;Error
-4,44800000;Error
-4,44700000;Error
-4,44600000;Error
-4,44500000;Error
-4,44400000;Error
-4,44300000;Error
-4,44200000;Error
-4,44100000;Error
-4,44000000;Error
-4,43900000;Error
-4,43800000;Error
-4,43700000;Error
-4,43600000;Error
-4,43500000;Error
-4,43400000;Error
-4,43300000;Error
-4,43200000;Error
-4,43100000;Error
-4,43000000;Error
-4,42900000;Error
-4,42800000;Error
-4,42700000;Error
-4,42600000;Error
-4,42500000;Error
-4,42400000;Error
-4,42300000;Error
-4,42200000;Error
-4,42100000;Error
-4,42000000;Error
-4,41900000;Error
-4,41800000;Error
-4,41700000;Error
-4,41600000;Error
-4,41500000;Error
-4,41400000;Error
-4,41300000;Error
-4,41200000;Error
-4,41100000;Error
-4,41000000;Error
-4,40900000;Error
-4,40800000;Error
-4,40700000;Error
-4,40600000;Error
-4,40500000;Error
-4,40400000;Error
-4,40300000;Error
-4,40200000;Error
-4,40100000;Error
-4,40000000;Error
-4,39900000;Error
-4,39800000;Error
-4,39700000;Error
-4,39600000;Error
-4,39500000;Error
-4,39400000;Error
-4,39300000;Error
-4,39200000;Error
-4,39100000;Error
-4,39000000;Error
-4,38900000;Error
-4,38800000;Error
-4,38700000;Error
-4,38600000;Error
-4,38500000;Error
-4,38400000;Error
-4,38300000;Error
-4,38200000;Error
-4,38100000;Error
-4,38000000;Error
-4,37900000;Error
-4,37800000;Error
-4,37700000;Error
-4,37600000;Error
-4,37500000;Error
-4,37400000;Error
-4,37300000;Error
-4,37200000;Error
-4,37100000;Error
-4,37000000;Error
-4,36900000;Error
-4,36800000;Error
-4,36700000;Error
-4,36600000;Error
-4,36500000;Error
-4,36400000;Error
-4,36300000;Error
-4,36200000;Error
-4,36100000;Error
-4,36000000;Error
-4,35900000;Error
-4,35800000;Error
-4,35700000;Error
-4,35600000;Error
-4,35500000;Error
-4,35400000;Error
-4,35300000;Error
-4,35200000;Error
-4,35100000;Error
-4,35000000;Error
-4,34900000;Error
-4,34800000;Error
-4,34700000;Error
-4,34600000;Error
-4,34500000;Error
-4,34400000;Error
-4,34300000;Error
-4,34200000;Error
-4,34100000;Error
-4,34000000;Error
-4,33900000;Error
-4,33800000;Error
-4,33700000;Error
-4,33600000;Error
-4,33500000;Error
-4,33400000;Error
-4,33300000;Error
-4,33200000;Error
-4,33100000;Error
-4,33000000;Error
-4,32900000;Error
-4,32800000;Error
-4,32700000;Error
-4,32600000;Error
-4,32500000;Error
-4,32400000;Error
-4,32300000;Error
-4,32200000;Error
-4,32100000;Error
-4,32000000;Error
-4,31900000;Error
-4,31800000;Error
-4,31700000;Error
-4,31600000;Error
-4,31500000;Error
-4,31400000;Error
-4,31300000;Error
-4,31200000;Error
-4,31100000;Error
-4,31000000;Error
-4,30900000;Error
-4,30800000;Error
-4,30700000;Error
-4,30600000;Error
-4,30500000;Error
-4,30400000;Error
-4,30300000;Error
-4,30200000;Error
-4,30100000;Error
-4,30000000;Error
-4,29900000;Error
-4,29800000;Error
-4,29700000;Error
-4,29600000;Error
-4,29500000;Error
-4,29400000;Error
-4,29300000;Error
-4,29200000;Error
-4,29100000;Error
-4,29000000;Error
-4,28900000;Error
-4,28800000;Error
-4,28700000;Error
-4,28600000;Error
-4,28500000;Error
-4,28400000;Error
-4,28300000;Error
-4,28200000;Error
-4,28100000;Error
-4,28000000;Error
-4,27900000;Error
-4,27800000;Error
-4,27700000;Error
-4,27600000;Error
-4,27500000;Error
-4,27400000;Error
-4,27300000;Error
-4,27200000;Error
-4,27100000;Error
-4,27000000;Error
-4,26900000;Error
-4,26800000;Error
-4,26700000;Error
-4,26600000;Error
-4,26500000;Error
-4,26400000;Error
-4,26300000;Error
-4,26200000;Error
-4,26100000;Error
-4,26000000;Error
-4,25900000;Error
-4,25800000;Error
-4,25700000;Error
-4,25600000;Error
-4,25500000;Error
-4,25400000;Error
-4,25300000;Error
-4,25200000;Error
-4,25100000;Error
-4,25000000;Error
-4,24900000;Error
-4,24800000;Error
-4,24700000;Error
-4,24600000;Error
-4,24500000;Error
-4,24400000;Error
-4,24300000;Error
-4,24200000;Error
-4,24100000;Error
-4,24000000;Error
-4,23900000;Error
-4,23800000;Error
-4,23700000;Error
-4,23600000;Error
-4,23500000;Error
-4,23400000;Error
-4,23300000;Error
-4,23200000;Error
-4,23100000;Error
-4,23000000;Error
-4,22900000;Error
-4,22800000;Error
-4,22700000;Error
-4,22600000;Error
-4,22500000;Error
-4,22400000;Error
-4,22300000;Error
-4,22200000;Error
-4,22100000;Error
-4,22000000;Error
-4,21900000;Error
-4,21800000;Error
-4,21700000;Error
-4,21600000;Error
-4,21500000;Error
-4,21400000;Error
-4,21300000;Error
-4,21200000;Error
-4,21100000;Error
-4,21000000;Error
-4,20900000;Error
-4,20800000;Error
-4,20700000;Error
-4,20600000;Error
-4,20500000;Error
-4,20400000;Error
-4,20300000;Error
-4,20200000;Error
-4,20100000;Error
-4,20000000;Error
-4,19900000;Error
-4,19800000;Error
-4,19700000;Error
-4,19600000;Error
-4,19500000;Error
-4,19400000;Error
-4,19300000;Error
-4,19200000;Error
-4,19100000;Error
-4,19000000;Error
-4,18900000;Error
-4,18800000;Error
-4,18700000;Error
-4,18600000;Error
-4,18500000;Error
-4,18400000;Error
-4,18300000;Error
-4,18200000;Error
-4,18100000;Error
-4,18000000;Error
-4,17900000;Error
-4,17800000;Error
-4,17700000;Error
-4,17600000;Error
-4,17500000;Error
-4,17400000;Error
-4,17300000;Error
-4,17200000;Error
-4,17100000;Error
-4,17000000;Error
-4,16900000;Error
-4,16800000;Error
-4,16700000;Error
-4,16600000;Error
-4,16500000;Error
-4,16400000;Error
-4,16300000;Error
-4,16200000;Error
-4,16100000;Error
-4,16000000;Error
-4,15900000;Error
-4,15800000;Error
-4,15700000;Error
-4,15600000;Error
-4,15500000;Error
-4,15400000;Error
-4,15300000;Error
-4,15200000;Error
-4,15100000;Error
-4,15000000;Error
-4,14900000;Error
-4,14800000;Error
-4,14700000;Error
-4,14600000;Error
-4,14500000;Error
-4,14400000;Error
-4,14300000;Error
-4,14200000;Error
-4,14100000;Error
-4,14000000;Error
-4,13900000;Error
-4,13800000;Error
-4,13700000;Error
-4,13600000;Error
-4,13500000;Error
-4,13400000;Error
-4,13300000;Error
-4,13200000;Error
-4,13100000;Error
-4,13000000;Error
-4,12900000;Error
-4,12800000;Error
-4,12700000;Error
-4,12600000;Error
-4,12500000;Error
-4,12400000;Error
-4,12300000;Error
-4,12200000;Error
-4,12100000;Error
-4,12000000;Error
-4,11900000;Error
-4,11800000;Error
-4,11700000;Error
-4,11600000;Error
-4,11500000;Error
-4,11400000;Error
-4,11300000;Error
-4,11200000;Error
-4,11100000;Error
-4,11000000;Error
-4,10900000;Error
-4,10800000;Error
-4,10700000;Error
-4,10600000;Error
-4,10500000;Error
-4,10400000;Error
-4,10300000;Error
-4,10200000;Error
-4,10100000;Error
-4,10000000;Error
-4,09900000;Error
-4,09800000;Error
-4,09700000;Error
-4,09600000;Error
-4,09500000;Error
-4,09400000;Error
-4,09300000;Error
-4,09200000;Error
-4,09100000;Error
-4,09000000;Error
-4,08900000;Error
-4,08800000;Error
-4,08700000;Error
-4,08600000;Error
-4,08500000;Error
-4,08400000;Error
-4,08300000;Error
-4,08200000;Error
-4,08100000;Error
-4,08000000;Error
-4,07900000;Error
-4,07800000;Error
-4,07700000;Error
-4,07600000;Error
-4,07500000;Error
-4,07400000;Error
-4,07300000;Error
-4,07200000;Error
-4,07100000;Error
-4,07000000;Error
-4,06900000;Error
-4,06800000;Error
-4,06700000;Error
-4,06600000;Error
-4,06500000;Error
-4,06400000;Error
-4,06300000;Error
-4,06200000;Error
-4,06100000;Error
-4,06000000;Error
-4,05900000;Error
-4,05800000;Error
-4,05700000;Error
-4,05600000;Error
-4,05500000;Error
-4,05400000;Error
-4,05300000;Error
-4,05200000;Error
-4,05100000;Error
-4,05000000;Error
-4,04900000;Error
-4,04800000;Error
-4,04700000;Error
-4,04600000;Error
-4,04500000;Error
-4,04400000;Error
-4,04300000;Error
-4,04200000;Error
-4,04100000;Error
-4,04000000;Error
-4,03900000;Error
-4,03800000;Error
-4,03700000;Error
-4,03600000;Error
-4,03500000;Error
-4,03400000;Error
-4,03300000;Error
-4,03200000;Error
-4,03100000;Error
-4,03000000;Error
-4,02900000;Error
-4,02800000;Error
-4,02700000;Error
-4,02600000;Error
-4,02500000;Error
-4,02400000;Error
-4,02300000;Error
-4,02200000;Error
-4,02100000;Error
-4,02000000;Error
-4,01900000;Error
-4,01800000;Error
-4,01700000;Error
-4,01600000;Error
-4,01500000;Error
-4,01400000;Error
-4,01300000;Error
-4,01200000;Error
-4,01100000;Error
-4,01000000;Error
-4,00900000;Error
-4,00800000;Error
-4,00700000;Error
-4,00600000;Error
-4,00500000;Error
-4,00400000;Error
-4,00300000;Error
-4,00200000;Error
-4,00100000;Error
-4,00000000;Error
-3,99900000;Error
-3,99800000;Error
-3,99700000;Error
-3,99600000;Error
-3,99500000;Error
-3,99400000;Error
-3,99300000;Error
-3,99200000;Error
-3,99100000;Error
-3,99000000;Error
-3,98900000;Error
-3,98800000;Error
-3,98700000;Error
-3,98600000;Error
-3,98500000;Error
-3,98400000;Error
-3,98300000;Error
-3,98200000;Error
-3,98100000;Error
-3,98000000;Error
-3,97900000;Error
-3,97800000;Error
-3,97700000;Error
-3,97600000;Error
-3,97500000;Error
-3,97400000;Error
-3,97300000;Error
-3,97200000;Error
-3,97100000;Error
-3,97000000;Error
-3,96900000;Error
-3,96800000;Error
-3,96700000;Error
-3,96600000;Error
-3,96500000;Error
-3,96400000;Error
-3,96300000;Error
-3,96200000;Error
-3,96100000;Error
-3,96000000;Error
-3,95900000;Error
-3,95800000;Error
-3,95700000;Error
-3,95600000;Error
-3,95500000;Error
-3,95400000;Error
-3,95300000;Error
-3,95200000;Error
-3,95100000;Error
-3,95000000;Error
-3,94900000;Error
-3,94800000;Error
-3,94700000;Error
-3,94600000;Error
-3,94500000;Error
-3,94400000;Error
-3,94300000;Error
-3,94200000;Error
-3,94100000;Error
-3,94000000;Error
-3,93900000;Error
-3,93800000;Error
-3,93700000;Error
-3,93600000;Error
-3,93500000;Error
-3,93400000;Error
-3,93300000;Error
-3,93200000;Error
-3,93100000;Error
-3,93000000;Error
-3,92900000;Error
-3,92800000;Error
-3,92700000;Error
-3,92600000;Error
-3,92500000;Error
-3,92400000;Error
-3,92300000;Error
-3,92200000;Error
-3,92100000;Error
-3,92000000;Error
-3,91900000;Error
-3,91800000;Error
-3,91700000;Error
-3,91600000;Error
-3,91500000;Error
-3,91400000;Error
-3,91300000;Error
-3,91200000;Error
-3,91100000;Error
-3,91000000;Error
-3,90900000;Error
-3,90800000;Error
-3,90700000;Error
-3,90600000;Error
-3,90500000;Error
-3,90400000;Error
-3,90300000;Error
-3,90200000;Error
-3,90100000;Error
-3,90000000;Error
-3,89900000;Error
-3,89800000;Error
-3,89700000;Error
-3,89600000;Error
-3,89500000;Error
-3,89400000;Error
-3,89300000;Error
-3,89200000;Error
-3,89100000;Error
-3,89000000;Error
-3,88900000;Error
-3,88800000;Error
-3,88700000;Error
-3,88600000;Error
-3,88500000;Error
-3,88400000;Error
-3,88300000;Error
-3,88200000;Error
-3,88100000;Error
-3,88000000;Error
-3,87900000;Error
-3,87800000;Error
-3,87700000;Error
-3,87600000;Error
-3,87500000;Error
-3,87400000;Error
-3,87300000;Error
-3,87200000;Error
-3,87100000;Error
-3,87000000;Error
-3,86900000;Error
-3,86800000;Error
-3,86700000;Error
-3,86600000;Error
-3,86500000;Error
-3,86400000;Error
-3,86300000;Error
-3,86200000;Error
-3,86100000;Error
-3,86000000;Error
-3,85900000;Error
-3,85800000;Error
-3,85700000;Error
-3,85600000;Error
-3,85500000;Error
-3,85400000;Error
-3,85300000;Error
-3,85200000;Error
-3,85100000;Error
-3,85000000;Error
-3,84900000;Error
-3,84800000;Error
-3,84700000;Error
-3,84600000;Error
-3,84500000;Error
-3,84400000;Error
-3,84300000;Error
-3,84200000;Error
-3,84100000;Error
-3,84000000;Error
-3,83900000;Error
-3,83800000;Error
-3,83700000;Error
-3,83600000;Error
-3,83500000;Error
-3,83400000;Error
-3,83300000;Error
-3,83200000;Error
-3,83100000;Error
-3,83000000;Error
-3,82900000;Error
-3,82800000;Error
-3,82700000;Error
-3,82600000;Error
-3,82500000;Error
-3,82400000;Error
-3,82300000;Error
-3,82200000;Error
-3,82100000;Error
-3,82000000;Error
-3,81900000;Error
-3,81800000;Error
-3,81700000;Error
-3,81600000;Error
-3,81500000;Error
-3,81400000;Error
-3,81300000;Error
-3,81200000;Error
-3,81100000;Error
-3,81000000;Error
-3,80900000;Error
-3,80800000;Error
-3,80700000;Error
-3,80600000;Error
-3,80500000;Error
-3,80400000;Error
-3,80300000;Error
-3,80200000;Error
-3,80100000;Error
-3,80000000;Error
-3,79900000;Error
-3,79800000;Error
-3,79700000;Error
-3,79600000;Error
-3,79500000;Error
-3,79400000;Error
-3,79300000;Error
-3,79200000;Error
-3,79100000;Error
-3,79000000;Error
-3,78900000;Error
-3,78800000;Error
-3,78700000;Error
-3,78600000;Error
-3,78500000;Error
-3,78400000;Error
-3,78300000;Error
-3,78200000;Error
-3,78100000;Error
-3,78000000;Error
-3,77900000;Error
-3,77800000;Error
-3,77700000;Error
-3,77600000;Error
-3,77500000;Error
-3,77400000;Error
-3,77300000;Error
-3,77200000;Error
-3,77100000;Error
-3,77000000;Error
-3,76900000;Error
-3,76800000;Error
-3,76700000;Error
-3,76600000;Error
-3,76500000;Error
-3,76400000;Error
-3,76300000;Error
-3,76200000;Error
-3,76100000;Error
-3,76000000;Error
-3,75900000;Error
-3,75800000;Error
-3,75700000;Error
-3,75600000;Error
-3,75500000;Error
-3,75400000;Error
-3,75300000;Error
-3,75200000;Error
-3,75100000;Error
-3,75000000;Error
-3,74900000;Error
-3,74800000;Error
-3,74700000;Error
-3,74600000;Error
-3,74500000;Error
-3,74400000;Error
-3,74300000;Error
-3,74200000;Error
-3,74100000;Error
-3,74000000;Error
-3,73900000;Error
-3,73800000;Error
-3,73700000;Error
-3,73600000;Error
-3,73500000;Error
-3,73400000;Error
-3,73300000;Error
-3,73200000;Error
-3,73100000;Error
-3,73000000;Error
-3,72900000;Error
-3,72800000;Error
-3,72700000;Error
-3,72600000;Error
-3,72500000;Error
-3,72400000;Error
-3,72300000;Error
-3,72200000;Error
-3,72100000;Error
-3,72000000;Error
-3,71900000;Error
-3,71800000;Error
-3,71700000;Error
-3,71600000;Error
-3,71500000;Error
-3,71400000;Error
-3,71300000;Error
-3,71200000;Error
-3,71100000;Error
-3,71000000;Error
-3,70900000;Error
-3,70800000;Error
-3,70700000;Error
-3,70600000;Error
-3,70500000;Error
-3,70400000;Error
-3,70300000;Error
-3,70200000;Error
-3,70100000;Error
-3,70000000;Error
-3,69900000;Error
-3,69800000;Error
-3,69700000;Error
-3,69600000;Error
-3,69500000;Error
-3,69400000;Error
-3,69300000;Error
-3,69200000;Error
-3,69100000;Error
-3,69000000;Error
-3,68900000;Error
-3,68800000;Error
-3,68700000;Error
-3,68600000;Error
-3,68500000;Error
-3,68400000;Error
-3,68300000;Error
-3,68200000;Error
-3,68100000;Error
-3,68000000;Error
-3,67900000;Error
-3,67800000;Error
-3,67700000;Error
-3,67600000;Error
-3,67500000;Error
-3,67400000;Error
-3,67300000;Error
-3,67200000;Error
-3,67100000;Error
-3,67000000;Error
-3,66900000;Error
-3,66800000;Error
-3,66700000;Error
-3,66600000;Error
-3,66500000;Error
-3,66400000;Error
-3,66300000;Error
-3,66200000;Error
-3,66100000;Error
-3,66000000;Error
-3,65900000;Error
-3,65800000;Error
-3,65700000;Error
-3,65600000;Error
-3,65500000;Error
-3,65400000;Error
-3,65300000;Error
-3,65200000;Error
-3,65100000;Error
-3,65000000;Error
-3,64900000;Error
-3,64800000;Error
-3,64700000;Error
-3,64600000;Error
-3,64500000;Error
-3,64400000;Error
-3,64300000;Error
-3,64200000;Error
-3,64100000;Error
-3,64000000;Error
-3,63900000;Error
-3,63800000;Error
-3,63700000;Error
-3,63600000;Error
-3,63500000;Error
-3,63400000;Error
-3,63300000;Error
-3,63200000;Error
-3,63100000;Error
-3,63000000;Error
-3,62900000;Error
-3,62800000;Error
-3,62700000;Error
-3,62600000;Error
-3,62500000;Error
-3,62400000;Error
-3,62300000;Error
-3,62200000;Error
-3,62100000;Error
-3,62000000;Error
-3,61900000;Error
-3,61800000;Error
-3,61700000;Error
-3,61600000;Error
-3,61500000;Error
-3,61400000;Error
-3,61300000;Error
-3,61200000;Error
-3,61100000;Error
-3,61000000;Error
-3,60900000;Error
-3,60800000;Error
-3,60700000;Error
-3,60600000;Error
-3,60500000;Error
-3,60400000;Error
-3,60300000;Error
-3,60200000;Error
-3,60100000;Error
-3,60000000;Error
-3,59900000;Error
-3,59800000;Error
-3,59700000;Error
-3,59600000;Error
-3,59500000;Error
-3,59400000;Error
-3,59300000;Error
-3,59200000;Error
-3,59100000;Error
-3,59000000;Error
-3,58900000;Error
-3,58800000;Error
-3,58700000;Error
-3,58600000;Error
-3,58500000;Error
-3,58400000;Error
-3,58300000;Error
-3,58200000;Error
-3,58100000;Error
-3,58000000;Error
-3,57900000;Error
-3,57800000;Error
-3,57700000;Error
-3,57600000;Error
-3,57500000;Error
-3,57400000;Error
-3,57300000;Error
-3,57200000;Error
-3,57100000;Error
-3,57000000;Error
-3,56900000;Error
-3,56800000;Error
-3,56700000;Error
-3,56600000;Error
-3,56500000;Error
-3,56400000;Error
-3,56300000;Error
-3,56200000;Error
-3,56100000;Error
-3,56000000;Error
-3,55900000;Error
-3,55800000;Error
-3,55700000;Error
-3,55600000;Error
-3,55500000;Error
-3,55400000;Error
-3,55300000;Error
-3,55200000;Error
-3,55100000;Error
-3,55000000;Error
-3,54900000;Error
-3,54800000;Error
-3,54700000;Error
-3,54600000;Error
-3,54500000;Error
-3,54400000;Error
-3,54300000;Error
-3,54200000;Error
-3,54100000;Error
-3,54000000;Error
-3,53900000;Error
-3,53800000;Error
-3,53700000;Error
-3,53600000;Error
-3,53500000;Error
-3,53400000;Error
-3,53300000;Error
-3,53200000;Error
-3,53100000;Error
-3,53000000;Error
-3,52900000;Error
-3,52800000;Error
-3,52700000;Error
-3,52600000;Error
-3,52500000;Error
-3,52400000;Error
-3,52300000;Error
-3,52200000;Error
-3,52100000;Error
-3,52000000;Error
-3,51900000;Error
-3,51800000;Error
-3,51700000;Error
-3,51600000;Error
-3,51500000;Error
-3,51400000;Error
-3,51300000;Error
-3,51200000;Error
-3,51100000;Error
-3,51000000;Error
-3,50900000;Error
-3,50800000;Error
-3,50700000;Error
-3,50600000;Error
-3,50500000;Error
-3,50400000;Error
-3,50300000;Error
-3,50200000;Error
-3,50100000;Error
-3,50000000;Error
-3,49900000;Error
-3,49800000;Error
-3,49700000;Error
-3,49600000;Error
-3,49500000;Error
-3,49400000;Error
-3,49300000;Error
-3,49200000;Error
-3,49100000;Error
-3,49000000;Error
-3,48900000;Error
-3,48800000;Error
-3,48700000;Error
-3,48600000;Error
-3,48500000;Error
-3,48400000;Error
-3,48300000;Error
-3,48200000;Error
-3,48100000;Error
-3,48000000;Error
-3,47900000;Error
-3,47800000;Error
-3,47700000;Error
-3,47600000;Error
-3,47500000;Error
-3,47400000;Error
-3,47300000;Error
-3,47200000;Error
-3,47100000;Error
-3,47000000;Error
-3,46900000;Error
-3,46800000;Error
-3,46700000;Error
-3,46600000;Error
-3,46500000;Error
-3,46400000;Error
-3,46300000;Error
-3,46200000;Error
-3,46100000;Error
-3,46000000;Error
-3,45900000;Error
-3,45800000;Error
-3,45700000;Error
-3,45600000;Error
-3,45500000;Error
-3,45400000;Error
-3,45300000;Error
-3,45200000;Error
-3,45100000;Error
-3,45000000;Error
-3,44900000;Error
-3,44800000;Error
-3,44700000;Error
-3,44600000;Error
-3,44500000;Error
-3,44400000;Error
-3,44300000;Error
-3,44200000;Error
-3,44100000;Error
-3,44000000;Error
-3,43900000;Error
-3,43800000;Error
-3,43700000;Error
-3,43600000;Error
-3,43500000;Error
-3,43400000;Error
-3,43300000;Error
-3,43200000;Error
-3,43100000;Error
-3,43000000;Error
-3,42900000;Error
-3,42800000;Error
-3,42700000;Error
-3,42600000;Error
-3,42500000;Error
-3,42400000;Error
-3,42300000;Error
-3,42200000;Error
-3,42100000;Error
-3,42000000;Error
-3,41900000;Error
-3,41800000;Error
-3,41700000;Error
-3,41600000;Error
-3,41500000;Error
-3,41400000;Error
-3,41300000;Error
-3,41200000;Error
-3,41100000;Error
-3,41000000;Error
-3,40900000;Error
-3,40800000;Error
-3,40700000;Error
-3,40600000;Error
-3,40500000;Error
-3,40400000;Error
-3,40300000;Error
-3,40200000;Error
-3,40100000;Error
-3,40000000;Error
-3,39900000;Error
-3,39800000;Error
-3,39700000;Error
-3,39600000;Error
-3,39500000;Error
-3,39400000;Error
-3,39300000;Error
-3,39200000;Error
-3,39100000;Error
-3,39000000;Error
-3,38900000;Error
-3,38800000;Error
-3,38700000;Error
-3,38600000;Error
-3,38500000;Error
-3,38400000;Error
-3,38300000;Error
-3,38200000;Error
-3,38100000;Error
-3,38000000;Error
-3,37900000;Error
-3,37800000;Error
-3,37700000;Error
-3,37600000;Error
-3,37500000;Error
-3,37400000;Error
-3,37300000;Error
-3,37200000;Error
-3,37100000;Error
-3,37000000;Error
-3,36900000;Error
-3,36800000;Error
-3,36700000;Error
-3,36600000;Error
-3,36500000;Error
-3,36400000;Error
-3,36300000;Error
-3,36200000;Error
-3,36100000;Error
-3,36000000;Error
-3,35900000;Error
-3,35800000;Error
-3,35700000;Error
-3,35600000;Error
-3,35500000;Error
-3,35400000;Error
-3,35300000;Error
-3,35200000;Error
-3,35100000;Error
-3,35000000;Error
-3,34900000;Error
-3,34800000;Error
-3,34700000;Error
-3,34600000;Error
-3,34500000;Error
-3,34400000;Error
-3,34300000;Error
-3,34200000;Error
-3,34100000;Error
-3,34000000;Error
-3,33900000;Error
-3,33800000;Error
-3,33700000;Error
-3,33600000;Error
-3,33500000;Error
-3,33400000;Error
-3,33300000;Error
-3,33200000;Error
-3,33100000;Error
-3,33000000;Error
-3,32900000;Error
-3,32800000;Error
-3,32700000;Error
-3,32600000;Error
-3,32500000;Error
-3,32400000;Error
-3,32300000;Error
-3,32200000;Error
-3,32100000;Error
-3,32000000;Error
-3,31900000;Error
-3,31800000;Error
-3,31700000;Error
-3,31600000;Error
-3,31500000;Error
-3,31400000;Error
-3,31300000;Error
-3,31200000;Error
-3,31100000;Error
-3,31000000;Error
-3,30900000;Error
-3,30800000;Error
-3,30700000;Error
-3,30600000;Error
-3,30500000;Error
-3,30400000;Error
-3,30300000;Error
-3,30200000;Error
-3,30100000;Error
-3,30000000;Error
-3,29900000;Error
-3,29800000;Error
-3,29700000;Error
-3,29600000;Error
-3,29500000;Error
-3,29400000;Error
-3,29300000;Error
-3,29200000;Error
-3,29100000;Error
-3,29000000;Error
-3,28900000;Error
-3,28800000;Error
-3,28700000;Error
-3,28600000;Error
-3,28500000;Error
-3,28400000;Error
-3,28300000;Error
-3,28200000;Error
-3,28100000;Error
-3,28000000;Error
-3,27900000;Error
-3,27800000;Error
-3,27700000;Error
-3,27600000;Error
-3,27500000;Error
-3,27400000;Error
-3,27300000;Error
-3,27200000;Error
-3,27100000;Error
-3,27000000;Error
-3,26900000;Error
-3,26800000;Error
-3,26700000;Error
-3,26600000;Error
-3,26500000;Error
-3,26400000;Error
-3,26300000;Error
-3,26200000;Error
-3,26100000;Error
-3,26000000;Error
-3,25900000;Error
-3,25800000;Error
-3,25700000;Error
-3,25600000;Error
-3,25500000;Error
-3,25400000;Error
-3,25300000;Error
-3,25200000;Error
-3,25100000;Error
-3,25000000;Error
-3,24900000;Error
-3,24800000;Error
-3,24700000;Error
-3,24600000;Error
-3,24500000;Error
-3,24400000;Error
-3,24300000;Error
-3,24200000;Error
-3,24100000;Error
-3,24000000;Error
-3,23900000;Error
-3,23800000;Error
-3,23700000;Error
-3,23600000;Error
-3,23500000;Error
-3,23400000;Error
-3,23300000;Error
-3,23200000;Error
-3,23100000;Error
-3,23000000;Error
-3,22900000;Error
-3,22800000;Error
-3,22700000;Error
-3,22600000;Error
-3,22500000;Error
-3,22400000;Error
-3,22300000;Error
-3,22200000;Error
-3,22100000;Error
-3,22000000;Error
-3,21900000;Error
-3,21800000;Error
-3,21700000;Error
-3,21600000;Error
-3,21500000;Error
-3,21400000;Error
-3,21300000;Error
-3,21200000;Error
-3,21100000;Error
-3,21000000;Error
-3,20900000;Error
-3,20800000;Error
-3,20700000;Error
-3,20600000;Error
-3,20500000;Error
-3,20400000;Error
-3,20300000;Error
-3,20200000;Error
-3,20100000;Error
-3,20000000;Error
-3,19900000;Error
-3,19800000;Error
-3,19700000;Error
-3,19600000;Error
-3,19500000;Error
-3,19400000;Error
-3,19300000;Error
-3,19200000;Error
-3,19100000;Error
-3,19000000;Error
-3,18900000;Error
-3,18800000;Error
-3,18700000;Error
-3,18600000;Error
-3,18500000;Error
-3,18400000;Error
-3,18300000;Error
-3,18200000;Error
-3,18100000;Error
-3,18000000;Error
-3,17900000;Error
-3,17800000;Error
-3,17700000;Error
-3,17600000;Error
-3,17500000;Error
-3,17400000;Error
-3,17300000;Error
-3,17200000;Error
-3,17100000;Error
-3,17000000;Error
-3,16900000;Error
-3,16800000;Error
-3,16700000;Error
-3,16600000;Error
-3,16500000;Error
-3,16400000;Error
-3,16300000;Error
-3,16200000;Error
-3,16100000;Error
-3,16000000;Error
-3,15900000;Error
-3,15800000;Error
-3,15700000;Error
-3,15600000;Error
-3,15500000;Error
-3,15400000;Error
-3,15300000;Error
-3,15200000;Error
-3,15100000;Error
-3,15000000;Error
-3,14900000;Error
-3,14800000;Error
-3,14700000;Error
-3,14600000;Error
-3,14500000;Error
-3,14400000;Error
-3,14300000;Error
-3,14200000;Error
-3,14100000;Error
-3,14000000;Error
-3,13900000;Error
-3,13800000;Error
-3,13700000;Error
-3,13600000;Error
-3,13500000;Error
-3,13400000;Error
-3,13300000;Error
-3,13200000;Error
-3,13100000;Error
-3,13000000;Error
-3,12900000;Error
-3,12800000;Error
-3,12700000;Error
-3,12600000;Error
-3,12500000;Error
-3,12400000;Error
-3,12300000;Error
-3,12200000;Error
-3,12100000;Error
-3,12000000;Error
-3,11900000;Error
-3,11800000;Error
-3,11700000;Error
-3,11600000;Error
-3,11500000;Error
-3,11400000;Error
-3,11300000;Error
-3,11200000;Error
-3,11100000;Error
-3,11000000;Error
-3,10900000;Error
-3,10800000;Error
-3,10700000;Error
-3,10600000;Error
-3,10500000;Error
-3,10400000;Error
-3,10300000;Error
-3,10200000;Error
-3,10100000;Error
-3,10000000;Error
-3,09900000;Error
-3,09800000;Error
-3,09700000;Error
-3,09600000;Error
-3,09500000;Error
-3,09400000;Error
-3,09300000;Error
-3,09200000;Error
-3,09100000;Error
-3,09000000;Error
-3,08900000;Error
-3,08800000;Error
-3,08700000;Error
-3,08600000;Error
-3,08500000;Error
-3,08400000;Error
-3,08300000;Error
-3,08200000;Error
-3,08100000;Error
-3,08000000;Error
-3,07900000;Error
-3,07800000;Error
-3,07700000;Error
-3,07600000;Error
-3,07500000;Error
-3,07400000;Error
-3,07300000;Error
-3,07200000;Error
-3,07100000;Error
-3,07000000;Error
-3,06900000;Error
-3,06800000;Error
-3,06700000;Error
-3,06600000;Error
-3,06500000;Error
-3,06400000;Error
-3,06300000;Error
-3,06200000;Error
-3,06100000;Error
-3,06000000;Error
-3,05900000;Error
-3,05800000;Error
-3,05700000;Error
-3,05600000;Error
-3,05500000;Error
-3,05400000;Error
-3,05300000;Error
-3,05200000;Error
-3,05100000;Error
-3,05000000;Error
-3,04900000;Error
-3,04800000;Error
-3,04700000;Error
-3,04600000;Error
-3,04500000;Error
-3,04400000;Error
-3,04300000;Error
-3,04200000;Error
-3,04100000;Error
-3,04000000;Error
-3,03900000;Error
-3,03800000;Error
-3,03700000;Error
-3,03600000;Error
-3,03500000;Error
-3,03400000;Error
-3,03300000;Error
-3,03200000;Error
-3,03100000;Error
-3,03000000;Error
-3,02900000;Error
-3,02800000;Error
-3,02700000;Error
-3,02600000;Error
-3,02500000;Error
-3,02400000;Error
-3,02300000;Error
-3,02200000;Error
-3,02100000;Error
-3,02000000;Error
-3,01900000;Error
-3,01800000;Error
-3,01700000;Error
-3,01600000;Error
-3,01500000;Error
-3,01400000;Error
-3,01300000;Error
-3,01200000;Error
-3,01100000;Error
-3,01000000;Error
-3,00900000;Error
-3,00800000;Error
-3,00700000;Error
-3,00600000;Error
-3,00500000;Error
-3,00400000;Error
-3,00300000;Error
-3,00200000;Error
-3,00100000;Error
-3,00000000;Error
-2,99900000;Error
-2,99800000;Error
-2,99700000;Error
-2,99600000;Error
-2,99500000;Error
-2,99400000;Error
-2,99300000;Error
-2,99200000;Error
-2,99100000;Error
-2,99000000;Error
-2,98900000;Error
-2,98800000;Error
-2,98700000;Error
-2,98600000;Error
-2,98500000;Error
-2,98400000;Error
-2,98300000;Error
-2,98200000;Error
-2,98100000;Error
-2,98000000;Error
-2,97900000;Error
-2,97800000;Error
-2,97700000;Error
-2,97600000;Error
-2,97500000;Error
-2,97400000;Error
-2,97300000;Error
-2,97200000;Error
-2,97100000;Error
-2,97000000;Error
-2,96900000;Error
-2,96800000;Error
-2,96700000;Error
-2,96600000;Error
-2,96500000;Error
-2,96400000;Error
-2,96300000;Error
-2,96200000;Error
-2,96100000;Error
-2,96000000;Error
-2,95900000;Error
-2,95800000;Error
-2,95700000;Error
-2,95600000;Error
-2,95500000;Error
-2,95400000;Error
-2,95300000;Error
-2,95200000;Error
-2,95100000;Error
-2,95000000;Error
-2,94900000;Error
-2,94800000;Error
-2,94700000;Error
-2,94600000;Error
-2,94500000;Error
-2,94400000;Error
-2,94300000;Error
-2,94200000;Error
-2,94100000;Error
-2,94000000;Error
-2,93900000;Error
-2,93800000;Error
-2,93700000;Error
-2,93600000;Error
-2,93500000;Error
-2,93400000;Error
-2,93300000;Error
-2,93200000;Error
-2,93100000;Error
-2,93000000;Error
-2,92900000;Error
-2,92800000;Error
-2,92700000;Error
-2,92600000;Error
-2,92500000;Error
-2,92400000;Error
-2,92300000;Error
-2,92200000;Error
-2,92100000;Error
-2,92000000;Error
-2,91900000;Error
-2,91800000;Error
-2,91700000;Error
-2,91600000;Error
-2,91500000;Error
-2,91400000;Error
-2,91300000;Error
-2,91200000;Error
-2,91100000;Error
-2,91000000;Error
-2,90900000;Error
-2,90800000;Error
-2,90700000;Error
-2,90600000;Error
-2,90500000;Error
-2,90400000;Error
-2,90300000;Error
-2,90200000;Error
-2,90100000;Error
-2,90000000;Error
-2,89900000;Error
-2,89800000;Error
-2,89700000;Error
-2,89600000;Error
-2,89500000;Error
-2,89400000;Error
-2,89300000;Error
-2,89200000;Error
-2,89100000;Error
-2,89000000;Error
-2,88900000;Error
-2,88800000;Error
-2,88700000;Error
-2,88600000;Error
-2,88500000;Error
-2,88400000;Error
-2,88300000;Error
-2,88200000;Error
-2,88100000;Error
-2,88000000;Error
-2,87900000;Error
-2,87800000;Error
-2,87700000;Error
-2,87600000;Error
-2,87500000;Error
-2,87400000;Error
-2,87300000;Error
-2,87200000;Error
-2,87100000;Error
-2,87000000;Error
-2,86900000;Error
-2,86800000;Error
-2,86700000;Error
-2,86600000;Error
-2,86500000;Error
-2,86400000;Error
-2,86300000;Error
-2,86200000;Error
-2,86100000;Error
-2,86000000;Error
-2,85900000;Error
-2,85800000;Error
-2,85700000;Error
-2,85600000;Error
-2,85500000;Error
-2,85400000;Error
-2,85300000;Error
-2,85200000;Error
-2,85100000;Error
-2,85000000;Error
-2,84900000;Error
-2,84800000;Error
-2,84700000;Error
-2,84600000;Error
-2,84500000;Error
-2,84400000;Error
-2,84300000;Error
-2,84200000;Error
-2,84100000;Error
-2,84000000;Error
-2,83900000;Error
-2,83800000;Error
-2,83700000;Error
-2,83600000;Error
-2,83500000;Error
-2,83400000;Error
-2,83300000;Error
-2,83200000;Error
-2,83100000;Error
-2,83000000;Error
-2,82900000;Error
-2,82800000;Error
-2,82700000;Error
-2,82600000;Error
-2,82500000;Error
-2,82400000;Error
-2,82300000;Error
-2,82200000;Error
-2,82100000;Error
-2,82000000;Error
-2,81900000;Error
-2,81800000;Error
-2,81700000;Error
-2,81600000;Error
-2,81500000;Error
-2,81400000;Error
-2,81300000;Error
-2,81200000;Error
-2,81100000;Error
-2,81000000;Error
-2,80900000;Error
-2,80800000;Error
-2,80700000;Error
-2,80600000;Error
-2,80500000;Error
-2,80400000;Error
-2,80300000;Error
-2,80200000;Error
-2,80100000;Error
-2,80000000;Error
-2,79900000;Error
-2,79800000;Error
-2,79700000;Error
-2,79600000;Error
-2,79500000;Error
-2,79400000;Error
-2,79300000;Error
-2,79200000;Error
-2,79100000;Error
-2,79000000;Error
-2,78900000;Error
-2,78800000;Error
-2,78700000;Error
-2,78600000;Error
-2,78500000;Error
-2,78400000;Error
-2,78300000;Error
-2,78200000;Error
-2,78100000;Error
-2,78000000;Error
-2,77900000;Error
-2,77800000;Error
-2,77700000;Error
-2,77600000;Error
-2,77500000;Error
-2,77400000;Error
-2,77300000;Error
-2,77200000;Error
-2,77100000;Error
-2,77000000;Error
-2,76900000;Error
-2,76800000;Error
-2,76700000;Error
-2,76600000;Error
-2,76500000;Error
-2,76400000;Error
-2,76300000;Error
-2,76200000;Error
-2,76100000;Error
-2,76000000;Error
-2,75900000;Error
-2,75800000;Error
-2,75700000;Error
-2,75600000;Error
-2,75500000;Error
-2,75400000;Error
-2,75300000;Error
-2,75200000;Error
-2,75100000;Error
-2,75000000;Error
-2,74900000;Error
-2,74800000;Error
-2,74700000;Error
-2,74600000;Error
-2,74500000;Error
-2,74400000;Error
-2,74300000;Error
-2,74200000;Error
-2,74100000;Error
-2,74000000;Error
-2,73900000;Error
-2,73800000;Error
-2,73700000;Error
-2,73600000;Error
-2,73500000;Error
-2,73400000;Error
-2,73300000;Error
-2,73200000;Error
-2,73100000;Error
-2,73000000;Error
-2,72900000;Error
-2,72800000;Error
-2,72700000;Error
-2,72600000;Error
-2,72500000;Error
-2,72400000;Error
-2,72300000;Error
-2,72200000;Error
-2,72100000;Error
-2,72000000;Error
-2,71900000;Error
-2,71800000;Error
-2,71700000;Error
-2,71600000;Error
-2,71500000;Error
-2,71400000;Error
-2,71300000;Error
-2,71200000;Error
-2,71100000;Error
-2,71000000;Error
-2,70900000;Error
-2,70800000;Error
-2,70700000;Error
-2,70600000;Error
-2,70500000;Error
-2,70400000;Error
-2,70300000;Error
-2,70200000;Error
-2,70100000;Error
-2,70000000;Error
-2,69900000;Error
-2,69800000;Error
-2,69700000;Error
-2,69600000;Error
-2,69500000;Error
-2,69400000;Error
-2,69300000;Error
-2,69200000;Error
-2,69100000;Error
-2,69000000;Error
-2,68900000;Error
-2,68800000;Error
-2,68700000;Error
-2,68600000;Error
-2,68500000;Error
-2,68400000;Error
-2,68300000;Error
-2,68200000;Error
-2,68100000;Error
-2,68000000;Error
-2,67900000;Error
-2,67800000;Error
-2,67700000;Error
-2,67600000;Error
-2,67500000;Error
-2,67400000;Error
-2,67300000;Error
-2,67200000;Error
-2,67100000;Error
-2,67000000;Error
-2,66900000;Error
-2,66800000;Error
-2,66700000;Error
-2,66600000;Error
-2,66500000;Error
-2,66400000;Error
-2,66300000;Error
-2,66200000;Error
-2,66100000;Error
-2,66000000;Error
-2,65900000;Error
-2,65800000;Error
-2,65700000;Error
-2,65600000;Error
-2,65500000;Error
-2,65400000;Error
-2,65300000;Error
-2,65200000;Error
-2,65100000;Error
-2,65000000;Error
-2,64900000;Error
-2,64800000;Error
-2,64700000;Error
-2,64600000;Error
-2,64500000;Error
-2,64400000;Error
-2,64300000;Error
-2,64200000;Error
-2,64100000;Error
-2,64000000;Error
-2,63900000;Error
-2,63800000;Error
-2,63700000;Error
-2,63600000;Error
-2,63500000;Error
-2,63400000;Error
-2,63300000;Error
-2,63200000;Error
-2,63100000;Error
-2,63000000;Error
-2,62900000;Error
-2,62800000;Error
-2,62700000;Error
-2,62600000;Error
-2,62500000;Error
-2,62400000;Error
-2,62300000;Error
-2,62200000;Error
-2,62100000;Error
-2,62000000;Error
-2,61900000;Error
-2,61800000;Error
-2,61700000;Error
-2,61600000;Error
-2,61500000;Error
-2,61400000;Error
-2,61300000;Error
-2,61200000;Error
-2,61100000;Error
-2,61000000;Error
-2,60900000;Error
-2,60800000;Error
-2,60700000;Error
-2,60600000;Error
-2,60500000;Error
-2,60400000;Error
-2,60300000;Error
-2,60200000;Error
-2,60100000;Error
-2,60000000;Error
-2,59900000;Error
-2,59800000;Error
-2,59700000;Error
-2,59600000;Error
-2,59500000;Error
-2,59400000;Error
-2,59300000;Error
-2,59200000;Error
-2,59100000;Error
-2,59000000;Error
-2,58900000;Error
-2,58800000;Error
-2,58700000;Error
-2,58600000;Error
-2,58500000;Error
-2,58400000;Error
-2,58300000;Error
-2,58200000;Error
-2,58100000;Error
-2,58000000;Error
-2,57900000;Error
-2,57800000;Error
-2,57700000;Error
-2,57600000;Error
-2,57500000;Error
-2,57400000;Error
-2,57300000;Error
-2,57200000;Error
-2,57100000;Error
-2,57000000;Error
-2,56900000;Error
-2,56800000;Error
-2,56700000;Error
-2,56600000;Error
-2,56500000;Error
-2,56400000;Error
-2,56300000;Error
-2,56200000;Error
-2,56100000;Error
-2,56000000;Error
-2,55900000;Error
-2,55800000;Error
-2,55700000;Error
-2,55600000;Error
-2,55500000;Error
-2,55400000;Error
-2,55300000;Error
-2,55200000;Error
-2,55100000;Error
-2,55000000;Error
-2,54900000;Error
-2,54800000;Error
-2,54700000;Error
-2,54600000;Error
-2,54500000;Error
-2,54400000;Error
-2,54300000;Error
-2,54200000;Error
-2,54100000;Error
-2,54000000;Error
-2,53900000;Error
-2,53800000;Error
-2,53700000;Error
-2,53600000;Error
-2,53500000;Error
-2,53400000;Error
-2,53300000;Error
-2,53200000;Error
-2,53100000;Error
-2,53000000;Error
-2,52900000;Error
-2,52800000;Error
-2,52700000;Error
-2,52600000;Error
-2,52500000;Error
-2,52400000;Error
-2,52300000;Error
-2,52200000;Error
-2,52100000;Error
-2,52000000;Error
-2,51900000;Error
-2,51800000;Error
-2,51700000;Error
-2,51600000;Error
-2,51500000;Error
-2,51400000;Error
-2,51300000;Error
-2,51200000;Error
-2,51100000;Error
-2,51000000;Error
-2,50900000;Error
-2,50800000;Error
-2,50700000;Error
-2,50600000;Error
-2,50500000;Error
-2,50400000;Error
-2,50300000;Error
-2,50200000;Error
-2,50100000;Error
-2,50000000;Error
-2,49900000;Error
-2,49800000;Error
-2,49700000;Error
-2,49600000;Error
-2,49500000;Error
-2,49400000;Error
-2,49300000;Error
-2,49200000;Error
-2,49100000;Error
-2,49000000;Error
-2,48900000;Error
-2,48800000;Error
-2,48700000;Error
-2,48600000;Error
-2,48500000;Error
-2,48400000;Error
-2,48300000;Error
-2,48200000;Error
-2,48100000;Error
-2,48000000;Error
-2,47900000;Error
-2,47800000;Error
-2,47700000;Error
-2,47600000;Error
-2,47500000;Error
-2,47400000;Error
-2,47300000;Error
-2,47200000;Error
-2,47100000;Error
-2,47000000;Error
-2,46900000;Error
-2,46800000;Error
-2,46700000;Error
-2,46600000;Error
-2,46500000;Error
-2,46400000;Error
-2,46300000;Error
-2,46200000;Error
-2,46100000;Error
-2,46000000;Error
-2,45900000;Error
-2,45800000;Error
-2,45700000;Error
-2,45600000;Error
-2,45500000;Error
-2,45400000;Error
-2,45300000;Error
-2,45200000;Error
-2,45100000;Error
-2,45000000;Error
-2,44900000;Error
-2,44800000;Error
-2,44700000;Error
-2,44600000;Error
-2,44500000;Error
-2,44400000;Error
-2,44300000;Error
-2,44200000;Error
-2,44100000;Error
-2,44000000;Error
-2,43900000;Error
-2,43800000;Error
-2,43700000;Error
-2,43600000;Error
-2,43500000;Error
-2,43400000;Error
-2,43300000;Error
-2,43200000;Error
-2,43100000;Error
-2,43000000;Error
-2,42900000;Error
-2,42800000;Error
-2,42700000;Error
-2,42600000;Error
-2,42500000;Error
-2,42400000;Error
-2,42300000;Error
-2,42200000;Error
-2,42100000;Error
-2,42000000;Error
-2,41900000;Error
-2,41800000;Error
-2,41700000;Error
-2,41600000;Error
-2,41500000;Error
-2,41400000;Error
-2,41300000;Error
-2,41200000;Error
-2,41100000;Error
-2,41000000;Error
-2,40900000;Error
-2,40800000;Error
-2,40700000;Error
-2,40600000;Error
-2,40500000;Error
-2,40400000;Error
-2,40300000;Error
-2,40200000;Error
-2,40100000;Error
-2,40000000;Error
-2,39900000;Error
-2,39800000;Error
-2,39700000;Error
-2,39600000;Error
-2,39500000;Error
-2,39400000;Error
-2,39300000;Error
-2,39200000;Error
-2,39100000;Error
-2,39000000;Error
-2,38900000;Error
-2,38800000;Error
-2,38700000;Error
-2,38600000;Error
-2,38500000;Error
-2,38400000;Error
-2,38300000;Error
-2,38200000;Error
-2,38100000;Error
-2,38000000;Error
-2,37900000;Error
-2,37800000;Error
-2,37700000;Error
-2,37600000;Error
-2,37500000;Error
-2,37400000;Error
-2,37300000;Error
-2,37200000;Error
-2,37100000;Error
-2,37000000;Error
-2,36900000;Error
-2,36800000;Error
-2,36700000;Error
-2,36600000;Error
-2,36500000;Error
-2,36400000;Error
-2,36300000;Error
-2,36200000;Error
-2,36100000;Error
-2,36000000;Error
-2,35900000;Error
-2,35800000;Error
-2,35700000;Error
-2,35600000;Error
-2,35500000;Error
-2,35400000;Error
-2,35300000;Error
-2,35200000;Error
-2,35100000;Error
-2,35000000;Error
-2,34900000;Error
-2,34800000;Error
-2,34700000;Error
-2,34600000;Error
-2,34500000;Error
-2,34400000;Error
-2,34300000;Error
-2,34200000;Error
-2,34100000;Error
-2,34000000;Error
-2,33900000;Error
-2,33800000;Error
-2,33700000;Error
-2,33600000;Error
-2,33500000;Error
-2,33400000;Error
-2,33300000;Error
-2,33200000;Error
-2,33100000;Error
-2,33000000;Error
-2,32900000;Error
-2,32800000;Error
-2,32700000;Error
-2,32600000;Error
-2,32500000;Error
-2,32400000;Error
-2,32300000;Error
-2,32200000;Error
-2,32100000;Error
-2,32000000;Error
-2,31900000;Error
-2,31800000;Error
-2,31700000;Error
-2,31600000;Error
-2,31500000;Error
-2,31400000;Error
-2,31300000;Error
-2,31200000;Error
-2,31100000;Error
-2,31000000;Error
-2,30900000;Error
-2,30800000;Error
-2,30700000;Error
-2,30600000;Error
-2,30500000;Error
-2,30400000;Error
-2,30300000;Error
-2,30200000;Error
-2,30100000;Error
-2,30000000;Error
-2,29900000;Error
-2,29800000;Error
-2,29700000;Error
-2,29600000;Error
-2,29500000;Error
-2,29400000;Error
-2,29300000;Error
-2,29200000;Error
-2,29100000;Error
-2,29000000;Error
-2,28900000;Error
-2,28800000;Error
-2,28700000;Error
-2,28600000;Error
-2,28500000;Error
-2,28400000;Error
-2,28300000;Error
-2,28200000;Error
-2,28100000;Error
-2,28000000;Error
-2,27900000;Error
-2,27800000;Error
-2,27700000;Error
-2,27600000;Error
-2,27500000;Error
-2,27400000;Error
-2,27300000;Error
-2,27200000;Error
-2,27100000;Error
-2,27000000;Error
-2,26900000;Error
-2,26800000;Error
-2,26700000;Error
-2,26600000;Error
-2,26500000;Error
-2,26400000;Error
-2,26300000;Error
-2,26200000;Error
-2,26100000;Error
-2,26000000;Error
-2,25900000;Error
-2,25800000;Error
-2,25700000;Error
-2,25600000;Error
-2,25500000;Error
-2,25400000;Error
-2,25300000;Error
-2,25200000;Error
-2,25100000;Error
-2,25000000;Error
-2,24900000;Error
-2,24800000;Error
-2,24700000;Error
-2,24600000;Error
-2,24500000;Error
-2,24400000;Error
-2,24300000;Error
-2,24200000;Error
-2,24100000;Error
-2,24000000;Error
-2,23900000;Error
-2,23800000;Error
-2,23700000;Error
-2,23600000;Error
-2,23500000;Error
-2,23400000;Error
-2,23300000;Error
-2,23200000;Error
-2,23100000;Error
-2,23000000;Error
-2,22900000;Error
-2,22800000;Error
-2,22700000;Error
-2,22600000;Error
-2,22500000;Error
-2,22400000;Error
-2,22300000;Error
-2,22200000;Error
-2,22100000;Error
-2,22000000;Error
-2,21900000;Error
-2,21800000;Error
-2,21700000;Error
-2,21600000;Error
-2,21500000;Error
-2,21400000;Error
-2,21300000;Error
-2,21200000;Error
-2,21100000;Error
-2,21000000;Error
-2,20900000;Error
-2,20800000;Error
-2,20700000;Error
-2,20600000;Error
-2,20500000;Error
-2,20400000;Error
-2,20300000;Error
-2,20200000;Error
-2,20100000;Error
-2,20000000;Error
-2,19900000;Error
-2,19800000;Error
-2,19700000;Error
-2,19600000;Error
-2,19500000;Error
-2,19400000;Error
-2,19300000;Error
-2,19200000;Error
-2,19100000;Error
-2,19000000;Error
-2,18900000;Error
-2,18800000;Error
-2,18700000;Error
-2,18600000;Error
-2,18500000;Error
-2,18400000;Error
-2,18300000;Error
-2,18200000;Error
-2,18100000;Error
-2,18000000;Error
-2,17900000;Error
-2,17800000;Error
-2,17700000;Error
-2,17600000;Error
-2,17500000;Error
-2,17400000;Error
-2,17300000;Error
-2,17200000;Error
-2,17100000;Error
-2,17000000;Error
-2,16900000;Error
-2,16800000;Error
-2,16700000;Error
-2,16600000;Error
-2,16500000;Error
-2,16400000;Error
-2,16300000;Error
-2,16200000;Error
-2,16100000;Error
-2,16000000;Error
-2,15900000;Error
-2,15800000;Error
-2,15700000;Error
-2,15600000;Error
-2,15500000;Error
-2,15400000;Error
-2,15300000;Error
-2,15200000;Error
-2,15100000;Error
-2,15000000;Error
-2,14900000;Error
-2,14800000;Error
-2,14700000;Error
-2,14600000;Error
-2,14500000;Error
-2,14400000;Error
-2,14300000;Error
-2,14200000;Error
-2,14100000;Error
-2,14000000;Error
-2,13900000;Error
-2,13800000;Error
-2,13700000;Error
-2,13600000;Error
-2,13500000;Error
-2,13400000;Error
-2,13300000;Error
-2,13200000;Error
-2,13100000;Error
-2,13000000;Error
-2,12900000;Error
-2,12800000;Error
-2,12700000;Error
-2,12600000;Error
-2,12500000;Error
-2,12400000;Error
-2,12300000;Error
-2,12200000;Error
-2,12100000;Error
-2,12000000;Error
-2,11900000;Error
-2,11800000;Error
-2,11700000;Error
-2,11600000;Error
-2,11500000;Error
-2,11400000;Error
-2,11300000;Error
-2,11200000;Error
-2,11100000;Error
-2,11000000;Error
-2,10900000;Error
-2,10800000;Error
-2,10700000;Error
-2,10600000;Error
-2,10500000;Error
-2,10400000;Error
-2,10300000;Error
-2,10200000;Error
-2,10100000;Error
-2,10000000;Error
-2,09900000;Error
-2,09800000;Error
-2,09700000;Error
-2,09600000;Error
-2,09500000;Error
-2,09400000;Error
-2,09300000;Error
-2,09200000;Error
-2,09100000;Error
-2,09000000;Error
-2,08900000;Error
-2,08800000;Error
-2,08700000;Error
-2,08600000;Error
-2,08500000;Error
-2,08400000;Error
-2,08300000;Error
-2,08200000;Error
-2,08100000;Error
-2,08000000;Error
-2,07900000;Error
-2,07800000;Error
-2,07700000;Error
-2,07600000;Error
-2,07500000;Error
-2,07400000;Error
-2,07300000;Error
-2,07200000;Error
-2,07100000;Error
-2,07000000;Error
-2,06900000;Error
-2,06800000;Error
-2,06700000;Error
-2,06600000;Error
-2,06500000;Error
-2,06400000;Error
-2,06300000;Error
-2,06200000;Error
-2,06100000;Error
-2,06000000;Error
-2,05900000;Error
-2,05800000;Error
-2,05700000;Error
-2,05600000;Error
-2,05500000;Error
-2,05400000;Error
-2,05300000;Error
-2,05200000;Error
-2,05100000;Error
-2,05000000;Error
-2,04900000;Error
-2,04800000;Error
-2,04700000;Error
-2,04600000;Error
-2,04500000;Error
-2,04400000;Error
-2,04300000;Error
-2,04200000;Error
-2,04100000;Error
-2,04000000;Error
-2,03900000;Error
-2,03800000;Error
-2,03700000;Error
-2,03600000;Error
-2,03500000;Error
-2,03400000;Error
-2,03300000;Error
-2,03200000;Error
-2,03100000;Error
-2,03000000;Error
-2,02900000;Error
-2,02800000;Error
-2,02700000;Error
-2,02600000;Error
-2,02500000;Error
-2,02400000;Error
-2,02300000;Error
-2,02200000;Error
-2,02100000;Error
-2,02000000;Error
-2,01900000;Error
-2,01800000;Error
-2,01700000;Error
-2,01600000;Error
-2,01500000;Error
-2,01400000;Error
-2,01300000;Error
-2,01200000;Error
-2,01100000;Error
-2,01000000;Error
-2,00900000;Error
-2,00800000;Error
-2,00700000;Error
-2,00600000;Error
-2,00500000;Error
-2,00400000;Error
-2,00300000;Error
-2,00200000;Error
-2,00100000;Error
-2,00000000;Error
-1,99900000;Error
-1,99800000;Error
-1,99700000;Error
-1,99600000;Error
-1,99500000;Error
-1,99400000;Error
-1,99300000;Error
-1,99200000;Error
-1,99100000;Error
-1,99000000;Error
-1,98900000;Error
-1,98800000;Error
-1,98700000;Error
-1,98600000;Error
-1,98500000;Error
-1,98400000;Error
-1,98300000;Error
-1,98200000;Error
-1,98100000;Error
-1,98000000;Error
-1,97900000;Error
-1,97800000;Error
-1,97700000;Error
-1,97600000;Error
-1,97500000;Error
-1,97400000;Error
-1,97300000;Error
-1,97200000;Error
-1,97100000;Error
-1,97000000;Error
-1,96900000;Error
-1,96800000;Error
-1,96700000;Error
-1,96600000;Error
-1,96500000;Error
-1,96400000;Error
-1,96300000;Error
-1,96200000;Error
-1,96100000;Error
-1,96000000;Error
-1,95900000;Error
-1,95800000;Error
-1,95700000;Error
-1,95600000;Error
-1,95500000;Error
-1,95400000;Error
-1,95300000;Error
-1,95200000;Error
-1,95100000;Error
-1,95000000;Error
-1,94900000;Error
-1,94800000;Error
-1,94700000;Error
-1,94600000;Error
-1,94500000;Error
-1,94400000;Error
-1,94300000;Error
-1,94200000;Error
-1,94100000;Error
-1,94000000;Error
-1,93900000;Error
-1,93800000;Error
-1,93700000;Error
-1,93600000;Error
-1,93500000;Error
-1,93400000;Error
-1,93300000;Error
-1,93200000;Error
-1,93100000;Error
-1,93000000;Error
-1,92900000;Error
-1,92800000;Error
-1,92700000;Error
-1,92600000;Error
-1,92500000;Error
-1,92400000;Error
-1,92300000;Error
-1,92200000;Error
-1,92100000;Error
-1,92000000;Error
-1,91900000;Error
-1,91800000;Error
-1,91700000;Error
-1,91600000;Error
-1,91500000;Error
-1,91400000;Error
-1,91300000;Error
-1,91200000;Error
-1,91100000;Error
-1,91000000;Error
-1,90900000;Error
-1,90800000;Error
-1,90700000;Error
-1,90600000;Error
-1,90500000;Error
-1,90400000;Error
-1,90300000;Error
-1,90200000;Error
-1,90100000;Error
-1,90000000;Error
-1,89900000;Error
-1,89800000;Error
-1,89700000;Error
-1,89600000;Error
-1,89500000;Error
-1,89400000;Error
-1,89300000;Error
-1,89200000;Error
-1,89100000;Error
-1,89000000;Error
-1,88900000;Error
-1,88800000;Error
-1,88700000;Error
-1,88600000;Error
-1,88500000;Error
-1,88400000;Error
-1,88300000;Error
-1,88200000;Error
-1,88100000;Error
-1,88000000;Error
-1,87900000;Error
-1,87800000;Error
-1,87700000;Error
-1,87600000;Error
-1,87500000;Error
-1,87400000;Error
-1,87300000;Error
-1,87200000;Error
-1,87100000;Error
-1,87000000;Error
-1,86900000;Error
-1,86800000;Error
-1,86700000;Error
-1,86600000;Error
-1,86500000;Error
-1,86400000;Error
-1,86300000;Error
-1,86200000;Error
-1,86100000;Error
-1,86000000;Error
-1,85900000;Error
-1,85800000;Error
-1,85700000;Error
-1,85600000;Error
-1,85500000;Error
-1,85400000;Error
-1,85300000;Error
-1,85200000;Error
-1,85100000;Error
-1,85000000;Error
-1,84900000;Error
-1,84800000;Error
-1,84700000;Error
-1,84600000;Error
-1,84500000;Error
-1,84400000;Error
-1,84300000;Error
-1,84200000;Error
-1,84100000;Error
-1,84000000;Error
-1,83900000;Error
-1,83800000;Error
-1,83700000;Error
-1,83600000;Error
-1,83500000;Error
-1,83400000;Error
-1,83300000;Error
-1,83200000;Error
-1,83100000;Error
-1,83000000;Error
-1,82900000;Error
-1,82800000;Error
-1,82700000;Error
-1,82600000;Error
-1,82500000;Error
-1,82400000;Error
-1,82300000;Error
-1,82200000;Error
-1,82100000;Error
-1,82000000;Error
-1,81900000;Error
-1,81800000;Error
-1,81700000;Error
-1,81600000;Error
-1,81500000;Error
-1,81400000;Error
-1,81300000;Error
-1,81200000;Error
-1,81100000;Error
-1,81000000;Error
-1,80900000;Error
-1,80800000;Error
-1,80700000;Error
-1,80600000;Error
-1,80500000;Error
-1,80400000;Error
-1,80300000;Error
-1,80200000;Error
-1,80100000;Error
-1,80000000;Error
-1,79900000;Error
-1,79800000;Error
-1,79700000;Error
-1,79600000;Error
-1,79500000;Error
-1,79400000;Error
-1,79300000;Error
-1,79200000;Error
-1,79100000;Error
-1,79000000;Error
-1,78900000;Error
-1,78800000;Error
-1,78700000;Error
-1,78600000;Error
-1,78500000;Error
-1,78400000;Error
-1,78300000;Error
-1,78200000;Error
-1,78100000;Error
-1,78000000;Error
-1,77900000;Error
-1,77800000;Error
-1,77700000;Error
-1,77600000;Error
-1,77500000;Error
-1,77400000;Error
-1,77300000;Error
-1,77200000;Error
-1,77100000;Error
-1,77000000;Error
-1,76900000;Error
-1,76800000;Error
-1,76700000;Error
-1,76600000;Error
-1,76500000;Error
-1,76400000;Error
-1,76300000;Error
-1,76200000;Error
-1,76100000;Error
-1,76000000;Error
-1,75900000;Error
-1,75800000;Error
-1,75700000;Error
-1,75600000;Error
-1,75500000;Error
-1,75400000;Error
-1,75300000;Error
-1,75200000;Error
-1,75100000;Error
-1,75000000;Error
-1,74900000;Error
-1,74800000;Error
-1,74700000;Error
-1,74600000;Error
-1,74500000;Error
-1,74400000;Error
-1,74300000;Error
-1,74200000;Error
-1,74100000;Error
-1,74000000;Error
-1,73900000;Error
-1,73800000;Error
-1,73700000;Error
-1,73600000;Error
-1,73500000;Error
-1,73400000;Error
-1,73300000;Error
-1,73200000;Error
-1,73100000;Error
-1,73000000;Error
-1,72900000;Error
-1,72800000;Error
-1,72700000;Error
-1,72600000;Error
-1,72500000;Error
-1,72400000;Error
-1,72300000;Error
-1,72200000;Error
-1,72100000;Error
-1,72000000;Error
-1,71900000;Error
-1,71800000;Error
-1,71700000;Error
-1,71600000;Error
-1,71500000;Error
-1,71400000;Error
-1,71300000;Error
-1,71200000;Error
-1,71100000;Error
-1,71000000;Error
-1,70900000;Error
-1,70800000;Error
-1,70700000;Error
-1,70600000;Error
-1,70500000;Error
-1,70400000;Error
-1,70300000;Error
-1,70200000;Error
-1,70100000;Error
-1,70000000;Error
-1,69900000;Error
-1,69800000;Error
-1,69700000;Error
-1,69600000;Error
-1,69500000;Error
-1,69400000;Error
-1,69300000;Error
-1,69200000;Error
-1,69100000;Error
-1,69000000;Error
-1,68900000;Error
-1,68800000;Error
-1,68700000;Error
-1,68600000;Error
-1,68500000;Error
-1,68400000;Error
-1,68300000;Error
-1,68200000;Error
-1,68100000;Error
-1,68000000;Error
-1,67900000;Error
-1,67800000;Error
-1,67700000;Error
-1,67600000;Error
-1,67500000;Error
-1,67400000;Error
-1,67300000;Error
-1,67200000;Error
-1,67100000;Error
-1,67000000;Error
-1,66900000;Error
-1,66800000;Error
-1,66700000;Error
-1,66600000;Error
-1,66500000;Error
-1,66400000;Error
-1,66300000;Error
-1,66200000;Error
-1,66100000;Error
-1,66000000;Error
-1,65900000;Error
-1,65800000;Error
-1,65700000;Error
-1,65600000;Error
-1,65500000;Error
-1,65400000;Error
-1,65300000;Error
-1,65200000;Error
-1,65100000;Error
-1,65000000;Error
-1,64900000;Error
-1,64800000;Error
-1,64700000;Error
-1,64600000;Error
-1,64500000;Error
-1,64400000;Error
-1,64300000;Error
-1,64200000;Error
-1,64100000;Error
-1,64000000;Error
-1,63900000;Error
-1,63800000;Error
-1,63700000;Error
-1,63600000;Error
-1,63500000;Error
-1,63400000;Error
-1,63300000;Error
-1,63200000;Error
-1,63100000;Error
-1,63000000;Error
-1,62900000;Error
-1,62800000;Error
-1,62700000;Error
-1,62600000;Error
-1,62500000;Error
-1,62400000;Error
-1,62300000;Error
-1,62200000;Error
-1,62100000;Error
-1,62000000;Error
-1,61900000;Error
-1,61800000;Error
-1,61700000;Error
-1,61600000;Error
-1,61500000;Error
-1,61400000;Error
-1,61300000;Error
-1,61200000;Error
-1,61100000;Error
-1,61000000;Error
-1,60900000;Error
-1,60800000;Error
-1,60700000;Error
-1,60600000;Error
-1,60500000;Error
-1,60400000;Error
-1,60300000;Error
-1,60200000;Error
-1,60100000;Error
-1,60000000;Error
-1,59900000;Error
-1,59800000;Error
-1,59700000;Error
-1,59600000;Error
-1,59500000;Error
-1,59400000;Error
-1,59300000;Error
-1,59200000;Error
-1,59100000;Error
-1,59000000;Error
-1,58900000;Error
-1,58800000;Error
-1,58700000;Error
-1,58600000;Error
-1,58500000;Error
-1,58400000;Error
-1,58300000;Error
-1,58200000;Error
-1,58100000;Error
-1,58000000;Error
-1,57900000;Error
-1,57800000;Error
-1,57700000;Error
-1,57600000;Error
-1,57500000;Error
-1,57400000;Error
-1,57300000;Error
-1,57200000;Error
-1,57100000;Error
-1,57000000;Error
-1,56900000;Error
-1,56800000;Error
-1,56700000;Error
-1,56600000;Error
-1,56500000;Error
-1,56400000;Error
-1,56300000;Error
-1,56200000;Error
-1,56100000;Error
-1,56000000;Error
-1,55900000;Error
-1,55800000;Error
-1,55700000;Error
-1,55600000;Error
-1,55500000;Error
-1,55400000;Error
-1,55300000;Error
-1,55200000;Error
-1,55100000;Error
-1,55000000;Error
-1,54900000;Error
-1,54800000;Error
-1,54700000;Error
-1,54600000;Error
-1,54500000;Error
-1,54400000;Error
-1,54300000;Error
-1,54200000;Error
-1,54100000;Error
-1,54000000;Error
-1,53900000;Error
-1,53800000;Error
-1,53700000;Error
-1,53600000;Error
-1,53500000;Error
-1,53400000;Error
-1,53300000;Error
-1,53200000;Error
-1,53100000;Error
-1,53000000;Error
-1,52900000;Error
-1,52800000;Error
-1,52700000;Error
-1,52600000;Error
-1,52500000;Error
-1,52400000;Error
-1,52300000;Error
-1,52200000;Error
-1,52100000;Error
-1,52000000;Error
-1,51900000;Error
-1,51800000;Error
-1,51700000;Error
-1,51600000;Error
-1,51500000;Error
-1,51400000;Error
-1,51300000;Error
-1,51200000;Error
-1,51100000;Error
-1,51000000;Error
-1,50900000;Error
-1,50800000;Error
-1,50700000;Error
-1,50600000;Error
-1,50500000;Error
-1,50400000;Error
-1,50300000;Error
-1,50200000;Error
-1,50100000;Error
-1,50000000;Error
-1,49900000;Error
-1,49800000;Error
-1,49700000;Error
-1,49600000;Error
-1,49500000;Error
-1,49400000;Error
-1,49300000;Error
-1,49200000;Error
-1,49100000;Error
-1,49000000;Error
-1,48900000;Error
-1,48800000;Error
-1,48700000;Error
-1,48600000;Error
-1,48500000;Error
-1,48400000;Error
-1,48300000;Error
-1,48200000;Error
-1,48100000;Error
-1,48000000;Error
-1,47900000;Error
-1,47800000;Error
-1,47700000;Error
-1,47600000;Error
-1,47500000;Error
-1,47400000;Error
-1,47300000;Error
-1,47200000;Error
-1,47100000;Error
-1,47000000;Error
-1,46900000;Error
-1,46800000;Error
-1,46700000;Error
-1,46600000;Error
-1,46500000;Error
-1,46400000;Error
-1,46300000;Error
-1,46200000;Error
-1,46100000;Error
-1,46000000;Error
-1,45900000;Error
-1,45800000;Error
-1,45700000;Error
-1,45600000;Error
-1,45500000;Error
-1,45400000;Error
-1,45300000;Error
-1,45200000;Error
-1,45100000;Error
-1,45000000;Error
-1,44900000;Error
-1,44800000;Error
-1,44700000;Error
-1,44600000;Error
-1,44500000;Error
-1,44400000;Error
-1,44300000;Error
-1,44200000;Error
-1,44100000;Error
-1,44000000;Error
-1,43900000;Error
-1,43800000;Error
-1,43700000;Error
-1,43600000;Error
-1,43500000;Error
-1,43400000;Error
-1,43300000;Error
-1,43200000;Error
-1,43100000;Error
-1,43000000;Error
-1,42900000;Error
-1,42800000;Error
-1,42700000;Error
-1,42600000;Error
-1,42500000;Error
-1,42400000;Error
-1,42300000;Error
-1,42200000;Error
-1,42100000;Error
-1,42000000;Error
-1,41900000;Error
-1,41800000;Error
-1,41700000;Error
-1,41600000;Error
-1,41500000;Error
-1,41400000;Error
-1,41300000;Error
-1,41200000;Error
-1,41100000;Error
-1,41000000;Error
-1,40900000;Error
-1,40800000;Error
-1,40700000;Error
-1,40600000;Error
-1,40500000;Error
-1,40400000;Error
-1,40300000;Error
-1,40200000;Error
-1,40100000;Error
-1,40000000;Error
-1,39900000;Error
-1,39800000;Error
-1,39700000;Error
-1,39600000;Error
-1,39500000;Error
-1,39400000;Error
-1,39300000;Error
-1,39200000;Error
-1,39100000;Error
-1,39000000;Error
-1,38900000;Error
-1,38800000;Error
-1,38700000;Error
-1,38600000;Error
-1,38500000;Error
-1,38400000;Error
-1,38300000;Error
-1,38200000;Error
-1,38100000;Error
-1,38000000;Error
-1,37900000;Error
-1,37800000;Error
-1,37700000;Error
-1,37600000;Error
-1,37500000;Error
-1,37400000;Error
-1,37300000;Error
-1,37200000;Error
-1,37100000;Error
-1,37000000;Error
-1,36900000;Error
-1,36800000;Error
-1,36700000;Error
-1,36600000;Error
-1,36500000;Error
-1,36400000;Error
-1,36300000;Error
-1,36200000;Error
-1,36100000;Error
-1,36000000;Error
-1,35900000;Error
-1,35800000;Error
-1,35700000;Error
-1,35600000;Error
-1,35500000;Error
-1,35400000;Error
-1,35300000;Error
-1,35200000;Error
-1,35100000;Error
-1,35000000;Error
-1,34900000;Error
-1,34800000;Error
-1,34700000;Error
-1,34600000;Error
-1,34500000;Error
-1,34400000;Error
-1,34300000;Error
-1,34200000;Error
-1,34100000;Error
-1,34000000;Error
-1,33900000;Error
-1,33800000;Error
-1,33700000;Error
-1,33600000;Error
-1,33500000;Error
-1,33400000;Error
-1,33300000;Error
-1,33200000;Error
-1,33100000;Error
-1,33000000;Error
-1,32900000;Error
-1,32800000;Error
-1,32700000;Error
-1,32600000;Error
-1,32500000;Error
-1,32400000;Error
-1,32300000;Error
-1,32200000;Error
-1,32100000;Error
-1,32000000;Error
-1,31900000;Error
-1,31800000;Error
-1,31700000;Error
-1,31600000;Error
-1,31500000;Error
-1,31400000;Error
-1,31300000;Error
-1,31200000;Error
-1,31100000;Error
-1,31000000;Error
-1,30900000;Error
-1,30800000;Error
-1,30700000;Error
-1,30600000;Error
-1,30500000;Error
-1,30400000;Error
-1,30300000;Error
-1,30200000;Error
-1,30100000;Error
-1,30000000;Error
-1,29900000;Error
-1,29800000;Error
-1,29700000;Error
-1,29600000;Error
-1,29500000;Error
-1,29400000;Error
-1,29300000;Error
-1,29200000;Error
-1,29100000;Error
-1,29000000;Error
-1,28900000;Error
-1,28800000;Error
-1,28700000;Error
-1,28600000;Error
-1,28500000;Error
-1,28400000;Error
-1,28300000;Error
-1,28200000;Error
-1,28100000;Error
-1,28000000;Error
-1,27900000;Error
-1,27800000;Error
-1,27700000;Error
-1,27600000;Error
-1,27500000;Error
-1,27400000;Error
-1,27300000;Error
-1,27200000;Error
-1,27100000;Error
-1,27000000;Error
-1,26900000;Error
-1,26800000;Error
-1,26700000;Error
-1,26600000;Error
-1,26500000;Error
-1,26400000;Error
-1,26300000;Error
-1,26200000;Error
-1,26100000;Error
-1,26000000;Error
-1,25900000;Error
-1,25800000;Error
-1,25700000;Error
-1,25600000;Error
-1,25500000;Error
-1,25400000;Error
-1,25300000;Error
-1,25200000;Error
-1,25100000;Error
-1,25000000;Error
-1,24900000;Error
-1,24800000;Error
-1,24700000;Error
-1,24600000;Error
-1,24500000;Error
-1,24400000;Error
-1,24300000;Error
-1,24200000;Error
-1,24100000;Error
-1,24000000;Error
-1,23900000;Error
-1,23800000;Error
-1,23700000;Error
-1,23600000;Error
-1,23500000;Error
-1,23400000;Error
-1,23300000;Error
-1,23200000;Error
-1,23100000;Error
-1,23000000;Error
-1,22900000;Error
-1,22800000;Error
-1,22700000;Error
-1,22600000;Error
-1,22500000;Error
-1,22400000;Error
-1,22300000;Error
-1,22200000;Error
-1,22100000;Error
-1,22000000;Error
-1,21900000;Error
-1,21800000;Error
-1,21700000;Error
-1,21600000;Error
-1,21500000;Error
-1,21400000;Error
-1,21300000;Error
-1,21200000;Error
-1,21100000;Error
-1,21000000;Error
-1,20900000;Error
-1,20800000;Error
-1,20700000;Error
-1,20600000;Error
-1,20500000;Error
-1,20400000;Error
-1,20300000;Error
-1,20200000;Error
-1,20100000;Error
-1,20000000;Error
-1,19900000;Error
-1,19800000;Error
-1,19700000;Error
-1,19600000;Error
-1,19500000;Error
-1,19400000;Error
-1,19300000;Error
-1,19200000;Error
-1,19100000;Error
-1,19000000;Error
-1,18900000;Error
-1,18800000;Error
-1,18700000;Error
-1,18600000;Error
-1,18500000;Error
-1,18400000;Error
-1,18300000;Error
-1,18200000;Error
-1,18100000;Error
-1,18000000;Error
-1,17900000;Error
-1,17800000;Error
-1,17700000;Error
-1,17600000;Error
-1,17500000;Error
-1,17400000;Error
-1,17300000;Error
-1,17200000;Error
-1,17100000;Error
-1,17000000;Error
-1,16900000;Error
-1,16800000;Error
-1,16700000;Error
-1,16600000;Error
-1,16500000;Error
-1,16400000;Error
-1,16300000;Error
-1,16200000;Error
-1,16100000;Error
-1,16000000;Error
-1,15900000;Error
-1,15800000;Error
-1,15700000;Error
-1,15600000;Error
-1,15500000;Error
-1,15400000;Error
-1,15300000;Error
-1,15200000;Error
-1,15100000;Error
-1,15000000;Error
-1,14900000;Error
-1,14800000;Error
-1,14700000;Error
-1,14600000;Error
-1,14500000;Error
-1,14400000;Error
-1,14300000;Error
-1,14200000;Error
-1,14100000;Error
-1,14000000;Error
-1,13900000;Error
-1,13800000;Error
-1,13700000;Error
-1,13600000;Error
-1,13500000;Error
-1,13400000;Error
-1,13300000;Error
-1,13200000;Error
-1,13100000;Error
-1,13000000;Error
-1,12900000;Error
-1,12800000;Error
-1,12700000;Error
-1,12600000;Error
-1,12500000;Error
-1,12400000;Error
-1,12300000;Error
-1,12200000;Error
-1,12100000;Error
-1,12000000;Error
-1,11900000;Error
-1,11800000;Error
-1,11700000;Error
-1,11600000;Error
-1,11500000;Error
-1,11400000;Error
-1,11300000;Error
-1,11200000;Error
-1,11100000;Error
-1,11000000;Error
-1,10900000;Error
-1,10800000;Error
-1,10700000;Error
-1,10600000;Error
-1,10500000;Error
-1,10400000;Error
-1,10300000;Error
-1,10200000;Error
-1,10100000;Error
-1,10000000;Error
-1,09900000;Error
-1,09800000;Error
-1,09700000;Error
-1,09600000;Error
-1,09500000;Error
-1,09400000;Error
-1,09300000;Error
-1,09200000;Error
-1,09100000;Error
-1,09000000;Error
-1,08900000;Error
-1,08800000;Error
-1,08700000;Error
-1,08600000;Error
-1,08500000;Error
-1,08400000;Error
-1,08300000;Error
-1,08200000;Error
-1,08100000;Error
-1,08000000;Error
-1,07900000;Error
-1,07800000;Error
-1,07700000;Error
-1,07600000;Error
-1,07500000;Error
-1,07400000;Error
-1,07300000;Error
-1,07200000;Error
-1,07100000;Error
-1,07000000;Error
-1,06900000;Error
-1,06800000;Error
-1,06700000;Error
-1,06600000;Error
-1,06500000;Error
-1,06400000;Error
-1,06300000;Error
-1,06200000;Error
-1,06100000;Error
-1,06000000;Error
-1,05900000;Error
-1,05800000;Error
-1,05700000;Error
-1,05600000;Error
-1,05500000;Error
-1,05400000;Error
-1,05300000;Error
-1,05200000;Error
-1,05100000;Error
-1,05000000;Error
-1,04900000;Error
-1,04800000;Error
-1,04700000;Error
-1,04600000;Error
-1,04500000;Error
-1,04400000;Error
-1,04300000;Error
-1,04200000;Error
-1,04100000;Error
-1,04000000;Error
-1,03900000;Error
-1,03800000;Error
-1,03700000;Error
-1,03600000;Error
-1,03500000;Error
-1,03400000;Error
-1,03300000;Error
-1,03200000;Error
-1,03100000;Error
-1,03000000;Error
-1,02900000;Error
-1,02800000;Error
-1,02700000;Error
-1,02600000;Error
-1,02500000;Error
-1,02400000;Error
-1,02300000;Error
-1,02200000;Error
-1,02100000;Error
-1,02000000;Error
-1,01900000;Error
-1,01800000;Error
-1,01700000;Error
-1,01600000;Error
-1,01500000;Error
-1,01400000;Error
-1,01300000;Error
-1,01200000;Error
-1,01100000;Error
-1,01000000;Error
-1,00900000;Error
-1,00800000;Error
-1,00700000;Error
-1,00600000;Error
-1,00500000;Error
-1,00400000;Error
-1,00300000;Error
-1,00200000;Error
-1,00100000;Error
-1,00000000;Error
-0,99900000;Error
-0,99800000;Error
-0,99700000;Error
-0,99600000;Error
-0,99500000;Error
-0,99400000;Error
-0,99300000;Error
-0,99200000;Error
-0,99100000;Error
-0,99000000;Error
-0,98900000;Error
-0,98800000;Error
-0,98700000;Error
-0,98600000;Error
-0,98500000;Error
-0,98400000;Error
-0,98300000;Error
-0,98200000;Error
-0,98100000;Error
-0,98000000;Error
-0,97900000;Error
-0,97800000;Error
-0,97700000;Error
-0,97600000;Error
-0,97500000;Error
-0,97400000;Error
-0,97300000;Error
-0,97200000;Error
-0,97100000;Error
-0,97000000;Error
-0,96900000;Error
-0,96800000;Error
-0,96700000;Error
-0,96600000;Error
-0,96500000;Error
-0,96400000;Error
-0,96300000;Error
-0,96200000;Error
-0,96100000;Error
-0,96000000;Error
-0,95900000;Error
-0,95800000;Error
-0,95700000;Error
-0,95600000;Error
-0,95500000;Error
-0,95400000;Error
-0,95300000;Error
-0,95200000;Error
-0,95100000;Error
-0,95000000;Error
-0,94900000;Error
-0,94800000;Error
-0,94700000;Error
-0,94600000;Error
-0,94500000;Error
-0,94400000;Error
-0,94300000;Error
-0,94200000;Error
-0,94100000;Error
-0,94000000;Error
-0,93900000;Error
-0,93800000;Error
-0,93700000;Error
-0,93600000;Error
-0,93500000;Error
-0,93400000;Error
-0,93300000;Error
-0,93200000;Error
-0,93100000;Error
-0,93000000;Error
-0,92900000;Error
-0,92800000;Error
-0,92700000;Error
-0,92600000;Error
-0,92500000;Error
-0,92400000;Error
-0,92300000;Error
-0,92200000;Error
-0,92100000;Error
-0,92000000;Error
-0,91900000;Error
-0,91800000;Error
-0,91700000;Error
-0,91600000;Error
-0,91500000;Error
-0,91400000;Error
-0,91300000;Error
-0,91200000;Error
-0,91100000;Error
-0,91000000;Error
-0,90900000;Error
-0,90800000;Error
-0,90700000;Error
-0,90600000;Error
-0,90500000;Error
-0,90400000;Error
-0,90300000;Error
-0,90200000;Error
-0,90100000;Error
-0,90000000;Error
-0,89900000;Error
-0,89800000;Error
-0,89700000;Error
-0,89600000;Error
-0,89500000;Error
-0,89400000;Error
-0,89300000;Error
-0,89200000;Error
-0,89100000;Error
-0,89000000;Error
-0,88900000;Error
-0,88800000;Error
-0,88700000;Error
-0,88600000;Error
-0,88500000;Error
-0,88400000;Error
-0,88300000;Error
-0,88200000;Error
-0,88100000;Error
-0,88000000;Error
-0,87900000;Error
-0,87800000;Error
-0,87700000;Error
-0,87600000;Error
-0,87500000;Error
-0,87400000;Error
-0,87300000;Error
-0,87200000;Error
-0,87100000;Error
-0,87000000;Error
-0,86900000;Error
-0,86800000;Error
-0,86700000;Error
-0,86600000;Error
-0,86500000;Error
-0,86400000;Error
-0,86300000;Error
-0,86200000;Error
-0,86100000;Error
-0,86000000;Error
-0,85900000;Error
-0,85800000;Error
-0,85700000;Error
-0,85600000;Error
-0,85500000;Error
-0,85400000;Error
-0,85300000;Error
-0,85200000;Error
-0,85100000;Error
-0,85000000;Error
-0,84900000;Error
-0,84800000;Error
-0,84700000;Error
-0,84600000;Error
-0,84500000;Error
-0,84400000;Error
-0,84300000;Error
-0,84200000;Error
-0,84100000;Error
-0,84000000;Error
-0,83900000;Error
-0,83800000;Error
-0,83700000;Error
-0,83600000;Error
-0,83500000;Error
-0,83400000;Error
-0,83300000;Error
-0,83200000;Error
-0,83100000;Error
-0,83000000;Error
-0,82900000;Error
-0,82800000;Error
-0,82700000;Error
-0,82600000;Error
-0,82500000;Error
-0,82400000;Error
-0,82300000;Error
-0,82200000;Error
-0,82100000;Error
-0,82000000;Error
-0,81900000;Error
-0,81800000;Error
-0,81700000;Error
-0,81600000;Error
-0,81500000;Error
-0,81400000;Error
-0,81300000;Error
-0,81200000;Error
-0,81100000;Error
-0,81000000;Error
-0,80900000;Error
-0,80800000;Error
-0,80700000;Error
-0,80600000;Error
-0,80500000;Error
-0,80400000;Error
-0,80300000;Error
-0,80200000;Error
-0,80100000;Error
-0,80000000;Error
-0,79900000;Error
-0,79800000;Error
-0,79700000;Error
-0,79600000;Error
-0,79500000;Error
-0,79400000;Error
-0,79300000;Error
-0,79200000;Error
-0,79100000;Error
-0,79000000;Error
-0,78900000;Error
-0,78800000;Error
-0,78700000;Error
-0,78600000;Error
-0,78500000;Error
-0,78400000;Error
-0,78300000;Error
-0,78200000;Error
-0,78100000;Error
-0,78000000;Error
-0,77900000;Error
-0,77800000;Error
-0,77700000;Error
-0,77600000;Error
-0,77500000;Error
-0,77400000;Error
-0,77300000;Error
-0,77200000;Error
-0,77100000;Error
-0,77000000;Error
-0,76900000;Error
-0,76800000;Error
-0,76700000;Error
-0,76600000;Error
-0,76500000;Error
-0,76400000;Error
-0,76300000;Error
-0,76200000;Error
-0,76100000;Error
-0,76000000;Error
-0,75900000;Error
-0,75800000;Error
-0,75700000;Error
-0,75600000;Error
-0,75500000;Error
-0,75400000;Error
-0,75300000;Error
-0,75200000;Error
-0,75100000;Error
-0,75000000;Error
-0,74900000;Error
-0,74800000;Error
-0,74700000;Error
-0,74600000;Error
-0,74500000;Error
-0,74400000;Error
-0,74300000;Error
-0,74200000;Error
-0,74100000;Error
-0,74000000;Error
-0,73900000;Error
-0,73800000;Error
-0,73700000;Error
-0,73600000;Error
-0,73500000;Error
-0,73400000;Error
-0,73300000;Error
-0,73200000;Error
-0,73100000;Error
-0,73000000;Error
-0,72900000;Error
-0,72800000;Error
-0,72700000;Error
-0,72600000;Error
-0,72500000;Error
-0,72400000;Error
-0,72300000;Error
-0,72200000;Error
-0,72100000;Error
-0,72000000;Error
-0,71900000;Error
-0,71800000;Error
-0,71700000;Error
-0,71600000;Error
-0,71500000;Error
-0,71400000;Error
-0,71300000;Error
-0,71200000;Error
-0,71100000;Error
-0,71000000;Error
-0,70900000;Error
-0,70800000;Error
-0,70700000;Error
-0,70600000;Error
-0,70500000;Error
-0,70400000;Error
-0,70300000;Error
-0,70200000;Error
-0,70100000;Error
-0,70000000;Error
-0,69900000;Error
-0,69800000;Error
-0,69700000;Error
-0,69600000;Error
-0,69500000;Error
-0,69400000;Error
-0,69300000;Error
-0,69200000;Error
-0,69100000;Error
-0,69000000;Error
-0,68900000;Error
-0,68800000;Error
-0,68700000;Error
-0,68600000;Error
-0,68500000;Error
-0,68400000;Error
-0,68300000;Error
-0,68200000;Error
-0,68100000;Error
-0,68000000;Error
-0,67900000;Error
-0,67800000;Error
-0,67700000;Error
-0,67600000;Error
-0,67500000;Error
-0,67400000;Error
-0,67300000;Error
-0,67200000;Error
-0,67100000;Error
-0,67000000;Error
-0,66900000;Error
-0,66800000;Error
-0,66700000;Error
-0,66600000;Error
-0,66500000;Error
-0,66400000;Error
-0,66300000;Error
-0,66200000;Error
-0,66100000;Error
-0,66000000;Error
-0,65900000;Error
-0,65800000;Error
-0,65700000;Error
-0,65600000;Error
-0,65500000;Error
-0,65400000;Error
-0,65300000;Error
-0,65200000;Error
-0,65100000;Error
-0,65000000;Error
-0,64900000;Error
-0,64800000;Error
-0,64700000;Error
-0,64600000;Error
-0,64500000;Error
-0,64400000;Error
-0,64300000;Error
-0,64200000;Error
-0,64100000;Error
-0,64000000;Error
-0,63900000;Error
-0,63800000;Error
-0,63700000;Error
-0,63600000;Error
-0,63500000;Error
-0,63400000;Error
-0,63300000;Error
-0,63200000;Error
-0,63100000;Error
-0,63000000;Error
-0,62900000;Error
-0,62800000;Error
-0,62700000;Error
-0,62600000;Error
-0,62500000;Error
-0,62400000;Error
-0,62300000;Error
-0,62200000;Error
-0,62100000;Error
-0,62000000;Error
-0,61900000;Error
-0,61800000;Error
-0,61700000;Error
-0,61600000;Error
-0,61500000;Error
-0,61400000;Error
-0,61300000;Error
-0,61200000;Error
-0,61100000;Error
-0,61000000;Error
-0,60900000;Error
-0,60800000;Error
-0,60700000;Error
-0,60600000;Error
-0,60500000;Error
-0,60400000;Error
-0,60300000;Error
-0,60200000;Error
-0,60100000;Error
-0,60000000;Error
-0,59900000;Error
-0,59800000;Error
-0,59700000;Error
-0,59600000;Error
-0,59500000;Error
-0,59400000;Error
-0,59300000;Error
-0,59200000;Error
-0,59100000;Error
-0,59000000;Error
-0,58900000;Error
-0,58800000;Error
-0,58700000;Error
-0,58600000;Error
-0,58500000;Error
-0,58400000;Error
-0,58300000;Error
-0,58200000;Error
-0,58100000;Error
-0,58000000;Error
-0,57900000;Error
-0,57800000;Error
-0,57700000;Error
-0,57600000;Error
-0,57500000;Error
-0,57400000;Error
-0,57300000;Error
-0,57200000;Error
-0,57100000;Error
-0,57000000;Error
-0,56900000;Error
-0,56800000;Error
-0,56700000;Error
-0,56600000;Error
-0,56500000;Error
-0,56400000;Error
-0,56300000;Error
-0,56200000;Error
-0,56100000;Error
-0,56000000;Error
-0,55900000;Error
-0,55800000;Error
-0,55700000;Error
-0,55600000;Error
-0,55500000;Error
-0,55400000;Error
-0,55300000;Error
-0,55200000;Error
-0,55100000;Error
-0,55000000;Error
-0,54900000;Error
-0,54800000;Error
-0,54700000;Error
-0,54600000;Error
-0,54500000;Error
-0,54400000;Error
-0,54300000;Error
-0,54200000;Error
-0,54100000;Error
-0,54000000;Error
-0,53900000;Error
-0,53800000;Error
-0,53700000;Error
-0,53600000;Error
-0,53500000;Error
-0,53400000;Error
-0,53300000;Error
-0,53200000;Error
-0,53100000;Error
-0,53000000;Error
-0,52900000;Error
-0,52800000;Error
-0,52700000;Error
-0,52600000;Error
-0,52500000;Error
-0,52400000;Error
-0,52300000;Error
-0,52200000;Error
-0,52100000;Error
-0,52000000;Error
-0,51900000;Error
-0,51800000;Error
-0,51700000;Error
-0,51600000;Error
-0,51500000;Error
-0,51400000;Error
-0,51300000;Error
-0,51200000;Error
-0,51100000;Error
-0,51000000;Error
-0,50900000;Error
-0,50800000;Error
-0,50700000;Error
-0,50600000;Error
-0,50500000;Error
-0,50400000;Error
-0,50300000;Error
-0,50200000;Error
-0,50100000;Error
-0,50000000;Error
-0,49900000;Error
-0,49800000;Error
-0,49700000;Error
-0,49600000;Error
-0,49500000;Error
-0,49400000;Error
-0,49300000;Error
-0,49200000;Error
-0,49100000;Error
-0,49000000;Error
-0,48900000;Error
-0,48800000;Error
-0,48700000;Error
-0,48600000;Error
-0,48500000;Error
-0,48400000;Error
-0,48300000;Error
-0,48200000;Error
-0,48100000;Error
-0,48000000;Error
-0,47900000;Error
-0,47800000;Error
-0,47700000;Error
-0,47600000;Error
-0,47500000;Error
-0,47400000;Error
-0,47300000;Error
-0,47200000;Error
-0,47100000;Error
-0,47000000;Error
-0,46900000;Error
-0,46800000;Error
-0,46700000;Error
-0,46600000;Error
-0,46500000;Error
-0,46400000;Error
-0,46300000;Error
-0,46200000;Error
-0,46100000;Error
-0,46000000;Error
-0,45900000;Error
-0,45800000;Error
-0,45700000;Error
-0,45600000;Error
-0,45500000;Error
-0,45400000;Error
-0,45300000;Error
-0,45200000;Error
-0,45100000;Error
-0,45000000;Error
-0,44900000;Error
-0,44800000;Error
-0,44700000;Error
-0,44600000;Error
-0,44500000;Error
-0,44400000;Error
-0,44300000;Error
-0,44200000;Error
-0,44100000;Error
-0,44000000;Error
-0,43900000;Error
-0,43800000;Error
-0,43700000;Error
-0,43600000;Error
-0,43500000;Error
-0,43400000;Error
-0,43300000;Error
-0,43200000;Error
-0,43100000;Error
-0,43000000;Error
-0,42900000;Error
-0,42800000;Error
-0,42700000;Error
-0,42600000;Error
-0,42500000;Error
-0,42400000;Error
-0,42300000;Error
-0,42200000;Error
-0,42100000;Error
-0,42000000;Error
-0,41900000;Error
-0,41800000;Error
-0,41700000;Error
-0,41600000;Error
-0,41500000;Error
-0,41400000;Error
-0,41300000;Error
-0,41200000;Error
-0,41100000;Error
-0,41000000;Error
-0,40900000;Error
-0,40800000;Error
-0,40700000;Error
-0,40600000;Error
-0,40500000;Error
-0,40400000;Error
-0,40300000;Error
-0,40200000;Error
-0,40100000;Error
-0,40000000;Error
-0,39900000;Error
-0,39800000;Error
-0,39700000;Error
-0,39600000;Error
-0,39500000;Error
-0,39400000;Error
-0,39300000;Error
-0,39200000;Error
-0,39100000;Error
-0,39000000;Error
-0,38900000;Error
-0,38800000;Error
-0,38700000;Error
-0,38600000;Error
-0,38500000;Error
-0,38400000;Error
-0,38300000;Error
-0,38200000;Error
-0,38100000;Error
-0,38000000;Error
-0,37900000;Error
-0,37800000;Error
-0,37700000;Error
-0,37600000;Error
-0,37500000;Error
-0,37400000;Error
-0,37300000;Error
-0,37200000;Error
-0,37100000;Error
-0,37000000;Error
-0,36900000;Error
-0,36800000;Error
-0,36700000;Error
-0,36600000;Error
-0,36500000;Error
-0,36400000;Error
-0,36300000;Error
-0,36200000;Error
-0,36100000;Error
-0,36000000;Error
-0,35900000;Error
-0,35800000;Error
-0,35700000;Error
-0,35600000;Error
-0,35500000;Error
-0,35400000;Error
-0,35300000;Error
-0,35200000;Error
-0,35100000;Error
-0,35000000;Error
-0,34900000;Error
-0,34800000;Error
-0,34700000;Error
-0,34600000;Error
-0,34500000;Error
-0,34400000;Error
-0,34300000;Error
-0,34200000;Error
-0,34100000;Error
-0,34000000;Error
-0,33900000;Error
-0,33800000;Error
-0,33700000;Error
-0,33600000;Error
-0,33500000;Error
-0,33400000;Error
-0,33300000;Error
-0,33200000;Error
-0,33100000;Error
-0,33000000;Error
-0,32900000;Error
-0,32800000;Error
-0,32700000;Error
-0,32600000;Error
-0,32500000;Error
-0,32400000;Error
-0,32300000;Error
-0,32200000;Error
-0,32100000;Error
-0,32000000;Error
-0,31900000;Error
-0,31800000;Error
-0,31700000;Error
-0,31600000;Error
-0,31500000;Error
-0,31400000;Error
-0,31300000;Error
-0,31200000;Error
-0,31100000;Error
-0,31000000;Error
-0,30900000;Error
-0,30800000;Error
-0,30700000;Error
-0,30600000;Error
-0,30500000;Error
-0,30400000;Error
-0,30300000;Error
-0,30200000;Error
-0,30100000;Error
-0,30000000;Error
-0,29900000;Error
-0,29800000;Error
-0,29700000;Error
-0,29600000;Error
-0,29500000;Error
-0,29400000;Error
-0,29300000;Error
-0,29200000;Error
-0,29100000;Error
-0,29000000;Error
-0,28900000;Error
-0,28800000;Error
-0,28700000;Error
-0,28600000;Error
-0,28500000;Error
-0,28400000;Error
-0,28300000;Error
-0,28200000;Error
-0,28100000;Error
-0,28000000;Error
-0,27900000;Error
-0,27800000;Error
-0,27700000;Error
-0,27600000;Error
-0,27500000;Error
-0,27400000;Error
-0,27300000;Error
-0,27200000;Error
-0,27100000;Error
-0,27000000;Error
-0,26900000;Error
-0,26800000;Error
-0,26700000;Error
-0,26600000;Error
-0,26500000;Error
-0,26400000;Error
-0,26300000;Error
-0,26200000;Error
-0,26100000;Error
-0,26000000;Error
-0,25900000;Error
-0,25800000;Error
-0,25700000;Error
-0,25600000;Error
-0,25500000;Error
-0,25400000;Error
-0,25300000;Error
-0,25200000;Error
-0,25100000;Error
-0,25000000;Error
-0,24900000;Error
-0,24800000;Error
-0,24700000;Error
-0,24600000;Error
-0,24500000;Error
-0,24400000;Error
-0,24300000;Error
-0,24200000;Error
-0,24100000;Error
-0,24000000;Error
-0,23900000;Error
-0,23800000;Error
-0,23700000;Error
-0,23600000;Error
-0,23500000;Error
-0,23400000;Error
-0,23300000;Error
-0,23200000;Error
-0,23100000;Error
-0,23000000;Error
-0,22900000;Error
-0,22800000;Error
-0,22700000;Error
-0,22600000;Error
-0,22500000;Error
-0,22400000;Error
-0,22300000;Error
-0,22200000;Error
-0,22100000;Error
-0,22000000;Error
-0,21900000;Error
-0,21800000;Error
-0,21700000;Error
-0,21600000;Error
-0,21500000;Error
-0,21400000;Error
-0,21300000;Error
-0,21200000;Error
-0,21100000;Error
-0,21000000;Error
-0,20900000;Error
-0,20800000;Error
-0,20700000;Error
-0,20600000;Error
-0,20500000;Error
-0,20400000;Error
-0,20300000;Error
-0,20200000;Error
-0,20100000;Error
-0,20000000;Error
-0,19900000;Error
-0,19800000;Error
-0,19700000;Error
-0,19600000;Error
-0,19500000;Error
-0,19400000;Error
-0,19300000;Error
-0,19200000;Error
-0,19100000;Error
-0,19000000;Error
-0,18900000;Error
-0,18800000;Error
-0,18700000;Error
-0,18600000;Error
-0,18500000;Error
-0,18400000;Error
-0,18300000;Error
-0,18200000;Error
-0,18100000;Error
-0,18000000;Error
-0,17900000;Error
-0,17800000;Error
-0,17700000;Error
-0,17600000;Error
-0,17500000;Error
-0,17400000;Error
-0,17300000;Error
-0,17200000;Error
-0,17100000;Error
-0,17000000;Error
-0,16900000;Error
-0,16800000;Error
-0,16700000;Error
-0,16600000;Error
-0,16500000;Error
-0,16400000;Error
-0,16300000;Error
-0,16200000;Error
-0,16100000;Error
-0,16000000;Error
-0,15900000;Error
-0,15800000;Error
-0,15700000;Error
-0,15600000;Error
-0,15500000;Error
-0,15400000;Error
-0,15300000;Error
-0,15200000;Error
-0,15100000;Error
-0,15000000;Error
-0,14900000;Error
-0,14800000;Error
-0,14700000;Error
-0,14600000;Error
-0,14500000;Error
-0,14400000;Error
-0,14300000;Error
-0,14200000;Error
-0,14100000;Error
-0,14000000;Error
-0,13900000;Error
-0,13800000;Error
-0,13700000;Error
-0,13600000;Error
-0,13500000;Error
-0,13400000;Error
-0,13300000;Error
-0,13200000;Error
-0,13100000;Error
-0,13000000;Error
-0,12900000;Error
-0,12800000;Error
-0,12700000;Error
-0,12600000;Error
-0,12500000;Error
-0,12400000;Error
-0,12300000;Error
-0,12200000;Error
-0,12100000;Error
-0,12000000;Error
-0,11900000;Error
-0,11800000;Error
-0,11700000;Error
-0,11600000;Error
-0,11500000;Error
-0,11400000;Error
-0,11300000;Error
-0,11200000;Error
-0,11100000;Error
-0,11000000;Error
-0,10900000;Error
-0,10800000;Error
-0,10700000;Error
-0,10600000;Error
-0,10500000;Error
-0,10400000;Error
-0,10300000;Error
-0,10200000;Error
-0,10100000;Error
-0,10000000;Error
-0,09900000;Error
-0,09800000;Error
-0,09700000;Error
-0,09600000;Error
-0,09500000;Error
-0,09400000;Error
-0,09300000;Error
-0,09200000;Error
-0,09100000;Error
-0,09000000;Error
-0,08900000;Error
-0,08800000;Error
-0,08700000;Error
-0,08600000;Error
-0,08500000;Error
-0,08400000;Error
-0,08300000;Error
-0,08200000;Error
-0,08100000;Error
-0,08000000;Error
-0,07900000;Error
-0,07800000;Error
-0,07700000;Error
-0,07600000;Error
-0,07500000;Error
-0,07400000;Error
-0,07300000;Error
-0,07200000;Error
-0,07100000;Error
-0,07000000;Error
-0,06900000;Error
-0,06800000;Error
-0,06700000;Error
-0,06600000;Error
-0,06500000;Error
-0,06400000;Error
-0,06300000;Error
-0,06200000;Error
-0,06100000;Error
-0,06000000;Error
-0,05900000;Error
-0,05800000;Error
-0,05700000;Error
-0,05600000;Error
-0,05500000;Error
-0,05400000;Error
-0,05300000;Error
-0,05200000;Error
-0,05100000;Error
-0,05000000;Error
-0,04900000;Error
-0,04800000;Error
-0,04700000;Error
-0,04600000;Error
-0,04500000;Error
-0,04400000;Error
-0,04300000;Error
-0,04200000;Error
-0,04100000;Error
-0,04000000;Error
-0,03900000;Error
-0,03800000;Error
-0,03700000;Error
-0,03600000;Error
-0,03500000;Error
-0,03400000;Error
-0,03300000;Error
-0,03200000;Error
-0,03100000;Error
-0,03000000;Error
-0,02900000;Error
-0,02800000;Error
-0,02700000;Error
-0,02600000;Error
-0,02500000;Error
-0,02400000;Error
-0,02300000;Error
-0,02200000;Error
-0,02100000;Error
-0,02000000;Error
-0,01900000;Error
-0,01800000;Error
-0,01700000;Error
-0,01600000;Error
-0,01500000;Error
-0,01400000;Error
-0,01300000;Error
-0,01200000;Error
-0,01100000;Error
-0,01000000;Error
-0,00900000;Error
-0,00800000;Error
-0,00700000;Error
-0,00600000;Error
-0,00500000;Error
-0,00400000;Error
-0,00300000;Error
-0,00200000;Error
-0,00100000;Error
-0,00000000;Error
0,00100000;-9,96578449
0,00200000;-8,96578433
0,00300000;-8,38082175
0,00400000;-7,96578419
0,00500000;-7,64385606
0,00600000;-7,38082161
0,00700000;-7,15842915
0,00800000;-6,96578404
0,00900000;-6,79585904
0,01000000;-6,64385590
0,01100000;-6,50635235
0,01200000;-6,38082149
0,01300000;-6,26534421
0,01400000;-6,15842904
0,01500000;-6,05889331
0,01600000;-5,96578388
0,01700000;-5,87832107
0,01800000;-5,79585893
0,01900000;-5,71785634
0,02000000;-5,64385581
0,02100000;-5,57346645
0,02200000;-5,50635226
0,02300000;-5,44222187
0,02400000;-5,38082134
0,02500000;-5,32192761
0,02600000;-5,26534413
0,02700000;-5,21089635
0,02800000;-5,15842889
0,02900000;-5,10780289
0,03000000;-5,05889316
0,03100000;-5,01158745
0,03200000;-4,96578373
0,03300000;-4,92138973
0,03400000;-4,87832093
0,03500000;-4,83650082
0,03600000;-4,79585869
0,03700000;-4,75633034
0,03800000;-4,71785620
0,03900000;-4,68038147
0,04000000;-4,64385576
0,04100000;-4,60823180
0,04200000;-4,57346630
0,04300000;-4,53951909
0,04400000;-4,50635212
0,04500000;-4,47393074
0,04600000;-4,44222173
0,04700000;-4,41119491
0,04800000;-4,38082132
0,04900000;-4,35107377
0,05000000;-4,32192747
0,05100000;-4,29335834
0,05200000;-4,26534399
0,05300000;-4,23786326
0,05400000;-4,21089621
0,05500000;-4,18442398
0,05600000;-4,15842875
0,05700000;-4,13289362
0,05800000;-4,10780259
0,05900000;-4,08314079
0,06000000;-4,05889318
0,06100000;-4,03504637
0,06200000;-4,01158732
0,06300000;-3,98850393
0,06400000;-3,96578377
0,06500000;-3,94341585
0,06600000;-3,92138975
0,06700000;-3,89969457
0,06800000;-3,87832079
0,06900000;-3,85725938
0,07000000;-3,83650069
0,07100000;-3,81603642
0,07200000;-3,79585875
0,07300000;-3,77595901
0,07400000;-3,75633041
0,07500000;-3,73696490
0,07600000;-3,71785626
0,07700000;-3,69899704
0,07800000;-3,68038155
0,07900000;-3,66200280
0,08000000;-3,64385564
0,08100000;-3,62593389
0,08200000;-3,60823167
0,08300000;-3,59074441
0,08400000;-3,57346618
0,08500000;-3,55639283
0,08600000;-3,53951874
0,08700000;-3,52284018
0,08800000;-3,50635221
0,08900000;-3,49005012
0,09000000;-3,47393062
0,09100000;-3,45798922
0,09200000;-3,44222161
0,09300000;-3,42662491
0,09400000;-3,41119501
0,09500000;-3,39592795
0,09600000;-3,38082121
0,09700000;-3,36587100
0,09800000;-3,35107366
0,09900000;-3,33642704
0,10000000;-3,32192760
0,10100000;-3,30757243
0,10200000;-3,29335824
0,10300000;-3,27928319
0,10400000;-3,26534412
0,10500000;-3,25153794
0,10600000;-3,23786315
0,10700000;-3,22431675
0,10800000;-3,21089635
0,10900000;-3,19759913
0,11000000;-3,18442388
0,11100000;-3,17136785
0,11200000;-3,15842891
0,11300000;-3,14560497
0,11400000;-3,13289352
0,11500000;-3,12029361
0,11600000;-3,10780278
0,11700000;-3,09541916
0,11800000;-3,08314039
0,11900000;-3,07096580
0,12000000;-3,05889309
0,12100000;-3,04692055
0,12200000;-3,03504655
0,12300000;-3,02326891
0,12400000;-3,01158723
0,12500000;-2,99999937
0,12600000;-2,98850384
0,12700000;-2,97709917
0,12800000;-2,96578394
0,12900000;-2,95455621
0,13000000;-2,94341577
0,13100000;-2,93236069
0,13200000;-2,92138966
0,13300000;-2,91050143
0,13400000;-2,89969476
0,13500000;-2,88896785
0,13600000;-2,87832072
0,13700000;-2,86775158
0,13800000;-2,85725930
0,13900000;-2,84684277
0,14000000;-2,83650090
0,14100000;-2,82623201
0,14200000;-2,81603636
0,14300000;-2,80591225
0,14400000;-2,79585868
0,14500000;-2,78587467
0,14600000;-2,77595928
0,14700000;-2,76611157
0,14800000;-2,75633062
0,14900000;-2,74661491
0,15000000;-2,73696484
0,15100000;-2,72737889
0,15200000;-2,71785620
0,15300000;-2,70839595
0,15400000;-2,69899732
0,15500000;-2,68965952
0,15600000;-2,68038177
0,15700000;-2,67116266
0,15800000;-2,66200276
0,15900000;-2,65290064
0,16000000;-2,64385558
0,16100000;-2,63486688
0,16200000;-2,62593382
0,16300000;-2,61705574
0,16400000;-2,60823195
0,16500000;-2,59946179
0,16600000;-2,59074396
0,16700000;-2,58207919
0,16800000;-2,57346615
0,16900000;-2,56490422
0,17000000;-2,55639279
0,17100000;-2,54793128
0,17200000;-2,53951910
0,17300000;-2,53115569
0,17400000;-2,52284047
0,17500000;-2,51457291
0,17600000;-2,50635175
0,17700000;-2,49817791
0,17800000;-2,49005011
0,17900000;-2,48196784
0,18000000;-2,47393059
0,18100000;-2,46593787
0,18200000;-2,45798918
0,18300000;-2,45008404
0,18400000;-2,44222197
0,18500000;-2,43440252
0,18600000;-2,42662521
0,18700000;-2,41888886
0,18800000;-2,41119455
0,18900000;-2,40354106
0,19000000;-2,39592795
0,19100000;-2,38835480
0,19200000;-2,38082120
0,19300000;-2,37332672
0,19400000;-2,36587097
0,19500000;-2,35845355
0,19600000;-2,35107407
0,19700000;-2,34373214
0,19800000;-2,33642739
0,19900000;-2,32915943
0,20000000;-2,32192712
0,20100000;-2,31473170
0,20200000;-2,30757198
0,20300000;-2,30044762
0,20400000;-2,29335826
0,20500000;-2,28630357
0,20600000;-2,27928320
0,20700000;-2,27229682
0,20800000;-2,26534411
0,20900000;-2,25842475
0,21000000;-2,25153841
0,21100000;-2,24468478
0,21200000;-2,23786355
0,21300000;-2,23107442
0,21400000;-2,22431709
0,21500000;-2,21759045
0,21600000;-2,21089588
0,21700000;-2,20423222
0,21800000;-2,19759919
0,21900000;-2,19099652
0,22000000;-2,18442393
0,22100000;-2,17788113
0,22200000;-2,17136788
0,22300000;-2,16488390
0,22400000;-2,15842892
0,22500000;-2,15200269
0,22600000;-2,14560496
0,22700000;-2,13923548
0,22800000;-2,13289399
0,22900000;-2,12658025
0,23000000;-2,12029402
0,23100000;-2,11403506
0,23200000;-2,10780228
0,23300000;-2,10159720
0,23400000;-2,09541869
0,23500000;-2,08926653
0,23600000;-2,08314049
0,23700000;-2,07704034
0,23800000;-2,07096588
0,23900000;-2,06491689
0,24000000;-2,05889315
0,24100000;-2,05289445
0,24200000;-2,04692059
0,24300000;-2,04097137
0,24400000;-2,03504657
0,24500000;-2,02914601
0,24600000;-2,02326948
0,24700000;-2,01741678
0,24800000;-2,01158773
0,24900000;-2,00578214
0,25000000;-1,99999982
0,25100000;-1,99424057
0,25200000;-1,98850333
0,25300000;-1,98278974
0,25400000;-1,97709869
0,25500000;-1,97143000
0,25600000;-1,96578350
0,25700000;-1,96015900
0,25800000;-1,95455635
0,25900000;-1,94897536
0,26000000;-1,94341588
0,26100000;-1,93787774
0,26200000;-1,93236078
0,26300000;-1,92686483
0,26400000;-1,92138974
0,26500000;-1,91593534
0,26600000;-1,91050149
0,26700000;-1,90508803
0,26800000;-1,89969480
0,26900000;-1,89432165
0,27000000;-1,88896845
0,27100000;-1,88363503
0,27200000;-1,87832125
0,27300000;-1,87302698
0,27400000;-1,86775206
0,27500000;-1,86249538
0,27600000;-1,85725879
0,27700000;-1,85204114
0,27800000;-1,84684229
0,27900000;-1,84166211
0,28000000;-1,83650046
0,28100000;-1,83135720
0,28200000;-1,82623222
0,28300000;-1,82112537
0,28400000;-1,81603654
0,28500000;-1,81096559
0,28600000;-1,80591240
0,28700000;-1,80087685
0,28800000;-1,79585881
0,28900000;-1,79085816
0,29000000;-1,78587479
0,29100000;-1,78090857
0,29200000;-1,77595938
0,29300000;-1,77102711
0,29400000;-1,76611165
0,29500000;-1,76121288
0,29600000;-1,75633068
0,29700000;-1,75146495
0,29800000;-1,74661557
0,29900000;-1,74178244
0,30000000;-1,73696544
0,30100000;-1,73216447
0,30200000;-1,72737943
0,30300000;-1,72261020
0,30400000;-1,71785568
0,30500000;-1,71311782
0,30600000;-1,70839547
0,30700000;-1,70368852
0,30800000;-1,69899687
0,30900000;-1,69432043
0,31000000;-1,68965910
0,31100000;-1,68501278
0,31200000;-1,68038137
0,31300000;-1,67576478
0,31400000;-1,67116292
0,31500000;-1,66657569
0,31600000;-1,66200299
0,31700000;-1,65744474
0,31800000;-1,65290085
0,31900000;-1,64837122
0,32000000;-1,64385577
0,32100000;-1,63935441
0,32200000;-1,63486704
0,32300000;-1,63039359
0,32400000;-1,62593397
0,32500000;-1,62148809
0,32600000;-1,61705586
0,32700000;-1,61263721
0,32800000;-1,60823205
0,32900000;-1,60384030
0,33000000;-1,59946188
0,33100000;-1,59509671
0,33200000;-1,59074470
0,33300000;-1,58640578
0,33400000;-1,58207987
0,33500000;-1,57776689
0,33600000;-1,57346677
0,33700000;-1,56917943
0,33800000;-1,56490370
0,33900000;-1,56064173
0,34000000;-1,55639231
0,34100000;-1,55215536
0,34200000;-1,54793082
0,34300000;-1,54371862
0,34400000;-1,53951867
0,34500000;-1,53533092
0,34600000;-1,53115528
0,34700000;-1,52699170
0,34800000;-1,52284009
0,34900000;-1,51870040
0,35000000;-1,51457255
0,35100000;-1,51045647
0,35200000;-1,50635210
0,35300000;-1,50225938
0,35400000;-1,49817823
0,35500000;-1,49410860
0,35600000;-1,49005041
0,35700000;-1,48600360
0,35800000;-1,48196811
0,35900000;-1,47794388
0,36000000;-1,47393084
0,36100000;-1,46992893
0,36200000;-1,46593809
0,36300000;-1,46195826
0,36400000;-1,45798938
0,36500000;-1,45403138
0,36600000;-1,45008422
0,36700000;-1,44614782
0,36800000;-1,44222213
0,36900000;-1,43830710
0,37000000;-1,43440266
0,37100000;-1,43050876
0,37200000;-1,42662534
0,37300000;-1,42275234
0,37400000;-1,41888972
0,37500000;-1,41503740
0,37600000;-1,41119535
0,37700000;-1,40736350
0,37800000;-1,40354180
0,37900000;-1,39973019
0,38000000;-1,39592863
0,38100000;-1,39213593
0,38200000;-1,38835433
0,38300000;-1,38458263
0,38400000;-1,38082075
0,38500000;-1,37706866
0,38600000;-1,37332630
0,38700000;-1,36959362
0,38800000;-1,36587058
0,38900000;-1,36215711
0,39000000;-1,35845318
0,39100000;-1,35475873
0,39200000;-1,35107372
0,39300000;-1,34739809
0,39400000;-1,34373181
0,39500000;-1,34007481
0,39600000;-1,33642707
0,39700000;-1,33278852
0,39800000;-1,32915912
0,39900000;-1,32553883
0,40000000;-1,32192760
0,40100000;-1,31832539
0,40200000;-1,31473215
0,40300000;-1,31114784
0,40400000;-1,30757240
0,40500000;-1,30400581
0,40600000;-1,30044801
0,40700000;-1,29689896
0,40800000;-1,29335862
0,40900000;-1,28982695
0,41000000;-1,28630390
0,41100000;-1,28278944
0,41200000;-1,27928351
0,41300000;-1,27578608
0,41400000;-1,27229711
0,41500000;-1,26881655
0,41600000;-1,26534438
0,41700000;-1,26188053
0,41800000;-1,25842499
0,41900000;-1,25497770
0,42000000;-1,25153863
0,42100000;-1,24810773
0,42200000;-1,24468498
0,42300000;-1,24127033
0,42400000;-1,23786374
0,42500000;-1,23446517
0,42600000;-1,23107459
0,42700000;-1,22769196
0,42800000;-1,22431724
0,42900000;-1,22095040
0,43000000;-1,21759139
0,43100000;-1,21424019
0,43200000;-1,21089676
0,43300000;-1,20756105
0,43400000;-1,20423304
0,43500000;-1,20091148
0,43600000;-1,19759879
0,43700000;-1,19429369
0,43800000;-1,19099614
0,43900000;-1,18770611
0,44000000;-1,18442356
0,44100000;-1,18114847
0,44200000;-1,17788079
0,44300000;-1,17462050
0,44400000;-1,17136756
0,44500000;-1,16812193
0,44600000;-1,16488359
0,44700000;-1,16165250
0,44800000;-1,15842863
0,44900000;-1,15521195
0,45000000;-1,15200242
0,45100000;-1,14880001
0,45200000;-1,14560470
0,45300000;-1,14241645
0,45400000;-1,13923523
0,45500000;-1,13606100
0,45600000;-1,13289375
0,45700000;-1,12973343
0,45800000;-1,12658002
0,45900000;-1,12343348
0,46000000;-1,12029380
0,46100000;-1,11716093
0,46200000;-1,11403484
0,46300000;-1,11091552
0,46400000;-1,10780293
0,46500000;-1,10469703
0,46600000;-1,10159781
0,46700000;-1,09850523
0,46800000;-1,09541927
0,46900000;-1,09233989
0,47000000;-1,08926707
0,47100000;-1,08620078
0,47200000;-1,08314100
0,47300000;-1,08008768
0,47400000;-1,07704082
0,47500000;-1,07400038
0,47600000;-1,07096633
0,47700000;-1,06793865
0,47800000;-1,06491731
0,47900000;-1,06190228
0,48000000;-1,05889354
0,48100000;-1,05589106
0,48200000;-1,05289482
0,48300000;-1,04990479
0,48400000;-1,04692094
0,48500000;-1,04394325
0,48600000;-1,04097169
0,48700000;-1,03800624
0,48800000;-1,03504687
0,48900000;-1,03209356
0,49000000;-1,02914629
0,49100000;-1,02620502
0,49200000;-1,02326973
0,49300000;-1,02034041
0,49400000;-1,01741702
0,49500000;-1,01449954
0,49600000;-1,01158795
0,49700000;-1,00868223
0,49800000;-1,00578234
0,49900000;-1,00288827
0,50000000;-1,00000000
0,50100000;-0,99711750
0,50200000;-0,99424074
0,50300000;-0,99136971
0,50400000;-0,98850438
0,50500000;-0,98564345
0,50600000;-0,98278950
0,50700000;-0,97994117
0,50800000;-0,97709846
0,50900000;-0,97426134
0,51000000;-0,97142979
0,51100000;-0,96860378
0,51200000;-0,96578329
0,51300000;-0,96296831
0,51400000;-0,96015881
0,51500000;-0,95735477
0,51600000;-0,95455617
0,51700000;-0,95176298
0,51800000;-0,94897519
0,51900000;-0,94619278
0,52000000;-0,94341572
0,52100000;-0,94064400
0,52200000;-0,93787759
0,52300000;-0,93511648
0,52400000;-0,93236064
0,52500000;-0,92961005
0,52600000;-0,92686470
0,52700000;-0,92412456
0,52800000;-0,92138961
0,52900000;-0,91865984
0,53000000;-0,91593522
0,53100000;-0,91321574
0,53200000;-0,91050137
0,53300000;-0,90779210
0,53400000;-0,90508791
0,53500000;-0,90238878
0,53600000;-0,89969469
0,53700000;-0,89700562
0,53800000;-0,89432155
0,53900000;-0,89164246
0,54000000;-0,88896835
0,54100000;-0,88629917
0,54200000;-0,88363493
0,54300000;-0,88097560
0,54400000;-0,87832116
0,54500000;-0,87567159
0,54600000;-0,87302688
0,54700000;-0,87038701
0,54800000;-0,86775196
0,54900000;-0,86512172
0,55000000;-0,86249626
0,55100000;-0,85987557
0,55200000;-0,85725963
0,55300000;-0,85464843
0,55400000;-0,85204194
0,55500000;-0,84944016
0,55600000;-0,84684305
0,55700000;-0,84425062
0,55800000;-0,84166283
0,55900000;-0,83907968
0,56000000;-0,83650114
0,56100000;-0,83392721
0,56200000;-0,83135786
0,56300000;-0,82879307
0,56400000;-0,82623284
0,56500000;-0,82367714
0,56600000;-0,82112596
0,56700000;-0,81857928
0,56800000;-0,81603710
0,56900000;-0,81349938
0,57000000;-0,81096612
0,57100000;-0,80843730
0,57200000;-0,80591290
0,57300000;-0,80339291
0,57400000;-0,80087732
0,57500000;-0,79836611
0,57600000;-0,79585926
0,57700000;-0,79335675
0,57800000;-0,79085858
0,57900000;-0,78836473
0,58000000;-0,78587519
0,58100000;-0,78338993
0,58200000;-0,78090894
0,58300000;-0,77843221
0,58400000;-0,77595973
0,58500000;-0,77349148
0,58600000;-0,77102744
0,58700000;-0,76856761
0,58800000;-0,76611196
0,58900000;-0,76366048
0,59000000;-0,76121316
0,59100000;-0,75876999
0,59200000;-0,75633095
0,59300000;-0,75389602
0,59400000;-0,75146520
0,59500000;-0,74903846
0,59600000;-0,74661580
0,59700000;-0,74419587
0,59800000;-0,74178136
0,59900000;-0,73937088
0,60000000;-0,73696442
0,60100000;-0,73456196
0,60200000;-0,73216350
0,60300000;-0,72976902
0,60400000;-0,72737851
0,60500000;-0,72499195
0,60600000;-0,72260933
0,60700000;-0,72023063
0,60800000;-0,71785586
0,60900000;-0,71548498
0,61000000;-0,71311799
0,61100000;-0,71075488
0,61200000;-0,70839564
0,61300000;-0,70604024
0,61400000;-0,70368869
0,61500000;-0,70134096
0,61600000;-0,69899704
0,61700000;-0,69665692
0,61800000;-0,69432060
0,61900000;-0,69198805
0,62000000;-0,68965926
0,62100000;-0,68733423
0,62200000;-0,68501294
0,62300000;-0,68269538
0,62400000;-0,68038153
0,62500000;-0,67807139
0,62600000;-0,67576494
0,62700000;-0,67346217
0,62800000;-0,67116307
0,62900000;-0,66886763
0,63000000;-0,66657583
0,63100000;-0,66428767
0,63200000;-0,66200313
0,63300000;-0,65972221
0,63400000;-0,65744488
0,63500000;-0,65517114
0,63600000;-0,65290098
0,63700000;-0,65063439
0,63800000;-0,64837135
0,63900000;-0,64611186
0,64000000;-0,64385589
0,64100000;-0,64160345
0,64200000;-0,63935452
0,64300000;-0,63710910
0,64400000;-0,63486716
0,64500000;-0,63262869
0,64600000;-0,63039370
0,64700000;-0,62816216
0,64800000;-0,62593407
0,64900000;-0,62370941
0,65000000;-0,62148818
0,65100000;-0,61927037
0,65200000;-0,61705595
0,65300000;-0,61484493
0,65400000;-0,61263730
0,65500000;-0,61043304
0,65600000;-0,60823213
0,65700000;-0,60603459
0,65800000;-0,60384038
0,65900000;-0,60164950
0,66000000;-0,59946195
0,66100000;-0,59727771
0,66200000;-0,59509677
0,66300000;-0,59291912
0,66400000;-0,59074476
0,66500000;-0,58857367
0,66600000;-0,58640583
0,66700000;-0,58424126
0,66800000;-0,58207992
0,66900000;-0,57992182
0,67000000;-0,57776694
0,67100000;-0,57561527
0,67200000;-0,57346681
0,67300000;-0,57132154
0,67400000;-0,56917946
0,67500000;-0,56704055
0,67600000;-0,56490481
0,67700000;-0,56277223
0,67800000;-0,56064279
0,67900000;-0,55851649
0,68000000;-0,55639333
0,68100000;-0,55427328
0,68200000;-0,55215634
0,68300000;-0,55004250
0,68400000;-0,54793176
0,68500000;-0,54582410
0,68600000;-0,54371951
0,68700000;-0,54161799
0,68800000;-0,53951953
0,68900000;-0,53742411
0,69000000;-0,53533174
0,69100000;-0,53324239
0,69200000;-0,53115607
0,69300000;-0,52907275
0,69400000;-0,52699245
0,69500000;-0,52491513
0,69600000;-0,52284081
0,69700000;-0,52076946
0,69800000;-0,51870108
0,69900000;-0,51663566
0,70000000;-0,51457320
0,70100000;-0,51251368
0,70200000;-0,51045709
0,70300000;-0,50840343
0,70400000;-0,50635270
0,70500000;-0,50430487
0,70600000;-0,50225994
0,70700000;-0,50021791
0,70800000;-0,49817877
0,70900000;-0,49614250
0,71000000;-0,49410911
0,71100000;-0,49207857
0,71200000;-0,49005089
0,71300000;-0,48802606
0,71400000;-0,48600406
0,71500000;-0,48398490
0,71600000;-0,48196715
0,71700000;-0,47995366
0,71800000;-0,47794297
0,71900000;-0,47593508
0,72000000;-0,47392999
0,72100000;-0,47192767
0,72200000;-0,46992813
0,72300000;-0,46793135
0,72400000;-0,46593734
0,72500000;-0,46394607
0,72600000;-0,46195755
0,72700000;-0,45997176
0,72800000;-0,45798871
0,72900000;-0,45600837
0,73000000;-0,45403075
0,73100000;-0,45205584
0,73200000;-0,45008362
0,73300000;-0,44811410
0,73400000;-0,44614726
0,73500000;-0,44418310
0,73600000;-0,44222161
0,73700000;-0,44026278
0,73800000;-0,43830660
0,73900000;-0,43635308
0,74000000;-0,43440219
0,74100000;-0,43245394
0,74200000;-0,43050832
0,74300000;-0,42856531
0,74400000;-0,42662492
0,74500000;-0,42468714
0,74600000;-0,42275195
0,74700000;-0,42081936
0,74800000;-0,41888935
0,74900000;-0,41696192
0,75000000;-0,41503705
0,75100000;-0,41311476
0,75200000;-0,41119502
0,75300000;-0,40927783
0,75400000;-0,40736319
0,75500000;-0,40545108
0,75600000;-0,40354150
0,75700000;-0,40163445
0,75800000;-0,39972992
0,75900000;-0,39782789
0,76000000;-0,39592837
0,76100000;-0,39403135
0,76200000;-0,39213681
0,76300000;-0,39024477
0,76400000;-0,38835520
0,76500000;-0,38646810
0,76600000;-0,38458346
0,76700000;-0,38270129
0,76800000;-0,38082156
0,76900000;-0,37894428
0,77000000;-0,37706945
0,77100000;-0,37519704
0,77200000;-0,37332706
0,77300000;-0,37145950
0,77400000;-0,36959436
0,77500000;-0,36773162
0,77600000;-0,36587129
0,77700000;-0,36401335
0,77800000;-0,36215780
0,77900000;-0,36030463
0,78000000;-0,35845384
0,78100000;-0,35660542
0,78200000;-0,35475937
0,78300000;-0,35291568
0,78400000;-0,35107434
0,78500000;-0,34923534
0,78600000;-0,34739869
0,78700000;-0,34556437
0,78800000;-0,34373238
0,78900000;-0,34190272
0,79000000;-0,34007537
0,79100000;-0,33825033
0,79200000;-0,33642760
0,79300000;-0,33460717
0,79400000;-0,33278903
0,79500000;-0,33097318
0,79600000;-0,32915961
0,79700000;-0,32734832
0,79800000;-0,32553930
0,79900000;-0,32373255
0,80000000;-0,32192806
0,80100000;-0,32012582
0,80200000;-0,31832583
0,80300000;-0,31652808
0,80400000;-0,31473257
0,80500000;-0,31293929
0,80600000;-0,31114824
0,80700000;-0,30935940
0,80800000;-0,30757279
0,80900000;-0,30578838
0,81000000;-0,30400618
0,81100000;-0,30222617
0,81200000;-0,30044836
0,81300000;-0,29867274
0,81400000;-0,29689930
0,81500000;-0,29512803
0,81600000;-0,29335894
0,81700000;-0,29159202
0,81800000;-0,28982725
0,81900000;-0,28806465
0,82000000;-0,28630419
0,82100000;-0,28454588
0,82200000;-0,28278971
0,82300000;-0,28103567
0,82400000;-0,27928377
0,82500000;-0,27753399
0,82600000;-0,27578633
0,82700000;-0,27404078
0,82800000;-0,27229734
0,82900000;-0,27055601
0,83000000;-0,26881678
0,83100000;-0,26707964
0,83200000;-0,26534458
0,83300000;-0,26361162
0,83400000;-0,26188073
0,83500000;-0,26015192
0,83600000;-0,25842517
0,83700000;-0,25670049
0,83800000;-0,25497787
0,83900000;-0,25325731
0,84000000;-0,25153879
0,84100000;-0,24982232
0,84200000;-0,24810789
0,84300000;-0,24639549
0,84400000;-0,24468512
0,84500000;-0,24297678
0,84600000;-0,24127046
0,84700000;-0,23956615
0,84800000;-0,23786386
0,84900000;-0,23616357
0,85000000;-0,23446528
0,85100000;-0,23276899
0,85200000;-0,23107469
0,85300000;-0,22938238
0,85400000;-0,22769205
0,85500000;-0,22600370
0,85600000;-0,22431733
0,85700000;-0,22263292
0,85800000;-0,22095047
0,85900000;-0,21926999
0,86000000;-0,21759007
0,86100000;-0,21591354
0,86200000;-0,21423896
0,86300000;-0,21256632
0,86400000;-0,21089562
0,86500000;-0,20922684
0,86600000;-0,20756000
0,86700000;-0,20589507
0,86800000;-0,20423206
0,86900000;-0,20257097
0,87000000;-0,20091178
0,87100000;-0,19925450
0,87200000;-0,19759912
0,87300000;-0,19594564
0,87400000;-0,19429405
0,87500000;-0,19264435
0,87600000;-0,19099652
0,87700000;-0,18935058
0,87800000;-0,18770651
0,87900000;-0,18606432
0,88000000;-0,18442399
0,88100000;-0,18278552
0,88200000;-0,18114891
0,88300000;-0,17951415
0,88400000;-0,17788124
0,88500000;-0,17625018
0,88600000;-0,17462096
0,88700000;-0,17299357
0,88800000;-0,17136802
0,88900000;-0,16974430
0,89000000;-0,16812240
0,89100000;-0,16650232
0,89200000;-0,16488406
0,89300000;-0,16326761
0,89400000;-0,16165297
0,89500000;-0,16004014
0,89600000;-0,15842910
0,89700000;-0,15681986
0,89800000;-0,15521241
0,89900000;-0,15360676
0,90000000;-0,15200288
0,90100000;-0,15040079
0,90200000;-0,14880047
0,90300000;-0,14720193
0,90400000;-0,14560516
0,90500000;-0,14401015
0,90600000;-0,14241690
0,90700000;-0,14082541
0,90800000;-0,13923567
0,90900000;-0,13764768
0,91000000;-0,13606144
0,91100000;-0,13447693
0,91200000;-0,13289417
0,91300000;-0,13131314
0,91400000;-0,12973384
0,91500000;-0,12815627
0,91600000;-0,12658042
0,91700000;-0,12500629
0,91800000;-0,12343388
0,91900000;-0,12186317
0,92000000;-0,12029418
0,92100000;-0,11872689
0,92200000;-0,11716130
0,92300000;-0,11559741
0,92400000;-0,11403521
0,92500000;-0,11247469
0,92600000;-0,11091587
0,92700000;-0,10935873
0,92800000;-0,10780326
0,92900000;-0,10624948
0,93000000;-0,10469736
0,93100000;-0,10314691
0,93200000;-0,10159812
0,93300000;-0,10005100
0,93400000;-0,09850553
0,93500000;-0,09696172
0,93600000;-0,09541956
0,93700000;-0,09387904
0,93800000;-0,09234017
0,93900000;-0,09080293
0,94000000;-0,08926734
0,94100000;-0,08773337
0,94200000;-0,08620103
0,94300000;-0,08467032
0,94400000;-0,08314124
0,94500000;-0,08161377
0,94600000;-0,08008791
0,94700000;-0,07856367
0,94800000;-0,07704104
0,94900000;-0,07552001
0,95000000;-0,07400059
0,95100000;-0,07248276
0,95200000;-0,07096653
0,95300000;-0,06945189
0,95400000;-0,06793883
0,95500000;-0,06642737
0,95600000;-0,06491748
0,95700000;-0,06340918
0,95800000;-0,06190245
0,95900000;-0,06039729
0,96000000;-0,05889370
0,96100000;-0,05739167
0,96200000;-0,05589121
0,96300000;-0,05439230
0,96400000;-0,05289496
0,96500000;-0,05139916
0,96600000;-0,04990491
0,96700000;-0,04841221
0,96800000;-0,04692105
0,96900000;-0,04543144
0,97000000;-0,04394335
0,97100000;-0,04245681
0,97200000;-0,04097179
0,97300000;-0,03948830
0,97400000;-0,03800633
0,97500000;-0,03652588
0,97600000;-0,03504695
0,97700000;-0,03356954
0,97800000;-0,03209231
0,97900000;-0,03061809
0,98000000;-0,02914536
0,98100000;-0,02767411
0,98200000;-0,02620435
0,98300000;-0,02473608
0,98400000;-0,02326928
0,98500000;-0,02180396
0,98600000;-0,02034011
0,98700000;-0,01887774
0,98800000;-0,01741684
0,98900000;-0,01595741
0,99000000;-0,01449945
0,99100000;-0,01304295
0,99200000;-0,01158791
0,99300000;-0,01013434
0,99400000;-0,00868222
0,99500000;-0,00723156
0,99600000;-0,00578235
0,99700000;-0,00433459
0,99800000;-0,00288828
0,99900000;-0,00144342
1,00000000;-0,00000000
1,00100000;0,00144197
1,00200000;0,00288251
1,00300000;0,00432160
1,00400000;0,00575926
1,00500000;0,00719549
1,00600000;0,00863028
1,00700000;0,01006364
1,00800000;0,01149558
1,00900000;0,01292609
1,01000000;0,01435518
1,01100000;0,01578284
1,01200000;0,01720909
1,01300000;0,01863392
1,01400000;0,02005733
1,01500000;0,02147933
1,01600000;0,02289992
1,01700000;0,02431911
1,01800000;0,02573688
1,01900000;0,02715325
1,02000000;0,02856822
1,02100000;0,02998179
1,02200000;0,03139396
1,02300000;0,03280474
1,02400000;0,03421572
1,02500000;0,03562392
1,02600000;0,03703074
1,02700000;0,03843619
1,02800000;0,03984027
1,02900000;0,04124299
1,03000000;0,04264434
1,03100000;0,04404434
1,03200000;0,04544298
1,03300000;0,04684026
1,03400000;0,04823619
1,03500000;0,04963077
1,03600000;0,05102401
1,03700000;0,05241590
1,03800000;0,05380645
1,03900000;0,05519566
1,04000000;0,05658354
1,04100000;0,05797008
1,04200000;0,05935528
1,04300000;0,06073916
1,04400000;0,06212172
1,04500000;0,06350295
1,04600000;0,06488286
1,04700000;0,06626145
1,04800000;0,06763872
1,04900000;0,06901468
1,05000000;0,07038933
1,05100000;0,07176267
1,05200000;0,07313471
1,05300000;0,07450544
1,05400000;0,07587487
1,05500000;0,07724300
1,05600000;0,07860984
1,05700000;0,07997538
1,05800000;0,08133963
1,05900000;0,08270259
1,06000000;0,08406427
1,06100000;0,08542466
1,06200000;0,08678377
1,06300000;0,08814160
1,06400000;0,08949815
1,06500000;0,09085343
1,06600000;0,09220743
1,06700000;0,09356017
1,06800000;0,09491164
1,06900000;0,09626184
1,07000000;0,09761079
1,07100000;0,09895847
1,07200000;0,10030489
1,07300000;0,10165006
1,07400000;0,10299398
1,07500000;0,10433664
1,07600000;0,10567806
1,07700000;0,10701823
1,07800000;0,10835715
1,07900000;0,10969484
1,08000000;0,11103128
1,08100000;0,11236649
1,08200000;0,11370046
1,08300000;0,11503320
1,08400000;0,11636471
1,08500000;0,11769500
1,08600000;0,11902405
1,08700000;0,12035189
1,08800000;0,12167850
1,08900000;0,12300389
1,09000000;0,12432807
1,09100000;0,12565103
1,09200000;0,12697278
1,09300000;0,12829332
1,09400000;0,12961265
1,09500000;0,13093078
1,09600000;0,13224770
1,09700000;0,13356342
1,09800000;0,13487795
1,09900000;0,13619127
1,10000000;0,13750340
1,10100000;0,13881434
1,10200000;0,14012409
1,10300000;0,14143265
1,10400000;0,14274002
1,10500000;0,14404621
1,10600000;0,14535122
1,10700000;0,14665505
1,10800000;0,14795770
1,10900000;0,14925918
1,11000000;0,15055948
1,11100000;0,15185861
1,11200000;0,15315657
1,11300000;0,15445336
1,11400000;0,15574899
1,11500000;0,15704346
1,11600000;0,15833677
1,11700000;0,15962891
1,11800000;0,16091990
1,11900000;0,16220974
1,12000000;0,16349842
1,12100000;0,16478595
1,12200000;0,16607234
1,12300000;0,16735758
1,12400000;0,16864167
1,12500000;0,16992462
1,12600000;0,17120643
1,12700000;0,17248710
1,12800000;0,17376664
1,12900000;0,17504504
1,13000000;0,17632231
1,13100000;0,17759845
1,13200000;0,17887346
1,13300000;0,18014734
1,13400000;0,18142010
1,13500000;0,18269174
1,13600000;0,18396226
1,13700000;0,18523166
1,13800000;0,18649994
1,13900000;0,18776711
1,14000000;0,18903316
1,14100000;0,19029810
1,14200000;0,19156194
1,14300000;0,19282467
1,14400000;0,19408629
1,14500000;0,19534681
1,14600000;0,19660623
1,14700000;0,19786455
1,14800000;0,19912177
1,14900000;0,20037790
1,15000000;0,20163294
1,15100000;0,20288688
1,15200000;0,20413973
1,15300000;0,20539149
1,15400000;0,20664217
1,15500000;0,20789177
1,15600000;0,20914028
1,15700000;0,21038771
1,15800000;0,21163407
1,15900000;0,21287934
1,16000000;0,21412355
1,16100000;0,21536668
1,16200000;0,21660873
1,16300000;0,21784972
1,16400000;0,21909109
1,16500000;0,22032998
1,16600000;0,22156782
1,16700000;0,22280459
1,16800000;0,22404030
1,16900000;0,22527496
1,17000000;0,22650856
1,17100000;0,22774110
1,17200000;0,22897260
1,17300000;0,23020304
1,17400000;0,23143244
1,17500000;0,23266078
1,17600000;0,23388809
1,17700000;0,23511435
1,17800000;0,23633957
1,17900000;0,23756374
1,18000000;0,23878689
1,18100000;0,24000899
1,18200000;0,24123006
1,18300000;0,24245010
1,18400000;0,24366911
1,18500000;0,24488708
1,18600000;0,24610403
1,18700000;0,24731996
1,18800000;0,24853486
1,18900000;0,24974874
1,19000000;0,25096160
1,19100000;0,25217344
1,19200000;0,25338426
1,19300000;0,25459407
1,19400000;0,25580286
1,19500000;0,25701064
1,19600000;0,25821741
1,19700000;0,25942317
1,19800000;0,26062793
1,19900000;0,26183168
1,20000000;0,26303443
1,20100000;0,26423617
1,20200000;0,26543691
1,20300000;0,26663666
1,20400000;0,26783541
1,20500000;0,26903316
1,20600000;0,27022992
1,20700000;0,27142569
1,20800000;0,27262047
1,20900000;0,27381426
1,21000000;0,27500706
1,21100000;0,27619888
1,21200000;0,27738971
1,21300000;0,27857956
1,21400000;0,27976843
1,21500000;0,28095632
1,21600000;0,28214324
1,21700000;0,28332918
1,21800000;0,28451414
1,21900000;0,28569813
1,22000000;0,28688115
1,22100000;0,28806320
1,22200000;0,28924429
1,22300000;0,29042441
1,22400000;0,29160356
1,22500000;0,29278175
1,22600000;0,29395898
1,22700000;0,29513525
1,22800000;0,29631056
1,22900000;0,29748491
1,23000000;0,29865831
1,23100000;0,29983075
1,23200000;0,30100225
1,23300000;0,30217279
1,23400000;0,30334238
1,23500000;0,30451103
1,23600000;0,30567873
1,23700000;0,30684549
1,23800000;0,30801130
1,23900000;0,30917617
1,24000000;0,31034010
1,24100000;0,31150309
1,24200000;0,31266515
1,24300000;0,31382627
1,24400000;0,31498646
1,24500000;0,31614571
1,24600000;0,31730404
1,24700000;0,31846143
1,24800000;0,31961790
1,24900000;0,32077344
1,25000000;0,32192806
1,25100000;0,32308175
1,25200000;0,32423452
1,25300000;0,32538637
1,25400000;0,32653730
1,25500000;0,32768732
1,25600000;0,32883641
1,25700000;0,32998460
1,25800000;0,33113187
1,25900000;0,33227823
1,26000000;0,33342367
1,26100000;0,33456821
1,26200000;0,33571185
1,26300000;0,33685457
1,26400000;0,33799639
1,26500000;0,33913731
1,26600000;0,34027733
1,26700000;0,34141645
1,26800000;0,34255466
1,26900000;0,34369198
1,27000000;0,34482841
1,27100000;0,34596394
1,27200000;0,34709858
1,27300000;0,34823232
1,27400000;0,34936518
1,27500000;0,35049714
1,27600000;0,35162822
1,27700000;0,35275841
1,27800000;0,35388772
1,27900000;0,35501615
1,28000000;0,35614369
1,28100000;0,35727035
1,28200000;0,35839613
1,28300000;0,35952104
1,28400000;0,36064507
1,28500000;0,36176822
1,28600000;0,36289050
1,28700000;0,36401191
1,28800000;0,36513244
1,28900000;0,36625211
1,29000000;0,36737090
1,29100000;0,36848883
1,29200000;0,36960590
1,29300000;0,37072210
1,29400000;0,37183744
1,29500000;0,37295191
1,29600000;0,37406553
1,29700000;0,37517829
1,29800000;0,37629018
1,29900000;0,37740123
1,30000000;0,37851141
1,30100000;0,37962075
1,30200000;0,38072923
1,30300000;0,38183686
1,30400000;0,38294364
1,30500000;0,38404957
1,30600000;0,38515465
1,30700000;0,38625889
1,30800000;0,38736229
1,30900000;0,38846484
1,31000000;0,38956654
1,31100000;0,39066741
1,31200000;0,39176744
1,31300000;0,39286663
1,31400000;0,39396498
1,31500000;0,39506250
1,31600000;0,39615918
1,31700000;0,39725503
1,31800000;0,39835005
1,31900000;0,39944424
1,32000000;0,40053759
1,32100000;0,40163012
1,32200000;0,40272183
1,32300000;0,40381270
1,32400000;0,40490276
1,32500000;0,40599199
1,32600000;0,40708039
1,32700000;0,40816798
1,32800000;0,40925475
1,32900000;0,41034070
1,33000000;0,41142583
1,33100000;0,41251015
1,33200000;0,41359365
1,33300000;0,41467634
1,33400000;0,41575822
1,33500000;0,41683928
1,33600000;0,41791954
1,33700000;0,41899899
1,33800000;0,42007763
1,33900000;0,42115546
1,34000000;0,42223249
1,34100000;0,42330872
1,34200000;0,42438414
1,34300000;0,42545877
1,34400000;0,42653259
1,34500000;0,42760561
1,34600000;0,42867784
1,34700000;0,42974927
1,34800000;0,43081990
1,34900000;0,43188974
1,35000000;0,43295879
1,35100000;0,43402705
1,35200000;0,43509451
1,35300000;0,43616119
1,35400000;0,43722708
1,35500000;0,43829218
1,35600000;0,43935649
1,35700000;0,44042002
1,35800000;0,44148277
1,35900000;0,44254473
1,36000000;0,44360591
1,36100000;0,44466632
1,36200000;0,44572594
1,36300000;0,44678478
1,36400000;0,44784285
1,36500000;0,44890014
1,36600000;0,44995666
1,36700000;0,45101241
1,36800000;0,45206738
1,36900000;0,45312158
1,37000000;0,45417501
1,37100000;0,45522768
1,37200000;0,45627957
1,37300000;0,45733070
1,37400000;0,45838106
1,37500000;0,45943066
1,37600000;0,46047950
1,37700000;0,46152757
1,37800000;0,46257488
1,37900000;0,46362143
1,38000000;0,46466723
1,38100000;0,46571226
1,38200000;0,46675654
1,38300000;0,46780006
1,38400000;0,46884283
1,38500000;0,46988485
1,38600000;0,47092611
1,38700000;0,47196662
1,38800000;0,47300638
1,38900000;0,47404540
1,39000000;0,47508366
1,39100000;0,47612118
1,39200000;0,47715795
1,39300000;0,47819397
1,39400000;0,47922926
1,39500000;0,48026380
1,39600000;0,48129760
1,39700000;0,48233206
1,39800000;0,48336440
1,39900000;0,48439601
1,40000000;0,48542687
1,40100000;0,48645700
1,40200000;0,48748639
1,40300000;0,48851505
1,40400000;0,48954298
1,40500000;0,49057017
1,40600000;0,49159663
1,40700000;0,49262237
1,40800000;0,49364737
1,40900000;0,49467165
1,41000000;0,49569520
1,41100000;0,49671802
1,41200000;0,49774012
1,41300000;0,49876150
1,41400000;0,49978215
1,41500000;0,50080209
1,41600000;0,50182130
1,41700000;0,50283979
1,41800000;0,50385756
1,41900000;0,50487462
1,42000000;0,50589096
1,42100000;0,50690658
1,42200000;0,50792149
1,42300000;0,50893569
1,42400000;0,50994917
1,42500000;0,51096195
1,42600000;0,51197401
1,42700000;0,51298536
1,42800000;0,51399600
1,42900000;0,51500594
1,43000000;0,51601517
1,43100000;0,51702369
1,43200000;0,51803151
1,43300000;0,51903863
1,43400000;0,52004504
1,43500000;0,52105076
1,43600000;0,52205577
1,43700000;0,52306008
1,43800000;0,52406369
1,43900000;0,52506661
1,44000000;0,52606883
1,44100000;0,52707035
1,44200000;0,52807118
1,44300000;0,52907131
1,44400000;0,53007075
1,44500000;0,53106950
1,44600000;0,53206756
1,44700000;0,53306493
1,44800000;0,53406161
1,44900000;0,53505760
1,45000000;0,53605290
1,45100000;0,53704752
1,45200000;0,53804146
1,45300000;0,53903470
1,45400000;0,54002727
1,45500000;0,54101915
1,45600000;0,54201035
1,45700000;0,54300087
1,45800000;0,54399071
1,45900000;0,54497988
1,46000000;0,54596836
1,46100000;0,54695617
1,46200000;0,54794330
1,46300000;0,54892976
1,46400000;0,54991554
1,46500000;0,55090065
1,46600000;0,55188509
1,46700000;0,55286885
1,46800000;0,55385195
1,46900000;0,55483438
1,47000000;0,55581613
1,47100000;0,55679722
1,47200000;0,55777765
1,47300000;0,55875740
1,47400000;0,55973650
1,47500000;0,56071492
1,47600000;0,56169269
1,47700000;0,56266979
1,47800000;0,56364623
1,47900000;0,56462202
1,48000000;0,56559714
1,48100000;0,56657160
1,48200000;0,56754541
1,48300000;0,56851855
1,48400000;0,56949105
1,48500000;0,57046288
1,48600000;0,57143407
1,48700000;0,57240460
1,48800000;0,57337447
1,48900000;0,57434370
1,49000000;0,57531227
1,49100000;0,57628020
1,49200000;0,57724747
1,49300000;0,57821410
1,49400000;0,57918008
1,49500000;0,58014542
1,49600000;0,58111010
1,49700000;0,58207415
1,49800000;0,58303755
1,49900000;0,58400031
1,50000000;0,58496242
1,50100000;0,58592390
1,50200000;0,58688473
1,50300000;0,58784492
1,50400000;0,58880448
1,50500000;0,58976340
1,50600000;0,59072168
1,50700000;0,59167932
1,50800000;0,59263633
1,50900000;0,59359270
1,51000000;0,59454845
1,51100000;0,59550355
1,51200000;0,59645803
1,51300000;0,59741188
1,51400000;0,59836509
1,51500000;0,59931768
1,51600000;0,60026963
1,51700000;0,60122096
1,51800000;0,60217166
1,51900000;0,60312174
1,52000000;0,60407119
1,52100000;0,60502002
1,52200000;0,60596822
1,52300000;0,60691580
1,52400000;0,60786276
1,52500000;0,60880910
1,52600000;0,60975481
1,52700000;0,61069991
1,52800000;0,61164439
1,52900000;0,61258825
1,53000000;0,61353149
1,53100000;0,61447412
1,53200000;0,61541613
1,53300000;0,61635752
1,53400000;0,61729831
1,53500000;0,61823847
1,53600000;0,61917803
1,53700000;0,62011698
1,53800000;0,62105531
1,53900000;0,62199304
1,54000000;0,62293015
1,54100000;0,62386666
1,54200000;0,62480256
1,54300000;0,62573785
1,54400000;0,62667254
1,54500000;0,62760662
1,54600000;0,62854010
1,54700000;0,62947297
1,54800000;0,63040524
1,54900000;0,63133691
1,55000000;0,63226798
1,55100000;0,63319844
1,55200000;0,63412831
1,55300000;0,63505758
1,55400000;0,63598625
1,55500000;0,63691432
1,55600000;0,63784179
1,55700000;0,63876867
1,55800000;0,63969496
1,55900000;0,64062065
1,56000000;0,64154575
1,56100000;0,64247025
1,56200000;0,64339416
1,56300000;0,64431748
1,56400000;0,64524021
1,56500000;0,64616235
1,56600000;0,64708390
1,56700000;0,64800486
1,56800000;0,64892524
1,56900000;0,64984502
1,57000000;0,65076423
1,57100000;0,65168284
1,57200000;0,65260087
1,57300000;0,65351832
1,57400000;0,65443519
1,57500000;0,65535147
1,57600000;0,65626717
1,57700000;0,65718229
1,57800000;0,65809683
1,57900000;0,65901079
1,58000000;0,65992417
1,58100000;0,66083697
1,58200000;0,66174920
1,58300000;0,66266085
1,58400000;0,66357192
1,58500000;0,66448242
1,58600000;0,66539235
1,58700000;0,66630170
1,58800000;0,66721048
1,58900000;0,66811868
1,59000000;0,66902632
1,59100000;0,66993338
1,59200000;0,67083987
1,59300000;0,67174580
1,59400000;0,67265115
1,59500000;0,67355594
1,59600000;0,67446016
1,59700000;0,67536382
1,59800000;0,67626690
1,59900000;0,67716943
1,60000000;0,67807139
1,60100000;0,67897278
1,60200000;0,67987362
1,60300000;0,68077389
1,60400000;0,68167360
1,60500000;0,68257274
1,60600000;0,68347133
1,60700000;0,68436936
1,60800000;0,68526683
1,60900000;0,68616374
1,61000000;0,68706010
1,61100000;0,68795589
1,61200000;0,68885114
1,61300000;0,68974582
1,61400000;0,69063995
1,61500000;0,69153353
1,61600000;0,69242656
1,61700000;0,69331903
1,61800000;0,69421095
1,61900000;0,69510232
1,62000000;0,69599314
1,62100000;0,69688341
1,62200000;0,69777313
1,62300000;0,69866230
1,62400000;0,69955092
1,62500000;0,70043900
1,62600000;0,70132653
1,62700000;0,70221351
1,62800000;0,70309995
1,62900000;0,70398585
1,63000000;0,70487120
1,63100000;0,70575601
1,63200000;0,70664027
1,63300000;0,70752400
1,63400000;0,70840718
1,63500000;0,70928982
1,63600000;0,71017192
1,63700000;0,71105349
1,63800000;0,71193451
1,63900000;0,71281500
1,64000000;0,71369495
1,64100000;0,71457436
1,64200000;0,71545324
1,64300000;0,71633158
1,64400000;0,71720939
1,64500000;0,71808667
1,64600000;0,71896341
1,64700000;0,71983962
1,64800000;0,72071529
1,64900000;0,72159044
1,65000000;0,72246505
1,65100000;0,72333914
1,65200000;0,72421269
1,65300000;0,72508572
1,65400000;0,72595822
1,65500000;0,72683019
1,65600000;0,72770163
1,65700000;0,72857255
1,65800000;0,72944294
1,65900000;0,73031281
1,66000000;0,73118215
1,66100000;0,73205097
1,66200000;0,73291927
1,66300000;0,73378704
1,66400000;0,73465429
1,66500000;0,73552102
1,66600000;0,73638723
1,66700000;0,73725292
1,66800000;0,73811810
1,66900000;0,73898275
1,67000000;0,73984688
1,67100000;0,74071050
1,67200000;0,74157360
1,67300000;0,74243618
1,67400000;0,74329825
1,67500000;0,74415981
1,67600000;0,74502085
1,67700000;0,74588273
1,67800000;0,74674275
1,67900000;0,74760227
1,68000000;0,74846127
1,68100000;0,74931976
1,68200000;0,75017774
1,68300000;0,75103521
1,68400000;0,75189217
1,68500000;0,75274862
1,68600000;0,75360457
1,68700000;0,75446001
1,68800000;0,75531493
1,68900000;0,75616936
1,69000000;0,75702328
1,69100000;0,75787669
1,69200000;0,75872960
1,69300000;0,75958200
1,69400000;0,76043390
1,69500000;0,76128530
1,69600000;0,76213619
1,69700000;0,76298659
1,69800000;0,76383648
1,69900000;0,76468587
1,70000000;0,76553477
1,70100000;0,76638316
1,70200000;0,76723105
1,70300000;0,76807845
1,70400000;0,76892535
1,70500000;0,76977175
1,70600000;0,77061766
1,70700000;0,77146307
1,70800000;0,77230799
1,70900000;0,77315241
1,71000000;0,77399633
1,71100000;0,77483977
1,71200000;0,77568271
1,71300000;0,77652516
1,71400000;0,77736711
1,71500000;0,77820858
1,71600000;0,77904955
1,71700000;0,77989004
1,71800000;0,78073003
1,71900000;0,78156954
1,72000000;0,78240856
1,72100000;0,78324709
1,72200000;0,78408514
1,72300000;0,78492269
1,72400000;0,78575977
1,72500000;0,78659635
1,72600000;0,78743245
1,72700000;0,78826807
1,72800000;0,78910320
1,72900000;0,78993785
1,73000000;0,79077202
1,73100000;0,79160571
1,73200000;0,79243891
1,73300000;0,79327163
1,73400000;0,79410388
1,73500000;0,79493564
1,73600000;0,79576692
1,73700000;0,79659773
1,73800000;0,79742805
1,73900000;0,79825790
1,74000000;0,79908727
1,74100000;0,79991617
1,74200000;0,80074459
1,74300000;0,80157253
1,74400000;0,80240000
1,74500000;0,80322700
1,74600000;0,80405352
1,74700000;0,80487956
1,74800000;0,80570514
1,74900000;0,80653024
1,75000000;0,80735487
1,75100000;0,80817903
1,75200000;0,80900272
1,75300000;0,80982594
1,75400000;0,81064869
1,75500000;0,81147097
1,75600000;0,81229278
1,75700000;0,81311413
1,75800000;0,81393501
1,75900000;0,81475542
1,76000000;0,81557536
1,76100000;0,81639484
1,76200000;0,81721385
1,76300000;0,81803240
1,76400000;0,81885049
1,76500000;0,81966811
1,76600000;0,82048526
1,76700000;0,82130196
1,76800000;0,82211819
1,76900000;0,82293396
1,77000000;0,82374927
1,77100000;0,82456412
1,77200000;0,82537851
1,77300000;0,82619244
1,77400000;0,82700591
1,77500000;0,82781893
1,77600000;0,82863148
1,77700000;0,82944358
1,77800000;0,83025522
1,77900000;0,83106640
1,78000000;0,83187713
1,78100000;0,83268740
1,78200000;0,83349722
1,78300000;0,83430659
1,78400000;0,83511550
1,78500000;0,83592395
1,78600000;0,83673196
1,78700000;0,83753951
1,78800000;0,83834661
1,78900000;0,83915326
1,79000000;0,83995945
1,79100000;0,84076520
1,79200000;0,84157050
1,79300000;0,84237535
1,79400000;0,84317975
1,79500000;0,84398370
1,79600000;0,84478720
1,79700000;0,84559026
1,79800000;0,84639287
1,79900000;0,84719503
1,80000000;0,84799675
1,80100000;0,84879802
1,80200000;0,84959884
1,80300000;0,85039923
1,80400000;0,85119917
1,80500000;0,85199866
1,80600000;0,85279771
1,80700000;0,85359632
1,80800000;0,85439449
1,80900000;0,85519222
1,81000000;0,85598951
1,81100000;0,85678635
1,81200000;0,85758276
1,81300000;0,85837873
1,81400000;0,85917425
1,81500000;0,85996934
1,81600000;0,86076399
1,81700000;0,86155821
1,81800000;0,86235198
1,81900000;0,86314532
1,82000000;0,86393823
1,82100000;0,86473070
1,82200000;0,86552273
1,82300000;0,86631433
1,82400000;0,86710549
1,82500000;0,86789623
1,82600000;0,86868652
1,82700000;0,86947639
1,82800000;0,87026582
1,82900000;0,87105482
1,83000000;0,87184339
1,83100000;0,87263153
1,83200000;0,87341924
1,83300000;0,87420652
1,83400000;0,87499337
1,83500000;0,87577979
1,83600000;0,87656578
1,83700000;0,87735134
1,83800000;0,87813648
1,83900000;0,87892119
1,84000000;0,87970547
1,84100000;0,88048933
1,84200000;0,88127276
1,84300000;0,88205577
1,84400000;0,88283835
1,84500000;0,88362050
1,84600000;0,88440224
1,84700000;0,88518354
1,84800000;0,88596443
1,84900000;0,88674489
1,85000000;0,88752494
1,85100000;0,88830456
1,85200000;0,88908376
1,85300000;0,88986253
1,85400000;0,89064089
1,85500000;0,89141883
1,85600000;0,89219635
1,85700000;0,89297345
1,85800000;0,89375013
1,85900000;0,89452640
1,86000000;0,89530224
1,86100000;0,89607767
1,86200000;0,89685269
1,86300000;0,89762728
1,86400000;0,89840146
1,86500000;0,89917523
1,86600000;0,89994858
1,86700000;0,90072152
1,86800000;0,90149404
1,86900000;0,90226615
1,87000000;0,90303784
1,87100000;0,90380913
1,87200000;0,90458000
1,87300000;0,90535046
1,87400000;0,90612051
1,87500000;0,90689014
1,87600000;0,90765937
1,87700000;0,90842819
1,87800000;0,90919660
1,87900000;0,90996459
1,88000000;0,91073218
1,88100000;0,91149937
1,88200000;0,91226614
1,88300000;0,91303251
1,88400000;0,91379847
1,88500000;0,91456402
1,88600000;0,91532917
1,88700000;0,91609391
1,88800000;0,91685824
1,88900000;0,91762217
1,89000000;0,91838570
1,89100000;0,91914883
1,89200000;0,91991154
1,89300000;0,92067386
1,89400000;0,92143578
1,89500000;0,92219729
1,89600000;0,92295840
1,89700000;0,92371911
1,89800000;0,92447941
1,89900000;0,92523932
1,90000000;0,92599883
1,90100000;0,92675793
1,90200000;0,92751664
1,90300000;0,92827495
1,90400000;0,92903286
1,90500000;0,92979037
1,90600000;0,93054749
1,90700000;0,93130421
1,90800000;0,93206053
1,90900000;0,93281645
1,91000000;0,93357198
1,91100000;0,93432712
1,91200000;0,93508185
1,91300000;0,93583620
1,91400000;0,93659015
1,91500000;0,93734370
1,91600000;0,93809686
1,91700000;0,93884963
1,91800000;0,93960201
1,91900000;0,94035399
1,92000000;0,94110559
1,92100000;0,94185679
1,92200000;0,94260760
1,92300000;0,94335802
1,92400000;0,94410805
1,92500000;0,94485768
1,92600000;0,94560693
1,92700000;0,94635580
1,92800000;0,94710427
1,92900000;0,94785235
1,93000000;0,94860005
1,93100000;0,94934736
1,93200000;0,95009428
1,93300000;0,95084082
1,93400000;0,95158697
1,93500000;0,95233273
1,93600000;0,95307811
1,93700000;0,95382310
1,93800000;0,95456771
1,93900000;0,95531193
1,94000000;0,95605577
1,94100000;0,95679923
1,94200000;0,95754231
1,94300000;0,95828500
1,94400000;0,95902731
1,94500000;0,95976924
1,94600000;0,96051078
1,94700000;0,96125195
1,94800000;0,96199273
1,94900000;0,96273314
1,95000000;0,96347316
1,95100000;0,96421281
1,95200000;0,96495207
1,95300000;0,96569096
1,95400000;0,96642947
1,95500000;0,96716760
1,95600000;0,96790535
1,95700000;0,96864273
1,95800000;0,96937973
1,95900000;0,97011635
1,96000000;0,97085260
1,96100000;0,97158847
1,96200000;0,97232397
1,96300000;0,97305909
1,96400000;0,97379384
1,96500000;0,97452821
1,96600000;0,97526221
1,96700000;0,97599584
1,96800000;0,97672909
1,96900000;0,97746197
1,97000000;0,97819448
1,97100000;0,97892662
1,97200000;0,97965838
1,97300000;0,98038978
1,97400000;0,98112080
1,97500000;0,98185145
1,97600000;0,98258174
1,97700000;0,98331165
1,97800000;0,98404119
1,97900000;0,98477037
1,98000000;0,98549918
1,98100000;0,98622762
1,98200000;0,98695698
1,98300000;0,98768470
1,98400000;0,98841204
1,98500000;0,98913902
1,98600000;0,98986564
1,98700000;0,99059189
1,98800000;0,99131777
1,98900000;0,99204329
1,99000000;0,99276844
1,99100000;0,99349323
1,99200000;0,99421766
1,99300000;0,99494172
1,99400000;0,99566542
1,99500000;0,99638875
1,99600000;0,99711173
1,99700000;0,99783434
1,99800000;0,99855659
1,99900000;0,99927847
2,00000000;1,00000000
2,00100000;1,00072117
2,00200000;1,00144197
2,00300000;1,00216242
2,00400000;1,00288250
2,00500000;1,00360223
2,00600000;1,00432160
2,00700000;1,00504061
2,00800000;1,00575926
2,00900000;1,00647755
2,01000000;1,00719549
2,01100000;1,00791307
2,01200000;1,00863029
2,01300000;1,00934716
2,01400000;1,01006366
2,01500000;1,01077982
2,01600000;1,01149562
2,01700000;1,01221106
2,01800000;1,01292615
2,01900000;1,01364089
2,02000000;1,01435527
2,02100000;1,01506929
2,02200000;1,01578297
2,02300000;1,01649629
2,02400000;1,01720926
2,02500000;1,01792187
2,02600000;1,01863414
2,02700000;1,01934605
2,02800000;1,02005761
2,02900000;1,02076882
2,03000000;1,02147969
2,03100000;1,02219020
2,03200000;1,02290036
2,03300000;1,02361017
2,03400000;1,02431963
2,03500000;1,02502874
2,03600000;1,02573751
2,03700000;1,02644593
2,03800000;1,02715400
2,03900000;1,02786172
2,04000000;1,02856909
2,04100000;1,02927612
2,04200000;1,02998280
2,04300000;1,03068914
2,04400000;1,03139513
2,04500000;1,03210078
2,04600000;1,03280608
2,04700000;1,03351103
2,04800000;1,03421564
2,04900000;1,03491991
2,05000000;1,03562383
2,05100000;1,03632741
2,05200000;1,03703065
2,05300000;1,03773355
2,05400000;1,03843610
2,05500000;1,03913831
2,05600000;1,03984018
2,05700000;1,04054170
2,05800000;1,04124289
2,05900000;1,04194374
2,06000000;1,04264424
2,06100000;1,04334441
2,06200000;1,04404423
2,06300000;1,04474372
2,06400000;1,04544287
2,06500000;1,04614168
2,06600000;1,04684015
2,06700000;1,04753828
2,06800000;1,04823607
2,06900000;1,04893353
2,07000000;1,04963065
2,07100000;1,05032744
2,07200000;1,05102388
2,07300000;1,05171999
2,07400000;1,05241577
2,07500000;1,05311121
2,07600000;1,05380631
2,07700000;1,05450108
2,07800000;1,05519552
2,07900000;1,05588962
2,08000000;1,05658339
2,08100000;1,05727682
2,08200000;1,05796993
2,08300000;1,05866269
2,08400000;1,05935513
2,08500000;1,06004723
2,08600000;1,06073901
2,08700000;1,06143045
2,08800000;1,06212155
2,08900000;1,06281233
2,09000000;1,06350278
2,09100000;1,06419290
2,09200000;1,06488268
2,09300000;1,06557214
2,09400000;1,06626127
2,09500000;1,06695007
2,09600000;1,06763854
2,09700000;1,06832668
2,09800000;1,06901450
2,09900000;1,06970198
2,10000000;1,07038914
2,10100000;1,07107597
2,10200000;1,07176248
2,10300000;1,07244865
2,10400000;1,07313451
2,10500000;1,07382003
2,10600000;1,07450523
2,10700000;1,07519011
2,10800000;1,07587466
2,10900000;1,07655888
2,11000000;1,07724278
2,11100000;1,07792636
2,11200000;1,07860961
2,11300000;1,07929254
2,11400000;1,07997515
2,11500000;1,08065743
2,11600000;1,08133940
2,11700000;1,08202103
2,11800000;1,08270235
2,11900000;1,08338335
2,12000000;1,08406402
2,12100000;1,08474437
2,12200000;1,08542441
2,12300000;1,08610412
2,12400000;1,08678351
2,12500000;1,08746258
2,12600000;1,08814133
2,12700000;1,08881977
2,12800000;1,08949788
2,12900000;1,09017568
2,13000000;1,09085316
2,13100000;1,09153031
2,13200000;1,09220716
2,13300000;1,09288368
2,13400000;1,09355989
2,13500000;1,09423578
2,13600000;1,09491135
2,13700000;1,09558661
2,13800000;1,09626155
2,13900000;1,09693618
2,14000000;1,09761049
2,14100000;1,09828448
2,14200000;1,09895817
2,14300000;1,09963153
2,14400000;1,10030458
2,14500000;1,10097732
2,14600000;1,10164975
2,14700000;1,10232186
2,14800000;1,10299366
2,14900000;1,10366514
2,15000000;1,10433632
2,15100000;1,10500718
2,15200000;1,10567773
2,15300000;1,10634796
2,15400000;1,10701789
2,15500000;1,10768751
2,15600000;1,10835681
2,15700000;1,10902581
2,15800000;1,10969449
2,15900000;1,11036287
2,16000000;1,11103093
2,16100000;1,11169869
2,16200000;1,11236613
2,16300000;1,11303327
2,16400000;1,11370010
2,16500000;1,11436662
2,16600000;1,11503284
2,16700000;1,11569874
2,16800000;1,11636434
2,16900000;1,11702964
2,17000000;1,11769462
2,17100000;1,11835930
2,17200000;1,11902367
2,17300000;1,11968774
2,17400000;1,12035150
2,17500000;1,12101496
2,17600000;1,12167811
2,17700000;1,12234096
2,17800000;1,12300350
2,17900000;1,12366574
2,18000000;1,12432767
2,18100000;1,12498930
2,18200000;1,12565063
2,18300000;1,12631165
2,18400000;1,12697237
2,18500000;1,12763279
2,18600000;1,12829291
2,18700000;1,12895272
2,18800000;1,12961224
2,18900000;1,13027145
2,19000000;1,13093036
2,19100000;1,13158897
2,19200000;1,13224728
2,19300000;1,13290529
2,19400000;1,13356300
2,19500000;1,13422041
2,19600000;1,13487752
2,19700000;1,13553433
2,19800000;1,13619084
2,19900000;1,13684705
2,20000000;1,13750297
2,20100000;1,13815858
2,20200000;1,13881390
2,20300000;1,13946892
2,20400000;1,14012365
2,20500000;1,14077807
2,20600000;1,14143220
2,20700000;1,14208604
2,20800000;1,14273957
2,20900000;1,14339281
2,21000000;1,14404576
2,21100000;1,14469841
2,21200000;1,14535077
2,21300000;1,14600283
2,21400000;1,14665459
2,21500000;1,14730606
2,21600000;1,14795724
2,21700000;1,14860812
2,21800000;1,14925871
2,21900000;1,14990901
2,22000000;1,15055901
2,22100000;1,15120872
2,22200000;1,15185814
2,22300000;1,15250727
2,22400000;1,15315610
2,22500000;1,15380464
2,22600000;1,15445290
2,22700000;1,15510085
2,22800000;1,15574852
2,22900000;1,15639590
2,23000000;1,15704299
2,23100000;1,15768979
2,23200000;1,15833629
2,23300000;1,15898251
2,23400000;1,15962844
2,23500000;1,16027408
2,23600000;1,16091943
2,23700000;1,16156449
2,23800000;1,16220927
2,23900000;1,16285375
2,24000000;1,16349795
2,24100000;1,16414186
2,24200000;1,16478548
2,24300000;1,16542882
2,24400000;1,16607187
2,24500000;1,16671463
2,24600000;1,16735711
2,24700000;1,16799930
2,24800000;1,16864120
2,24900000;1,16928282
2,25000000;1,16992416
2,25100000;1,17056520
2,25200000;1,17120597
2,25300000;1,17184645
2,25400000;1,17248664
2,25500000;1,17312655
2,25600000;1,17376618
2,25700000;1,17440553
2,25800000;1,17504459
2,25900000;1,17568336
2,26000000;1,17632186
2,26100000;1,17696007
2,26200000;1,17759800
2,26300000;1,17823565
2,26400000;1,17887302
2,26500000;1,17951010
2,26600000;1,18014690
2,26700000;1,18078343
2,26800000;1,18141967
2,26900000;1,18205563
2,27000000;1,18269131
2,27100000;1,18332671
2,27200000;1,18396183
2,27300000;1,18459668
2,27400000;1,18523124
2,27500000;1,18586552
2,27600000;1,18649953
2,27700000;1,18713325
2,27800000;1,18776670
2,27900000;1,18839987
2,28000000;1,18903276
2,28100000;1,18966538
2,28200000;1,19029771
2,28300000;1,19092977
2,28400000;1,19156156
2,28500000;1,19219306
2,28600000;1,19282429
2,28700000;1,19345525
2,28800000;1,19408593
2,28900000;1,19471633
2,29000000;1,19534646
2,29100000;1,19597631
2,29200000;1,19660589
2,29300000;1,19723519
2,29400000;1,19786422
2,29500000;1,19849297
2,29600000;1,19912145
2,29700000;1,19974966
2,29800000;1,20037759
2,29900000;1,20100525
2,30000000;1,20163386
2,30100000;1,20226098
2,30200000;1,20288783
2,30300000;1,20351440
2,30400000;1,20414071
2,30500000;1,20476674
2,30600000;1,20539250
2,30700000;1,20601799
2,30800000;1,20664321
2,30900000;1,20726816
2,31000000;1,20789283
2,31100000;1,20851724
2,31200000;1,20914138
2,31300000;1,20976524
2,31400000;1,21038884
2,31500000;1,21101217
2,31600000;1,21163523
2,31700000;1,21225802
2,31800000;1,21288054
2,31900000;1,21350279
2,32000000;1,21412477
2,32100000;1,21474649
2,32200000;1,21536794
2,32300000;1,21598912
2,32400000;1,21661003
2,32500000;1,21723068
2,32600000;1,21785106
2,32700000;1,21847117
2,32800000;1,21909101
2,32900000;1,21971059
2,33000000;1,22032991
2,33100000;1,22094896
2,33200000;1,22156774
2,33300000;1,22218626
2,33400000;1,22280451
2,33500000;1,22342250
2,33600000;1,22404022
2,33700000;1,22465768
2,33800000;1,22527487
2,33900000;1,22589180
2,34000000;1,22650847
2,34100000;1,22712487
2,34200000;1,22774101
2,34300000;1,22835689
2,34400000;1,22897250
2,34500000;1,22958785
2,34600000;1,23020294
2,34700000;1,23081777
2,34800000;1,23143233
2,34900000;1,23204664
2,35000000;1,23266068
2,35100000;1,23327446
2,35200000;1,23388798
2,35300000;1,23450124
2,35400000;1,23511423
2,35500000;1,23572697
2,35600000;1,23633945
2,35700000;1,23695167
2,35800000;1,23756362
2,35900000;1,23817532
2,36000000;1,23878676
2,36100000;1,23939794
2,36200000;1,24000886
2,36300000;1,24061953
2,36400000;1,24122993
2,36500000;1,24184008
2,36600000;1,24244996
2,36700000;1,24305960
2,36800000;1,24366897
2,36900000;1,24427808
2,37000000;1,24488694
2,37100000;1,24549554
2,37200000;1,24610389
2,37300000;1,24671198
2,37400000;1,24731981
2,37500000;1,24792739
2,37600000;1,24853471
2,37700000;1,24914177
2,37800000;1,24974858
2,37900000;1,25035514
2,38000000;1,25096144
2,38100000;1,25156748
2,38200000;1,25217327
2,38300000;1,25277881
2,38400000;1,25338409
2,38500000;1,25398912
2,38600000;1,25459389
2,38700000;1,25519841
2,38800000;1,25580268
2,38900000;1,25640670
2,39000000;1,25701046
2,39100000;1,25761397
2,39200000;1,25821723
2,39300000;1,25882023
2,39400000;1,25942299
2,39500000;1,26002549
2,39600000;1,26062774
2,39700000;1,26122974
2,39800000;1,26183148
2,39900000;1,26243298
2,40000000;1,26303423
2,40100000;1,26363522
2,40200000;1,26423597
2,40300000;1,26483646
2,40400000;1,26543671
2,40500000;1,26603670
2,40600000;1,26663645
2,40700000;1,26723594
2,40800000;1,26783519
2,40900000;1,26843419
2,41000000;1,26903294
2,41100000;1,26963144
2,41200000;1,27022970
2,41300000;1,27082770
2,41400000;1,27142546
2,41500000;1,27202297
2,41600000;1,27262023
2,41700000;1,27321725
2,41800000;1,27381402
2,41900000;1,27441054
2,42000000;1,27500682
2,42100000;1,27560285
2,42200000;1,27619863
2,42300000;1,27679417
2,42400000;1,27738946
2,42500000;1,27798450
2,42600000;1,27857930
2,42700000;1,27917386
2,42800000;1,27976817
2,42900000;1,28036224
2,43000000;1,28095606
2,43100000;1,28154963
2,43200000;1,28214297
2,43300000;1,28273606
2,43400000;1,28332890
2,43500000;1,28392150
2,43600000;1,28451386
2,43700000;1,28510597
2,43800000;1,28569785
2,43900000;1,28628948
2,44000000;1,28688086
2,44100000;1,28747201
2,44200000;1,28806291
2,44300000;1,28865357
2,44400000;1,28924399
2,44500000;1,28983417
2,44600000;1,29042410
2,44700000;1,29101380
2,44800000;1,29160325
2,44900000;1,29219246
2,45000000;1,29278143
2,45100000;1,29337017
2,45200000;1,29395866
2,45300000;1,29454691
2,45400000;1,29513492
2,45500000;1,29572269
2,45600000;1,29631023
2,45700000;1,29689752
2,45800000;1,29748458
2,45900000;1,29807139
2,46000000;1,29865797
2,46100000;1,29924431
2,46200000;1,29983041
2,46300000;1,30041627
2,46400000;1,30100190
2,46500000;1,30158728
2,46600000;1,30217243
2,46700000;1,30275735
2,46800000;1,30334202
2,46900000;1,30392646
2,47000000;1,30451066
2,47100000;1,30509463
2,47200000;1,30567836
2,47300000;1,30626185
2,47400000;1,30684511
2,47500000;1,30742813
2,47600000;1,30801091
2,47700000;1,30859346
2,47800000;1,30917578
2,47900000;1,30975786
2,48000000;1,31033971
2,48100000;1,31092132
2,48200000;1,31150269
2,48300000;1,31208384
2,48400000;1,31266474
2,48500000;1,31324542
2,48600000;1,31382586
2,48700000;1,31440607
2,48800000;1,31498604
2,48900000;1,31556578
2,49000000;1,31614529
2,49100000;1,31672457
2,49200000;1,31730361
2,49300000;1,31788242
2,49400000;1,31846100
2,49500000;1,31903934
2,49600000;1,31961746
2,49700000;1,32019534
2,49800000;1,32077299
2,49900000;1,32135041
2,50000000;1,32192760
2,50100000;1,32250456
2,50200000;1,32308129
2,50300000;1,32365779
2,50400000;1,32423406
2,50500000;1,32481009
2,50600000;1,32538590
2,50700000;1,32596148
2,50800000;1,32653683
2,50900000;1,32711194
2,51000000;1,32768683
2,51100000;1,32826149
2,51200000;1,32883592
2,51300000;1,32941013
2,51400000;1,32998410
2,51500000;1,33055785
2,51600000;1,33113137
2,51700000;1,33170466
2,51800000;1,33227772
2,51900000;1,33285055
2,52000000;1,33342316
2,52100000;1,33399554
2,52200000;1,33456769
2,52300000;1,33513962
2,52400000;1,33571132
2,52500000;1,33628279
2,52600000;1,33685404
2,52700000;1,33742506
2,52800000;1,33799585
2,52900000;1,33856642
2,53000000;1,33913677
2,53100000;1,33970688
2,53200000;1,34027678
2,53300000;1,34084644
2,53400000;1,34141589
2,53500000;1,34198510
2,53600000;1,34255410
2,53700000;1,34312287
2,53800000;1,34369141
2,53900000;1,34425973
2,54000000;1,34482783
2,54100000;1,34539570
2,54200000;1,34596335
2,54300000;1,34653078
2,54400000;1,34709798
2,54500000;1,34766497
2,54600000;1,34823172
2,54700000;1,34879826
2,54800000;1,34936457
2,54900000;1,34993066
2,55000000;1,35049653
2,55100000;1,35106218
2,55200000;1,35162760
2,55300000;1,35219281
2,55400000;1,35275779
2,55500000;1,35332255
2,55600000;1,35388709
2,55700000;1,35445141
2,55800000;1,35501551
2,55900000;1,35557938
2,56000000;1,35614304
2,56100000;1,35670648
2,56200000;1,35726970
2,56300000;1,35783269
2,56400000;1,35839547
2,56500000;1,35895803
2,56600000;1,35952037
2,56700000;1,36008249
2,56800000;1,36064439
2,56900000;1,36120607
2,57000000;1,36176754
2,57100000;1,36232878
2,57200000;1,36288981
2,57300000;1,36345062
2,57400000;1,36401121
2,57500000;1,36457158
2,57600000;1,36513174
2,57700000;1,36569167
2,57800000;1,36625139
2,57900000;1,36681090
2,58000000;1,36737019
2,58100000;1,36792926
2,58200000;1,36848811
2,58300000;1,36904675
2,58400000;1,36960517
2,58500000;1,37016337
2,58600000;1,37072136
2,58700000;1,37127913
2,58800000;1,37183669
2,58900000;1,37239403
2,59000000;1,37295116
2,59100000;1,37350807
2,59200000;1,37406477
2,59300000;1,37462125
2,59400000;1,37517751
2,59500000;1,37573357
2,59600000;1,37628941
2,59700000;1,37684503
2,59800000;1,37740044
2,59900000;1,37795564
2,60000000;1,37851062
2,60100000;1,37906539
2,60200000;1,37961995
2,60300000;1,38017429
2,60400000;1,38072842
2,60500000;1,38128234
2,60600000;1,38183604
2,60700000;1,38238953
2,60800000;1,38294281
2,60900000;1,38349588
2,61000000;1,38404874
2,61100000;1,38460138
2,61200000;1,38515381
2,61300000;1,38570604
2,61400000;1,38625805
2,61500000;1,38680984
2,61600000;1,38736143
2,61700000;1,38791281
2,61800000;1,38846397
2,61900000;1,38901493
2,62000000;1,38956567
2,62100000;1,39011621
2,62200000;1,39066653
2,62300000;1,39121665
2,62400000;1,39176655
2,62500000;1,39231625
2,62600000;1,39286574
2,62700000;1,39341617
2,62800000;1,39396524
2,62900000;1,39451410
2,63000000;1,39506276
2,63100000;1,39561121
2,63200000;1,39615945
2,63300000;1,39670748
2,63400000;1,39725530
2,63500000;1,39780292
2,63600000;1,39835032
2,63700000;1,39889752
2,63800000;1,39944451
2,63900000;1,39999130
2,64000000;1,40053788
2,64100000;1,40108425
2,64200000;1,40163041
2,64300000;1,40217637
2,64400000;1,40272212
2,64500000;1,40326766
2,64600000;1,40381300
2,64700000;1,40435813
2,64800000;1,40490306
2,64900000;1,40544778
2,65000000;1,40599229
2,65100000;1,40653660
2,65200000;1,40708070
2,65300000;1,40762460
2,65400000;1,40816830
2,65500000;1,40871178
2,65600000;1,40925507
2,65700000;1,40979815
2,65800000;1,41034102
2,65900000;1,41088369
2,66000000;1,41142616
2,66100000;1,41196842
2,66200000;1,41251048
2,66300000;1,41305234
2,66400000;1,41359399
2,66500000;1,41413544
2,66600000;1,41467669
2,66700000;1,41521773
2,66800000;1,41575857
2,66900000;1,41629921
2,67000000;1,41683964
2,67100000;1,41737987
2,67200000;1,41791990
2,67300000;1,41845973
2,67400000;1,41899936
2,67500000;1,41953878
2,67600000;1,42007800
2,67700000;1,42061702
2,67800000;1,42115584
2,67900000;1,42169446
2,68000000;1,42223288
2,68100000;1,42277110
2,68200000;1,42330911
2,68300000;1,42384693
2,68400000;1,42438454
2,68500000;1,42492196
2,68600000;1,42545917
2,68700000;1,42599619
2,68800000;1,42653300
2,68900000;1,42706962
2,69000000;1,42760603
2,69100000;1,42814225
2,69200000;1,42867827
2,69300000;1,42921409
2,69400000;1,42974970
2,69500000;1,43028512
2,69600000;1,43082035
2,69700000;1,43135537
2,69800000;1,43189019
2,69900000;1,43242482
2,70000000;1,43295925
2,70100000;1,43349348
2,70200000;1,43402751
2,70300000;1,43456135
2,70400000;1,43509498
2,70500000;1,43562843
2,70600000;1,43616167
2,70700000;1,43669471
2,70800000;1,43722756
2,70900000;1,43776022
2,71000000;1,43829267
2,71100000;1,43882493
2,71200000;1,43935699
2,71300000;1,43988886
2,71400000;1,44042053
2,71500000;1,44095201
2,71600000;1,44148329
2,71700000;1,44201437
2,71800000;1,44254526
2,71900000;1,44307595
2,72000000;1,44360645
2,72100000;1,44413675
2,72200000;1,44466686
2,72300000;1,44519677
2,72400000;1,44572649
2,72500000;1,44625602
2,72600000;1,44678535
2,72700000;1,44731448
2,72800000;1,44784342
2,72900000;1,44837217
2,73000000;1,44890073
2,73100000;1,44942909
2,73200000;1,44995725
2,73300000;1,45048523
2,73400000;1,45101301
2,73500000;1,45154060
2,73600000;1,45206799
2,73700000;1,45259519
2,73800000;1,45312220
2,73900000;1,45364902
2,74000000;1,45417565
2,74100000;1,45470208
2,74200000;1,45522832
2,74300000;1,45575437
2,74400000;1,45628022
2,74500000;1,45680589
2,74600000;1,45733136
2,74700000;1,45785664
2,74800000;1,45838174
2,74900000;1,45890664
2,75000000;1,45943135
2,75100000;1,45995586
2,75200000;1,46048019
2,75300000;1,46100433
2,75400000;1,46152828
2,75500000;1,46205203
2,75600000;1,46257560
2,75700000;1,46309898
2,75800000;1,46362216
2,75900000;1,46414516
2,76000000;1,46466797
2,76100000;1,46519059
2,76200000;1,46571301
2,76300000;1,46623525
2,76400000;1,46675731
2,76500000;1,46727917
2,76600000;1,46780084
2,76700000;1,46832233
2,76800000;1,46884362
2,76900000;1,46936473
2,77000000;1,46988565
2,77100000;1,47040638
2,77200000;1,47092692
2,77300000;1,47144728
2,77400000;1,47196745
2,77500000;1,47248743
2,77600000;1,47300722
2,77700000;1,47352683
2,77800000;1,47404625
2,77900000;1,47456548
2,78000000;1,47508453
2,78100000;1,47560339
2,78200000;1,47612206
2,78300000;1,47664054
2,78400000;1,47715884
2,78500000;1,47767696
2,78600000;1,47819488
2,78700000;1,47871263
2,78800000;1,47923018
2,78900000;1,47974755
2,79000000;1,48026474
2,79100000;1,48078174
2,79200000;1,48129855
2,79300000;1,48181518
2,79400000;1,48233162
2,79500000;1,48284788
2,79600000;1,48336396
2,79700000;1,48387985
2,79800000;1,48439555
2,79900000;1,48491107
2,80000000;1,48542641
2,80100000;1,48594156
2,80200000;1,48645653
2,80300000;1,48697132
2,80400000;1,48748592
2,80500000;1,48800034
2,80600000;1,48851457
2,80700000;1,48902862
2,80800000;1,48954249
2,80900000;1,49005618
2,81000000;1,49056968
2,81100000;1,49108300
2,81200000;1,49159614
2,81300000;1,49210909
2,81400000;1,49262186
2,81500000;1,49313445
2,81600000;1,49364686
2,81700000;1,49415909
2,81800000;1,49467113
2,81900000;1,49518300
2,82000000;1,49569468
2,82100000;1,49620618
2,82200000;1,49671750
2,82300000;1,49722863
2,82400000;1,49773959
2,82500000;1,49825036
2,82600000;1,49876096
2,82700000;1,49927137
2,82800000;1,49978161
2,82900000;1,50029166
2,83000000;1,50080153
2,83100000;1,50131122
2,83200000;1,50182074
2,83300000;1,50233007
2,83400000;1,50283922
2,83500000;1,50334820
2,83600000;1,50385699
2,83700000;1,50436560
2,83800000;1,50487404
2,83900000;1,50538229
2,84000000;1,50589037
2,84100000;1,50639827
2,84200000;1,50690599
2,84300000;1,50741353
2,84400000;1,50792089
2,84500000;1,50842807
2,84600000;1,50893508
2,84700000;1,50944191
2,84800000;1,50994856
2,84900000;1,51045503
2,85000000;1,51096132
2,85100000;1,51146744
2,85200000;1,51197338
2,85300000;1,51247914
2,85400000;1,51298472
2,85500000;1,51349013
2,85600000;1,51399536
2,85700000;1,51450041
2,85800000;1,51500529
2,85900000;1,51550998
2,86000000;1,51601451
2,86100000;1,51651885
2,86200000;1,51702302
2,86300000;1,51752702
2,86400000;1,51803084
2,86500000;1,51853448
2,86600000;1,51903794
2,86700000;1,51954124
2,86800000;1,52004435
2,86900000;1,52054729
2,87000000;1,52105005
2,87100000;1,52155264
2,87200000;1,52205506
2,87300000;1,52255730
2,87400000;1,52305936
2,87500000;1,52356125
2,87600000;1,52406297
2,87700000;1,52456451
2,87800000;1,52506587
2,87900000;1,52556707
2,88000000;1,52606809
2,88100000;1,52656893
2,88200000;1,52706960
2,88300000;1,52757010
2,88400000;1,52807042
2,88500000;1,52857057
2,88600000;1,52907055
2,88700000;1,52957035
2,88800000;1,53006998
2,88900000;1,53056944
2,89000000;1,53106872
2,89100000;1,53156783
2,89200000;1,53206677
2,89300000;1,53256554
2,89400000;1,53306413
2,89500000;1,53356255
2,89600000;1,53406080
2,89700000;1,53455888
2,89800000;1,53505678
2,89900000;1,53555452
2,90000000;1,53605208
2,90100000;1,53654947
2,90200000;1,53704669
2,90300000;1,53754374
2,90400000;1,53804061
2,90500000;1,53853732
2,90600000;1,53903385
2,90700000;1,53953022
2,90800000;1,54002641
2,90900000;1,54052243
2,91000000;1,54101828
2,91100000;1,54151396
2,91200000;1,54200947
2,91300000;1,54250481
2,91400000;1,54299999
2,91500000;1,54349499
2,91600000;1,54398982
2,91700000;1,54448448
2,91800000;1,54497897
2,91900000;1,54547329
2,92000000;1,54596745
2,92100000;1,54646143
2,92200000;1,54695524
2,92300000;1,54744889
2,92400000;1,54794237
2,92500000;1,54843567
2,92600000;1,54892881
2,92700000;1,54942178
2,92800000;1,54991459
2,92900000;1,55040722
2,93000000;1,55089969
2,93100000;1,55139198
2,93200000;1,55188411
2,93300000;1,55237608
2,93400000;1,55286787
2,93500000;1,55335950
2,93600000;1,55385096
2,93700000;1,55434225
2,93800000;1,55483337
2,93900000;1,55532433
2,94000000;1,55581512
2,94100000;1,55630574
2,94200000;1,55679620
2,94300000;1,55728649
2,94400000;1,55777661
2,94500000;1,55826657
2,94600000;1,55875636
2,94700000;1,55924598
2,94800000;1,55973544
2,94900000;1,56022473
2,95000000;1,56071386
2,95100000;1,56120282
2,95200000;1,56169162
2,95300000;1,56218024
2,95400000;1,56266871
2,95500000;1,56315701
2,95600000;1,56364514
2,95700000;1,56413311
2,95800000;1,56462091
2,95900000;1,56510855
2,96000000;1,56559711
2,96100000;1,56608442
2,96200000;1,56657157
2,96300000;1,56705856
2,96400000;1,56754538
2,96500000;1,56803203
2,96600000;1,56851852
2,96700000;1,56900485
2,96800000;1,56949101
2,96900000;1,56997701
2,97000000;1,57046285
2,97100000;1,57094852
2,97200000;1,57143403
2,97300000;1,57191938
2,97400000;1,57240456
2,97500000;1,57288958
2,97600000;1,57337444
2,97700000;1,57385913
2,97800000;1,57434366
2,97900000;1,57482803
2,98000000;1,57531223
2,98100000;1,57579628
2,98200000;1,57628016
2,98300000;1,57676388
2,98400000;1,57724743
2,98500000;1,57773083
2,98600000;1,57821406
2,98700000;1,57869713
2,98800000;1,57918004
2,98900000;1,57966279
2,99000000;1,58014537
2,99100000;1,58062780
2,99200000;1,58111006
2,99300000;1,58159216
2,99400000;1,58207410
2,99500000;1,58255588
2,99600000;1,58303750
2,99700000;1,58351896
2,99800000;1,58400026
2,99900000;1,58448139
3,00000000;1,58496237
3,00100000;1,58544319
3,00200000;1,58592384
3,00300000;1,58640434
3,00400000;1,58688468
3,00500000;1,58736485
3,00600000;1,58784487
3,00700000;1,58832473
3,00800000;1,58880442
3,00900000;1,58928396
3,01000000;1,58976334
3,01100000;1,59024256
3,01200000;1,59072162
3,01300000;1,59120052
3,01400000;1,59167926
3,01500000;1,59215784
3,01600000;1,59263627
3,01700000;1,59311454
3,01800000;1,59359264
3,01900000;1,59407059
3,02000000;1,59454838
3,02100000;1,59502601
3,02200000;1,59550349
3,02300000;1,59598081
3,02400000;1,59645796
3,02500000;1,59693497
3,02600000;1,59741181
3,02700000;1,59788849
3,02800000;1,59836502
3,02900000;1,59884139
3,03000000;1,59931761
3,03100000;1,59979366
3,03200000;1,60026956
3,03300000;1,60074531
3,03400000;1,60122089
3,03500000;1,60169632
3,03600000;1,60217159
3,03700000;1,60264671
3,03800000;1,60312167
3,03900000;1,60359647
3,04000000;1,60407112
3,04100000;1,60454561
3,04200000;1,60501994
3,04300000;1,60549412
3,04400000;1,60596814
3,04500000;1,60644201
3,04600000;1,60691572
3,04700000;1,60738928
3,04800000;1,60786268
3,04900000;1,60833592
3,05000000;1,60880901
3,05100000;1,60928195
3,05200000;1,60975473
3,05300000;1,61022735
3,05400000;1,61069982
3,05500000;1,61117214
3,05600000;1,61164430
3,05700000;1,61211631
3,05800000;1,61258816
3,05900000;1,61305986
3,06000000;1,61353140
3,06100000;1,61400279
3,06200000;1,61447403
3,06300000;1,61494511
3,06400000;1,61541604
3,06500000;1,61588681
3,06600000;1,61635743
3,06700000;1,61682790
3,06800000;1,61729821
3,06900000;1,61776837
3,07000000;1,61823838
3,07100000;1,61870824
3,07200000;1,61917794
3,07300000;1,61964749
3,07400000;1,62011688
3,07500000;1,62058612
3,07600000;1,62105521
3,07700000;1,62152415
3,07800000;1,62199294
3,07900000;1,62246157
3,08000000;1,62293005
3,08100000;1,62339838
3,08200000;1,62386656
3,08300000;1,62433458
3,08400000;1,62480246
3,08500000;1,62527018
3,08600000;1,62573775
3,08700000;1,62620517
3,08800000;1,62667243
3,08900000;1,62713955
3,09000000;1,62760651
3,09100000;1,62807333
3,09200000;1,62853999
3,09300000;1,62900650
3,09400000;1,62947286
3,09500000;1,62993907
3,09600000;1,63040513
3,09700000;1,63087104
3,09800000;1,63133680
3,09900000;1,63180241
3,10000000;1,63226787
3,10100000;1,63273317
3,10200000;1,63319833
3,10300000;1,63366334
3,10400000;1,63412820
3,10500000;1,63459291
3,10600000;1,63505746
3,10700000;1,63552187
3,10800000;1,63598613
3,10900000;1,63645024
3,11000000;1,63691420
3,11100000;1,63737802
3,11200000;1,63784168
3,11300000;1,63830519
3,11400000;1,63876856
3,11500000;1,63923177
3,11600000;1,63969484
3,11700000;1,64015776
3,11800000;1,64062053
3,11900000;1,64108315
3,12000000;1,64154562
3,12100000;1,64200795
3,12200000;1,64247013
3,12300000;1,64293216
3,12400000;1,64339404
3,12500000;1,64385577
3,12600000;1,64431736
3,12700000;1,64477879
3,12800000;1,64524008
3,12900000;1,64570123
3,13000000;1,64616222
3,13100000;1,64662307
3,13200000;1,64708377
3,13300000;1,64754433
3,13400000;1,64800473
3,13500000;1,64846499
3,13600000;1,64892511
3,13700000;1,64938507
3,13800000;1,64984489
3,13900000;1,65030457
3,14000000;1,65076409
3,14100000;1,65122347
3,14200000;1,65168271
3,14300000;1,65214180
3,14400000;1,65260074
3,14500000;1,65305954
3,14600000;1,65351819
3,14700000;1,65397669
3,14800000;1,65443505
3,14900000;1,65489326
3,15000000;1,65535133
3,15100000;1,65580925
3,15200000;1,65626703
3,15300000;1,65672466
3,15400000;1,65718215
3,15500000;1,65763949
3,15600000;1,65809669
3,15700000;1,65855374
3,15800000;1,65901065
3,15900000;1,65946741
3,16000000;1,65992403
3,16100000;1,66038050
3,16200000;1,66083683
3,16300000;1,66129302
3,16400000;1,66174906
3,16500000;1,66220495
3,16600000;1,66266071
3,16700000;1,66311631
3,16800000;1,66357178
3,16900000;1,66402710
3,17000000;1,66448228
3,17100000;1,66493731
3,17200000;1,66539220
3,17300000;1,66584695
3,17400000;1,66630155
3,17500000;1,66675601
3,17600000;1,66721033
3,17700000;1,66766450
3,17800000;1,66811853
3,17900000;1,66857242
3,18000000;1,66902617
3,18100000;1,66947977
3,18200000;1,66993323
3,18300000;1,67038655
3,18400000;1,67083972
3,18500000;1,67129275
3,18600000;1,67174565
3,18700000;1,67219839
3,18800000;1,67265100
3,18900000;1,67310346
3,19000000;1,67355579
3,19100000;1,67400797
3,19200000;1,67446001
3,19300000;1,67491191
3,19400000;1,67536366
3,19500000;1,67581528
3,19600000;1,67626675
3,19700000;1,67671808
3,19800000;1,67716927
3,19900000;1,67762032
3,20000000;1,67807123
3,20100000;1,67852200
3,20200000;1,67897263
3,20300000;1,67942311
3,20400000;1,67987346
3,20500000;1,68032366
3,20600000;1,68077373
3,20700000;1,68122365
3,20800000;1,68167344
3,20900000;1,68212308
3,21000000;1,68257258
3,21100000;1,68302195
3,21200000;1,68347117
3,21300000;1,68392025
3,21400000;1,68436920
3,21500000;1,68481800
3,21600000;1,68526667
3,21700000;1,68571519
3,21800000;1,68616358
3,21900000;1,68661183
3,22000000;1,68705993
3,22100000;1,68750790
3,22200000;1,68795573
3,22300000;1,68840342
3,22400000;1,68885097
3,22500000;1,68929838
3,22600000;1,68974566
3,22700000;1,69019279
3,22800000;1,69063979
3,22900000;1,69108665
3,23000000;1,69153337
3,23100000;1,69197995
3,23200000;1,69242639
3,23300000;1,69287270
3,23400000;1,69331886
3,23500000;1,69376489
3,23600000;1,69421078
3,23700000;1,69465654
3,23800000;1,69510215
3,23900000;1,69554763
3,24000000;1,69599297
3,24100000;1,69643817
3,24200000;1,69688324
3,24300000;1,69732817
3,24400000;1,69777296
3,24500000;1,69821761
3,24600000;1,69866213
3,24700000;1,69910651
3,24800000;1,69955075
3,24900000;1,69999486
3,25000000;1,70043883
3,25100000;1,70088266
3,25200000;1,70132636
3,25300000;1,70176992
3,25400000;1,70221334
3,25500000;1,70265663
3,25600000;1,70309978
3,25700000;1,70354280
3,25800000;1,70398568
3,25900000;1,70442842
3,26000000;1,70487103
3,26100000;1,70531350
3,26200000;1,70575584
3,26300000;1,70619804
3,26400000;1,70664010
3,26500000;1,70708203
3,26600000;1,70752383
3,26700000;1,70796548
3,26800000;1,70840701
3,26900000;1,70884840
3,27000000;1,70928965
3,27100000;1,70973077
3,27200000;1,71017175
3,27300000;1,71061260
3,27400000;1,71105332
3,27500000;1,71149390
3,27600000;1,71193434
3,27700000;1,71237465
3,27800000;1,71281483
3,27900000;1,71325487
3,28000000;1,71369478
3,28100000;1,71413455
3,28200000;1,71457419
3,28300000;1,71501370
3,28400000;1,71545307
3,28500000;1,71589231
3,28600000;1,71633141
3,28700000;1,71677038
3,28800000;1,71720922
3,28900000;1,71764792
3,29000000;1,71808649
3,29100000;1,71852493
3,29200000;1,71896324
3,29300000;1,71940141
3,29400000;1,71983944
3,29500000;1,72027735
3,29600000;1,72071512
3,29700000;1,72115379
3,29800000;1,72159130
3,29900000;1,72202868
3,30000000;1,72246592
3,30100000;1,72290304
3,30200000;1,72334002
3,30300000;1,72377686
3,30400000;1,72421358
3,30500000;1,72465016
3,30600000;1,72508661
3,30700000;1,72552293
3,30800000;1,72595912
3,30900000;1,72639518
3,31000000;1,72683110
3,31100000;1,72726689
3,31200000;1,72770255
3,31300000;1,72813808
3,31400000;1,72857348
3,31500000;1,72900875
3,31600000;1,72944388
3,31700000;1,72987888
3,31800000;1,73031376
3,31900000;1,73074850
3,32000000;1,73118311
3,32100000;1,73161759
3,32200000;1,73205194
3,32300000;1,73248616
3,32400000;1,73292024
3,32500000;1,73335420
3,32600000;1,73378803
3,32700000;1,73422172
3,32800000;1,73465529
3,32900000;1,73508872
3,33000000;1,73552203
3,33100000;1,73595520
3,33200000;1,73638825
3,33300000;1,73682116
3,33400000;1,73725395
3,33500000;1,73768660
3,33600000;1,73811913
3,33700000;1,73855152
3,33800000;1,73898379
3,33900000;1,73941593
3,34000000;1,73984794
3,34100000;1,74027981
3,34200000;1,74071156
3,34300000;1,74114318
3,34400000;1,74157467
3,34500000;1,74200603
3,34600000;1,74243727
3,34700000;1,74286837
3,34800000;1,74329935
3,34900000;1,74373019
3,35000000;1,74416091
3,35100000;1,74459150
3,35200000;1,74502196
3,35300000;1,74545229
3,35400000;1,74588250
3,35500000;1,74631257
3,35600000;1,74674252
3,35700000;1,74717234
3,35800000;1,74760203
3,35900000;1,74803159
3,36000000;1,74846103
3,36100000;1,74889034
3,36200000;1,74931952
3,36300000;1,74974857
3,36400000;1,75017749
3,36500000;1,75060629
3,36600000;1,75103496
3,36700000;1,75146350
3,36800000;1,75189192
3,36900000;1,75232021
3,37000000;1,75274837
3,37100000;1,75317640
3,37200000;1,75360431
3,37300000;1,75403209
3,37400000;1,75445974
3,37500000;1,75488727
3,37600000;1,75531467
3,37700000;1,75574194
3,37800000;1,75616909
3,37900000;1,75659611
3,38000000;1,75702300
3,38100000;1,75744977
3,38200000;1,75787641
3,38300000;1,75830293
3,38400000;1,75872932
3,38500000;1,75915558
3,38600000;1,75958172
3,38700000;1,76000773
3,38800000;1,76043361
3,38900000;1,76085937
3,39000000;1,76128501
3,39100000;1,76171052
3,39200000;1,76213590
3,39300000;1,76256116
3,39400000;1,76298629
3,39500000;1,76341130
3,39600000;1,76383618
3,39700000;1,76426094
3,39800000;1,76468557
3,39900000;1,76511008
3,40000000;1,76553446
3,40100000;1,76595872
3,40200000;1,76638285
3,40300000;1,76680686
3,40400000;1,76723074
3,40500000;1,76765450
3,40600000;1,76807813
3,40700000;1,76850164
3,40800000;1,76892503
3,40900000;1,76934829
3,41000000;1,76977143
3,41100000;1,77019444
3,41200000;1,77061733
3,41300000;1,77104010
3,41400000;1,77146274
3,41500000;1,77188526
3,41600000;1,77230765
3,41700000;1,77272992
3,41800000;1,77315207
3,41900000;1,77357409
3,42000000;1,77399599
3,42100000;1,77441777
3,42200000;1,77483942
3,42300000;1,77526095
3,42400000;1,77568236
3,42500000;1,77610364
3,42600000;1,77652480
3,42700000;1,77694584
3,42800000;1,77736676
3,42900000;1,77778755
3,43000000;1,77820822
3,43100000;1,77862876
3,43200000;1,77904919
3,43300000;1,77946949
3,43400000;1,77988967
3,43500000;1,78030973
3,43600000;1,78072966
3,43700000;1,78114948
3,43800000;1,78156917
3,43900000;1,78198873
3,44000000;1,78240818
3,44100000;1,78282751
3,44200000;1,78324671
3,44300000;1,78366579
3,44400000;1,78408475
3,44500000;1,78450359
3,44600000;1,78492230
3,44700000;1,78534090
3,44800000;1,78575937
3,44900000;1,78617772
3,45000000;1,78659595
3,45100000;1,78701406
3,45200000;1,78743205
3,45300000;1,78784992
3,45400000;1,78826766
3,45500000;1,78868529
3,45600000;1,78910279
3,45700000;1,78952017
3,45800000;1,78993744
3,45900000;1,79035458
3,46000000;1,79077160
3,46100000;1,79118850
3,46200000;1,79160528
3,46300000;1,79202194
3,46400000;1,79243848
3,46500000;1,79285490
3,46600000;1,79327120
3,46700000;1,79368738
3,46800000;1,79410344
3,46900000;1,79451938
3,47000000;1,79493520
3,47100000;1,79535090
3,47200000;1,79576648
3,47300000;1,79618194
3,47400000;1,79659728
3,47500000;1,79701250
3,47600000;1,79742760
3,47700000;1,79784258
3,47800000;1,79825744
3,47900000;1,79867219
3,48000000;1,79908681
3,48100000;1,79950132
3,48200000;1,79991570
3,48300000;1,80032997
3,48400000;1,80074412
3,48500000;1,80115815
3,48600000;1,80157206
3,48700000;1,80198585
3,48800000;1,80239952
3,48900000;1,80281308
3,49000000;1,80322651
3,49100000;1,80363983
3,49200000;1,80405303
3,49300000;1,80446611
3,49400000;1,80487907
3,49500000;1,80529192
3,49600000;1,80570464
3,49700000;1,80611725
3,49800000;1,80652974
3,49900000;1,80694211
3,50000000;1,80735437
3,50100000;1,80776650
3,50200000;1,80817852
3,50300000;1,80859042
3,50400000;1,80900221
3,50500000;1,80941387
3,50600000;1,80982542
3,50700000;1,81023685
3,50800000;1,81064817
3,50900000;1,81105936
3,51000000;1,81147044
3,51100000;1,81188140
3,51200000;1,81229225
3,51300000;1,81270298
3,51400000;1,81311359
3,51500000;1,81352408
3,51600000;1,81393446
3,51700000;1,81434472
3,51800000;1,81475487
3,51900000;1,81516490
3,52000000;1,81557481
3,52100000;1,81598460
3,52200000;1,81639428
3,52300000;1,81680384
3,52400000;1,81721329
3,52500000;1,81762262
3,52600000;1,81803183
3,52700000;1,81844093
3,52800000;1,81884991
3,52900000;1,81925878
3,53000000;1,81966753
3,53100000;1,82007616
3,53200000;1,82048468
3,53300000;1,82089308
3,53400000;1,82130137
3,53500000;1,82170954
3,53600000;1,82211760
3,53700000;1,82252554
3,53800000;1,82293336
3,53900000;1,82334107
3,54000000;1,82374867
3,54100000;1,82415615
3,54200000;1,82456351
3,54300000;1,82497076
3,54400000;1,82537790
3,54500000;1,82578492
3,54600000;1,82619182
3,54700000;1,82659861
3,54800000;1,82700529
3,54900000;1,82741185
3,55000000;1,82781830
3,55100000;1,82822463
3,55200000;1,82863085
3,55300000;1,82903695
3,55400000;1,82944294
3,55500000;1,82984881
3,55600000;1,83025457
3,55700000;1,83066022
3,55800000;1,83106575
3,55900000;1,83147117
3,56000000;1,83187647
3,56100000;1,83228167
3,56200000;1,83268674
3,56300000;1,83309171
3,56400000;1,83349655
3,56500000;1,83390129
3,56600000;1,83430591
3,56700000;1,83471042
3,56800000;1,83511482
3,56900000;1,83551910
3,57000000;1,83592327
3,57100000;1,83632732
3,57200000;1,83673127
3,57300000;1,83713510
3,57400000;1,83753881
3,57500000;1,83794242
3,57600000;1,83834591
3,57700000;1,83874928
3,57800000;1,83915255
3,57900000;1,83955570
3,58000000;1,83995874
3,58100000;1,84036167
3,58200000;1,84076448
3,58300000;1,84116719
3,58400000;1,84156977
3,58500000;1,84197225
3,58600000;1,84237462
3,58700000;1,84277687
3,58800000;1,84317901
3,58900000;1,84358104
3,59000000;1,84398296
3,59100000;1,84438476
3,59200000;1,84478645
3,59300000;1,84518803
3,59400000;1,84558950
3,59500000;1,84599086
3,59600000;1,84639211
3,59700000;1,84679324
3,59800000;1,84719426
3,59900000;1,84759518
3,60000000;1,84799598
3,60100000;1,84839666
3,60200000;1,84879724
3,60300000;1,84919771
3,60400000;1,84959806
3,60500000;1,84999831
3,60600000;1,85039844
3,60700000;1,85079846
3,60800000;1,85119837
3,60900000;1,85159817
3,61000000;1,85199786
3,61100000;1,85239744
3,61200000;1,85279691
3,61300000;1,85319627
3,61400000;1,85359551
3,61500000;1,85399465
3,61600000;1,85439368
3,61700000;1,85479259
3,61800000;1,85519140
3,61900000;1,85559009
3,62000000;1,85598868
3,62100000;1,85638715
3,62200000;1,85678552
3,62300000;1,85718377
3,62400000;1,85758192
3,62500000;1,85797995
3,62600000;1,85837788
3,62700000;1,85877569
3,62800000;1,85917340
3,62900000;1,85957099
3,63000000;1,85996848
3,63100000;1,86036586
3,63200000;1,86076312
3,63300000;1,86116028
3,63400000;1,86155733
3,63500000;1,86195427
3,63600000;1,86235110
3,63700000;1,86274880
3,63800000;1,86314542
3,63900000;1,86354192
3,64000000;1,86393832
3,64100000;1,86433461
3,64200000;1,86473079
3,64300000;1,86512686
3,64400000;1,86552282
3,64500000;1,86591868
3,64600000;1,86631442
3,64700000;1,86671006
3,64800000;1,86710559
3,64900000;1,86750101
3,65000000;1,86789632
3,65100000;1,86829152
3,65200000;1,86868662
3,65300000;1,86908160
3,65400000;1,86947648
3,65500000;1,86987125
3,65600000;1,87026592
3,65700000;1,87066047
3,65800000;1,87105492
3,65900000;1,87144926
3,66000000;1,87184349
3,66100000;1,87223761
3,66200000;1,87263163
3,66300000;1,87302553
3,66400000;1,87341934
3,66500000;1,87381303
3,66600000;1,87420661
3,66700000;1,87460009
3,66800000;1,87499346
3,66900000;1,87538673
3,67000000;1,87577988
3,67100000;1,87617293
3,67200000;1,87656588
3,67300000;1,87695871
3,67400000;1,87735144
3,67500000;1,87774406
3,67600000;1,87813658
3,67700000;1,87852899
3,67800000;1,87892129
3,67900000;1,87931348
3,68000000;1,87970557
3,68100000;1,88009755
3,68200000;1,88048943
3,68300000;1,88088120
3,68400000;1,88127286
3,68500000;1,88166441
3,68600000;1,88205586
3,68700000;1,88244721
3,68800000;1,88283845
3,68900000;1,88322958
3,69000000;1,88362060
3,69100000;1,88401152
3,69200000;1,88440234
3,69300000;1,88479304
3,69400000;1,88518364
3,69500000;1,88557414
3,69600000;1,88596453
3,69700000;1,88635482
3,69800000;1,88674500
3,69900000;1,88713507
3,70000000;1,88752504
3,70100000;1,88791490
3,70200000;1,88830466
3,70300000;1,88869431
3,70400000;1,88908386
3,70500000;1,88947330
3,70600000;1,88986264
3,70700000;1,89025187
3,70800000;1,89064100
3,70900000;1,89103002
3,71000000;1,89141893
3,71100000;1,89180775
3,71200000;1,89219645
3,71300000;1,89258506
3,71400000;1,89297355
3,71500000;1,89336195
3,71600000;1,89375024
3,71700000;1,89413842
3,71800000;1,89452650
3,71900000;1,89491448
3,72000000;1,89530235
3,72100000;1,89569012
3,72200000;1,89607778
3,72300000;1,89646534
3,72400000;1,89685279
3,72500000;1,89724014
3,72600000;1,89762739
3,72700000;1,89801453
3,72800000;1,89840157
3,72900000;1,89878851
3,73000000;1,89917534
3,73100000;1,89956206
3,73200000;1,89994869
3,73300000;1,90033521
3,73400000;1,90072163
3,73500000;1,90110794
3,73600000;1,90149415
3,73700000;1,90188026
3,73800000;1,90226626
3,73900000;1,90265216
3,74000000;1,90303796
3,74100000;1,90342365
3,74200000;1,90380924
3,74300000;1,90419473
3,74400000;1,90458011
3,74500000;1,90496539
3,74600000;1,90535057
3,74700000;1,90573565
3,74800000;1,90612062
3,74900000;1,90650549
3,75000000;1,90689026
3,75100000;1,90727492
3,75200000;1,90765949
3,75300000;1,90804395
3,75400000;1,90842830
3,75500000;1,90881256
3,75600000;1,90919671
3,75700000;1,90958076
3,75800000;1,90996471
3,75900000;1,91034856
3,76000000;1,91073230
3,76100000;1,91111594
3,76200000;1,91149948
3,76300000;1,91188292
3,76400000;1,91226626
3,76500000;1,91264949
3,76600000;1,91303263
3,76700000;1,91341566
3,76800000;1,91379859
3,76900000;1,91418141
3,77000000;1,91456414
3,77100000;1,91494676
3,77200000;1,91532929
3,77300000;1,91571171
3,77400000;1,91609403
3,77500000;1,91647625
3,77600000;1,91685837
3,77700000;1,91724038
3,77800000;1,91762230
3,77900000;1,91800411
3,78000000;1,91838583
3,78100000;1,91876744
3,78200000;1,91914895
3,78300000;1,91953036
3,78400000;1,91991167
3,78500000;1,92029288
3,78600000;1,92067399
3,78700000;1,92105500
3,78800000;1,92143590
3,78900000;1,92181671
3,79000000;1,92219742
3,79100000;1,92257802
3,79200000;1,92295853
3,79300000;1,92333893
3,79400000;1,92371924
3,79500000;1,92409944
3,79600000;1,92447954
3,79700000;1,92485955
3,79800000;1,92523945
3,79900000;1,92561926
3,80000000;1,92599896
3,80100000;1,92637856
3,80200000;1,92675807
3,80300000;1,92713747
3,80400000;1,92751678
3,80500000;1,92789598
3,80600000;1,92827509
3,80700000;1,92865409
3,80800000;1,92903300
3,80900000;1,92941181
3,81000000;1,92979051
3,81100000;1,93016912
3,81200000;1,93054763
3,81300000;1,93092604
3,81400000;1,93130435
3,81500000;1,93168256
3,81600000;1,93206067
3,81700000;1,93243868
3,81800000;1,93281660
3,81900000;1,93319441
3,82000000;1,93357213
3,82100000;1,93394974
3,82200000;1,93432726
3,82300000;1,93470468
3,82400000;1,93508200
3,82500000;1,93545922
3,82600000;1,93583634
3,82700000;1,93621337
3,82800000;1,93659029
3,82900000;1,93696712
3,83000000;1,93734385
3,83100000;1,93772048
3,83200000;1,93809701
3,83300000;1,93847345
3,83400000;1,93884978
3,83500000;1,93922602
3,83600000;1,93960216
3,83700000;1,93997820
3,83800000;1,94035415
3,83900000;1,94072999
3,84000000;1,94110574
3,84100000;1,94148139
3,84200000;1,94185694
3,84300000;1,94223240
3,84400000;1,94260775
3,84500000;1,94298301
3,84600000;1,94335817
3,84700000;1,94373324
3,84800000;1,94410820
3,84900000;1,94448307
3,85000000;1,94485785
3,85100000;1,94523252
3,85200000;1,94560710
3,85300000;1,94598158
3,85400000;1,94635596
3,85500000;1,94673024
3,85600000;1,94710443
3,85700000;1,94747852
3,85800000;1,94785252
3,85900000;1,94822642
3,86000000;1,94860022
3,86100000;1,94897392
3,86200000;1,94934753
3,86300000;1,94972104
3,86400000;1,95009445
3,86500000;1,95046777
3,86600000;1,95084099
3,86700000;1,95121411
3,86800000;1,95158714
3,86900000;1,95196007
3,87000000;1,95233290
3,87100000;1,95270564
3,87200000;1,95307828
3,87300000;1,95345083
3,87400000;1,95382328
3,87500000;1,95419563
3,87600000;1,95456789
3,87700000;1,95494005
3,87800000;1,95531211
3,87900000;1,95568408
3,88000000;1,95605596
3,88100000;1,95642773
3,88200000;1,95679941
3,88300000;1,95717100
3,88400000;1,95754249
3,88500000;1,95791389
3,88600000;1,95828518
3,88700000;1,95865639
3,88800000;1,95902750
3,88900000;1,95939851
3,89000000;1,95976942
3,89100000;1,96014025
3,89200000;1,96051097
3,89300000;1,96088160
3,89400000;1,96125214
3,89500000;1,96162258
3,89600000;1,96199293
3,89700000;1,96236318
3,89800000;1,96273333
3,89900000;1,96310339
3,90000000;1,96347336
3,90100000;1,96384323
3,90200000;1,96421301
3,90300000;1,96458269
3,90400000;1,96495227
3,90500000;1,96532176
3,90600000;1,96569116
3,90700000;1,96606046
3,90800000;1,96642967
3,90900000;1,96679879
3,91000000;1,96716781
3,91100000;1,96753673
3,91200000;1,96790556
3,91300000;1,96827430
3,91400000;1,96864294
3,91500000;1,96901149
3,91600000;1,96937994
3,91700000;1,96974830
3,91800000;1,97011657
3,91900000;1,97048474
3,92000000;1,97085282
3,92100000;1,97122080
3,92200000;1,97158869
3,92300000;1,97195649
3,92400000;1,97232419
3,92500000;1,97269180
3,92600000;1,97305931
3,92700000;1,97342673
3,92800000;1,97379406
3,92900000;1,97416129
3,93000000;1,97452844
3,93100000;1,97489548
3,93200000;1,97526244
3,93300000;1,97562930
3,93400000;1,97599607
3,93500000;1,97636274
3,93600000;1,97672932
3,93700000;1,97709581
3,93800000;1,97746220
3,93900000;1,97782851
3,94000000;1,97819471
3,94100000;1,97856083
3,94200000;1,97892685
3,94300000;1,97929278
3,94400000;1,97965862
3,94500000;1,98002436
3,94600000;1,98039002
3,94700000;1,98075558
3,94800000;1,98112104
3,94900000;1,98148642
3,95000000;1,98185170
3,95100000;1,98221689
3,95200000;1,98258198
3,95300000;1,98294699
3,95400000;1,98331190
3,95500000;1,98367672
3,95600000;1,98404145
3,95700000;1,98440608
3,95800000;1,98477062
3,95900000;1,98513507
3,96000000;1,98549943
3,96100000;1,98586370
3,96200000;1,98622787
3,96300000;1,98659196
3,96400000;1,98695595
3,96500000;1,98731985
3,96600000;1,98768365
3,96700000;1,98804737
3,96800000;1,98841099
3,96900000;1,98877453
3,97000000;1,98913797
3,97100000;1,98950132
3,97200000;1,98986457
3,97300000;1,99022774
3,97400000;1,99059081
3,97500000;1,99095380
3,97600000;1,99131669
3,97700000;1,99167949
3,97800000;1,99204220
3,97900000;1,99240575
3,98000000;1,99276828
3,98100000;1,99313072
3,98200000;1,99349307
3,98300000;1,99385532
3,98400000;1,99421749
3,98500000;1,99457956
3,98600000;1,99494155
3,98700000;1,99530344
3,98800000;1,99566524
3,98900000;1,99602696
3,99000000;1,99638858
3,99100000;1,99675011
3,99200000;1,99711155
3,99300000;1,99747290
3,99400000;1,99783416
3,99500000;1,99819533
3,99600000;1,99855641
3,99700000;1,99891739
3,99800000;1,99927829
3,99900000;1,99963910
4,00000000;1,99999982
4,00100000;2,00036044
4,00200000;2,00072098
4,00300000;2,00108143
4,00400000;2,00144178
4,00500000;2,00180205
4,00600000;2,00216223
4,00700000;2,00252231
4,00800000;2,00288231
4,00900000;2,00324222
4,01000000;2,00360204
4,01100000;2,00396176
4,01200000;2,00432140
4,01300000;2,00468095
4,01400000;2,00504041
4,01500000;2,00539978
4,01600000;2,00575906
4,01700000;2,00611825
4,01800000;2,00647735
4,01900000;2,00683636
4,02000000;2,00719528
4,02100000;2,00755412
4,02200000;2,00791286
4,02300000;2,00827151
4,02400000;2,00863008
4,02500000;2,00898856
4,02600000;2,00934694
4,02700000;2,00970524
4,02800000;2,01006345
4,02900000;2,01042157
4,03000000;2,01077960
4,03100000;2,01113754
4,03200000;2,01149540
4,03300000;2,01185316
4,03400000;2,01221084
4,03500000;2,01256843
4,03600000;2,01292593
4,03700000;2,01328334
4,03800000;2,01364066
4,03900000;2,01399789
4,04000000;2,01435504
4,04100000;2,01471209
4,04200000;2,01506906
4,04300000;2,01542594
4,04400000;2,01578273
4,04500000;2,01613944
4,04600000;2,01649605
4,04700000;2,01685258
4,04800000;2,01720902
4,04900000;2,01756537
4,05000000;2,01792163
4,05100000;2,01827781
4,05200000;2,01863390
4,05300000;2,01898990
4,05400000;2,01934581
4,05500000;2,01970163
4,05600000;2,02005737
4,05700000;2,02041302
4,05800000;2,02076858
4,05900000;2,02112405
4,06000000;2,02147943
4,06100000;2,02183473
4,06200000;2,02218994
4,06300000;2,02254507
4,06400000;2,02290010
4,06500000;2,02325505
4,06600000;2,02360991
4,06700000;2,02396468
4,06800000;2,02431937
4,06900000;2,02467397
4,07000000;2,02502848
4,07100000;2,02538291
4,07200000;2,02573724
4,07300000;2,02609149
4,07400000;2,02644566
4,07500000;2,02679974
4,07600000;2,02715373
4,07700000;2,02750763
4,07800000;2,02786145
4,07900000;2,02821518
4,08000000;2,02856882
4,08100000;2,02892237
4,08200000;2,02927584
4,08300000;2,02962923
4,08400000;2,02998252
4,08500000;2,03033573
4,08600000;2,03068886
4,08700000;2,03104189
4,08800000;2,03139485
4,08900000;2,03174771
4,09000000;2,03210049
4,09100000;2,03245318
4,09200000;2,03280579
4,09300000;2,03315830
4,09400000;2,03351074
4,09500000;2,03386309
4,09600000;2,03421535
4,09700000;2,03456752
4,09800000;2,03491961
4,09900000;2,03527161
4,10000000;2,03562353
4,10100000;2,03597536
4,10200000;2,03632711
4,10300000;2,03667877
4,10400000;2,03703034
4,10500000;2,03738183
4,10600000;2,03773324
4,10700000;2,03808455
4,10800000;2,03843579
4,10900000;2,03878693
4,11000000;2,03913799
4,11100000;2,03948897
4,11200000;2,03983986
4,11300000;2,04019066
4,11400000;2,04054138
4,11500000;2,04089202
4,11600000;2,04124257
4,11700000;2,04159303
4,11800000;2,04194341
4,11900000;2,04229371
4,12000000;2,04264391
4,12100000;2,04299404
4,12200000;2,04334408
4,12300000;2,04369403
4,12400000;2,04404390
4,12500000;2,04439368
4,12600000;2,04474338
4,12700000;2,04509300
4,12800000;2,04544253
4,12900000;2,04579197
4,13000000;2,04614133
4,13100000;2,04649061
4,13200000;2,04683980
4,13300000;2,04718891
4,13400000;2,04753793
4,13500000;2,04788687
4,13600000;2,04823572
4,13700000;2,04858449
4,13800000;2,04893318
4,13900000;2,04928178
4,14000000;2,04963030
4,14100000;2,04997873
4,14200000;2,05032708
4,14300000;2,05067534
4,14400000;2,05102352
4,14500000;2,05137162
4,14600000;2,05171963
4,14700000;2,05206756
4,14800000;2,05241540
4,14900000;2,05276316
4,15000000;2,05311084
4,15100000;2,05345843
4,15200000;2,05380594
4,15300000;2,05415337
4,15400000;2,05450071
4,15500000;2,05484797
4,15600000;2,05519514
4,15700000;2,05554223
4,15800000;2,05588924
4,15900000;2,05623616
4,16000000;2,05658301
4,16100000;2,05692976
4,16200000;2,05727644
4,16300000;2,05762303
4,16400000;2,05796954
4,16500000;2,05831596
4,16600000;2,05866230
4,16700000;2,05900856
4,16800000;2,05935473
4,16900000;2,05970083
4,17000000;2,06004683
4,17100000;2,06039276
4,17200000;2,06073860
4,17300000;2,06108436
4,17400000;2,06143004
4,17500000;2,06177563
4,17600000;2,06212115
4,17700000;2,06246657
4,17800000;2,06281192
4,17900000;2,06315718
4,18000000;2,06350237
4,18100000;2,06384746
4,18200000;2,06419248
4,18300000;2,06453741
4,18400000;2,06488226
4,18500000;2,06522703
4,18600000;2,06557172
4,18700000;2,06591632
4,18800000;2,06626084
4,18900000;2,06660528
4,19000000;2,06694964
4,19100000;2,06729391
4,19200000;2,06763811
4,19300000;2,06798222
4,19400000;2,06832624
4,19500000;2,06867019
4,19600000;2,06901406
4,19700000;2,06935784
4,19800000;2,06970154
4,19900000;2,07004516
4,20000000;2,07038869
4,20100000;2,07073215
4,20200000;2,07107552
4,20300000;2,07141881
4,20400000;2,07176202
4,20500000;2,07210515
4,20600000;2,07244820
4,20700000;2,07279116
4,20800000;2,07313405
4,20900000;2,07347685
4,21000000;2,07381957
4,21100000;2,07416221
4,21200000;2,07450477
4,21300000;2,07484724
4,21400000;2,07518964
4,21500000;2,07553195
4,21600000;2,07587418
4,21700000;2,07621634
4,21800000;2,07655841
4,21900000;2,07690040
4,22000000;2,07724230
4,22100000;2,07758413
4,22200000;2,07792588
4,22300000;2,07826754
4,22400000;2,07860913
4,22500000;2,07895063
4,22600000;2,07929205
4,22700000;2,07963340
4,22800000;2,07997466
4,22900000;2,08031584
4,23000000;2,08065694
4,23100000;2,08099796
4,23200000;2,08133890
4,23300000;2,08167975
4,23400000;2,08202053
4,23500000;2,08236123
4,23600000;2,08270184
4,23700000;2,08304238
4,23800000;2,08338284
4,23900000;2,08372321
4,24000000;2,08406351
4,24100000;2,08440372
4,24200000;2,08474386
4,24300000;2,08508391
4,24400000;2,08542389
4,24500000;2,08576378
4,24600000;2,08610359
4,24700000;2,08644333
4,24800000;2,08678298
4,24900000;2,08712256
4,25000000;2,08746205
4,25100000;2,08780146
4,25200000;2,08814080
4,25300000;2,08848005
4,25400000;2,08881923
4,25500000;2,08915832
4,25600000;2,08949734
4,25700000;2,08983628
4,25800000;2,09017513
4,25900000;2,09051391
4,26000000;2,09085261
4,26100000;2,09119122
4,26200000;2,09152976
4,26300000;2,09186822
4,26400000;2,09220660
4,26500000;2,09254490
4,26600000;2,09288312
4,26700000;2,09322126
4,26800000;2,09355932
4,26900000;2,09389731
4,27000000;2,09423521
4,27100000;2,09457303
4,27200000;2,09491078
4,27300000;2,09524845
4,27400000;2,09558603
4,27500000;2,09592354
4,27600000;2,09626097
4,27700000;2,09659832
4,27800000;2,09693559
4,27900000;2,09727279
4,28000000;2,09760990
4,28100000;2,09794694
4,28200000;2,09828389
4,28300000;2,09862077
4,28400000;2,09895757
4,28500000;2,09929429
4,28600000;2,09963093
4,28700000;2,09996750
4,28800000;2,10030398
4,28900000;2,10064039
4,29000000;2,10097672
4,29100000;2,10131296
4,29200000;2,10164914
4,29300000;2,10198523
4,29400000;2,10232124
4,29500000;2,10265718
4,29600000;2,10299304
4,29700000;2,10332882
4,29800000;2,10366452
4,29900000;2,10400014
4,30000000;2,10433569
4,30100000;2,10467116
4,30200000;2,10500655
4,30300000;2,10534186
4,30400000;2,10567709
4,30500000;2,10601225
4,30600000;2,10634733
4,30700000;2,10668233
4,30800000;2,10701725
4,30900000;2,10735209
4,31000000;2,10768686
4,31100000;2,10802155
4,31200000;2,10835616
4,31300000;2,10869070
4,31400000;2,10902515
4,31500000;2,10935953
4,31600000;2,10969383
4,31700000;2,11002806
4,31800000;2,11036220
4,31900000;2,11069627
4,32000000;2,11103026
4,32100000;2,11136418
4,32200000;2,11169890
4,32300000;2,11203266
4,32400000;2,11236635
4,32500000;2,11269995
4,32600000;2,11303348
4,32700000;2,11336694
4,32800000;2,11370032
4,32900000;2,11403362
4,33000000;2,11436684
4,33100000;2,11469998
4,33200000;2,11503305
4,33300000;2,11536604
4,33400000;2,11569896
4,33500000;2,11603180
4,33600000;2,11636456
4,33700000;2,11669725
4,33800000;2,11702985
4,33900000;2,11736238
4,34000000;2,11769484
4,34100000;2,11802722
4,34200000;2,11835952
4,34300000;2,11869174
4,34400000;2,11902389
4,34500000;2,11935597
4,34600000;2,11968796
4,34700000;2,12001988
4,34800000;2,12035172
4,34900000;2,12068349
4,35000000;2,12101518
4,35100000;2,12134680
4,35200000;2,12167833
4,35300000;2,12200980
4,35400000;2,12234118
4,35500000;2,12267249
4,35600000;2,12300372
4,35700000;2,12333488
4,35800000;2,12366596
4,35900000;2,12399697
4,36000000;2,12432790
4,36100000;2,12465875
4,36200000;2,12498953
4,36300000;2,12532023
4,36400000;2,12565086
4,36500000;2,12598141
4,36600000;2,12631188
4,36700000;2,12664228
4,36800000;2,12697261
4,36900000;2,12730285
4,37000000;2,12763303
4,37100000;2,12796312
4,37200000;2,12829314
4,37300000;2,12862309
4,37400000;2,12895296
4,37500000;2,12928275
4,37600000;2,12961247
4,37700000;2,12994212
4,37800000;2,13027169
4,37900000;2,13060118
4,38000000;2,13093060
4,38100000;2,13125994
4,38200000;2,13158921
4,38300000;2,13191840
4,38400000;2,13224752
4,38500000;2,13257656
4,38600000;2,13290553
4,38700000;2,13323442
4,38800000;2,13356324
4,38900000;2,13389198
4,39000000;2,13422065
4,39100000;2,13454924
4,39200000;2,13487776
4,39300000;2,13520620
4,39400000;2,13553457
4,39500000;2,13586287
4,39600000;2,13619109
4,39700000;2,13651923
4,39800000;2,13684730
4,39900000;2,13717529
4,40000000;2,13750322
4,40100000;2,13783106
4,40200000;2,13815883
4,40300000;2,13848653
4,40400000;2,13881415
4,40500000;2,13914170
4,40600000;2,13946917
4,40700000;2,13979657
4,40800000;2,14012390
4,40900000;2,14045115
4,41000000;2,14077833
4,41100000;2,14110543
4,41200000;2,14143246
4,41300000;2,14175941
4,41400000;2,14208629
4,41500000;2,14241310
4,41600000;2,14273983
4,41700000;2,14306649
4,41800000;2,14339307
4,41900000;2,14371959
4,42000000;2,14404602
4,42100000;2,14437238
4,42200000;2,14469867
4,42300000;2,14502489
4,42400000;2,14535103
4,42500000;2,14567710
4,42600000;2,14600309
4,42700000;2,14632901
4,42800000;2,14665486
4,42900000;2,14698063
4,43000000;2,14730633
4,43100000;2,14763196
4,43200000;2,14795751
4,43300000;2,14828299
4,43400000;2,14860839
4,43500000;2,14893373
4,43600000;2,14925898
4,43700000;2,14958417
4,43800000;2,14990928
4,43900000;2,15023432
4,44000000;2,15055929
4,44100000;2,15088418
4,44200000;2,15120900
4,44300000;2,15153375
4,44400000;2,15185842
4,44500000;2,15218302
4,44600000;2,15250755
4,44700000;2,15283200
4,44800000;2,15315638
4,44900000;2,15348069
4,45000000;2,15380493
4,45100000;2,15412909
4,45200000;2,15445318
4,45300000;2,15477719
4,45400000;2,15510114
4,45500000;2,15542501
4,45600000;2,15574881
4,45700000;2,15607253
4,45800000;2,15639619
4,45900000;2,15671977
4,46000000;2,15704328
4,46100000;2,15736671
4,46200000;2,15769008
4,46300000;2,15801337
4,46400000;2,15833659
4,46500000;2,15865973
4,46600000;2,15898280
4,46700000;2,15930581
4,46800000;2,15962873
4,46900000;2,15995159
4,47000000;2,16027438
4,47100000;2,16059709
4,47200000;2,16091973
4,47300000;2,16124230
4,47400000;2,16156479
4,47500000;2,16188722
4,47600000;2,16220957
4,47700000;2,16253185
4,47800000;2,16285405
4,47900000;2,16317619
4,48000000;2,16349825
4,48100000;2,16382025
4,48200000;2,16414217
4,48300000;2,16446401
4,48400000;2,16478579
4,48500000;2,16510749
4,48600000;2,16542913
4,48700000;2,16575069
4,48800000;2,16607218
4,48900000;2,16639360
4,49000000;2,16671494
4,49100000;2,16703622
4,49200000;2,16735742
4,49300000;2,16767855
4,49400000;2,16799961
4,49500000;2,16832060
4,49600000;2,16864152
4,49700000;2,16896236
4,49800000;2,16928314
4,49900000;2,16960384
4,50000000;2,16992447
4,50100000;2,17024504
4,50200000;2,17056552
4,50300000;2,17088594
4,50400000;2,17120629
4,50500000;2,17152657
4,50600000;2,17184677
4,50700000;2,17216691
4,50800000;2,17248697
4,50900000;2,17280696
4,51000000;2,17312688
4,51100000;2,17344673
4,51200000;2,17376651
4,51300000;2,17408622
4,51400000;2,17440586
4,51500000;2,17472542
4,51600000;2,17504492
4,51700000;2,17536434
4,51800000;2,17568370
4,51900000;2,17600298
4,52000000;2,17632219
4,52100000;2,17664134
4,52200000;2,17696041
4,52300000;2,17727941
4,52400000;2,17759834
4,52500000;2,17791720
4,52600000;2,17823599
4,52700000;2,17855471
4,52800000;2,17887336
4,52900000;2,17919194
4,53000000;2,17951045
4,53100000;2,17982888
4,53200000;2,18014725
4,53300000;2,18046555
4,53400000;2,18078378
4,53500000;2,18110193
4,53600000;2,18142002
4,53700000;2,18173804
4,53800000;2,18205598
4,53900000;2,18237386
4,54000000;2,18269167
4,54100000;2,18300940
4,54200000;2,18332707
4,54300000;2,18364467
4,54400000;2,18396219
4,54500000;2,18427965
4,54600000;2,18459704
4,54700000;2,18491435
4,54800000;2,18523160
4,54900000;2,18554878
4,55000000;2,18586589
4,55100000;2,18618292
4,55200000;2,18649989
4,55300000;2,18681679
4,55400000;2,18713362
4,55500000;2,18745038
4,55600000;2,18776707
4,55700000;2,18808369
4,55800000;2,18840024
4,55900000;2,18871672
4,56000000;2,18903314
4,56100000;2,18934948
4,56200000;2,18966575
4,56300000;2,18998196
4,56400000;2,19029809
4,56500000;2,19061416
4,56600000;2,19093015
4,56700000;2,19124608
4,56800000;2,19156194
4,56900000;2,19187773
4,57000000;2,19219345
4,57100000;2,19250910
4,57200000;2,19282468
4,57300000;2,19314019
4,57400000;2,19345564
4,57500000;2,19377101
4,57600000;2,19408632
4,57700000;2,19440155
4,57800000;2,19471672
4,57900000;2,19503182
4,58000000;2,19534685
4,58100000;2,19566181
4,58200000;2,19597671
4,58300000;2,19629153
4,58400000;2,19660629
4,58500000;2,19692097
4,58600000;2,19723559
4,58700000;2,19755014
4,58800000;2,19786462
4,58900000;2,19817903
4,59000000;2,19849338
4,59100000;2,19880765
4,59200000;2,19912186
4,59300000;2,19943600
4,59400000;2,19975007
4,59500000;2,20006407
4,59600000;2,20037800
4,59700000;2,20069187
4,59800000;2,20100566
4,59900000;2,20131939
4,60000000;2,20163305
4,60100000;2,20194665
4,60200000;2,20226017
4,60300000;2,20257363
4,60400000;2,20288701
4,60500000;2,20320033
4,60600000;2,20351358
4,60700000;2,20382677
4,60800000;2,20413988
4,60900000;2,20445293
4,61000000;2,20476591
4,61100000;2,20507882
4,61200000;2,20539167
4,61300000;2,20570444
4,61400000;2,20601715
4,61500000;2,20632979
4,61600000;2,20664236
4,61700000;2,20695487
4,61800000;2,20726731
4,61900000;2,20757968
4,62000000;2,20789198
4,62100000;2,20820421
4,62200000;2,20851638
4,62300000;2,20882848
4,62400000;2,20914051
4,62500000;2,20945248
4,62600000;2,20976437
4,62700000;2,21007620
4,62800000;2,21038796
4,62900000;2,21069966
4,63000000;2,21101129
4,63100000;2,21132285
4,63200000;2,21163434
4,63300000;2,21194577
4,63400000;2,21225712
4,63500000;2,21256842
4,63600000;2,21287964
4,63700000;2,21319080
4,63800000;2,21350189
4,63900000;2,21381291
4,64000000;2,21412386
4,64100000;2,21443475
4,64200000;2,21474557
4,64300000;2,21505633
4,64400000;2,21536702
4,64500000;2,21567764
4,64600000;2,21598819
4,64700000;2,21629868
4,64800000;2,21660910
4,64900000;2,21691945
4,65000000;2,21722974
4,65100000;2,21753996
4,65200000;2,21785011
4,65300000;2,21816020
4,65400000;2,21847022
4,65500000;2,21878017
4,65600000;2,21909006
4,65700000;2,21939988
4,65800000;2,21970963
4,65900000;2,22001932
4,66000000;2,22032894
4,66100000;2,22063850
4,66200000;2,22094798
4,66300000;2,22125741
4,66400000;2,22156676
4,66500000;2,22187605
4,66600000;2,22218527
4,66700000;2,22249527
4,66800000;2,22280436
4,66900000;2,22311339
4,67000000;2,22342235
4,67100000;2,22373124
4,67200000;2,22404007
4,67300000;2,22434883
4,67400000;2,22465753
4,67500000;2,22496616
4,67600000;2,22527472
4,67700000;2,22558322
4,67800000;2,22589165
4,67900000;2,22620001
4,68000000;2,22650831
4,68100000;2,22681655
4,68200000;2,22712471
4,68300000;2,22743282
4,68400000;2,22774085
4,68500000;2,22804882
4,68600000;2,22835673
4,68700000;2,22866457
4,68800000;2,22897234
4,68900000;2,22928005
4,69000000;2,22958769
4,69100000;2,22989527
4,69200000;2,23020278
4,69300000;2,23051022
4,69400000;2,23081760
4,69500000;2,23112492
4,69600000;2,23143217
4,69700000;2,23173935
4,69800000;2,23204647
4,69900000;2,23235352
4,70000000;2,23266051
4,70100000;2,23296743
4,70200000;2,23327429
4,70300000;2,23358108
4,70400000;2,23388780
4,70500000;2,23419446
4,70600000;2,23450106
4,70700000;2,23480759
4,70800000;2,23511406
4,70900000;2,23542046
4,71000000;2,23572679
4,71100000;2,23603306
4,71200000;2,23633927
4,71300000;2,23664541
4,71400000;2,23695149
4,71500000;2,23725750
4,71600000;2,23756344
4,71700000;2,23786932
4,71800000;2,23817514
4,71900000;2,23848089
4,72000000;2,23878658
4,72100000;2,23909220
4,72200000;2,23939775
4,72300000;2,23970325
4,72400000;2,24000867
4,72500000;2,24031404
4,72600000;2,24061933
4,72700000;2,24092457
4,72800000;2,24122974
4,72900000;2,24153484
4,73000000;2,24183988
4,73100000;2,24214486
4,73200000;2,24244977
4,73300000;2,24275462
4,73400000;2,24305940
4,73500000;2,24336412
4,73600000;2,24366877
4,73700000;2,24397336
4,73800000;2,24427788
4,73900000;2,24458234
4,74000000;2,24488674
4,74100000;2,24519107
4,74200000;2,24549534
4,74300000;2,24579954
4,74400000;2,24610368
4,74500000;2,24640776
4,74600000;2,24671177
4,74700000;2,24701572
4,74800000;2,24731960
4,74900000;2,24762342
4,75000000;2,24792718
4,75100000;2,24823087
4,75200000;2,24853449
4,75300000;2,24883806
4,75400000;2,24914156
4,75500000;2,24944499
4,75600000;2,24974837
4,75700000;2,25005167
4,75800000;2,25035492
4,75900000;2,25065810
4,76000000;2,25096122
4,76100000;2,25126427
4,76200000;2,25156726
4,76300000;2,25187019
4,76400000;2,25217305
4,76500000;2,25247585
4,76600000;2,25277858
4,76700000;2,25308125
4,76800000;2,25338386
4,76900000;2,25368641
4,77000000;2,25398889
4,77100000;2,25429131
4,77200000;2,25459366
4,77300000;2,25489595
4,77400000;2,25519818
4,77500000;2,25550035
4,77600000;2,25580245
4,77700000;2,25610449
4,77800000;2,25640646
4,77900000;2,25670837
4,78000000;2,25701022
4,78100000;2,25731201
4,78200000;2,25761373
4,78300000;2,25791539
4,78400000;2,25821698
4,78500000;2,25851852
4,78600000;2,25881999
4,78700000;2,25912140
4,78800000;2,25942274
4,78900000;2,25972402
4,79000000;2,26002524
4,79100000;2,26032639
4,79200000;2,26062749
4,79300000;2,26092852
4,79400000;2,26122948
4,79500000;2,26153039
4,79600000;2,26183123
4,79700000;2,26213201
4,79800000;2,26243272
4,79900000;2,26273338
4,80000000;2,26303397
4,80100000;2,26333450
4,80200000;2,26363496
4,80300000;2,26393536
4,80400000;2,26423570
4,80500000;2,26453598
4,80600000;2,26483620
4,80700000;2,26513635
4,80800000;2,26543644
4,80900000;2,26573647
4,81000000;2,26603643
4,81100000;2,26633634
4,81200000;2,26663618
4,81300000;2,26693596
4,81400000;2,26723567
4,81500000;2,26753533
4,81600000;2,26783492
4,81700000;2,26813445
4,81800000;2,26843392
4,81900000;2,26873332
4,82000000;2,26903266
4,82100000;2,26933195
4,82200000;2,26963116
4,82300000;2,26993032
4,82400000;2,27022942
4,82500000;2,27052845
4,82600000;2,27082742
4,82700000;2,27112633
4,82800000;2,27142518
4,82900000;2,27172396
4,83000000;2,27202269
4,83100000;2,27232135
4,83200000;2,27261995
4,83300000;2,27291848
4,83400000;2,27321696
4,83500000;2,27351537
4,83600000;2,27381373
4,83700000;2,27411202
4,83800000;2,27441025
4,83900000;2,27470841
4,84000000;2,27500652
4,84100000;2,27530456
4,84200000;2,27560255
4,84300000;2,27590047
4,84400000;2,27619833
4,84500000;2,27649613
4,84600000;2,27679386
4,84700000;2,27709154
4,84800000;2,27738915
4,84900000;2,27768671
4,85000000;2,27798420
4,85100000;2,27828163
4,85200000;2,27857899
4,85300000;2,27887630
4,85400000;2,27917355
4,85500000;2,27947073
4,85600000;2,27976786
4,85700000;2,28006492
4,85800000;2,28036192
4,85900000;2,28065886
4,86000000;2,28095574
4,86100000;2,28125256
4,86200000;2,28154931
4,86300000;2,28184601
4,86400000;2,28214264
4,86500000;2,28243922
4,86600000;2,28273573
4,86700000;2,28303218
4,86800000;2,28332857
4,86900000;2,28362490
4,87000000;2,28392117
4,87100000;2,28421738
4,87200000;2,28451353
4,87300000;2,28480962
4,87400000;2,28510564
4,87500000;2,28540161
4,87600000;2,28569751
4,87700000;2,28599336
4,87800000;2,28628914
4,87900000;2,28658486
4,88000000;2,28688052
4,88100000;2,28717612
4,88200000;2,28747167
4,88300000;2,28776715
4,88400000;2,28806257
4,88500000;2,28835792
4,88600000;2,28865322
4,88700000;2,28894846
4,88800000;2,28924364
4,88900000;2,28953876
4,89000000;2,28983381
4,89100000;2,29012881
4,89200000;2,29042375
4,89300000;2,29071862
4,89400000;2,29101344
4,89500000;2,29130820
4,89600000;2,29160289
4,89700000;2,29189753
4,89800000;2,29219210
4,89900000;2,29248662
4,90000000;2,29278107
4,90100000;2,29307547
4,90200000;2,29336980
4,90300000;2,29366408
4,90400000;2,29395829
4,90500000;2,29425245
4,90600000;2,29454654
4,90700000;2,29484058
4,90800000;2,29513455
4,90900000;2,29542847
4,91000000;2,29572232
4,91100000;2,29601612
4,91200000;2,29630985
4,91300000;2,29660353
4,91400000;2,29689714
4,91500000;2,29719070
4,91600000;2,29748419
4,91700000;2,29777763
4,91800000;2,29807101
4,91900000;2,29836433
4,92000000;2,29865758
4,92100000;2,29895078
4,92200000;2,29924392
4,92300000;2,29953700
4,92400000;2,29983002
4,92500000;2,30012298
4,92600000;2,30041588
4,92700000;2,30070872
4,92800000;2,30100150
4,92900000;2,30129422
4,93000000;2,30158689
4,93100000;2,30187949
4,93200000;2,30217203
4,93300000;2,30246452
4,93400000;2,30275694
4,93500000;2,30304931
4,93600000;2,30334162
4,93700000;2,30363386
4,93800000;2,30392605
4,93900000;2,30421818
4,94000000;2,30451025
4,94100000;2,30480226
4,94200000;2,30509422
4,94300000;2,30538611
4,94400000;2,30567794
4,94500000;2,30596972
4,94600000;2,30626143
4,94700000;2,30655309
4,94800000;2,30684469
4,94900000;2,30713623
4,95000000;2,30742771
4,95100000;2,30771913
4,95200000;2,30801049
4,95300000;2,30830179
4,95400000;2,30859304
4,95500000;2,30888422
4,95600000;2,30917535
4,95700000;2,30946642
4,95800000;2,30975743
4,95900000;2,31004838
4,96000000;2,31033927
4,96100000;2,31063011
4,96200000;2,31092088
4,96300000;2,31121160
4,96400000;2,31150225
4,96500000;2,31179285
4,96600000;2,31208339
4,96700000;2,31237388
4,96800000;2,31266430
4,96900000;2,31295466
4,97000000;2,31324497
4,97100000;2,31353522
4,97200000;2,31382541
4,97300000;2,31411554
4,97400000;2,31440561
4,97500000;2,31469563
4,97600000;2,31498559
4,97700000;2,31527548
4,97800000;2,31556532
4,97900000;2,31585511
4,98000000;2,31614483
4,98100000;2,31643450
4,98200000;2,31672410
4,98300000;2,31701365
4,98400000;2,31730314
4,98500000;2,31759258
4,98600000;2,31788195
4,98700000;2,31817127
4,98800000;2,31846053
4,98900000;2,31874973
4,99000000;2,31903887
4,99100000;2,31932796
4,99200000;2,31961698
4,99300000;2,31990595
4,99400000;2,32019486
4,99500000;2,32048372
4,99600000;2,32077251
4,99700000;2,32106125
4,99800000;2,32134993
4,99900000;2,32163855
5,00000000;2,32192712
5,00100000;2,32221562
5,00200000;2,32250407
5,00300000;2,32279247
5,00400000;2,32308080
5,00500000;2,32336908
5,00600000;2,32365729
5,00700000;2,32394545
5,00800000;2,32423356
5,00900000;2,32452160
5,01000000;2,32480959
5,01100000;2,32509752
5,01200000;2,32538620
5,01300000;2,32567402
5,01400000;2,32596178
5,01500000;2,32624948
5,01600000;2,32653713
5,01700000;2,32682471
5,01800000;2,32711225
5,01900000;2,32739972
5,02000000;2,32768714
5,02100000;2,32797449
5,02200000;2,32826180
5,02300000;2,32854904
5,02400000;2,32883623
5,02500000;2,32912336
5,02600000;2,32941043
5,02700000;2,32969745
5,02800000;2,32998441
5,02900000;2,33027131
5,03000000;2,33055816
5,03100000;2,33084494
5,03200000;2,33113167
5,03300000;2,33141835
5,03400000;2,33170497
5,03500000;2,33199153
5,03600000;2,33227803
5,03700000;2,33256448
5,03800000;2,33285087
5,03900000;2,33313720
5,04000000;2,33342347
5,04100000;2,33370969
5,04200000;2,33399585
5,04300000;2,33428196
5,04400000;2,33456801
5,04500000;2,33485400
5,04600000;2,33513994
5,04700000;2,33542582
5,04800000;2,33571164
5,04900000;2,33599740
5,05000000;2,33628311
5,05100000;2,33656876
5,05200000;2,33685436
5,05300000;2,33713990
5,05400000;2,33742538
5,05500000;2,33771081
5,05600000;2,33799618
5,05700000;2,33828149
5,05800000;2,33856675
5,05900000;2,33885195
5,06000000;2,33913709
5,06100000;2,33942218
5,06200000;2,33970721
5,06300000;2,33999219
5,06400000;2,34027711
5,06500000;2,34056197
5,06600000;2,34084677
5,06700000;2,34113152
5,06800000;2,34141622
5,06900000;2,34170086
5,07000000;2,34198544
5,07100000;2,34226996
5,07200000;2,34255443
5,07300000;2,34283885
5,07400000;2,34312320
5,07500000;2,34340750
5,07600000;2,34369175
5,07700000;2,34397594
5,07800000;2,34426007
5,07900000;2,34454415
5,08000000;2,34482817
5,08100000;2,34511214
5,08200000;2,34539604
5,08300000;2,34567990
5,08400000;2,34596370
5,08500000;2,34624744
5,08600000;2,34653112
5,08700000;2,34681475
5,08800000;2,34709833
5,08900000;2,34738185
5,09000000;2,34766531
5,09100000;2,34794872
5,09200000;2,34823207
5,09300000;2,34851537
5,09400000;2,34879861
5,09500000;2,34908179
5,09600000;2,34936492
5,09700000;2,34964800
5,09800000;2,34993101
5,09900000;2,35021398
5,10000000;2,35049688
5,10100000;2,35077974
5,10200000;2,35106253
5,10300000;2,35134527
5,10400000;2,35162796
5,10500000;2,35191059
5,10600000;2,35219316
5,10700000;2,35247568
5,10800000;2,35275815
5,10900000;2,35304056
5,11000000;2,35332291
5,11100000;2,35360521
5,11200000;2,35388745
5,11300000;2,35416964
5,11400000;2,35445177
5,11500000;2,35473385
5,11600000;2,35501587
5,11700000;2,35529784
5,11800000;2,35557975
5,11900000;2,35586161
5,12000000;2,35614341
5,12100000;2,35642516
5,12200000;2,35670685
5,12300000;2,35698849
5,12400000;2,35727007
5,12500000;2,35755159
5,12600000;2,35783307
5,12700000;2,35811448
5,12800000;2,35839585
5,12900000;2,35867715
5,13000000;2,35895841
5,13100000;2,35923960
5,13200000;2,35952075
5,13300000;2,35980183
5,13400000;2,36008287
5,13500000;2,36036385
5,13600000;2,36064477
5,13700000;2,36092564
5,13800000;2,36120645
5,13900000;2,36148721
5,14000000;2,36176792
5,14100000;2,36204857
5,14200000;2,36232917
5,14300000;2,36260971
5,14400000;2,36289019
5,14500000;2,36317063
5,14600000;2,36345100
5,14700000;2,36373133
5,14800000;2,36401160
5,14900000;2,36429181
5,15000000;2,36457197
5,15100000;2,36485208
5,15200000;2,36513213
5,15300000;2,36541213
5,15400000;2,36569207
5,15500000;2,36597196
5,15600000;2,36625179
5,15700000;2,36653157
5,15800000;2,36681130
5,15900000;2,36709097
5,16000000;2,36737058
5,16100000;2,36765015
5,16200000;2,36792966
5,16300000;2,36820911
5,16400000;2,36848851
5,16500000;2,36876786
5,16600000;2,36904715
5,16700000;2,36932639
5,16800000;2,36960557
5,16900000;2,36988470
5,17000000;2,37016378
5,17100000;2,37044280
5,17200000;2,37072177
5,17300000;2,37100068
5,17400000;2,37127954
5,17500000;2,37155835
5,17600000;2,37183710
5,17700000;2,37211580
5,17800000;2,37239445
5,17900000;2,37267304
5,18000000;2,37295157
5,18100000;2,37323006
5,18200000;2,37350849
5,18300000;2,37378686
5,18400000;2,37406518
5,18500000;2,37434345
5,18600000;2,37462167
5,18700000;2,37489983
5,18800000;2,37517794
5,18900000;2,37545599
5,19000000;2,37573399
5,19100000;2,37601194
5,19200000;2,37628983
5,19300000;2,37656767
5,19400000;2,37684546
5,19500000;2,37712319
5,19600000;2,37740087
5,19700000;2,37767850
5,19800000;2,37795607
5,19900000;2,37823359
5,20000000;2,37851105
5,20100000;2,37878847
5,20200000;2,37906583
5,20300000;2,37934313
5,20400000;2,37962038
5,20500000;2,37989758
5,20600000;2,38017473
5,20700000;2,38045182
5,20800000;2,38072886
5,20900000;2,38100585
5,21000000;2,38128278
5,21100000;2,38155966
5,21200000;2,38183649
5,21300000;2,38211326
5,21400000;2,38238998
5,21500000;2,38266665
5,21600000;2,38294326
5,21700000;2,38321982
5,21800000;2,38349633
5,21900000;2,38377279
5,22000000;2,38404919
5,22100000;2,38432554
5,22200000;2,38460184
5,22300000;2,38487808
5,22400000;2,38515427
5,22500000;2,38543041
5,22600000;2,38570649
5,22700000;2,38598253
5,22800000;2,38625851
5,22900000;2,38653443
5,23000000;2,38681031
5,23100000;2,38708613
5,23200000;2,38736190
5,23300000;2,38763761
5,23400000;2,38791327
5,23500000;2,38818888
5,23600000;2,38846444
5,23700000;2,38873995
5,23800000;2,38901540
5,23900000;2,38929080
5,24000000;2,38956615
5,24100000;2,38984144
5,24200000;2,39011668
5,24300000;2,39039187
5,24400000;2,39066701
5,24500000;2,39094209
5,24600000;2,39121713
5,24700000;2,39149211
5,24800000;2,39176703
5,24900000;2,39204191
5,25000000;2,39231673
5,25100000;2,39259150
5,25200000;2,39286622
5,25300000;2,39314089
5,25400000;2,39341550
5,25500000;2,39369006
5,25600000;2,39396457
5,25700000;2,39423903
5,25800000;2,39451343
5,25900000;2,39478778
5,26000000;2,39506208
5,26100000;2,39533633
5,26200000;2,39561053
5,26300000;2,39588467
5,26400000;2,39615876
5,26500000;2,39643280
5,26600000;2,39670679
5,26700000;2,39698072
5,26800000;2,39725461
5,26900000;2,39752844
5,27000000;2,39780222
5,27100000;2,39807595
5,27200000;2,39834962
5,27300000;2,39862325
5,27400000;2,39889682
5,27500000;2,39917034
5,27600000;2,39944381
5,27700000;2,39971722
5,27800000;2,39999059
5,27900000;2,40026390
5,28000000;2,40053716
5,28100000;2,40081037
5,28200000;2,40108353
5,28300000;2,40135663
5,28400000;2,40162969
5,28500000;2,40190269
5,28600000;2,40217564
5,28700000;2,40244854
5,28800000;2,40272139
5,28900000;2,40299418
5,29000000;2,40326693
5,29100000;2,40353962
5,29200000;2,40381226
5,29300000;2,40408485
5,29400000;2,40435739
5,29500000;2,40462987
5,29600000;2,40490231
5,29700000;2,40517469
5,29800000;2,40544702
5,29900000;2,40571931
5,30000000;2,40599153
5,30100000;2,40626371
5,30200000;2,40653584
5,30300000;2,40680791
5,30400000;2,40707994
5,30500000;2,40735191
5,30600000;2,40762383
5,30700000;2,40789570
5,30800000;2,40816752
5,30900000;2,40843929
5,31000000;2,40871101
5,31100000;2,40898267
5,31200000;2,40925429
5,31300000;2,40952585
5,31400000;2,40979736
5,31500000;2,41006882
5,31600000;2,41034023
5,31700000;2,41061159
5,31800000;2,41088290
5,31900000;2,41115416
5,32000000;2,41142536
5,32100000;2,41169652
5,32200000;2,41196762
5,32300000;2,41223867
5,32400000;2,41250968
5,32500000;2,41278063
5,32600000;2,41305153
5,32700000;2,41332238
5,32800000;2,41359318
5,32900000;2,41386392
5,33000000;2,41413462
5,33100000;2,41440527
5,33200000;2,41467586
5,33300000;2,41494641
5,33400000;2,41521690
5,33500000;2,41548734
5,33600000;2,41575774
5,33700000;2,41602808
5,33800000;2,41629837
5,33900000;2,41656861
5,34000000;2,41683880
5,34100000;2,41710894
5,34200000;2,41737903
5,34300000;2,41764906
5,34400000;2,41791905
5,34500000;2,41818899
5,34600000;2,41845888
5,34700000;2,41872871
5,34800000;2,41899850
5,34900000;2,41926823
5,35000000;2,41953792
5,35100000;2,41980755
5,35200000;2,42007714
5,35300000;2,42034667
5,35400000;2,42061615
5,35500000;2,42088558
5,35600000;2,42115497
5,35700000;2,42142430
5,35800000;2,42169435
5,35900000;2,42196358
5,36000000;2,42223276
5,36100000;2,42250190
5,36200000;2,42277098
5,36300000;2,42304001
5,36400000;2,42330899
5,36500000;2,42357793
5,36600000;2,42384681
5,36700000;2,42411564
5,36800000;2,42438442
5,36900000;2,42465315
5,37000000;2,42492184
5,37100000;2,42519047
5,37200000;2,42545905
5,37300000;2,42572758
5,37400000;2,42599606
5,37500000;2,42626449
5,37600000;2,42653288
5,37700000;2,42680121
5,37800000;2,42706949
5,37900000;2,42733772
5,38000000;2,42760591
5,38100000;2,42787404
5,38200000;2,42814212
5,38300000;2,42841015
5,38400000;2,42867814
5,38500000;2,42894607
5,38600000;2,42921395
5,38700000;2,42948179
5,38800000;2,42974957
5,38900000;2,43001731
5,39000000;2,43028499
5,39100000;2,43055262
5,39200000;2,43082021
5,39300000;2,43108775
5,39400000;2,43135523
5,39500000;2,43162267
5,39600000;2,43189006
5,39700000;2,43215739
5,39800000;2,43242468
5,39900000;2,43269192
5,40000000;2,43295911
5,40100000;2,43322625
5,40200000;2,43349334
5,40300000;2,43376038
5,40400000;2,43402737
5,40500000;2,43429431
5,40600000;2,43456120
5,40700000;2,43482805
5,40800000;2,43509484
5,40900000;2,43536158
5,41000000;2,43562828
5,41100000;2,43589492
5,41200000;2,43616152
5,41300000;2,43642807
5,41400000;2,43669457
5,41500000;2,43696101
5,41600000;2,43722741
5,41700000;2,43749376
5,41800000;2,43776006
5,41900000;2,43802632
5,42000000;2,43829252
5,42100000;2,43855867
5,42200000;2,43882478
5,42300000;2,43909083
5,42400000;2,43935684
5,42500000;2,43962280
5,42600000;2,43988871
5,42700000;2,44015456
5,42800000;2,44042037
5,42900000;2,44068614
5,43000000;2,44095185
5,43100000;2,44121751
5,43200000;2,44148313
5,43300000;2,44174869
5,43400000;2,44201421
5,43500000;2,44227968
5,43600000;2,44254510
5,43700000;2,44281047
5,43800000;2,44307579
5,43900000;2,44334106
5,44000000;2,44360628
5,44100000;2,44387146
5,44200000;2,44413659
5,44300000;2,44440166
5,44400000;2,44466669
5,44500000;2,44493167
5,44600000;2,44519660
5,44700000;2,44546149
5,44800000;2,44572632
5,44900000;2,44599111
5,45000000;2,44625585
5,45100000;2,44652053
5,45200000;2,44678517
5,45300000;2,44704977
5,45400000;2,44731431
5,45500000;2,44757880
5,45600000;2,44784325
5,45700000;2,44810765
5,45800000;2,44837200
5,45900000;2,44863630
5,46000000;2,44890055
5,46100000;2,44916475
5,46200000;2,44942891
5,46300000;2,44969301
5,46400000;2,44995707
5,46500000;2,45022108
5,46600000;2,45048505
5,46700000;2,45074896
5,46800000;2,45101283
5,46900000;2,45127664
5,47000000;2,45154041
5,47100000;2,45180413
5,47200000;2,45206781
5,47300000;2,45233143
5,47400000;2,45259501
5,47500000;2,45285853
5,47600000;2,45312201
5,47700000;2,45338545
5,47800000;2,45364883
5,47900000;2,45391217
5,48000000;2,45417545
5,48100000;2,45443869
5,48200000;2,45470188
5,48300000;2,45496503
5,48400000;2,45522812
5,48500000;2,45549117
5,48600000;2,45575417
5,48700000;2,45601712
5,48800000;2,45628003
5,48900000;2,45654288
5,49000000;2,45680569
5,49100000;2,45706845
5,49200000;2,45733116
5,49300000;2,45759383
5,49400000;2,45785644
5,49500000;2,45811901
5,49600000;2,45838153
5,49700000;2,45864401
5,49800000;2,45890643
5,49900000;2,45916881
5,50000000;2,45943114
5,50100000;2,45969342
5,50200000;2,45995566
5,50300000;2,46021784
5,50400000;2,46047998
5,50500000;2,46074207
5,50600000;2,46100412
5,50700000;2,46126612
5,50800000;2,46152806
5,50900000;2,46178997
5,51000000;2,46205182
5,51100000;2,46231363
5,51200000;2,46257538
5,51300000;2,46283710
5,51400000;2,46309876
5,51500000;2,46336038
5,51600000;2,46362195
5,51700000;2,46388347
5,51800000;2,46414494
5,51900000;2,46440637
5,52000000;2,46466775
5,52100000;2,46492908
5,52200000;2,46519036
5,52300000;2,46545160
5,52400000;2,46571279
5,52500000;2,46597393
5,52600000;2,46623503
5,52700000;2,46649608
5,52800000;2,46675708
5,52900000;2,46701803
5,53000000;2,46727894
5,53100000;2,46753980
5,53200000;2,46780061
5,53300000;2,46806138
5,53400000;2,46832209
5,53500000;2,46858277
5,53600000;2,46884339
5,53700000;2,46910397
5,53800000;2,46936450
5,53900000;2,46962498
5,54000000;2,46988541
5,54100000;2,47014580
5,54200000;2,47040614
5,54300000;2,47066644
5,54400000;2,47092669
5,54500000;2,47118689
5,54600000;2,47144704
5,54700000;2,47170715
5,54800000;2,47196721
5,54900000;2,47222722
5,55000000;2,47248719
5,55100000;2,47274711
5,55200000;2,47300698
5,55300000;2,47326681
5,55400000;2,47352658
5,55500000;2,47378632
5,55600000;2,47404600
5,55700000;2,47430564
5,55800000;2,47456523
5,55900000;2,47482478
5,56000000;2,47508428
5,56100000;2,47534373
5,56200000;2,47560313
5,56300000;2,47586249
5,56400000;2,47612180
5,56500000;2,47638107
5,56600000;2,47664029
5,56700000;2,47689946
5,56800000;2,47715859
5,56900000;2,47741767
5,57000000;2,47767670
5,57100000;2,47793568
5,57200000;2,47819462
5,57300000;2,47845352
5,57400000;2,47871236
5,57500000;2,47897116
5,57600000;2,47922992
5,57700000;2,47948863
5,57800000;2,47974729
5,57900000;2,48000590
5,58000000;2,48026447
5,58100000;2,48052299
5,58200000;2,48078147
5,58300000;2,48103990
5,58400000;2,48129828
5,58500000;2,48155662
5,58600000;2,48181491
5,58700000;2,48207315
5,58800000;2,48233135
5,58900000;2,48258950
5,59000000;2,48284761
5,59100000;2,48310567
5,59200000;2,48336368
5,59300000;2,48362165
5,59400000;2,48387957
5,59500000;2,48413744
5,59600000;2,48439527
5,59700000;2,48465305
5,59800000;2,48491079
5,59900000;2,48516848
5,60000000;2,48542613
5,60100000;2,48568373
5,60200000;2,48594128
5,60300000;2,48619879
5,60400000;2,48645625
5,60500000;2,48671366
5,60600000;2,48697103
5,60700000;2,48722835
5,60800000;2,48748563
5,60900000;2,48774286
5,61000000;2,48800005
5,61100000;2,48825719
5,61200000;2,48851428
5,61300000;2,48877133
5,61400000;2,48902833
5,61500000;2,48928529
5,61600000;2,48954220
5,61700000;2,48979906
5,61800000;2,49005588
5,61900000;2,49031265
5,62000000;2,49056938
5,62100000;2,49082606
5,62200000;2,49108270
5,62300000;2,49133929
5,62400000;2,49159583
5,62500000;2,49185233
5,62600000;2,49210879
5,62700000;2,49236520
5,62800000;2,49262156
5,62900000;2,49287788
5,63000000;2,49313415
5,63100000;2,49339037
5,63200000;2,49364655
5,63300000;2,49390269
5,63400000;2,49415878
5,63500000;2,49441482
5,63600000;2,49467082
5,63700000;2,49492677
5,63800000;2,49518268
5,63900000;2,49543854
5,64000000;2,49569436
5,64100000;2,49595013
5,64200000;2,49620586
5,64300000;2,49646154
5,64400000;2,49671718
5,64500000;2,49697277
5,64600000;2,49722831
5,64700000;2,49748381
5,64800000;2,49773927
5,64900000;2,49799468
5,65000000;2,49825004
5,65100000;2,49850536
5,65200000;2,49876063
5,65300000;2,49901586
5,65400000;2,49927104
5,65500000;2,49952618
5,65600000;2,49978128
5,65700000;2,50003632
5,65800000;2,50029133
5,65900000;2,50054628
5,66000000;2,50080120
5,66100000;2,50105607
5,66200000;2,50131089
5,66300000;2,50156567
5,66400000;2,50182040
5,66500000;2,50207509
5,66600000;2,50232973
5,66700000;2,50258433
5,66800000;2,50283888
5,66900000;2,50309339
5,67000000;2,50334785
5,67100000;2,50360227
5,67200000;2,50385664
5,67300000;2,50411097
5,67400000;2,50436526
5,67500000;2,50461950
5,67600000;2,50487369
5,67700000;2,50512784
5,67800000;2,50538194
5,67900000;2,50563600
5,68000000;2,50589002
5,68100000;2,50614399
5,68200000;2,50639791
5,68300000;2,50665180
5,68400000;2,50690563
5,68500000;2,50715942
5,68600000;2,50741317
5,68700000;2,50766687
5,68800000;2,50792053
5,68900000;2,50817414
5,69000000;2,50842771
5,69100000;2,50868124
5,69200000;2,50893472
5,69300000;2,50918815
5,69400000;2,50944154
5,69500000;2,50969489
5,69600000;2,50994819
5,69700000;2,51020145
5,69800000;2,51045466
5,69900000;2,51070783
5,70000000;2,51096095
5,70100000;2,51121403
5,70200000;2,51146706
5,70300000;2,51172005
5,70400000;2,51197300
5,70500000;2,51222664
5,70600000;2,51247949
5,70700000;2,51273231
5,70800000;2,51298508
5,70900000;2,51323781
5,71000000;2,51349049
5,71100000;2,51374312
5,71200000;2,51399572
5,71300000;2,51424827
5,71400000;2,51450077
5,71500000;2,51475323
5,71600000;2,51500565
5,71700000;2,51525802
5,71800000;2,51551035
5,71900000;2,51576263
5,72000000;2,51601487
5,72100000;2,51626707
5,72200000;2,51651922
5,72300000;2,51677133
5,72400000;2,51702339
5,72500000;2,51727541
5,72600000;2,51752739
5,72700000;2,51777932
5,72800000;2,51803121
5,72900000;2,51828305
5,73000000;2,51853485
5,73100000;2,51878661
5,73200000;2,51903832
5,73300000;2,51928999
5,73400000;2,51954161
5,73500000;2,51979319
5,73600000;2,52004473
5,73700000;2,52029622
5,73800000;2,52054767
5,73900000;2,52079907
5,74000000;2,52105043
5,74100000;2,52130175
5,74200000;2,52155302
5,74300000;2,52180425
5,74400000;2,52205544
5,74500000;2,52230658
5,74600000;2,52255768
5,74700000;2,52280873
5,74800000;2,52305975
5,74900000;2,52331071
5,75000000;2,52356164
5,75100000;2,52381252
5,75200000;2,52406335
5,75300000;2,52431415
5,75400000;2,52456490
5,75500000;2,52481560
5,75600000;2,52506626
5,75700000;2,52531688
5,75800000;2,52556746
5,75900000;2,52581799
5,76000000;2,52606848
5,76100000;2,52631892
5,76200000;2,52656932
5,76300000;2,52681968
5,76400000;2,52706999
5,76500000;2,52732026
5,76600000;2,52757049
5,76700000;2,52782068
5,76800000;2,52807082
5,76900000;2,52832091
5,77000000;2,52857097
5,77100000;2,52882098
5,77200000;2,52907094
5,77300000;2,52932087
5,77400000;2,52957075
5,77500000;2,52982059
5,77600000;2,53007038
5,77700000;2,53032013
5,77800000;2,53056984
5,77900000;2,53081950
5,78000000;2,53106912
5,78100000;2,53131870
5,78200000;2,53156824
5,78300000;2,53181773
5,78400000;2,53206718
5,78500000;2,53231658
5,78600000;2,53256594
5,78700000;2,53281526
5,78800000;2,53306454
5,78900000;2,53331377
5,79000000;2,53356296
5,79100000;2,53381211
5,79200000;2,53406121
5,79300000;2,53431027
5,79400000;2,53455929
5,79500000;2,53480827
5,79600000;2,53505720
5,79700000;2,53530609
5,79800000;2,53555493
5,79900000;2,53580374
5,80000000;2,53605250
5,80100000;2,53630121
5,80200000;2,53654989
5,80300000;2,53679852
5,80400000;2,53704711
5,80500000;2,53729566
5,80600000;2,53754416
5,80700000;2,53779262
5,80800000;2,53804104
5,80900000;2,53828941
5,81000000;2,53853774
5,81100000;2,53878603
5,81200000;2,53903428
5,81300000;2,53928248
5,81400000;2,53953064
5,81500000;2,53977876
5,81600000;2,54002684
5,81700000;2,54027487
5,81800000;2,54052286
5,81900000;2,54077081
5,82000000;2,54101871
5,82100000;2,54126658
5,82200000;2,54151440
5,82300000;2,54176217
5,82400000;2,54200991
5,82500000;2,54225760
5,82600000;2,54250525
5,82700000;2,54275286
5,82800000;2,54300042
5,82900000;2,54324795
5,83000000;2,54349543
5,83100000;2,54374286
5,83200000;2,54399026
5,83300000;2,54423761
5,83400000;2,54448492
5,83500000;2,54473219
5,83600000;2,54497942
5,83700000;2,54522660
5,83800000;2,54547374
5,83900000;2,54572084
5,84000000;2,54596789
5,84100000;2,54621491
5,84200000;2,54646188
5,84300000;2,54670881
5,84400000;2,54695570
5,84500000;2,54720254
5,84600000;2,54744934
5,84700000;2,54769610
5,84800000;2,54794282
5,84900000;2,54818950
5,85000000;2,54843613
5,85100000;2,54868272
5,85200000;2,54892927
5,85300000;2,54917578
5,85400000;2,54942224
5,85500000;2,54966867
5,85600000;2,54991505
5,85700000;2,55016139
5,85800000;2,55040768
5,85900000;2,55065394
5,86000000;2,55090015
5,86100000;2,55114632
5,86200000;2,55139245
5,86300000;2,55163854
5,86400000;2,55188458
5,86500000;2,55213058
5,86600000;2,55237655
5,86700000;2,55262246
5,86800000;2,55286834
5,86900000;2,55311418
5,87000000;2,55335997
5,87100000;2,55360572
5,87200000;2,55385143
5,87300000;2,55409710
5,87400000;2,55434272
5,87500000;2,55458831
5,87600000;2,55483385
5,87700000;2,55507935
5,87800000;2,55532481
5,87900000;2,55557023
5,88000000;2,55581560
5,88100000;2,55606093
5,88200000;2,55630623
5,88300000;2,55655148
5,88400000;2,55679668
5,88500000;2,55704185
5,88600000;2,55728698
5,88700000;2,55753206
5,88800000;2,55777710
5,88900000;2,55802210
5,89000000;2,55826706
5,89100000;2,55851198
5,89200000;2,55875685
5,89300000;2,55900169
5,89400000;2,55924648
5,89500000;2,55949123
5,89600000;2,55973594
5,89700000;2,55998060
5,89800000;2,56022523
5,89900000;2,56046982
5,90000000;2,56071436
5,90100000;2,56095886
5,90200000;2,56120332
5,90300000;2,56144774
5,90400000;2,56169212
5,90500000;2,56193645
5,90600000;2,56218075
5,90700000;2,56242500
5,90800000;2,56266921
5,90900000;2,56291338
5,91000000;2,56315751
5,91100000;2,56340160
5,91200000;2,56364565
5,91300000;2,56388965
5,91400000;2,56413362
5,91500000;2,56437754
5,91600000;2,56462142
5,91700000;2,56486526
5,91800000;2,56510906
5,91900000;2,56535282
5,92000000;2,56559654
5,92100000;2,56584021
5,92200000;2,56608385
5,92300000;2,56632744
5,92400000;2,56657099
5,92500000;2,56681450
5,92600000;2,56705797
5,92700000;2,56730140
5,92800000;2,56754479
5,92900000;2,56778814
5,93000000;2,56803144
5,93100000;2,56827471
5,93200000;2,56851793
5,93300000;2,56876111
5,93400000;2,56900426
5,93500000;2,56924736
5,93600000;2,56949042
5,93700000;2,56973344
5,93800000;2,56997641
5,93900000;2,57021935
5,94000000;2,57046225
5,94100000;2,57070510
5,94200000;2,57094792
5,94300000;2,57119069
5,94400000;2,57143342
5,94500000;2,57167611
5,94600000;2,57191877
5,94700000;2,57216138
5,94800000;2,57240395
5,94900000;2,57264647
5,95000000;2,57288896
5,95100000;2,57313141
5,95200000;2,57337381
5,95300000;2,57361618
5,95400000;2,57385851
5,95500000;2,57410079
5,95600000;2,57434303
5,95700000;2,57458524
5,95800000;2,57482740
5,95900000;2,57506952
5,96000000;2,57531160
5,96100000;2,57555364
5,96200000;2,57579564
5,96300000;2,57603760
5,96400000;2,57627952
5,96500000;2,57652140
5,96600000;2,57676323
5,96700000;2,57700503
5,96800000;2,57724679
5,96900000;2,57748850
5,97000000;2,57773018
5,97100000;2,57797181
5,97200000;2,57821341
5,97300000;2,57845496
5,97400000;2,57869647
5,97500000;2,57893795
5,97600000;2,57917938
5,97700000;2,57942077
5,97800000;2,57966212
5,97900000;2,57990343
5,98000000;2,58014471
5,98100000;2,58038594
5,98200000;2,58062713
5,98300000;2,58086828
5,98400000;2,58110939
5,98500000;2,58135046
5,98600000;2,58159149
5,98700000;2,58183247
5,98800000;2,58207342
5,98900000;2,58231433
5,99000000;2,58255520
5,99100000;2,58279603
5,99200000;2,58303682
5,99300000;2,58327756
5,99400000;2,58351827
5,99500000;2,58375894
5,99600000;2,58399956
5,99700000;2,58424015
5,99800000;2,58448070
5,99900000;2,58472121
6,00000000;2,58496167
6,00100000;2,58520210
6,00200000;2,58544249
6,00300000;2,58568283
6,00400000;2,58592314
6,00500000;2,58616340
6,00600000;2,58640363
6,00700000;2,58664382
6,00800000;2,58688396
6,00900000;2,58712407
6,01000000;2,58736414
6,01100000;2,58760416
6,01200000;2,58784415
6,01300000;2,58808410
6,01400000;2,58832400
6,01500000;2,58856387
6,01600000;2,58880370
6,01700000;2,58904348
6,01800000;2,58928323
6,01900000;2,58952294
6,02000000;2,58976261
6,02100000;2,59000223
6,02200000;2,59024182
6,02300000;2,59048137
6,02400000;2,59072088
6,02500000;2,59096035
6,02600000;2,59119978
6,02700000;2,59143917
6,02800000;2,59167851
6,02900000;2,59191782
6,03000000;2,59215709
6,03100000;2,59239633
6,03200000;2,59263552
6,03300000;2,59287467
6,03400000;2,59311378
6,03500000;2,59335285
6,03600000;2,59359188
6,03700000;2,59383087
6,03800000;2,59406983
6,03900000;2,59430874
6,04000000;2,59454762
6,04100000;2,59478645
6,04200000;2,59502524
6,04300000;2,59526400
6,04400000;2,59550271
6,04500000;2,59574139
6,04600000;2,59598003
6,04700000;2,59621863
6,04800000;2,59645718
6,04900000;2,59669570
6,05000000;2,59693418
6,05100000;2,59717262
6,05200000;2,59741102
6,05300000;2,59765008
6,05400000;2,59788841
6,05500000;2,59812669
6,05600000;2,59836493
6,05700000;2,59860314
6,05800000;2,59884130
6,05900000;2,59907943
6,06000000;2,59931752
6,06100000;2,59955556
6,06200000;2,59979357
6,06300000;2,60003154
6,06400000;2,60026947
6,06500000;2,60050736
6,06600000;2,60074521
6,06700000;2,60098302
6,06800000;2,60122080
6,06900000;2,60145853
6,07000000;2,60169622
6,07100000;2,60193388
6,07200000;2,60217150
6,07300000;2,60240907
6,07400000;2,60264661
6,07500000;2,60288411
6,07600000;2,60312157
6,07700000;2,60335899
6,07800000;2,60359637
6,07900000;2,60383371
6,08000000;2,60407102
6,08100000;2,60430828
6,08200000;2,60454551
6,08300000;2,60478269
6,08400000;2,60501984
6,08500000;2,60525695
6,08600000;2,60549402
6,08700000;2,60573105
6,08800000;2,60596804
6,08900000;2,60620499
6,09000000;2,60644191
6,09100000;2,60667878
6,09200000;2,60691562
6,09300000;2,60715241
6,09400000;2,60738917
6,09500000;2,60762589
6,09600000;2,60786257
6,09700000;2,60809921
6,09800000;2,60833582
6,09900000;2,60857238
6,10000000;2,60880891
6,10100000;2,60904539
6,10200000;2,60928184
6,10300000;2,60951825
6,10400000;2,60975462
6,10500000;2,60999095
6,10600000;2,61022724
6,10700000;2,61046350
6,10800000;2,61069971
6,10900000;2,61093589
6,11000000;2,61117203
6,11100000;2,61140813
6,11200000;2,61164419
6,11300000;2,61188021
6,11400000;2,61211619
6,11500000;2,61235214
6,11600000;2,61258804
6,11700000;2,61282391
6,11800000;2,61305974
6,11900000;2,61329553
6,12000000;2,61353128
6,12100000;2,61376700
6,12200000;2,61400267
6,12300000;2,61423831
6,12400000;2,61447391
6,12500000;2,61470947
6,12600000;2,61494499
6,12700000;2,61518047
6,12800000;2,61541592
6,12900000;2,61565132
6,13000000;2,61588669
6,13100000;2,61612202
6,13200000;2,61635731
6,13300000;2,61659256
6,13400000;2,61682778
6,13500000;2,61706295
6,13600000;2,61729809
6,13700000;2,61753319
6,13800000;2,61776825
6,13900000;2,61800327
6,14000000;2,61823825
6,14100000;2,61847320
6,14200000;2,61870811
6,14300000;2,61894298
6,14400000;2,61917781
6,14500000;2,61941260
6,14600000;2,61964736
6,14700000;2,61988207
6,14800000;2,62011675
6,14900000;2,62035139
6,15000000;2,62058599
6,15100000;2,62082056
6,15200000;2,62105508
6,15300000;2,62128957
6,15400000;2,62152402
6,15500000;2,62175843
6,15600000;2,62199280
6,15700000;2,62222714
6,15800000;2,62246144
6,15900000;2,62269569
6,16000000;2,62292992
6,16100000;2,62316410
6,16200000;2,62339824
6,16300000;2,62363235
6,16400000;2,62386642
6,16500000;2,62410045
6,16600000;2,62433444
6,16700000;2,62456840
6,16800000;2,62480232
6,16900000;2,62503620
6,17000000;2,62527004
6,17100000;2,62550384
6,17200000;2,62573761
6,17300000;2,62597133
6,17400000;2,62620502
6,17500000;2,62643867
6,17600000;2,62667229
6,17700000;2,62690587
6,17800000;2,62713940
6,17900000;2,62737290
6,18000000;2,62760637
6,18100000;2,62783979
6,18200000;2,62807318
6,18300000;2,62830653
6,18400000;2,62853984
6,18500000;2,62877312
6,18600000;2,62900635
6,18700000;2,62923955
6,18800000;2,62947271
6,18900000;2,62970583
6,19000000;2,62993892
6,19100000;2,63017197
6,19200000;2,63040498
6,19300000;2,63063795
6,19400000;2,63087089
6,19500000;2,63110378
6,19600000;2,63133664
6,19700000;2,63156947
6,19800000;2,63180225
6,19900000;2,63203500
6,20000000;2,63226771
6,20100000;2,63250038
6,20200000;2,63273301
6,20300000;2,63296561
6,20400000;2,63319817
6,20500000;2,63343069
6,20600000;2,63366318
6,20700000;2,63389563
6,20800000;2,63412804
6,20900000;2,63436041
6,21000000;2,63459274
6,21100000;2,63482504
6,21200000;2,63505730
6,21300000;2,63528952
6,21400000;2,63552171
6,21500000;2,63575386
6,21600000;2,63598597
6,21700000;2,63621804
6,21800000;2,63645008
6,21900000;2,63668207
6,22000000;2,63691404
6,22100000;2,63714596
6,22200000;2,63737785
6,22300000;2,63760970
6,22400000;2,63784151
6,22500000;2,63807328
6,22600000;2,63830502
6,22700000;2,63853672
6,22800000;2,63876838
6,22900000;2,63900001
6,23000000;2,63923160
6,23100000;2,63946315
6,23200000;2,63969466
6,23300000;2,63992614
6,23400000;2,64015758
6,23500000;2,64038899
6,23600000;2,64062035
6,23700000;2,64085168
6,23800000;2,64108297
6,23900000;2,64131423
6,24000000;2,64154544
6,24100000;2,64177663
6,24200000;2,64200777
6,24300000;2,64223888
6,24400000;2,64246994
6,24500000;2,64270098
6,24600000;2,64293197
6,24700000;2,64316293
6,24800000;2,64339385
6,24900000;2,64362474
6,25000000;2,64385558
6,25100000;2,64408640
6,25200000;2,64431717
6,25300000;2,64454791
6,25400000;2,64477861
6,25500000;2,64500927
6,25600000;2,64523990
6,25700000;2,64547048
6,25800000;2,64570104
6,25900000;2,64593155
6,26000000;2,64616203
6,26100000;2,64639247
6,26200000;2,64662288
6,26300000;2,64685325
6,26400000;2,64708358
6,26500000;2,64731387
6,26600000;2,64754413
6,26700000;2,64777435
6,26800000;2,64800454
6,26900000;2,64823469
6,27000000;2,64846480
6,27100000;2,64869487
6,27200000;2,64892491
6,27300000;2,64915491
6,27400000;2,64938487
6,27500000;2,64961480
6,27600000;2,64984469
6,27700000;2,65007455
6,27800000;2,65030437
6,27900000;2,65053415
6,28000000;2,65076389
6,28100000;2,65099360
6,28200000;2,65122327
6,28300000;2,65145291
6,28400000;2,65168250
6,28500000;2,65191207
6,28600000;2,65214159
6,28700000;2,65237108
6,28800000;2,65260053
6,28900000;2,65282995
6,29000000;2,65305933
6,29100000;2,65328867
6,29200000;2,65351798
6,29300000;2,65374725
6,29400000;2,65397648
6,29500000;2,65420568
6,29600000;2,65443484
6,29700000;2,65466396
6,29800000;2,65489305
6,29900000;2,65512210
6,30000000;2,65535112
6,30100000;2,65558010
6,30200000;2,65580904
6,30300000;2,65603794
6,30400000;2,65626681
6,30500000;2,65649565
6,30600000;2,65672445
6,30700000;2,65695321
6,30800000;2,65718193
6,30900000;2,65741062
6,31000000;2,65763927
6,31100000;2,65786789
6,31200000;2,65809647
6,31300000;2,65832501
6,31400000;2,65855352
6,31500000;2,65878199
6,31600000;2,65901042
6,31700000;2,65923882
6,31800000;2,65946719
6,31900000;2,65969551
6,32000000;2,65992380
6,32100000;2,66015206
6,32200000;2,66038027
6,32300000;2,66060846
6,32400000;2,66083660
6,32500000;2,66106471
6,32600000;2,66129279
6,32700000;2,66152082
6,32800000;2,66174882
6,32900000;2,66197679
6,33000000;2,66220472
6,33100000;2,66243261
6,33200000;2,66266047
6,33300000;2,66288829
6,33400000;2,66311608
6,33500000;2,66334383
6,33600000;2,66357154
6,33700000;2,66379922
6,33800000;2,66402686
6,33900000;2,66425447
6,34000000;2,66448204
6,34100000;2,66470957
6,34200000;2,66493707
6,34300000;2,66516453
6,34400000;2,66539196
6,34500000;2,66561935
6,34600000;2,66584670
6,34700000;2,66607402
6,34800000;2,66630131
6,34900000;2,66652855
6,35000000;2,66675576
6,35100000;2,66698294
6,35200000;2,66721008
6,35300000;2,66743718
6,35400000;2,66766425
6,35500000;2,66789129
6,35600000;2,66811828
6,35700000;2,66834524
6,35800000;2,66857217
6,35900000;2,66879906
6,36000000;2,66902591
6,36100000;2,66925273
6,36200000;2,66947951
6,36300000;2,66970626
6,36400000;2,66993297
6,36500000;2,67015965
6,36600000;2,67038629
6,36700000;2,67061289
6,36800000;2,67083946
6,36900000;2,67106600
6,37000000;2,67129250
6,37100000;2,67151896
6,37200000;2,67174538
6,37300000;2,67197178
6,37400000;2,67219813
6,37500000;2,67242445
6,37600000;2,67265074
6,37700000;2,67287699
6,37800000;2,67310320
6,37900000;2,67332938
6,38000000;2,67355552
6,38100000;2,67378163
6,38200000;2,67400770
6,38300000;2,67423374
6,38400000;2,67445974
6,38500000;2,67468570
6,38600000;2,67491164
6,38700000;2,67513753
6,38800000;2,67536339
6,38900000;2,67558921
6,39000000;2,67581500
6,39100000;2,67604076
6,39200000;2,67626648
6,39300000;2,67649216
6,39400000;2,67671781
6,39500000;2,67694342
6,39600000;2,67716900
6,39700000;2,67739454
6,39800000;2,67762004
6,39900000;2,67784551
6,40000000;2,67807163
6,40100000;2,67829703
6,40200000;2,67852239
6,40300000;2,67874773
6,40400000;2,67897302
6,40500000;2,67919828
6,40600000;2,67942351
6,40700000;2,67964870
6,40800000;2,67987386
6,40900000;2,68009898
6,41000000;2,68032406
6,41100000;2,68054911
6,41200000;2,68077413
6,41300000;2,68099911
6,41400000;2,68122405
6,41500000;2,68144896
6,41600000;2,68167384
6,41700000;2,68189868
6,41800000;2,68212348
6,41900000;2,68234825
6,42000000;2,68257299
6,42100000;2,68279769
6,42200000;2,68302235
6,42300000;2,68324698
6,42400000;2,68347158
6,42500000;2,68369614
6,42600000;2,68392066
6,42700000;2,68414515
6,42800000;2,68436961
6,42900000;2,68459403
6,43000000;2,68481842
6,43100000;2,68504277
6,43200000;2,68526708
6,43300000;2,68549136
6,43400000;2,68571561
6,43500000;2,68593982
6,43600000;2,68616399
6,43700000;2,68638814
6,43800000;2,68661224
6,43900000;2,68683631
6,44000000;2,68706035
6,44100000;2,68728435
6,44200000;2,68750832
6,44300000;2,68773225
6,44400000;2,68795615
6,44500000;2,68818001
6,44600000;2,68840384
6,44700000;2,68862764
6,44800000;2,68885139
6,44900000;2,68907512
6,45000000;2,68929881
6,45100000;2,68952246
6,45200000;2,68974608
6,45300000;2,68996967
6,45400000;2,69019322
6,45500000;2,69041674
6,45600000;2,69064022
6,45700000;2,69086366
6,45800000;2,69108708
6,45900000;2,69131045
6,46000000;2,69153380
6,46100000;2,69175711
6,46200000;2,69198038
6,46300000;2,69220362
6,46400000;2,69242682
6,46500000;2,69264999
6,46600000;2,69287313
6,46700000;2,69309623
6,46800000;2,69331930
6,46900000;2,69354233
6,47000000;2,69376533
6,47100000;2,69398829
6,47200000;2,69421122
6,47300000;2,69443412
6,47400000;2,69465698
6,47500000;2,69487980
6,47600000;2,69510259
6,47700000;2,69532535
6,47800000;2,69554807
6,47900000;2,69577076
6,48000000;2,69599341
6,48100000;2,69621603
6,48200000;2,69643862
6,48300000;2,69666117
6,48400000;2,69688369
6,48500000;2,69710617
6,48600000;2,69732862
6,48700000;2,69755103
6,48800000;2,69777341
6,48900000;2,69799575
6,49000000;2,69821806
6,49100000;2,69844034
6,49200000;2,69866258
6,49300000;2,69888479
6,49400000;2,69910696
6,49500000;2,69932910
6,49600000;2,69955121
6,49700000;2,69977328
6,49800000;2,69999532
6,49900000;2,70021732
6,50000000;2,70043929
6,50100000;2,70066122
6,50200000;2,70088312
6,50300000;2,70110499
6,50400000;2,70132682
6,50500000;2,70154862
6,50600000;2,70177038
6,50700000;2,70199211
6,50800000;2,70221381
6,50900000;2,70243547
6,51000000;2,70265710
6,51100000;2,70287869
6,51200000;2,70310025
6,51300000;2,70332177
6,51400000;2,70354326
6,51500000;2,70376472
6,51600000;2,70398615
6,51700000;2,70420754
6,51800000;2,70442889
6,51900000;2,70465021
6,52000000;2,70487150
6,52100000;2,70509275
6,52200000;2,70531397
6,52300000;2,70553516
6,52400000;2,70575631
6,52500000;2,70597743
6,52600000;2,70619851
6,52700000;2,70641956
6,52800000;2,70664058
6,52900000;2,70686156
6,53000000;2,70708251
6,53100000;2,70730342
6,53200000;2,70752431
6,53300000;2,70774515
6,53400000;2,70796597
6,53500000;2,70818674
6,53600000;2,70840749
6,53700000;2,70862820
6,53800000;2,70884888
6,53900000;2,70906953
6,54000000;2,70929014
6,54100000;2,70951071
6,54200000;2,70973126
6,54300000;2,70995177
6,54400000;2,71017224
6,54500000;2,71039268
6,54600000;2,71061309
6,54700000;2,71083347
6,54800000;2,71105381
6,54900000;2,71127412
6,55000000;2,71149439
6,55100000;2,71171463
6,55200000;2,71193484
6,55300000;2,71215501
6,55400000;2,71237515
6,55500000;2,71259525
6,55600000;2,71281533
6,55700000;2,71303536
6,55800000;2,71325537
6,55900000;2,71347534
6,56000000;2,71369528
6,56100000;2,71391518
6,56200000;2,71413505
6,56300000;2,71435489
6,56400000;2,71457470
6,56500000;2,71479447
6,56600000;2,71501420
6,56700000;2,71523391
6,56800000;2,71545358
6,56900000;2,71567321
6,57000000;2,71589282
6,57100000;2,71611239
6,57200000;2,71633192
6,57300000;2,71655142
6,57400000;2,71677089
6,57500000;2,71699033
6,57600000;2,71720973
6,57700000;2,71742910
6,57800000;2,71764844
6,57900000;2,71786774
6,58000000;2,71808701
6,58100000;2,71830625
6,58200000;2,71852545
6,58300000;2,71874462
6,58400000;2,71896375
6,58500000;2,71918286
6,58600000;2,71940193
6,58700000;2,71962096
6,58800000;2,71983997
6,58900000;2,72005894
6,59000000;2,72027787
6,59100000;2,72049678
6,59200000;2,72071565
6,59300000;2,72093448
6,59400000;2,72115329
6,59500000;2,72137206
6,59600000;2,72159079
6,59700000;2,72180950
6,59800000;2,72202817
6,59900000;2,72224681
6,60000000;2,72246541
6,60100000;2,72268398
6,60200000;2,72290252
6,60300000;2,72312103
6,60400000;2,72333950
6,60500000;2,72355794
6,60600000;2,72377635
6,60700000;2,72399472
6,60800000;2,72421306
6,60900000;2,72443137
6,61000000;2,72464964
6,61100000;2,72486788
6,61200000;2,72508609
6,61300000;2,72530426
6,61400000;2,72552241
6,61500000;2,72574051
6,61600000;2,72595859
6,61700000;2,72617663
6,61800000;2,72639464
6,61900000;2,72661262
6,62000000;2,72683057
6,62100000;2,72704848
6,62200000;2,72726635
6,62300000;2,72748420
6,62400000;2,72770201
6,62500000;2,72791979
6,62600000;2,72813754
6,62700000;2,72835525
6,62800000;2,72857293
6,62900000;2,72879058
6,63000000;2,72900820
6,63100000;2,72922578
6,63200000;2,72944333
6,63300000;2,72966085
6,63400000;2,72987833
6,63500000;2,73009578
6,63600000;2,73031320
6,63700000;2,73053059
6,63800000;2,73074794
6,63900000;2,73096526
6,64000000;2,73118255
6,64100000;2,73139980
6,64200000;2,73161703
6,64300000;2,73183422
6,64400000;2,73205137
6,64500000;2,73226850
6,64600000;2,73248559
6,64700000;2,73270265
6,64800000;2,73291967
6,64900000;2,73313667
6,65000000;2,73335363
6,65100000;2,73357055
6,65200000;2,73378745
6,65300000;2,73400431
6,65400000;2,73422114
6,65500000;2,73443794
6,65600000;2,73465471
6,65700000;2,73487144
6,65800000;2,73508814
6,65900000;2,73530481
6,66000000;2,73552144
6,66100000;2,73573804
6,66200000;2,73595461
6,66300000;2,73617115
6,66400000;2,73638766
6,66500000;2,73660413
6,66600000;2,73682057
6,66700000;2,73703698
6,66800000;2,73725335
6,66900000;2,73746969
6,67000000;2,73768600
6,67100000;2,73790228
6,67200000;2,73811853
6,67300000;2,73833474
6,67400000;2,73855092
6,67500000;2,73876707
6,67600000;2,73898318
6,67700000;2,73919927
6,67800000;2,73941532
6,67900000;2,73963134
6,68000000;2,73984732
6,68100000;2,74006328
6,68200000;2,74027920
6,68300000;2,74049509
6,68400000;2,74071094
6,68500000;2,74092677
6,68600000;2,74114256
6,68700000;2,74135832
6,68800000;2,74157405
6,68900000;2,74178975
6,69000000;2,74200541
6,69100000;2,74222104
6,69200000;2,74243664
6,69300000;2,74265221
6,69400000;2,74286774
6,69500000;2,74308324
6,69600000;2,74329871
6,69700000;2,74351415
6,69800000;2,74372956
6,69900000;2,74394493
6,70000000;2,74416027
6,70100000;2,74437558
6,70200000;2,74459086
6,70300000;2,74480610
6,70400000;2,74502131
6,70500000;2,74523650
6,70600000;2,74545164
6,70700000;2,74566676
6,70800000;2,74588185
6,70900000;2,74609690
6,71000000;2,74631192
6,71100000;2,74652691
6,71200000;2,74674186
6,71300000;2,74695679
6,71400000;2,74717168
6,71500000;2,74738654
6,71600000;2,74760137
6,71700000;2,74781616
6,71800000;2,74803093
6,71900000;2,74824566
6,72000000;2,74846036
6,72100000;2,74867503
6,72200000;2,74888967
6,72300000;2,74910427
6,72400000;2,74931884
6,72500000;2,74953338
6,72600000;2,74974789
6,72700000;2,74996237
6,72800000;2,75017681
6,72900000;2,75039123
6,73000000;2,75060561
6,73100000;2,75081996
6,73200000;2,75103428
6,73300000;2,75124856
6,73400000;2,75146282
6,73500000;2,75167704
6,73600000;2,75189123
6,73700000;2,75210539
6,73800000;2,75231951
6,73900000;2,75253361
6,74000000;2,75274767
6,74100000;2,75296170
6,74200000;2,75317570
6,74300000;2,75338967
6,74400000;2,75360361
6,74500000;2,75381751
6,74600000;2,75403138
6,74700000;2,75424522
6,74800000;2,75445903
6,74900000;2,75467346
6,75000000;2,75488721
6,75100000;2,75510092
6,75200000;2,75531461
6,75300000;2,75552826
6,75400000;2,75574188
6,75500000;2,75595547
6,75600000;2,75616903
6,75700000;2,75638255
6,75800000;2,75659605
6,75900000;2,75680951
6,76000000;2,75702294
6,76100000;2,75723634
6,76200000;2,75744971
6,76300000;2,75766304
6,76400000;2,75787635
6,76500000;2,75808962
6,76600000;2,75830286
6,76700000;2,75851607
6,76800000;2,75872925
6,76900000;2,75894240
6,77000000;2,75915551
6,77100000;2,75936860
6,77200000;2,75958165
6,77300000;2,75979467
6,77400000;2,76000766
6,77500000;2,76022062
6,77600000;2,76043354
6,77700000;2,76064644
6,77800000;2,76085930
6,77900000;2,76107214
6,78000000;2,76128494
6,78100000;2,76149771
6,78200000;2,76171045
6,78300000;2,76192315
6,78400000;2,76213583
6,78500000;2,76234847
6,78600000;2,76256109
6,78700000;2,76277367
6,78800000;2,76298622
6,78900000;2,76319874
6,79000000;2,76341122
6,79100000;2,76362368
6,79200000;2,76383611
6,79300000;2,76404850
6,79400000;2,76426086
6,79500000;2,76447319
6,79600000;2,76468549
6,79700000;2,76489776
6,79800000;2,76511000
6,79900000;2,76532221
6,80000000;2,76553438
6,80100000;2,76574652
6,80200000;2,76595864
6,80300000;2,76617072
6,80400000;2,76638277
6,80500000;2,76659479
6,80600000;2,76680678
6,80700000;2,76701873
6,80800000;2,76723066
6,80900000;2,76744255
6,81000000;2,76765442
6,81100000;2,76786625
6,81200000;2,76807805
6,81300000;2,76828982
6,81400000;2,76850156
6,81500000;2,76871327
6,81600000;2,76892495
6,81700000;2,76913659
6,81800000;2,76934821
6,81900000;2,76955979
6,82000000;2,76977134
6,82100000;2,76998287
6,82200000;2,77019436
6,82300000;2,77040582
6,82400000;2,77061724
6,82500000;2,77082864
6,82600000;2,77104001
6,82700000;2,77125135
6,82800000;2,77146265
6,82900000;2,77167392
6,83000000;2,77188517
6,83100000;2,77209638
6,83200000;2,77230756
6,83300000;2,77251871
6,83400000;2,77272983
6,83500000;2,77294092
6,83600000;2,77315198
6,83700000;2,77336300
6,83800000;2,77357400
6,83900000;2,77378496
6,84000000;2,77399590
6,84100000;2,77420680
6,84200000;2,77441767
6,84300000;2,77462852
6,84400000;2,77483933
6,84500000;2,77505011
6,84600000;2,77526086
6,84700000;2,77547157
6,84800000;2,77568226
6,84900000;2,77589292
6,85000000;2,77610355
6,85100000;2,77631414
6,85200000;2,77652471
6,85300000;2,77673524
6,85400000;2,77694574
6,85500000;2,77715622
6,85600000;2,77736666
6,85700000;2,77757707
6,85800000;2,77778745
6,85900000;2,77799780
6,86000000;2,77820812
6,86100000;2,77841841
6,86200000;2,77862866
6,86300000;2,77883889
6,86400000;2,77904909
6,86500000;2,77925925
6,86600000;2,77946939
6,86700000;2,77967949
6,86800000;2,77988957
6,86900000;2,78009961
6,87000000;2,78030962
6,87100000;2,78051961
6,87200000;2,78072956
6,87300000;2,78093948
6,87400000;2,78114937
6,87500000;2,78135923
6,87600000;2,78156906
6,87700000;2,78177886
6,87800000;2,78198863
6,87900000;2,78219837
6,88000000;2,78240807
6,88100000;2,78261775
6,88200000;2,78282740
6,88300000;2,78303701
6,88400000;2,78324660
6,88500000;2,78345615
6,88600000;2,78366568
6,88700000;2,78387517
6,88800000;2,78408464
6,88900000;2,78429407
6,89000000;2,78450347
6,89100000;2,78471285
6,89200000;2,78492219
6,89300000;2,78513150
6,89400000;2,78534078
6,89500000;2,78555003
6,89600000;2,78575925
6,89700000;2,78596845
6,89800000;2,78617761
6,89900000;2,78638674
6,90000000;2,78659584
6,90100000;2,78680490
6,90200000;2,78701394
6,90300000;2,78722295
6,90400000;2,78743193
6,90500000;2,78764088
6,90600000;2,78784980
6,90700000;2,78805868
6,90800000;2,78826754
6,90900000;2,78847637
6,91000000;2,78868517
6,91100000;2,78889393
6,91200000;2,78910267
6,91300000;2,78931138
6,91400000;2,78952005
6,91500000;2,78972870
6,91600000;2,78993731
6,91700000;2,79014590
6,91800000;2,79035446
6,91900000;2,79056298
6,92000000;2,79077148
6,92100000;2,79097994
6,92200000;2,79118838
6,92300000;2,79139678
6,92400000;2,79160516
6,92500000;2,79181350
6,92600000;2,79202181
6,92700000;2,79223010
6,92800000;2,79243835
6,92900000;2,79264658
6,93000000;2,79285477
6,93100000;2,79306294
6,93200000;2,79327107
6,93300000;2,79347918
6,93400000;2,79368725
6,93500000;2,79389529
6,93600000;2,79410331
6,93700000;2,79431129
6,93800000;2,79451925
6,93900000;2,79472717
6,94000000;2,79493506
6,94100000;2,79514293
6,94200000;2,79535076
6,94300000;2,79555857
6,94400000;2,79576634
6,94500000;2,79597409
6,94600000;2,79618180
6,94700000;2,79638949
6,94800000;2,79659714
6,94900000;2,79680477
6,95000000;2,79701236
6,95100000;2,79721993
6,95200000;2,79742746
6,95300000;2,79763497
6,95400000;2,79784244
6,95500000;2,79804989
6,95600000;2,79825730
6,95700000;2,79846469
6,95800000;2,79867205
6,95900000;2,79887937
6,96000000;2,79908667
6,96100000;2,79929394
6,96200000;2,79950117
6,96300000;2,79970838
6,96400000;2,79991556
6,96500000;2,80012271
6,96600000;2,80032983
6,96700000;2,80053691
6,96800000;2,80074397
6,96900000;2,80095100
6,97000000;2,80115800
6,97100000;2,80136497
6,97200000;2,80157191
6,97300000;2,80177882
6,97400000;2,80198570
6,97500000;2,80219255
6,97600000;2,80239937
6,97700000;2,80260616
6,97800000;2,80281293
6,97900000;2,80301966
6,98000000;2,80322636
6,98100000;2,80343303
6,98200000;2,80363968
6,98300000;2,80384629
6,98400000;2,80405288
6,98500000;2,80425943
6,98600000;2,80446596
6,98700000;2,80467245
6,98800000;2,80487892
6,98900000;2,80508535
6,99000000;2,80529176
6,99100000;2,80549814
6,99200000;2,80570449
6,99300000;2,80591080
6,99400000;2,80611709
6,99500000;2,80632335
6,99600000;2,80652958
6,99700000;2,80673578
6,99800000;2,80694195
6,99900000;2,80714809
7,00000000;2,80735421
7,00100000;2,80756029
7,00200000;2,80776634
7,00300000;2,80797237
7,00400000;2,80817836
7,00500000;2,80838433
7,00600000;2,80859026
7,00700000;2,80879617
7,00800000;2,80900204
7,00900000;2,80920789
7,01000000;2,80941371
7,01100000;2,80961950
7,01200000;2,80982526
7,01300000;2,81003099
7,01400000;2,81023669
7,01500000;2,81044236
7,01600000;2,81064800
7,01700000;2,81085361
7,01800000;2,81105920
7,01900000;2,81126475
7,02000000;2,81147027
7,02100000;2,81167577
7,02200000;2,81188124
7,02300000;2,81208667
7,02400000;2,81229208
7,02500000;2,81249746
7,02600000;2,81270281
7,02700000;2,81290813
7,02800000;2,81311342
7,02900000;2,81331868
7,03000000;2,81352391
7,03100000;2,81372911
7,03200000;2,81393429
7,03300000;2,81413943
7,03400000;2,81434455
7,03500000;2,81454963
7,03600000;2,81475469
7,03700000;2,81495972
7,03800000;2,81516472
7,03900000;2,81536969
7,04000000;2,81557463
7,04100000;2,81577954
7,04200000;2,81598442
7,04300000;2,81618928
7,04400000;2,81639410
7,04500000;2,81659890
7,04600000;2,81680366
7,04700000;2,81700840
7,04800000;2,81721311
7,04900000;2,81741779
7,05000000;2,81762244
7,05100000;2,81782706
7,05200000;2,81803165
7,05300000;2,81823621
7,05400000;2,81844075
7,05500000;2,81864525
7,05600000;2,81884973
7,05700000;2,81905417
7,05800000;2,81925859
7,05900000;2,81946298
7,06000000;2,81966734
7,06100000;2,81987167
7,06200000;2,82007597
7,06300000;2,82028025
7,06400000;2,82048449
7,06500000;2,82068871
7,06600000;2,82089289
7,06700000;2,82109705
7,06800000;2,82130118
7,06900000;2,82150528
7,07000000;2,82170935
7,07100000;2,82191339
7,07200000;2,82211740
7,07300000;2,82232139
7,07400000;2,82252534
7,07500000;2,82272927
7,07600000;2,82293317
7,07700000;2,82313704
7,07800000;2,82334088
7,07900000;2,82354469
7,08000000;2,82374847
7,08100000;2,82395223
7,08200000;2,82415595
7,08300000;2,82435965
7,08400000;2,82456331
7,08500000;2,82476695
7,08600000;2,82497056
7,08700000;2,82517414
7,08800000;2,82537770
7,08900000;2,82558122
7,09000000;2,82578472
7,09100000;2,82598818
7,09200000;2,82619162
7,09300000;2,82639503
7,09400000;2,82659841
7,09500000;2,82680176
7,09600000;2,82700508
7,09700000;2,82720900
7,09800000;2,82741227
7,09900000;2,82761551
7,10000000;2,82781872
7,10100000;2,82802190
7,10200000;2,82822505
7,10300000;2,82842817
7,10400000;2,82863127
7,10500000;2,82883434
7,10600000;2,82903737
7,10700000;2,82924038
7,10800000;2,82944336
7,10900000;2,82964632
7,11000000;2,82984924
7,11100000;2,83005213
7,11200000;2,83025500
7,11300000;2,83045784
7,11400000;2,83066065
7,11500000;2,83086343
7,11600000;2,83106618
7,11700000;2,83126891
7,11800000;2,83147160
7,11900000;2,83167427
7,12000000;2,83187691
7,12100000;2,83207952
7,12200000;2,83228210
7,12300000;2,83248465
7,12400000;2,83268718
7,12500000;2,83288967
7,12600000;2,83309214
7,12700000;2,83329458
7,12800000;2,83349699
7,12900000;2,83369937
7,13000000;2,83390173
7,13100000;2,83410405
7,13200000;2,83430635
7,13300000;2,83450862
7,13400000;2,83471086
7,13500000;2,83491307
7,13600000;2,83511526
7,13700000;2,83531741
7,13800000;2,83551954
7,13900000;2,83572164
7,14000000;2,83592371
7,14100000;2,83612575
7,14200000;2,83632777
7,14300000;2,83652975
7,14400000;2,83673171
7,14500000;2,83693364
7,14600000;2,83713554
7,14700000;2,83733742
7,14800000;2,83753926
7,14900000;2,83774108
7,15000000;2,83794286
7,15100000;2,83814462
7,15200000;2,83834636
7,15300000;2,83854806
7,15400000;2,83874974
7,15500000;2,83895138
7,15600000;2,83915300
7,15700000;2,83935459
7,15800000;2,83955615
7,15900000;2,83975769
7,16000000;2,83995920
7,16100000;2,84016067
7,16200000;2,84036212
7,16300000;2,84056355
7,16400000;2,84076494
7,16500000;2,84096631
7,16600000;2,84116764
7,16700000;2,84136895
7,16800000;2,84157023
7,16900000;2,84177149
7,17000000;2,84197271
7,17100000;2,84217391
7,17200000;2,84237508
7,17300000;2,84257622
7,17400000;2,84277733
7,17500000;2,84297842
7,17600000;2,84317947
7,17700000;2,84338050
7,17800000;2,84358150
7,17900000;2,84378248
7,18000000;2,84398342
7,18100000;2,84418434
7,18200000;2,84438523
7,18300000;2,84458609
7,18400000;2,84478692
7,18500000;2,84498773
7,18600000;2,84518850
7,18700000;2,84538925
7,18800000;2,84558998
7,18900000;2,84579067
7,19000000;2,84599133
7,19100000;2,84619197
7,19200000;2,84639258
7,19300000;2,84659316
7,19400000;2,84679372
7,19500000;2,84699424
7,19600000;2,84719474
7,19700000;2,84739521
7,19800000;2,84759565
7,19900000;2,84779607
7,20000000;2,84799645
7,20100000;2,84819681
7,20200000;2,84839714
7,20300000;2,84859745
7,20400000;2,84879772
7,20500000;2,84899797
7,20600000;2,84919819
7,20700000;2,84939838
7,20800000;2,84959855
7,20900000;2,84979868
7,21000000;2,84999879
7,21100000;2,85019887
7,21200000;2,85039893
7,21300000;2,85059895
7,21400000;2,85079895
7,21500000;2,85099892
7,21600000;2,85119886
7,21700000;2,85139878
7,21800000;2,85159866
7,21900000;2,85179852
7,22000000;2,85199835
7,22100000;2,85219816
7,22200000;2,85239793
7,22300000;2,85259768
7,22400000;2,85279740
7,22500000;2,85299710
7,22600000;2,85319676
7,22700000;2,85339640
7,22800000;2,85359601
7,22900000;2,85379559
7,23000000;2,85399515
7,23100000;2,85419467
7,23200000;2,85439417
7,23300000;2,85459365
7,23400000;2,85479309
7,23500000;2,85499251
7,23600000;2,85519190
7,23700000;2,85539126
7,23800000;2,85559059
7,23900000;2,85578990
7,24000000;2,85598918
7,24100000;2,85618843
7,24200000;2,85638766
7,24300000;2,85658685
7,24400000;2,85678602
7,24500000;2,85698516
7,24600000;2,85718428
7,24700000;2,85738337
7,24800000;2,85758243
7,24900000;2,85778146
7,25000000;2,85798046
7,25100000;2,85817944
7,25200000;2,85837839
7,25300000;2,85857731
7,25400000;2,85877621
7,25500000;2,85897507
7,25600000;2,85917391
7,25700000;2,85937272
7,25800000;2,85957151
7,25900000;2,85977027
7,26000000;2,85996900
7,26100000;2,86016770
7,26200000;2,86036638
7,26300000;2,86056502
7,26400000;2,86076365
7,26500000;2,86096224
7,26600000;2,86116080
7,26700000;2,86135934
7,26800000;2,86155786
7,26900000;2,86175634
7,27000000;2,86195480
7,27100000;2,86215323
7,27200000;2,86235163
7,27300000;2,86255000
7,27400000;2,86274835
7,27500000;2,86294667
7,27600000;2,86314496
7,27700000;2,86334323
7,27800000;2,86354147
7,27900000;2,86373968
7,28000000;2,86393787
7,28100000;2,86413602
7,28200000;2,86433415
7,28300000;2,86453225
7,28400000;2,86473033
7,28500000;2,86492838
7,28600000;2,86512640
7,28700000;2,86532439
7,28800000;2,86552236
7,28900000;2,86572030
7,29000000;2,86591821
7,29100000;2,86611610
7,29200000;2,86631395
7,29300000;2,86651179
7,29400000;2,86670959
7,29500000;2,86690737
7,29600000;2,86710512
7,29700000;2,86730284
7,29800000;2,86750053
7,29900000;2,86769820
7,30000000;2,86789584
7,30100000;2,86809346
7,30200000;2,86829104
7,30300000;2,86848860
7,30400000;2,86868614
7,30500000;2,86888364
7,30600000;2,86908112
7,30700000;2,86927857
7,30800000;2,86947600
7,30900000;2,86967340
7,31000000;2,86987077
7,31100000;2,87006811
7,31200000;2,87026543
7,31300000;2,87046272
7,31400000;2,87065998
7,31500000;2,87085722
7,31600000;2,87105442
7,31700000;2,87125161
7,31800000;2,87144876
7,31900000;2,87164589
7,32000000;2,87184299
7,32100000;2,87204006
7,32200000;2,87223711
7,32300000;2,87243413
7,32400000;2,87263113
7,32500000;2,87282809
7,32600000;2,87302503
7,32700000;2,87322194
7,32800000;2,87341883
7,32900000;2,87361569
7,33000000;2,87381252
7,33100000;2,87400933
7,33200000;2,87420611
7,33300000;2,87440286
7,33400000;2,87459958
7,33500000;2,87479628
7,33600000;2,87499295
7,33700000;2,87518959
7,33800000;2,87538621
7,33900000;2,87558280
7,34000000;2,87577937
7,34100000;2,87597590
7,34200000;2,87617241
7,34300000;2,87636890
7,34400000;2,87656536
7,34500000;2,87676179
7,34600000;2,87695819
7,34700000;2,87715457
7,34800000;2,87735091
7,34900000;2,87754724
7,35000000;2,87774353
7,35100000;2,87793980
7,35200000;2,87813605
7,35300000;2,87833226
7,35400000;2,87852845
7,35500000;2,87872462
7,35600000;2,87892075
7,35700000;2,87911686
7,35800000;2,87931295
7,35900000;2,87950900
7,36000000;2,87970503
7,36100000;2,87990103
7,36200000;2,88009701
7,36300000;2,88029296
7,36400000;2,88048888
7,36500000;2,88068478
7,36600000;2,88088065
7,36700000;2,88107649
7,36800000;2,88127231
7,36900000;2,88146810
7,37000000;2,88166386
7,37100000;2,88185960
7,37200000;2,88205531
7,37300000;2,88225100
7,37400000;2,88244665
7,37500000;2,88264228
7,37600000;2,88283789
7,37700000;2,88303347
7,37800000;2,88322902
7,37900000;2,88342454
7,38000000;2,88362004
7,38100000;2,88381551
7,38200000;2,88401096
7,38300000;2,88420638
7,38400000;2,88440177
7,38500000;2,88459714
7,38600000;2,88479247
7,38700000;2,88498779
7,38800000;2,88518307
7,38900000;2,88537833
7,39000000;2,88557357
7,39100000;2,88576878
7,39200000;2,88596396
7,39300000;2,88615911
7,39400000;2,88635424
7,39500000;2,88654934
7,39600000;2,88674442
7,39700000;2,88693947
7,39800000;2,88713449
7,39900000;2,88732948
7,40000000;2,88752445
7,40100000;2,88771940
7,40200000;2,88791431
7,40300000;2,88810921
7,40400000;2,88830407
7,40500000;2,88849891
7,40600000;2,88869372
7,40700000;2,88888851
7,40800000;2,88908326
7,40900000;2,88927800
7,41000000;2,88947270
7,41100000;2,88966738
7,41200000;2,88986204
7,41300000;2,89005667
7,41400000;2,89025127
7,41500000;2,89044584
7,41600000;2,89064039
7,41700000;2,89083492
7,41800000;2,89102941
7,41900000;2,89122388
7,42000000;2,89141833
7,42100000;2,89161275
7,42200000;2,89180714
7,42300000;2,89200150
7,42400000;2,89219584
7,42500000;2,89239016
7,42600000;2,89258444
7,42700000;2,89277870
7,42800000;2,89297294
7,42900000;2,89316715
7,43000000;2,89336133
7,43100000;2,89355549
7,43200000;2,89374962
7,43300000;2,89394372
7,43400000;2,89413780
7,43500000;2,89433185
7,43600000;2,89452588
7,43700000;2,89471988
7,43800000;2,89491385
7,43900000;2,89510780
7,44000000;2,89530172
7,44100000;2,89549561
7,44200000;2,89568948
7,44300000;2,89588333
7,44400000;2,89607714
7,44500000;2,89627093
7,44600000;2,89646530
7,44700000;2,89665904
7,44800000;2,89685276
7,44900000;2,89704644
7,45000000;2,89724011
7,45100000;2,89743374
7,45200000;2,89762735
7,45300000;2,89782094
7,45400000;2,89801449
7,45500000;2,89820803
7,45600000;2,89840153
7,45700000;2,89859501
7,45800000;2,89878847
7,45900000;2,89898190
7,46000000;2,89917530
7,46100000;2,89936867
7,46200000;2,89956202
7,46300000;2,89975535
7,46400000;2,89994865
7,46500000;2,90014192
7,46600000;2,90033517
7,46700000;2,90052839
7,46800000;2,90072158
7,46900000;2,90091475
7,47000000;2,90110790
7,47100000;2,90130101
7,47200000;2,90149411
7,47300000;2,90168717
7,47400000;2,90188021
7,47500000;2,90207323
7,47600000;2,90226621
7,47700000;2,90245918
7,47800000;2,90265211
7,47900000;2,90284503
7,48000000;2,90303791
7,48100000;2,90323077
7,48200000;2,90342360
7,48300000;2,90361641
7,48400000;2,90380919
7,48500000;2,90400195
7,48600000;2,90419468
7,48700000;2,90438739
7,48800000;2,90458006
7,48900000;2,90477272
7,49000000;2,90496535
7,49100000;2,90515795
7,49200000;2,90535052
7,49300000;2,90554307
7,49400000;2,90573560
7,49500000;2,90592810
7,49600000;2,90612057
7,49700000;2,90631302
7,49800000;2,90650544
7,49900000;2,90669784
7,50000000;2,90689021
7,50100000;2,90708255
7,50200000;2,90727487
7,50300000;2,90746717
7,50400000;2,90765943
7,50500000;2,90785168
7,50600000;2,90804389
7,50700000;2,90823609
7,50800000;2,90842825
7,50900000;2,90862039
7,51000000;2,90881251
7,51100000;2,90900460
7,51200000;2,90919666
7,51300000;2,90938870
7,51400000;2,90958071
7,51500000;2,90977270
7,51600000;2,90996466
7,51700000;2,91015659
7,51800000;2,91034850
7,51900000;2,91054039
7,52000000;2,91073225
7,52100000;2,91092408
7,52200000;2,91111589
7,52300000;2,91130767
7,52400000;2,91149943
7,52500000;2,91169116
7,52600000;2,91188286
7,52700000;2,91207455
7,52800000;2,91226620
7,52900000;2,91245783
7,53000000;2,91264943
7,53100000;2,91284101
7,53200000;2,91303257
7,53300000;2,91322409
7,53400000;2,91341560
7,53500000;2,91360707
7,53600000;2,91379853
7,53700000;2,91398995
7,53800000;2,91418135
7,53900000;2,91437273
7,54000000;2,91456408
7,54100000;2,91475540
7,54200000;2,91494670
7,54300000;2,91513798
7,54400000;2,91532922
7,54500000;2,91552045
7,54600000;2,91571165
7,54700000;2,91590282
7,54800000;2,91609397
7,54900000;2,91628509
7,55000000;2,91647618
7,55100000;2,91666726
7,55200000;2,91685830
7,55300000;2,91704932
7,55400000;2,91724032
7,55500000;2,91743129
7,55600000;2,91762223
7,55700000;2,91781315
7,55800000;2,91800405
7,55900000;2,91819491
7,56000000;2,91838576
7,56100000;2,91857658
7,56200000;2,91876737
7,56300000;2,91895814
7,56400000;2,91914888
7,56500000;2,91933960
7,56600000;2,91953029
7,56700000;2,91972096
7,56800000;2,91991160
7,56900000;2,92010222
7,57000000;2,92029281
7,57100000;2,92048338
7,57200000;2,92067392
7,57300000;2,92086443
7,57400000;2,92105492
7,57500000;2,92124539
7,57600000;2,92143583
7,57700000;2,92162625
7,57800000;2,92181664
7,57900000;2,92200700
7,58000000;2,92219734
7,58100000;2,92238766
7,58200000;2,92257795
7,58300000;2,92276821
7,58400000;2,92295845
7,58500000;2,92314867
7,58600000;2,92333886
7,58700000;2,92352902
7,58800000;2,92371916
7,58900000;2,92390927
7,59000000;2,92409936
7,59100000;2,92428943
7,59200000;2,92447947
7,59300000;2,92466948
7,59400000;2,92485947
7,59500000;2,92504943
7,59600000;2,92523937
7,59700000;2,92542929
7,59800000;2,92561918
7,59900000;2,92580904
7,60000000;2,92599888
7,60100000;2,92618869
7,60200000;2,92637848
7,60300000;2,92656825
7,60400000;2,92675799
7,60500000;2,92694770
7,60600000;2,92713739
7,60700000;2,92732705
7,60800000;2,92751669
7,60900000;2,92770631
7,61000000;2,92789590
7,61100000;2,92808546
7,61200000;2,92827500
7,61300000;2,92846452
7,61400000;2,92865401
7,61500000;2,92884347
7,61600000;2,92903291
7,61700000;2,92922233
7,61800000;2,92941172
7,61900000;2,92960108
7,62000000;2,92979043
7,62100000;2,92997974
7,62200000;2,93016903
7,62300000;2,93035830
7,62400000;2,93054754
7,62500000;2,93073676
7,62600000;2,93092595
7,62700000;2,93111512
7,62800000;2,93130426
7,62900000;2,93149338
7,63000000;2,93168247
7,63100000;2,93187154
7,63200000;2,93206058
7,63300000;2,93224960
7,63400000;2,93243859
7,63500000;2,93262756
7,63600000;2,93281650
7,63700000;2,93300542
7,63800000;2,93319432
7,63900000;2,93338319
7,64000000;2,93357203
7,64100000;2,93376085
7,64200000;2,93394965
7,64300000;2,93413842
7,64400000;2,93432716
7,64500000;2,93451589
7,64600000;2,93470458
7,64700000;2,93489326
7,64800000;2,93508190
7,64900000;2,93527053
7,65000000;2,93545912
7,65100000;2,93564770
7,65200000;2,93583625
7,65300000;2,93602477
7,65400000;2,93621327
7,65500000;2,93640175
7,65600000;2,93659020
7,65700000;2,93677862
7,65800000;2,93696702
7,65900000;2,93715540
7,66000000;2,93734375
7,66100000;2,93753208
7,66200000;2,93772038
7,66300000;2,93790866
7,66400000;2,93809691
7,66500000;2,93828514
7,66600000;2,93847335
7,66700000;2,93866153
7,66800000;2,93884968
7,66900000;2,93903781
7,67000000;2,93922592
7,67100000;2,93941400
7,67200000;2,93960206
7,67300000;2,93979009
7,67400000;2,93997810
7,67500000;2,94016608
7,67600000;2,94035404
7,67700000;2,94054198
7,67800000;2,94072989
7,67900000;2,94091777
7,68000000;2,94110563
7,68100000;2,94129347
7,68200000;2,94148128
7,68300000;2,94166907
7,68400000;2,94185683
7,68500000;2,94204457
7,68600000;2,94223229
7,68700000;2,94241998
7,68800000;2,94260764
7,68900000;2,94279529
7,69000000;2,94298290
7,69100000;2,94317049
7,69200000;2,94335806
7,69300000;2,94354561
7,69400000;2,94373313
7,69500000;2,94392062
7,69600000;2,94410809
7,69700000;2,94429554
7,69800000;2,94448296
7,69900000;2,94467036
7,70000000;2,94485773
7,70100000;2,94504508
7,70200000;2,94523240
7,70300000;2,94541970
7,70400000;2,94560698
7,70500000;2,94579423
7,70600000;2,94598146
7,70700000;2,94616866
7,70800000;2,94635584
7,70900000;2,94654300
7,71000000;2,94673013
7,71100000;2,94691723
7,71200000;2,94710431
7,71300000;2,94729137
7,71400000;2,94747840
7,71500000;2,94766541
7,71600000;2,94785240
7,71700000;2,94803936
7,71800000;2,94822629
7,71900000;2,94841321
7,72000000;2,94860009
7,72100000;2,94878696
7,72200000;2,94897380
7,72300000;2,94916061
7,72400000;2,94934740
7,72500000;2,94953417
7,72600000;2,94972091
7,72700000;2,94990763
7,72800000;2,95009433
7,72900000;2,95028100
7,73000000;2,95046764
7,73100000;2,95065426
7,73200000;2,95084086
7,73300000;2,95102743
7,73400000;2,95121398
7,73500000;2,95140051
7,73600000;2,95158701
7,73700000;2,95177349
7,73800000;2,95195994
7,73900000;2,95214637
7,74000000;2,95233277
7,74100000;2,95251915
7,74200000;2,95270551
7,74300000;2,95289184
7,74400000;2,95307815
7,74500000;2,95326444
7,74600000;2,95345070
7,74700000;2,95363693
7,74800000;2,95382315
7,74900000;2,95400933
7,75000000;2,95419550
7,75100000;2,95438164
7,75200000;2,95456775
7,75300000;2,95475385
7,75400000;2,95493991
7,75500000;2,95512596
7,75600000;2,95531198
7,75700000;2,95549798
7,75800000;2,95568395
7,75900000;2,95586990
7,76000000;2,95605582
7,76100000;2,95624172
7,76200000;2,95642760
7,76300000;2,95661345
7,76400000;2,95679928
7,76500000;2,95698508
7,76600000;2,95717086
7,76700000;2,95735662
7,76800000;2,95754235
7,76900000;2,95772806
7,77000000;2,95791375
7,77100000;2,95809941
7,77200000;2,95828504
7,77300000;2,95847066
7,77400000;2,95865625
7,77500000;2,95884181
7,77600000;2,95902735
7,77700000;2,95921287
7,77800000;2,95939837
7,77900000;2,95958384
7,78000000;2,95976928
7,78100000;2,95995470
7,78200000;2,96014010
7,78300000;2,96032548
7,78400000;2,96051083
7,78500000;2,96069615
7,78600000;2,96088146
7,78700000;2,96106674
7,78800000;2,96125199
7,78900000;2,96143723
7,79000000;2,96162243
7,79100000;2,96180762
7,79200000;2,96199278
7,79300000;2,96217791
7,79400000;2,96236303
7,79500000;2,96254870
7,79600000;2,96273377
7,79700000;2,96291881
7,79800000;2,96310383
7,79900000;2,96328882
7,80000000;2,96347379
7,80100000;2,96365874
7,80200000;2,96384367
7,80300000;2,96402857
7,80400000;2,96421344
7,80500000;2,96439830
7,80600000;2,96458312
7,80700000;2,96476793
7,80800000;2,96495271
7,80900000;2,96513747
7,81000000;2,96532221
7,81100000;2,96550692
7,81200000;2,96569160
7,81300000;2,96587627
7,81400000;2,96606091
7,81500000;2,96624552
7,81600000;2,96643012
7,81700000;2,96661469
7,81800000;2,96679923
7,81900000;2,96698375
7,82000000;2,96716825
7,82100000;2,96735273
7,82200000;2,96753718
7,82300000;2,96772160
7,82400000;2,96790601
7,82500000;2,96809039
7,82600000;2,96827475
7,82700000;2,96845908
7,82800000;2,96864339
7,82900000;2,96882768
7,83000000;2,96901194
7,83100000;2,96919618
7,83200000;2,96938039
7,83300000;2,96956459
7,83400000;2,96974875
7,83500000;2,96993290
7,83600000;2,97011702
7,83700000;2,97030112
7,83800000;2,97048519
7,83900000;2,97066924
7,84000000;2,97085327
7,84100000;2,97103728
7,84200000;2,97122126
7,84300000;2,97140521
7,84400000;2,97158915
7,84500000;2,97177306
7,84600000;2,97195694
7,84700000;2,97214081
7,84800000;2,97232465
7,84900000;2,97250846
7,85000000;2,97269226
7,85100000;2,97287603
7,85200000;2,97305977
7,85300000;2,97324350
7,85400000;2,97342720
7,85500000;2,97361087
7,85600000;2,97379452
7,85700000;2,97397815
7,85800000;2,97416176
7,85900000;2,97434534
7,86000000;2,97452890
7,86100000;2,97471244
7,86200000;2,97489595
7,86300000;2,97507944
7,86400000;2,97526291
7,86500000;2,97544635
7,86600000;2,97562977
7,86700000;2,97581316
7,86800000;2,97599654
7,86900000;2,97617989
7,87000000;2,97636321
7,87100000;2,97654651
7,87200000;2,97672979
7,87300000;2,97691305
7,87400000;2,97709628
7,87500000;2,97727949
7,87600000;2,97746268
7,87700000;2,97764584
7,87800000;2,97782898
7,87900000;2,97801210
7,88000000;2,97819519
7,88100000;2,97837826
7,88200000;2,97856131
7,88300000;2,97874433
7,88400000;2,97892733
7,88500000;2,97911031
7,88600000;2,97929326
7,88700000;2,97947619
7,88800000;2,97965910
7,88900000;2,97984199
7,89000000;2,98002485
7,89100000;2,98020769
7,89200000;2,98039050
7,89300000;2,98057329
7,89400000;2,98075606
7,89500000;2,98093881
7,89600000;2,98112153
7,89700000;2,98130423
7,89800000;2,98148690
7,89900000;2,98166956
7,90000000;2,98185219
7,90100000;2,98203479
7,90200000;2,98221738
7,90300000;2,98239994
7,90400000;2,98258247
7,90500000;2,98276499
7,90600000;2,98294748
7,90700000;2,98312995
7,90800000;2,98331239
7,90900000;2,98349481
7,91000000;2,98367721
7,91100000;2,98385959
7,91200000;2,98404194
7,91300000;2,98422427
7,91400000;2,98440658
7,91500000;2,98458886
7,91600000;2,98477112
7,91700000;2,98495336
7,91800000;2,98513557
7,91900000;2,98531776
7,92000000;2,98549993
7,92100000;2,98568208
7,92200000;2,98586420
7,92300000;2,98604630
7,92400000;2,98622838
7,92500000;2,98641043
7,92600000;2,98659246
7,92700000;2,98677447
7,92800000;2,98695645
7,92900000;2,98713841
7,93000000;2,98732035
7,93100000;2,98750227
7,93200000;2,98768416
7,93300000;2,98786603
7,93400000;2,98804788
7,93500000;2,98822970
7,93600000;2,98841150
7,93700000;2,98859328
7,93800000;2,98877504
7,93900000;2,98895677
7,94000000;2,98913848
7,94100000;2,98932017
7,94200000;2,98950183
7,94300000;2,98968347
7,94400000;2,98986509
7,94500000;2,99004668
7,94600000;2,99022826
7,94700000;2,99040981
7,94800000;2,99059133
7,94900000;2,99077284
7,95000000;2,99095432
7,95100000;2,99113577
7,95200000;2,99131721
7,95300000;2,99149862
7,95400000;2,99168001
7,95500000;2,99186138
7,95600000;2,99204272
7,95700000;2,99222404
7,95800000;2,99240534
7,95900000;2,99258662
7,96000000;2,99276787
7,96100000;2,99294910
7,96200000;2,99313031
7,96300000;2,99331149
7,96400000;2,99349265
7,96500000;2,99367379
7,96600000;2,99385491
7,96700000;2,99403600
7,96800000;2,99421707
7,96900000;2,99439812
7,97000000;2,99457915
7,97100000;2,99476015
7,97200000;2,99494113
7,97300000;2,99512209
7,97400000;2,99530302
7,97500000;2,99548393
7,97600000;2,99566482
7,97700000;2,99584569
7,97800000;2,99602653
7,97900000;2,99620736
7,98000000;2,99638815
7,98100000;2,99656893
7,98200000;2,99674968
7,98300000;2,99693041
7,98400000;2,99711112
7,98500000;2,99729181
7,98600000;2,99747247
7,98700000;2,99765311
7,98800000;2,99783373
7,98900000;2,99801432
7,99000000;2,99819489
7,99100000;2,99837544
7,99200000;2,99855597
7,99300000;2,99873648
7,99400000;2,99891696
7,99500000;2,99909742
7,99600000;2,99927785
7,99700000;2,99945827
7,99800000;2,99963866
7,99900000;2,99981903
8,00000000;2,99999937
8,00100000;3,00017970
8,00200000;3,00036000
8,00300000;3,00054028
8,00400000;3,00072053
8,00500000;3,00090077
8,00600000;3,00108098
8,00700000;3,00126117
8,00800000;3,00144133
8,00900000;3,00162148
8,01000000;3,00180160
8,01100000;3,00198170
8,01200000;3,00216178
8,01300000;3,00234183
8,01400000;3,00252186
8,01500000;3,00270187
8,01600000;3,00288186
8,01700000;3,00306182
8,01800000;3,00324176
8,01900000;3,00342168
8,02000000;3,00360158
8,02100000;3,00378145
8,02200000;3,00396130
8,02300000;3,00414113
8,02400000;3,00432094
8,02500000;3,00450072
8,02600000;3,00468049
8,02700000;3,00486023
8,02800000;3,00503994
8,02900000;3,00521964
8,03000000;3,00539931
8,03100000;3,00557896
8,03200000;3,00575859
8,03300000;3,00593819
8,03400000;3,00611778
8,03500000;3,00629734
8,03600000;3,00647688
8,03700000;3,00665639
8,03800000;3,00683589
8,03900000;3,00701536
8,04000000;3,00719481
8,04100000;3,00737423
8,04200000;3,00755364
8,04300000;3,00773302
8,04400000;3,00791238
8,04500000;3,00809172
8,04600000;3,00827103
8,04700000;3,00845032
8,04800000;3,00862960
8,04900000;3,00880884
8,05000000;3,00898807
8,05100000;3,00916727
8,05200000;3,00934646
8,05300000;3,00952561
8,05400000;3,00970475
8,05500000;3,00988387
8,05600000;3,01006296
8,05700000;3,01024203
8,05800000;3,01042108
8,05900000;3,01060010
8,06000000;3,01077911
8,06100000;3,01095809
8,06200000;3,01113705
8,06300000;3,01131599
8,06400000;3,01149490
8,06500000;3,01167379
8,06600000;3,01185266
8,06700000;3,01203151
8,06800000;3,01221034
8,06900000;3,01238914
8,07000000;3,01256792
8,07100000;3,01274668
8,07200000;3,01292542
8,07300000;3,01310414
8,07400000;3,01328283
8,07500000;3,01346150
8,07600000;3,01364015
8,07700000;3,01381878
8,07800000;3,01399738
8,07900000;3,01417596
8,08000000;3,01435452
8,08100000;3,01453306
8,08200000;3,01471158
8,08300000;3,01489007
8,08400000;3,01506855
8,08500000;3,01524700
8,08600000;3,01542542
8,08700000;3,01560383
8,08800000;3,01578221
8,08900000;3,01596058
8,09000000;3,01613892
8,09100000;3,01631723
8,09200000;3,01649553
8,09300000;3,01667380
8,09400000;3,01685205
8,09500000;3,01703028
8,09600000;3,01720849
8,09700000;3,01738668
8,09800000;3,01756484
8,09900000;3,01774298
8,10000000;3,01792110
8,10100000;3,01809920
8,10200000;3,01827727
8,10300000;3,01845533
8,10400000;3,01863336
8,10500000;3,01881137
8,10600000;3,01898936
8,10700000;3,01916732
8,10800000;3,01934527
8,10900000;3,01952319
8,11000000;3,01970109
8,11100000;3,01987897
8,11200000;3,02005682
8,11300000;3,02023466
8,11400000;3,02041247
8,11500000;3,02059026
8,11600000;3,02076803
8,11700000;3,02094577
8,11800000;3,02112350
8,11900000;3,02130120
8,12000000;3,02147888
8,12100000;3,02165654
8,12200000;3,02183418
8,12300000;3,02201179
8,12400000;3,02218939
8,12500000;3,02236696
8,12600000;3,02254451
8,12700000;3,02272203
8,12800000;3,02289954
8,12900000;3,02307702
8,13000000;3,02325449
8,13100000;3,02343193
8,13200000;3,02360935
8,13300000;3,02378674
8,13400000;3,02396412
8,13500000;3,02414147
8,13600000;3,02431880
8,13700000;3,02449611
8,13800000;3,02467340
8,13900000;3,02485066
8,14000000;3,02502791
8,14100000;3,02520513
8,14200000;3,02538233
8,14300000;3,02555951
8,14400000;3,02573723
8,14500000;3,02591437
8,14600000;3,02609148
8,14700000;3,02626857
8,14800000;3,02644564
8,14900000;3,02662269
8,15000000;3,02679972
8,15100000;3,02697673
8,15200000;3,02715371
8,15300000;3,02733067
8,15400000;3,02750761
8,15500000;3,02768453
8,15600000;3,02786143
8,15700000;3,02803830
8,15800000;3,02821516
8,15900000;3,02839199
8,16000000;3,02856880
8,16100000;3,02874559
8,16200000;3,02892236
8,16300000;3,02909910
8,16400000;3,02927583
8,16500000;3,02945253
8,16600000;3,02962921
8,16700000;3,02980587
8,16800000;3,02998250
8,16900000;3,03015912
8,17000000;3,03033571
8,17100000;3,03051229
8,17200000;3,03068884
8,17300000;3,03086537
8,17400000;3,03104187
8,17500000;3,03121836
8,17600000;3,03139482
8,17700000;3,03157127
8,17800000;3,03174769
8,17900000;3,03192409
8,18000000;3,03210047
8,18100000;3,03227682
8,18200000;3,03245316
8,18300000;3,03262947
8,18400000;3,03280576
8,18500000;3,03298203
8,18600000;3,03315828
8,18700000;3,03333451
8,18800000;3,03351071
8,18900000;3,03368690
8,19000000;3,03386306
8,19100000;3,03403920
8,19200000;3,03421532
8,19300000;3,03439142
8,19400000;3,03456750
8,19500000;3,03474355
8,19600000;3,03491959
8,19700000;3,03509560
8,19800000;3,03527159
8,19900000;3,03544756
8,20000000;3,03562351
8,20100000;3,03579943
8,20200000;3,03597534
8,20300000;3,03615122
8,20400000;3,03632708
8,20500000;3,03650292
8,20600000;3,03667874
8,20700000;3,03685454
8,20800000;3,03703032
8,20900000;3,03720607
8,21000000;3,03738180
8,21100000;3,03755752
8,21200000;3,03773321
8,21300000;3,03790888
8,21400000;3,03808452
8,21500000;3,03826015
8,21600000;3,03843576
8,21700000;3,03861134
8,21800000;3,03878690
8,21900000;3,03896244
8,22000000;3,03913796
8,22100000;3,03931346
8,22200000;3,03948894
8,22300000;3,03966439
8,22400000;3,03983983
8,22500000;3,04001524
8,22600000;3,04019063
8,22700000;3,04036600
8,22800000;3,04054135
8,22900000;3,04071668
8,23000000;3,04089199
8,23100000;3,04106727
8,23200000;3,04124253
8,23300000;3,04141778
8,23400000;3,04159300
8,23500000;3,04176820
8,23600000;3,04194338
8,23700000;3,04211853
8,23800000;3,04229367
8,23900000;3,04246878
8,24000000;3,04264388
8,24100000;3,04281895
8,24200000;3,04299400
8,24300000;3,04316903
8,24400000;3,04334404
8,24500000;3,04351903
8,24600000;3,04369399
8,24700000;3,04386894
8,24800000;3,04404386
8,24900000;3,04421876
8,25000000;3,04439365
8,25100000;3,04456851
8,25200000;3,04474334
8,25300000;3,04491816
8,25400000;3,04509296
8,25500000;3,04526773
8,25600000;3,04544249
8,25700000;3,04561722
8,25800000;3,04579193
8,25900000;3,04596662
8,26000000;3,04614129
8,26100000;3,04631594
8,26200000;3,04649057
8,26300000;3,04666518
8,26400000;3,04683976
8,26500000;3,04701432
8,26600000;3,04718887
8,26700000;3,04736339
8,26800000;3,04753789
8,26900000;3,04771237
8,27000000;3,04788683
8,27100000;3,04806126
8,27200000;3,04823568
8,27300000;3,04841008
8,27400000;3,04858445
8,27500000;3,04875880
8,27600000;3,04893313
8,27700000;3,04910744
8,27800000;3,04928173
8,27900000;3,04945600
8,28000000;3,04963025
8,28100000;3,04980448
8,28200000;3,04997868
8,28300000;3,05015287
8,28400000;3,05032703
8,28500000;3,05050117
8,28600000;3,05067529
8,28700000;3,05084939
8,28800000;3,05102347
8,28900000;3,05119753
8,29000000;3,05137157
8,29100000;3,05154559
8,29200000;3,05171958
8,29300000;3,05189356
8,29400000;3,05206751
8,29500000;3,05224144
8,29600000;3,05241535
8,29700000;3,05258924
8,29800000;3,05276311
8,29900000;3,05293696
8,30000000;3,05311079
8,30100000;3,05328460
8,30200000;3,05345838
8,30300000;3,05363215
8,30400000;3,05380589
8,30500000;3,05397961
8,30600000;3,05415331
8,30700000;3,05432700
8,30800000;3,05450066
8,30900000;3,05467430
8,31000000;3,05484791
8,31100000;3,05502151
8,31200000;3,05519509
8,31300000;3,05536864
8,31400000;3,05554218
8,31500000;3,05571569
8,31600000;3,05588919
8,31700000;3,05606266
8,31800000;3,05623611
8,31900000;3,05640954
8,32000000;3,05658295
8,32100000;3,05675634
8,32200000;3,05692971
8,32300000;3,05710305
8,32400000;3,05727638
8,32500000;3,05744969
8,32600000;3,05762297
8,32700000;3,05779623
8,32800000;3,05796948
8,32900000;3,05814270
8,33000000;3,05831590
8,33100000;3,05848908
8,33200000;3,05866224
8,33300000;3,05883538
8,33400000;3,05900850
8,33500000;3,05918160
8,33600000;3,05935467
8,33700000;3,05952773
8,33800000;3,05970076
8,33900000;3,05987378
8,34000000;3,06004677
8,34100000;3,06021975
8,34200000;3,06039270
8,34300000;3,06056563
8,34400000;3,06073854
8,34500000;3,06091143
8,34600000;3,06108430
8,34700000;3,06125715
8,34800000;3,06142998
8,34900000;3,06160278
8,35000000;3,06177557
8,35100000;3,06194834
8,35200000;3,06212108
8,35300000;3,06229381
8,35400000;3,06246651
8,35500000;3,06263919
8,35600000;3,06281186
8,35700000;3,06298450
8,35800000;3,06315712
8,35900000;3,06332972
8,36000000;3,06350230
8,36100000;3,06367486
8,36200000;3,06384740
8,36300000;3,06401991
8,36400000;3,06419241
8,36500000;3,06436489
8,36600000;3,06453734
8,36700000;3,06470978
8,36800000;3,06488220
8,36900000;3,06505459
8,37000000;3,06522696
8,37100000;3,06539932
8,37200000;3,06557165
8,37300000;3,06574396
8,37400000;3,06591625
8,37500000;3,06608852
8,37600000;3,06626077
8,37700000;3,06643300
8,37800000;3,06660521
8,37900000;3,06677740
8,38000000;3,06694957
8,38100000;3,06712171
8,38200000;3,06729384
8,38300000;3,06746595
8,38400000;3,06763803
8,38500000;3,06781010
8,38600000;3,06798214
8,38700000;3,06815417
8,38800000;3,06832617
8,38900000;3,06849815
8,39000000;3,06867012
8,39100000;3,06884206
8,39200000;3,06901398
8,39300000;3,06918588
8,39400000;3,06935776
8,39500000;3,06952962
8,39600000;3,06970146
8,39700000;3,06987328
8,39800000;3,07004508
8,39900000;3,07021686
8,40000000;3,07038862
8,40100000;3,07056035
8,40200000;3,07073207
8,40300000;3,07090377
8,40400000;3,07107544
8,40500000;3,07124710
8,40600000;3,07141873
8,40700000;3,07159035
8,40800000;3,07176194
8,40900000;3,07193352
8,41000000;3,07210507
8,41100000;3,07227661
8,41200000;3,07244812
8,41300000;3,07261961
8,41400000;3,07279108
8,41500000;3,07296253
8,41600000;3,07313397
8,41700000;3,07330538
8,41800000;3,07347677
8,41900000;3,07364814
8,42000000;3,07381949
8,42100000;3,07399082
8,42200000;3,07416213
8,42300000;3,07433341
8,42400000;3,07450468
8,42500000;3,07467593
8,42600000;3,07484716
8,42700000;3,07501837
8,42800000;3,07518955
8,42900000;3,07536072
8,43000000;3,07553187
8,43100000;3,07570299
8,43200000;3,07587410
8,43300000;3,07604518
8,43400000;3,07621625
8,43500000;3,07638729
8,43600000;3,07655832
8,43700000;3,07672932
8,43800000;3,07690031
8,43900000;3,07707127
8,44000000;3,07724222
8,44100000;3,07741314
8,44200000;3,07758404
8,44300000;3,07775493
8,44400000;3,07792579
8,44500000;3,07809663
8,44600000;3,07826745
8,44700000;3,07843826
8,44800000;3,07860904
8,44900000;3,07877980
8,45000000;3,07895054
8,45100000;3,07912126
8,45200000;3,07929196
8,45300000;3,07946264
8,45400000;3,07963330
8,45500000;3,07980394
8,45600000;3,07997456
8,45700000;3,08014516
8,45800000;3,08031574
8,45900000;3,08048630
8,46000000;3,08065684
8,46100000;3,08082736
8,46200000;3,08099786
8,46300000;3,08116834
8,46400000;3,08133880
8,46500000;3,08150924
8,46600000;3,08167966
8,46700000;3,08185006
8,46800000;3,08202043
8,46900000;3,08219079
8,47000000;3,08236113
8,47100000;3,08253145
8,47200000;3,08270175
8,47300000;3,08287202
8,47400000;3,08304228
8,47500000;3,08321252
8,47600000;3,08338274
8,47700000;3,08355293
8,47800000;3,08372311
8,47900000;3,08389327
8,48000000;3,08406341
8,48100000;3,08423352
8,48200000;3,08440362
8,48300000;3,08457370
8,48400000;3,08474376
8,48500000;3,08491379
8,48600000;3,08508381
8,48700000;3,08525381
8,48800000;3,08542378
8,48900000;3,08559374
8,49000000;3,08576368
8,49100000;3,08593359
8,49200000;3,08610349
8,49300000;3,08627337
8,49400000;3,08644377
8,49500000;3,08661361
8,49600000;3,08678342
8,49700000;3,08695322
8,49800000;3,08712300
8,49900000;3,08729276
8,50000000;3,08746249
8,50100000;3,08763221
8,50200000;3,08780191
8,50300000;3,08797159
8,50400000;3,08814124
8,50500000;3,08831088
8,50600000;3,08848050
8,50700000;3,08865010
8,50800000;3,08881968
8,50900000;3,08898923
8,51000000;3,08915877
8,51100000;3,08932829
8,51200000;3,08949779
8,51300000;3,08966727
8,51400000;3,08983672
8,51500000;3,09000616
8,51600000;3,09017558
8,51700000;3,09034498
8,51800000;3,09051436
8,51900000;3,09068372
8,52000000;3,09085306
8,52100000;3,09102238
8,52200000;3,09119168
8,52300000;3,09136096
8,52400000;3,09153022
8,52500000;3,09169946
8,52600000;3,09186867
8,52700000;3,09203787
8,52800000;3,09220706
8,52900000;3,09237622
8,53000000;3,09254536
8,53100000;3,09271448
8,53200000;3,09288358
8,53300000;3,09305266
8,53400000;3,09322172
8,53500000;3,09339076
8,53600000;3,09355978
8,53700000;3,09372878
8,53800000;3,09389777
8,53900000;3,09406673
8,54000000;3,09423567
8,54100000;3,09440459
8,54200000;3,09457350
8,54300000;3,09474238
8,54400000;3,09491124
8,54500000;3,09508009
8,54600000;3,09524891
8,54700000;3,09541772
8,54800000;3,09558650
8,54900000;3,09575526
8,55000000;3,09592401
8,55100000;3,09609273
8,55200000;3,09626144
8,55300000;3,09643012
8,55400000;3,09659879
8,55500000;3,09676744
8,55600000;3,09693606
8,55700000;3,09710467
8,55800000;3,09727326
8,55900000;3,09744182
8,56000000;3,09761037
8,56100000;3,09777890
8,56200000;3,09794741
8,56300000;3,09811590
8,56400000;3,09828437
8,56500000;3,09845282
8,56600000;3,09862124
8,56700000;3,09878965
8,56800000;3,09895805
8,56900000;3,09912642
8,57000000;3,09929477
8,57100000;3,09946310
8,57200000;3,09963141
8,57300000;3,09979970
8,57400000;3,09996797
8,57500000;3,10013623
8,57600000;3,10030446
8,57700000;3,10047267
8,57800000;3,10064087
8,57900000;3,10080904
8,58000000;3,10097720
8,58100000;3,10114533
8,58200000;3,10131345
8,58300000;3,10148154
8,58400000;3,10164962
8,58500000;3,10181768
8,58600000;3,10198571
8,58700000;3,10215373
8,58800000;3,10232173
8,58900000;3,10248971
8,59000000;3,10265767
8,59100000;3,10282561
8,59200000;3,10299353
8,59300000;3,10316143
8,59400000;3,10332931
8,59500000;3,10349717
8,59600000;3,10366501
8,59700000;3,10383283
8,59800000;3,10400063
8,59900000;3,10416842
8,60000000;3,10433618
8,60100000;3,10450393
8,60200000;3,10467165
8,60300000;3,10483935
8,60400000;3,10500704
8,60500000;3,10517471
8,60600000;3,10534235
8,60700000;3,10550998
8,60800000;3,10567759
8,60900000;3,10584518
8,61000000;3,10601274
8,61100000;3,10618029
8,61200000;3,10634782
8,61300000;3,10651533
8,61400000;3,10668283
8,61500000;3,10685030
8,61600000;3,10701775
8,61700000;3,10718518
8,61800000;3,10735259
8,61900000;3,10751999
8,62000000;3,10768736
8,62100000;3,10785472
8,62200000;3,10802205
8,62300000;3,10818937
8,62400000;3,10835667
8,62500000;3,10852394
8,62600000;3,10869120
8,62700000;3,10885844
8,62800000;3,10902566
8,62900000;3,10919286
8,63000000;3,10936004
8,63100000;3,10952720
8,63200000;3,10969434
8,63300000;3,10986146
8,63400000;3,11002857
8,63500000;3,11019565
8,63600000;3,11036271
8,63700000;3,11052976
8,63800000;3,11069678
8,63900000;3,11086379
8,64000000;3,11103078
8,64100000;3,11119774
8,64200000;3,11136469
8,64300000;3,11153162
8,64400000;3,11169853
8,64500000;3,11186542
8,64600000;3,11203229
8,64700000;3,11219914
8,64800000;3,11236598
8,64900000;3,11253279
8,65000000;3,11269958
8,65100000;3,11286636
8,65200000;3,11303311
8,65300000;3,11319985
8,65400000;3,11336656
8,65500000;3,11353326
8,65600000;3,11369994
8,65700000;3,11386660
8,65800000;3,11403324
8,65900000;3,11419986
8,66000000;3,11436646
8,66100000;3,11453304
8,66200000;3,11469960
8,66300000;3,11486615
8,66400000;3,11503267
8,66500000;3,11519918
8,66600000;3,11536566
8,66700000;3,11553213
8,66800000;3,11569858
8,66900000;3,11586500
8,67000000;3,11603141
8,67100000;3,11619780
8,67200000;3,11636417
8,67300000;3,11653052
8,67400000;3,11669686
8,67500000;3,11686317
8,67600000;3,11702946
8,67700000;3,11719574
8,67800000;3,11736199
8,67900000;3,11752823
8,68000000;3,11769445
8,68100000;3,11786064
8,68200000;3,11802682
8,68300000;3,11819298
8,68400000;3,11835912
8,68500000;3,11852525
8,68600000;3,11869135
8,68700000;3,11885743
8,68800000;3,11902349
8,68900000;3,11918954
8,69000000;3,11935557
8,69100000;3,11952157
8,69200000;3,11968756
8,69300000;3,11985353
8,69400000;3,12001948
8,69500000;3,12018541
8,69600000;3,12035132
8,69700000;3,12051721
8,69800000;3,12068308
8,69900000;3,12084894
8,70000000;3,12101477
8,70100000;3,12118059
8,70200000;3,12134639
8,70300000;3,12151216
8,70400000;3,12167792
8,70500000;3,12184366
8,70600000;3,12200938
8,70700000;3,12217509
8,70800000;3,12234077
8,70900000;3,12250643
8,71000000;3,12267208
8,71100000;3,12283770
8,71200000;3,12300331
8,71300000;3,12316890
8,71400000;3,12333446
8,71500000;3,12350001
8,71600000;3,12366554
8,71700000;3,12383106
8,71800000;3,12399655
8,71900000;3,12416202
8,72000000;3,12432748
8,72100000;3,12449291
8,72200000;3,12465833
8,72300000;3,12482373
8,72400000;3,12498910
8,72500000;3,12515446
8,72600000;3,12531980
8,72700000;3,12548513
8,72800000;3,12565043
8,72900000;3,12581571
8,73000000;3,12598098
8,73100000;3,12614622
8,73200000;3,12631145
8,73300000;3,12647666
8,73400000;3,12664185
8,73500000;3,12680702
8,73600000;3,12697217
8,73700000;3,12713730
8,73800000;3,12730242
8,73900000;3,12746751
8,74000000;3,12763259
8,74100000;3,12779764
8,74200000;3,12796268
8,74300000;3,12812770
8,74400000;3,12829270
8,74500000;3,12845768
8,74600000;3,12862265
8,74700000;3,12878759
8,74800000;3,12895252
8,74900000;3,12911742
8,75000000;3,12928231
8,75100000;3,12944718
8,75200000;3,12961203
8,75300000;3,12977686
8,75400000;3,12994167
8,75500000;3,13010646
8,75600000;3,13027124
8,75700000;3,13043599
8,75800000;3,13060073
8,75900000;3,13076545
8,76000000;3,13093014
8,76100000;3,13109482
8,76200000;3,13125949
8,76300000;3,13142413
8,76400000;3,13158875
8,76500000;3,13175336
8,76600000;3,13191794
8,76700000;3,13208251
8,76800000;3,13224706
8,76900000;3,13241159
8,77000000;3,13257610
8,77100000;3,13274059
8,77200000;3,13290507
8,77300000;3,13306952
8,77400000;3,13323396
8,77500000;3,13339837
8,77600000;3,13356277
8,77700000;3,13372715
8,77800000;3,13389151
8,77900000;3,13405586
8,78000000;3,13422018
8,78100000;3,13438448
8,78200000;3,13454877
8,78300000;3,13471304
8,78400000;3,13487729
8,78500000;3,13504152
8,78600000;3,13520573
8,78700000;3,13536992
8,78800000;3,13553410
8,78900000;3,13569825
8,79000000;3,13586239
8,79100000;3,13602651
8,79200000;3,13619061
8,79300000;3,13635469
8,79400000;3,13651875
8,79500000;3,13668279
8,79600000;3,13684682
8,79700000;3,13701082
8,79800000;3,13717481
8,79900000;3,13733878
8,80000000;3,13750273
8,80100000;3,13766666
8,80200000;3,13783057
8,80300000;3,13799447
8,80400000;3,13815834
8,80500000;3,13832220
8,80600000;3,13848604
8,80700000;3,13864986
8,80800000;3,13881366
8,80900000;3,13897744
8,81000000;3,13914121
8,81100000;3,13930495
8,81200000;3,13946868
8,81300000;3,13963239
8,81400000;3,13979608
8,81500000;3,13995975
8,81600000;3,14012340
8,81700000;3,14028703
8,81800000;3,14045065
8,81900000;3,14061425
8,82000000;3,14077782
8,82100000;3,14094138
8,82200000;3,14110493
8,82300000;3,14126845
8,82400000;3,14143195
8,82500000;3,14159544
8,82600000;3,14175890
8,82700000;3,14192235
8,82800000;3,14208578
8,82900000;3,14224919
8,83000000;3,14241259
8,83100000;3,14257596
8,83200000;3,14273932
8,83300000;3,14290266
8,83400000;3,14306598
8,83500000;3,14322928
8,83600000;3,14339256
8,83700000;3,14355582
8,83800000;3,14371907
8,83900000;3,14388229
8,84000000;3,14404550
8,84100000;3,14420869
8,84200000;3,14437186
8,84300000;3,14453554
8,84400000;3,14469868
8,84500000;3,14486179
8,84600000;3,14502489
8,84700000;3,14518797
8,84800000;3,14535103
8,84900000;3,14551408
8,85000000;3,14567710
8,85100000;3,14584011
8,85200000;3,14600309
8,85300000;3,14616606
8,85400000;3,14632901
8,85500000;3,14649195
8,85600000;3,14665486
8,85700000;3,14681775
8,85800000;3,14698063
8,85900000;3,14714349
8,86000000;3,14730633
8,86100000;3,14746915
8,86200000;3,14763196
8,86300000;3,14779474
8,86400000;3,14795751
8,86500000;3,14812026
8,86600000;3,14828299
8,86700000;3,14844570
8,86800000;3,14860839
8,86900000;3,14877107
8,87000000;3,14893372
8,87100000;3,14909636
8,87200000;3,14925898
8,87300000;3,14942158
8,87400000;3,14958417
8,87500000;3,14974673
8,87600000;3,14990928
8,87700000;3,15007181
8,87800000;3,15023432
8,87900000;3,15039681
8,88000000;3,15055928
8,88100000;3,15072174
8,88200000;3,15088418
8,88300000;3,15104660
8,88400000;3,15120900
8,88500000;3,15137138
8,88600000;3,15153374
8,88700000;3,15169609
8,88800000;3,15185841
8,88900000;3,15202072
8,89000000;3,15218301
8,89100000;3,15234529
8,89200000;3,15250754
8,89300000;3,15266978
8,89400000;3,15283199
8,89500000;3,15299419
8,89600000;3,15315638
8,89700000;3,15331854
8,89800000;3,15348068
8,89900000;3,15364281
8,90000000;3,15380492
8,90100000;3,15396701
8,90200000;3,15412908
8,90300000;3,15429113
8,90400000;3,15445317
8,90500000;3,15461519
8,90600000;3,15477719
8,90700000;3,15493917
8,90800000;3,15510113
8,90900000;3,15526308
8,91000000;3,15542500
8,91100000;3,15558691
8,91200000;3,15574880
8,91300000;3,15591067
8,91400000;3,15607253
8,91500000;3,15623436
8,91600000;3,15639618
8,91700000;3,15655798
8,91800000;3,15671976
8,91900000;3,15688152
8,92000000;3,15704327
8,92100000;3,15720499
8,92200000;3,15736670
8,92300000;3,15752839
8,92400000;3,15769007
8,92500000;3,15785172
8,92600000;3,15801336
8,92700000;3,15817497
8,92800000;3,15833657
8,92900000;3,15849816
8,93000000;3,15865972
8,93100000;3,15882126
8,93200000;3,15898279
8,93300000;3,15914430
8,93400000;3,15930579
8,93500000;3,15946727
8,93600000;3,15962872
8,93700000;3,15979016
8,93800000;3,15995158
8,93900000;3,16011298
8,94000000;3,16027436
8,94100000;3,16043573
8,94200000;3,16059707
8,94300000;3,16075840
8,94400000;3,16091971
8,94500000;3,16108101
8,94600000;3,16124228
8,94700000;3,16140354
8,94800000;3,16156478
8,94900000;3,16172600
8,95000000;3,16188720
8,95100000;3,16204838
8,95200000;3,16220955
8,95300000;3,16237070
8,95400000;3,16253183
8,95500000;3,16269294
8,95600000;3,16285404
8,95700000;3,16301511
8,95800000;3,16317617
8,95900000;3,16333721
8,96000000;3,16349824
8,96100000;3,16365924
8,96200000;3,16382023
8,96300000;3,16398120
8,96400000;3,16414215
8,96500000;3,16430308
8,96600000;3,16446399
8,96700000;3,16462489
8,96800000;3,16478577
8,96900000;3,16494663
8,97000000;3,16510747
8,97100000;3,16526830
8,97200000;3,16542911
8,97300000;3,16558990
8,97400000;3,16575067
8,97500000;3,16591142
8,97600000;3,16607216
8,97700000;3,16623287
8,97800000;3,16639357
8,97900000;3,16655426
8,98000000;3,16671492
8,98100000;3,16687557
8,98200000;3,16703619
8,98300000;3,16719681
8,98400000;3,16735740
8,98500000;3,16751797
8,98600000;3,16767853
8,98700000;3,16783907
8,98800000;3,16799959
8,98900000;3,16816009
8,99000000;3,16832058
8,99100000;3,16848104
8,99200000;3,16864149
8,99300000;3,16880193
8,99400000;3,16896234
8,99500000;3,16912274
8,99600000;3,16928311
8,99700000;3,16944347
8,99800000;3,16960382
8,99900000;3,16976414
9,00000000;3,16992445
9,00100000;3,17008474
9,00200000;3,17024501
9,00300000;3,17040526
9,00400000;3,17056550
9,00500000;3,17072572
9,00600000;3,17088592
9,00700000;3,17104610
9,00800000;3,17120626
9,00900000;3,17136641
9,01000000;3,17152654
9,01100000;3,17168665
9,01200000;3,17184674
9,01300000;3,17200682
9,01400000;3,17216688
9,01500000;3,17232692
9,01600000;3,17248694
9,01700000;3,17264694
9,01800000;3,17280693
9,01900000;3,17296690
9,02000000;3,17312685
9,02100000;3,17328679
9,02200000;3,17344670
9,02300000;3,17360660
9,02400000;3,17376648
9,02500000;3,17392634
9,02600000;3,17408619
9,02700000;3,17424602
9,02800000;3,17440582
9,02900000;3,17456562
9,03000000;3,17472539
9,03100000;3,17488515
9,03200000;3,17504489
9,03300000;3,17520461
9,03400000;3,17536431
9,03500000;3,17552400
9,03600000;3,17568366
9,03700000;3,17584332
9,03800000;3,17600295
9,03900000;3,17616256
9,04000000;3,17632216
9,04100000;3,17648174
9,04200000;3,17664130
9,04300000;3,17680085
9,04400000;3,17696037
9,04500000;3,17711988
9,04600000;3,17727938
9,04700000;3,17743885
9,04800000;3,17759831
9,04900000;3,17775774
9,05000000;3,17791717
9,05100000;3,17807657
9,05200000;3,17823595
9,05300000;3,17839532
9,05400000;3,17855467
9,05500000;3,17871401
9,05600000;3,17887332
9,05700000;3,17903262
9,05800000;3,17919190
9,05900000;3,17935116
9,06000000;3,17951041
9,06100000;3,17966964
9,06200000;3,17982885
9,06300000;3,17998804
9,06400000;3,18014721
9,06500000;3,18030637
9,06600000;3,18046551
9,06700000;3,18062463
9,06800000;3,18078374
9,06900000;3,18094282
9,07000000;3,18110189
9,07100000;3,18126094
9,07200000;3,18141998
9,07300000;3,18157900
9,07400000;3,18173800
9,07500000;3,18189698
9,07600000;3,18205594
9,07700000;3,18221489
9,07800000;3,18237382
9,07900000;3,18253273
9,08000000;3,18269162
9,08100000;3,18285050
9,08200000;3,18300936
9,08300000;3,18316820
9,08400000;3,18332703
9,08500000;3,18348583
9,08600000;3,18364462
9,08700000;3,18380339
9,08800000;3,18396215
9,08900000;3,18412089
9,09000000;3,18427960
9,09100000;3,18443831
9,09200000;3,18459699
9,09300000;3,18475566
9,09400000;3,18491431
9,09500000;3,18507294
9,09600000;3,18523155
9,09700000;3,18539015
9,09800000;3,18554873
9,09900000;3,18570729
9,10000000;3,18586584
9,10100000;3,18602437
9,10200000;3,18618288
9,10300000;3,18634137
9,10400000;3,18649985
9,10500000;3,18665830
9,10600000;3,18681674
9,10700000;3,18697517
9,10800000;3,18713357
9,10900000;3,18729196
9,11000000;3,18745033
9,11100000;3,18760869
9,11200000;3,18776702
9,11300000;3,18792534
9,11400000;3,18808364
9,11500000;3,18824193
9,11600000;3,18840019
9,11700000;3,18855844
9,11800000;3,18871667
9,11900000;3,18887489
9,12000000;3,18903309
9,12100000;3,18919127
9,12200000;3,18934943
9,12300000;3,18950757
9,12400000;3,18966570
9,12500000;3,18982381
9,12600000;3,18998191
9,12700000;3,19013998
9,12800000;3,19029804
9,12900000;3,19045608
9,13000000;3,19061410
9,13100000;3,19077211
9,13200000;3,19093010
9,13300000;3,19108807
9,13400000;3,19124603
9,13500000;3,19140397
9,13600000;3,19156189
9,13700000;3,19171979
9,13800000;3,19187767
9,13900000;3,19203554
9,14000000;3,19219339
9,14100000;3,19235123
9,14200000;3,19250904
9,14300000;3,19266684
9,14400000;3,19282462
9,14500000;3,19298239
9,14600000;3,19314014
9,14700000;3,19329787
9,14800000;3,19345558
9,14900000;3,19361328
9,15000000;3,19377095
9,15100000;3,19392862
9,15200000;3,19408626
9,15300000;3,19424389
9,15400000;3,19440150
9,15500000;3,19455909
9,15600000;3,19471666
9,15700000;3,19487422
9,15800000;3,19503176
9,15900000;3,19518929
9,16000000;3,19534679
9,16100000;3,19550428
9,16200000;3,19566175
9,16300000;3,19581921
9,16400000;3,19597665
9,16500000;3,19613407
9,16600000;3,19629147
9,16700000;3,19644885
9,16800000;3,19660622
9,16900000;3,19676358
9,17000000;3,19692091
9,17100000;3,19707823
9,17200000;3,19723553
9,17300000;3,19739281
9,17400000;3,19755008
9,17500000;3,19770732
9,17600000;3,19786456
9,17700000;3,19802177
9,17800000;3,19817897
9,17900000;3,19833615
9,18000000;3,19849331
9,18100000;3,19865046
9,18200000;3,19880759
9,18300000;3,19896470
9,18400000;3,19912179
9,18500000;3,19927887
9,18600000;3,19943593
9,18700000;3,19959297
9,18800000;3,19975000
9,18900000;3,19990701
9,19000000;3,20006400
9,19100000;3,20022098
9,19200000;3,20037793
9,19300000;3,20053539
9,19400000;3,20069231
9,19500000;3,20084922
9,19600000;3,20100611
9,19700000;3,20116298
9,19800000;3,20131984
9,19900000;3,20147668
9,20000000;3,20163350
9,20100000;3,20179030
9,20200000;3,20194709
9,20300000;3,20210386
9,20400000;3,20226062
9,20500000;3,20241735
9,20600000;3,20257407
9,20700000;3,20273078
9,20800000;3,20288746
9,20900000;3,20304413
9,21000000;3,20320078
9,21100000;3,20335742
9,21200000;3,20351403
9,21300000;3,20367064
9,21400000;3,20382722
9,21500000;3,20398379
9,21600000;3,20414034
9,21700000;3,20429687
9,21800000;3,20445338
9,21900000;3,20460988
9,22000000;3,20476636
9,22100000;3,20492283
9,22200000;3,20507928
9,22300000;3,20523571
9,22400000;3,20539212
9,22500000;3,20554852
9,22600000;3,20570490
9,22700000;3,20586126
9,22800000;3,20601761
9,22900000;3,20617394
9,23000000;3,20633025
9,23100000;3,20648655
9,23200000;3,20664282
9,23300000;3,20679908
9,23400000;3,20695533
9,23500000;3,20711156
9,23600000;3,20726777
9,23700000;3,20742396
9,23800000;3,20758014
9,23900000;3,20773630
9,24000000;3,20789244
9,24100000;3,20804857
9,24200000;3,20820468
9,24300000;3,20836077
9,24400000;3,20851684
9,24500000;3,20867290
9,24600000;3,20882894
9,24700000;3,20898497
9,24800000;3,20914098
9,24900000;3,20929697
9,25000000;3,20945294
9,25100000;3,20960890
9,25200000;3,20976484
9,25300000;3,20992076
9,25400000;3,21007667
9,25500000;3,21023256
9,25600000;3,21038843
9,25700000;3,21054429
9,25800000;3,21070013
9,25900000;3,21085595
9,26000000;3,21101176
9,26100000;3,21116755
9,26200000;3,21132332
9,26300000;3,21147907
9,26400000;3,21163481
9,26500000;3,21179053
9,26600000;3,21194624
9,26700000;3,21210193
9,26800000;3,21225760
9,26900000;3,21241325
9,27000000;3,21256889
9,27100000;3,21272451
9,27200000;3,21288012
9,27300000;3,21303570
9,27400000;3,21319127
9,27500000;3,21334683
9,27600000;3,21350236
9,27700000;3,21365788
9,27800000;3,21381339
9,27900000;3,21396887
9,28000000;3,21412434
9,28100000;3,21427980
9,28200000;3,21443523
9,28300000;3,21459065
9,28400000;3,21474606
9,28500000;3,21490144
9,28600000;3,21505681
9,28700000;3,21521217
9,28800000;3,21536750
9,28900000;3,21552282
9,29000000;3,21567812
9,29100000;3,21583341
9,29200000;3,21598868
9,29300000;3,21614393
9,29400000;3,21629917
9,29500000;3,21645439
9,29600000;3,21660959
9,29700000;3,21676477
9,29800000;3,21691994
9,29900000;3,21707509
9,30000000;3,21723023
9,30100000;3,21738535
9,30200000;3,21754045
9,30300000;3,21769554
9,30400000;3,21785060
9,30500000;3,21800566
9,30600000;3,21816069
9,30700000;3,21831571
9,30800000;3,21847071
9,30900000;3,21862570
9,31000000;3,21878067
9,31100000;3,21893562
9,31200000;3,21909056
9,31300000;3,21924547
9,31400000;3,21940038
9,31500000;3,21955526
9,31600000;3,21971013
9,31700000;3,21986498
9,31800000;3,22001982
9,31900000;3,22017464
9,32000000;3,22032944
9,32100000;3,22048423
9,32200000;3,22063900
9,32300000;3,22079375
9,32400000;3,22094849
9,32500000;3,22110321
9,32600000;3,22125791
9,32700000;3,22141259
9,32800000;3,22156726
9,32900000;3,22172192
9,33000000;3,22187655
9,33100000;3,22203117
9,33200000;3,22218578
9,33300000;3,22234036
9,33400000;3,22249493
9,33500000;3,22264949
9,33600000;3,22280403
9,33700000;3,22295855
9,33800000;3,22311305
9,33900000;3,22326754
9,34000000;3,22342201
9,34100000;3,22357646
9,34200000;3,22373090
9,34300000;3,22388532
9,34400000;3,22403973
9,34500000;3,22419412
9,34600000;3,22434849
9,34700000;3,22450284
9,34800000;3,22465718
9,34900000;3,22481150
9,35000000;3,22496581
9,35100000;3,22512010
9,35200000;3,22527437
9,35300000;3,22542863
9,35400000;3,22558287
9,35500000;3,22573709
9,35600000;3,22589130
9,35700000;3,22604549
9,35800000;3,22619966
9,35900000;3,22635382
9,36000000;3,22650796
9,36100000;3,22666209
9,36200000;3,22681619
9,36300000;3,22697029
9,36400000;3,22712436
9,36500000;3,22727842
9,36600000;3,22743246
9,36700000;3,22758649
9,36800000;3,22774050
9,36900000;3,22789449
9,37000000;3,22804847
9,37100000;3,22820243
9,37200000;3,22835637
9,37300000;3,22851030
9,37400000;3,22866421
9,37500000;3,22881810
9,37600000;3,22897198
9,37700000;3,22912584
9,37800000;3,22927968
9,37900000;3,22943351
9,38000000;3,22958733
9,38100000;3,22974112
9,38200000;3,22989490
9,38300000;3,23004866
9,38400000;3,23020241
9,38500000;3,23035614
9,38600000;3,23050985
9,38700000;3,23066355
9,38800000;3,23081723
9,38900000;3,23097090
9,39000000;3,23112455
9,39100000;3,23127818
9,39200000;3,23143179
9,39300000;3,23158539
9,39400000;3,23173898
9,39500000;3,23189254
9,39600000;3,23204609
9,39700000;3,23219963
9,39800000;3,23235314
9,39900000;3,23250665
9,40000000;3,23266013
9,40100000;3,23281360
9,40200000;3,23296705
9,40300000;3,23312049
9,40400000;3,23327391
9,40500000;3,23342731
9,40600000;3,23358070
9,40700000;3,23373407
9,40800000;3,23388742
9,40900000;3,23404076
9,41000000;3,23419408
9,41100000;3,23434739
9,41200000;3,23450068
9,41300000;3,23465395
9,41400000;3,23480721
9,41500000;3,23496045
9,41600000;3,23511367
9,41700000;3,23526688
9,41800000;3,23542007
9,41900000;3,23557324
9,42000000;3,23572640
9,42100000;3,23587955
9,42200000;3,23603267
9,42300000;3,23618578
9,42400000;3,23633888
9,42500000;3,23649195
9,42600000;3,23664502
9,42700000;3,23679806
9,42800000;3,23695109
9,42900000;3,23710410
9,43000000;3,23725710
9,43100000;3,23741008
9,43200000;3,23756304
9,43300000;3,23771599
9,43400000;3,23786892
9,43500000;3,23802184
9,43600000;3,23817474
9,43700000;3,23832762
9,43800000;3,23848049
9,43900000;3,23863334
9,44000000;3,23878617
9,44100000;3,23893899
9,44200000;3,23909179
9,44300000;3,23924458
9,44400000;3,23939735
9,44500000;3,23955010
9,44600000;3,23970284
9,44700000;3,23985556
9,44800000;3,24000827
9,44900000;3,24016095
9,45000000;3,24031363
9,45100000;3,24046628
9,45200000;3,24061892
9,45300000;3,24077155
9,45400000;3,24092416
9,45500000;3,24107675
9,45600000;3,24122932
9,45700000;3,24138188
9,45800000;3,24153443
9,45900000;3,24168695
9,46000000;3,24183947
9,46100000;3,24199196
9,46200000;3,24214444
9,46300000;3,24229690
9,46400000;3,24244935
9,46500000;3,24260178
9,46600000;3,24275419
9,46700000;3,24290659
9,46800000;3,24305897
9,46900000;3,24321134
9,47000000;3,24336369
9,47100000;3,24351603
9,47200000;3,24366834
9,47300000;3,24382065
9,47400000;3,24397293
9,47500000;3,24412520
9,47600000;3,24427745
9,47700000;3,24442969
9,47800000;3,24458191
9,47900000;3,24473412
9,48000000;3,24488631
9,48100000;3,24503848
9,48200000;3,24519064
9,48300000;3,24534278
9,48400000;3,24549491
9,48500000;3,24564702
9,48600000;3,24579911
9,48700000;3,24595119
9,48800000;3,24610325
9,48900000;3,24625529
9,49000000;3,24640732
9,49100000;3,24655933
9,49200000;3,24671133
9,49300000;3,24686331
9,49400000;3,24701528
9,49500000;3,24716723
9,49600000;3,24731916
9,49700000;3,24747108
9,49800000;3,24762298
9,49900000;3,24777486
9,50000000;3,24792673
9,50100000;3,24807858
9,50200000;3,24823042
9,50300000;3,24838224
9,50400000;3,24853405
9,50500000;3,24868584
9,50600000;3,24883761
9,50700000;3,24898937
9,50800000;3,24914111
9,50900000;3,24929283
9,51000000;3,24944454
9,51100000;3,24959623
9,51200000;3,24974791
9,51300000;3,24989957
9,51400000;3,25005122
9,51500000;3,25020285
9,51600000;3,25035446
9,51700000;3,25050606
9,51800000;3,25065764
9,51900000;3,25080921
9,52000000;3,25096076
9,52100000;3,25111229
9,52200000;3,25126381
9,52300000;3,25141531
9,52400000;3,25156680
9,52500000;3,25171827
9,52600000;3,25186972
9,52700000;3,25202116
9,52800000;3,25217258
9,52900000;3,25232399
9,53000000;3,25247538
9,53100000;3,25262676
9,53200000;3,25277811
9,53300000;3,25292946
9,53400000;3,25308078
9,53500000;3,25323210
9,53600000;3,25338339
9,53700000;3,25353467
9,53800000;3,25368594
9,53900000;3,25383718
9,54000000;3,25398842
9,54100000;3,25413963
9,54200000;3,25429083
9,54300000;3,25444251
9,54400000;3,25459368
9,54500000;3,25474483
9,54600000;3,25489597
9,54700000;3,25504709
9,54800000;3,25519820
9,54900000;3,25534929
9,55000000;3,25550036
9,55100000;3,25565142
9,55200000;3,25580247
9,55300000;3,25595349
9,55400000;3,25610450
9,55500000;3,25625550
9,55600000;3,25640648
9,55700000;3,25655744
9,55800000;3,25670839
9,55900000;3,25685932
9,56000000;3,25701024
9,56100000;3,25716114
9,56200000;3,25731202
9,56300000;3,25746289
9,56400000;3,25761375
9,56500000;3,25776458
9,56600000;3,25791540
9,56700000;3,25806621
9,56800000;3,25821700
9,56900000;3,25836777
9,57000000;3,25851853
9,57100000;3,25866928
9,57200000;3,25882000
9,57300000;3,25897071
9,57400000;3,25912141
9,57500000;3,25927209
9,57600000;3,25942275
9,57700000;3,25957340
9,57800000;3,25972403
9,57900000;3,25987465
9,58000000;3,26002525
9,58100000;3,26017584
9,58200000;3,26032641
9,58300000;3,26047696
9,58400000;3,26062750
9,58500000;3,26077802
9,58600000;3,26092853
9,58700000;3,26107902
9,58800000;3,26122950
9,58900000;3,26137996
9,59000000;3,26153040
9,59100000;3,26168083
9,59200000;3,26183124
9,59300000;3,26198164
9,59400000;3,26213202
9,59500000;3,26228239
9,59600000;3,26243274
9,59700000;3,26258307
9,59800000;3,26273339
9,59900000;3,26288369
9,60000000;3,26303398
9,60100000;3,26318425
9,60200000;3,26333451
9,60300000;3,26348475
9,60400000;3,26363497
9,60500000;3,26378518
9,60600000;3,26393537
9,60700000;3,26408555
9,60800000;3,26423571
9,60900000;3,26438586
9,61000000;3,26453599
9,61100000;3,26468611
9,61200000;3,26483621
9,61300000;3,26498629
9,61400000;3,26513636
9,61500000;3,26528641
9,61600000;3,26543645
9,61700000;3,26558647
9,61800000;3,26573648
9,61900000;3,26588647
9,62000000;3,26603644
9,62100000;3,26618640
9,62200000;3,26633635
9,62300000;3,26648627
9,62400000;3,26663619
9,62500000;3,26678608
9,62600000;3,26693596
9,62700000;3,26708583
9,62800000;3,26723568
9,62900000;3,26738551
9,63000000;3,26753533
9,63100000;3,26768514
9,63200000;3,26783493
9,63300000;3,26798470
9,63400000;3,26813445
9,63500000;3,26828420
9,63600000;3,26843392
9,63700000;3,26858363
9,63800000;3,26873333
9,63900000;3,26888301
9,64000000;3,26903267
9,64100000;3,26918232
9,64200000;3,26933195
9,64300000;3,26948157
9,64400000;3,26963117
9,64500000;3,26978076
9,64600000;3,26993033
9,64700000;3,27007988
9,64800000;3,27022942
9,64900000;3,27037894
9,65000000;3,27052845
9,65100000;3,27067795
9,65200000;3,27082742
9,65300000;3,27097689
9,65400000;3,27112633
9,65500000;3,27127576
9,65600000;3,27142518
9,65700000;3,27157458
9,65800000;3,27172396
9,65900000;3,27187333
9,66000000;3,27202269
9,66100000;3,27217202
9,66200000;3,27232135
9,66300000;3,27247065
9,66400000;3,27261995
9,66500000;3,27276922
9,66600000;3,27291848
9,66700000;3,27306773
9,66800000;3,27321696
9,66900000;3,27336617
9,67000000;3,27351537
9,67100000;3,27366456
9,67200000;3,27381373
9,67300000;3,27396288
9,67400000;3,27411202
9,67500000;3,27426114
9,67600000;3,27441025
9,67700000;3,27455934
9,67800000;3,27470841
9,67900000;3,27485747
9,68000000;3,27500652
9,68100000;3,27515555
9,68200000;3,27530456
9,68300000;3,27545356
9,68400000;3,27560255
9,68500000;3,27575151
9,68600000;3,27590047
9,68700000;3,27604940
9,68800000;3,27619833
9,68900000;3,27634723
9,69000000;3,27649612
9,69100000;3,27664500
9,69200000;3,27679386
9,69300000;3,27694271
9,69400000;3,27709153
9,69500000;3,27724035
9,69600000;3,27738915
9,69700000;3,27753793
9,69800000;3,27768670
9,69900000;3,27783545
9,70000000;3,27798419
9,70100000;3,27813291
9,70200000;3,27828162
9,70300000;3,27843031
9,70400000;3,27857899
9,70500000;3,27872765
9,70600000;3,27887630
9,70700000;3,27902493
9,70800000;3,27917354
9,70900000;3,27932214
9,71000000;3,27947073
9,71100000;3,27961930
9,71200000;3,27976785
9,71300000;3,27991639
9,71400000;3,28006491
9,71500000;3,28021342
9,71600000;3,28036191
9,71700000;3,28051039
9,71800000;3,28065885
9,71900000;3,28080730
9,72000000;3,28095573
9,72100000;3,28110415
9,72200000;3,28125255
9,72300000;3,28140093
9,72400000;3,28154930
9,72500000;3,28169766
9,72600000;3,28184600
9,72700000;3,28199432
9,72800000;3,28214263
9,72900000;3,28229093
9,73000000;3,28243921
9,73100000;3,28258747
9,73200000;3,28273572
9,73300000;3,28288395
9,73400000;3,28303217
9,73500000;3,28318037
9,73600000;3,28332856
9,73700000;3,28347674
9,73800000;3,28362489
9,73900000;3,28377303
9,74000000;3,28392116
9,74100000;3,28406927
9,74200000;3,28421737
9,74300000;3,28436545
9,74400000;3,28451352
9,74500000;3,28466157
9,74600000;3,28480960
9,74700000;3,28495762
9,74800000;3,28510563
9,74900000;3,28525362
9,75000000;3,28540159
9,75100000;3,28554955
9,75200000;3,28569750
9,75300000;3,28584543
9,75400000;3,28599334
9,75500000;3,28614124
9,75600000;3,28628912
9,75700000;3,28643699
9,75800000;3,28658485
9,75900000;3,28673268
9,76000000;3,28688051
9,76100000;3,28702832
9,76200000;3,28717611
9,76300000;3,28732389
9,76400000;3,28747165
9,76500000;3,28761940
9,76600000;3,28776713
9,76700000;3,28791485
9,76800000;3,28806255
9,76900000;3,28821024
9,77000000;3,28835791
9,77100000;3,28850556
9,77200000;3,28865321
9,77300000;3,28880083
9,77400000;3,28894844
9,77500000;3,28909604
9,77600000;3,28924362
9,77700000;3,28939119
9,77800000;3,28953874
9,77900000;3,28968628
9,78000000;3,28983380
9,78100000;3,28998130
9,78200000;3,29012879
9,78300000;3,29027627
9,78400000;3,29042373
9,78500000;3,29057117
9,78600000;3,29071860
9,78700000;3,29086602
9,78800000;3,29101342
9,78900000;3,29116081
9,79000000;3,29130818
9,79100000;3,29145553
9,79200000;3,29160287
9,79300000;3,29175020
9,79400000;3,29189751
9,79500000;3,29204480
9,79600000;3,29219208
9,79700000;3,29233935
9,79800000;3,29248660
9,79900000;3,29263383
9,80000000;3,29278105
9,80100000;3,29292825
9,80200000;3,29307544
9,80300000;3,29322262
9,80400000;3,29336978
9,80500000;3,29351692
9,80600000;3,29366405
9,80700000;3,29381117
9,80800000;3,29395827
9,80900000;3,29410535
9,81000000;3,29425242
9,81100000;3,29439948
9,81200000;3,29454652
9,81300000;3,29469354
9,81400000;3,29484055
9,81500000;3,29498755
9,81600000;3,29513453
9,81700000;3,29528149
9,81800000;3,29542844
9,81900000;3,29557537
9,82000000;3,29572229
9,82100000;3,29586920
9,82200000;3,29601609
9,82300000;3,29616296
9,82400000;3,29630982
9,82500000;3,29645667
9,82600000;3,29660350
9,82700000;3,29675032
9,82800000;3,29689712
9,82900000;3,29704390
9,83000000;3,29719067
9,83100000;3,29733743
9,83200000;3,29748417
9,83300000;3,29763089
9,83400000;3,29777760
9,83500000;3,29792430
9,83600000;3,29807098
9,83700000;3,29821765
9,83800000;3,29836430
9,83900000;3,29851093
9,84000000;3,29865755
9,84100000;3,29880416
9,84200000;3,29895075
9,84300000;3,29909733
9,84400000;3,29924389
9,84500000;3,29939044
9,84600000;3,29953697
9,84700000;3,29968349
9,84800000;3,29982999
9,84900000;3,29997648
9,85000000;3,30012295
9,85100000;3,30026940
9,85200000;3,30041585
9,85300000;3,30056228
9,85400000;3,30070869
9,85500000;3,30085509
9,85600000;3,30100147
9,85700000;3,30114784
9,85800000;3,30129419
9,85900000;3,30144053
9,86000000;3,30158685
9,86100000;3,30173316
9,86200000;3,30187946
9,86300000;3,30202574
9,86400000;3,30217200
9,86500000;3,30231825
9,86600000;3,30246448
9,86700000;3,30261070
9,86800000;3,30275691
9,86900000;3,30290310
9,87000000;3,30304928
9,87100000;3,30319544
9,87200000;3,30334158
9,87300000;3,30348771
9,87400000;3,30363383
9,87500000;3,30377993
9,87600000;3,30392602
9,87700000;3,30407209
9,87800000;3,30421815
9,87900000;3,30436419
9,88000000;3,30451022
9,88100000;3,30465623
9,88200000;3,30480223
9,88300000;3,30494821
9,88400000;3,30509418
9,88500000;3,30524013
9,88600000;3,30538607
9,88700000;3,30553199
9,88800000;3,30567790
9,88900000;3,30582380
9,89000000;3,30596968
9,89100000;3,30611554
9,89200000;3,30626139
9,89300000;3,30640771
9,89400000;3,30655353
9,89500000;3,30669934
9,89600000;3,30684513
9,89700000;3,30699091
9,89800000;3,30713667
9,89900000;3,30728242
9,90000000;3,30742815
9,90100000;3,30757387
9,90200000;3,30771957
9,90300000;3,30786526
9,90400000;3,30801094
9,90500000;3,30815660
9,90600000;3,30830224
9,90700000;3,30844787
9,90800000;3,30859349
9,90900000;3,30873909
9,91000000;3,30888467
9,91100000;3,30903024
9,91200000;3,30917580
9,91300000;3,30932134
9,91400000;3,30946687
9,91500000;3,30961238
9,91600000;3,30975788
9,91700000;3,30990336
9,91800000;3,31004883
9,91900000;3,31019428
9,92000000;3,31033972
9,92100000;3,31048515
9,92200000;3,31063056
9,92300000;3,31077595
9,92400000;3,31092133
9,92500000;3,31106670
9,92600000;3,31121205
9,92700000;3,31135739
9,92800000;3,31150271
9,92900000;3,31164802
9,93000000;3,31179331
9,93100000;3,31193859
9,93200000;3,31208385
9,93300000;3,31222910
9,93400000;3,31237433
9,93500000;3,31251955
9,93600000;3,31266476
9,93700000;3,31280995
9,93800000;3,31295512
9,93900000;3,31310029
9,94000000;3,31324543
9,94100000;3,31339056
9,94200000;3,31353568
9,94300000;3,31368078
9,94400000;3,31382587
9,94500000;3,31397095
9,94600000;3,31411600
9,94700000;3,31426105
9,94800000;3,31440608
9,94900000;3,31455109
9,95000000;3,31469609
9,95100000;3,31484108
9,95200000;3,31498605
9,95300000;3,31513101
9,95400000;3,31527595
9,95500000;3,31542088
9,95600000;3,31556579
9,95700000;3,31571069
9,95800000;3,31585557
9,95900000;3,31600044
9,96000000;3,31614530
9,96100000;3,31629014
9,96200000;3,31643497
9,96300000;3,31657978
9,96400000;3,31672457
9,96500000;3,31686936
9,96600000;3,31701412
9,96700000;3,31715888
9,96800000;3,31730362
9,96900000;3,31744834
9,97000000;3,31759305
9,97100000;3,31773774
9,97200000;3,31788243
9,97300000;3,31802709
9,97400000;3,31817174
9,97500000;3,31831638
9,97600000;3,31846100
9,97700000;3,31860561
9,97800000;3,31875020
9,97900000;3,31889478
9,98000000;3,31903935
9,98100000;3,31918390
9,98200000;3,31932843
9,98300000;3,31947296
9,98400000;3,31961746
9,98500000;3,31976195
9,98600000;3,31990643
9,98700000;3,32005090
9,98800000;3,32019534
9,98900000;3,32033978
9,99000000;3,32048420
9,99100000;3,32062860
9,99200000;3,32077299
9,99300000;3,32091737
9,99400000;3,32106173
9,99500000;3,32120608
9,99600000;3,32135041
9,99700000;3,32149473
9,99800000;3,32163904
9,99900000;3,32178333
10,00000000;3,32192760
