X;Result
-10,00000000;-0,64836079
-9,99900000;-0,64694134
-9,99800000;-0,64552372
-9,99700000;-0,64410794
-9,99600000;-0,64269397
-9,99500000;-0,64128182
-9,99400000;-0,63987149
-9,99300000;-0,63846295
-9,99200000;-0,63705621
-9,99100000;-0,63565127
-9,99000000;-0,63424811
-9,98900000;-0,63284672
-9,98800000;-0,63144712
-9,98700000;-0,63004927
-9,98600000;-0,62865319
-9,98500000;-0,62725886
-9,98400000;-0,62586628
-9,98300000;-0,62447544
-9,98200000;-0,62308634
-9,98100000;-0,62169897
-9,98000000;-0,62031332
-9,97900000;-0,61892939
-9,97800000;-0,61754717
-9,97700000;-0,61616607
-9,97600000;-0,61478727
-9,97500000;-0,61341015
-9,97400000;-0,61203472
-9,97300000;-0,61066098
-9,97200000;-0,60928891
-9,97100000;-0,60791852
-9,97000000;-0,60654979
-9,96900000;-0,60518272
-9,96800000;-0,60381730
-9,96700000;-0,60245353
-9,96600000;-0,60109140
-9,96500000;-0,59973091
-9,96400000;-0,59837205
-9,96300000;-0,59701482
-9,96200000;-0,59565920
-9,96100000;-0,59430520
-9,96000000;-0,59295281
-9,95900000;-0,59160202
-9,95800000;-0,59025283
-9,95700000;-0,58890522
-9,95600000;-0,58755921
-9,95500000;-0,58621478
-9,95400000;-0,58487192
-9,95300000;-0,58353063
-9,95200000;-0,58219091
-9,95100000;-0,58085274
-9,95000000;-0,57951613
-9,94900000;-0,57818107
-9,94800000;-0,57684755
-9,94700000;-0,57551556
-9,94600000;-0,57418511
-9,94500000;-0,57285619
-9,94400000;-0,57152879
-9,94300000;-0,57020290
-9,94200000;-0,56887853
-9,94100000;-0,56755566
-9,94000000;-0,56623429
-9,93900000;-0,56491442
-9,93800000;-0,56359604
-9,93700000;-0,56227914
-9,93600000;-0,56096372
-9,93500000;-0,55964978
-9,93400000;-0,55833731
-9,93300000;-0,55702630
-9,93200000;-0,55571676
-9,93100000;-0,55440867
-9,93000000;-0,55310202
-9,92900000;-0,55179682
-9,92800000;-0,55049307
-9,92700000;-0,54919074
-9,92600000;-0,54788985
-9,92500000;-0,54659038
-9,92400000;-0,54529233
-9,92300000;-0,54399569
-9,92200000;-0,54270047
-9,92100000;-0,54140665
-9,92000000;-0,54011423
-9,91900000;-0,53882320
-9,91800000;-0,53753357
-9,91700000;-0,53624532
-9,91600000;-0,53495846
-9,91500000;-0,53367296
-9,91400000;-0,53238884
-9,91300000;-0,53110609
-9,91200000;-0,52982470
-9,91100000;-0,52854466
-9,91000000;-0,52726598
-9,90900000;-0,52598865
-9,90800000;-0,52471266
-9,90700000;-0,52343800
-9,90600000;-0,52216468
-9,90500000;-0,52089269
-9,90400000;-0,51962203
-9,90300000;-0,51835268
-9,90200000;-0,51708465
-9,90100000;-0,51581793
-9,90000000;-0,51455252
-9,89900000;-0,51328841
-9,89800000;-0,51202559
-9,89700000;-0,51076407
-9,89600000;-0,50950383
-9,89500000;-0,50824488
-9,89400000;-0,50698721
-9,89300000;-0,50573081
-9,89200000;-0,50447568
-9,89100000;-0,50322182
-9,89000000;-0,50196922
-9,88900000;-0,50071788
-9,88800000;-0,49946779
-9,88700000;-0,49821894
-9,88600000;-0,49697134
-9,88500000;-0,49572499
-9,88400000;-0,49447986
-9,88300000;-0,49323597
-9,88200000;-0,49199330
-9,88100000;-0,49075185
-9,88000000;-0,48951163
-9,87900000;-0,48827261
-9,87800000;-0,48703481
-9,87700000;-0,48579821
-9,87600000;-0,48456281
-9,87500000;-0,48332861
-9,87400000;-0,48209560
-9,87300000;-0,48086378
-9,87200000;-0,47963314
-9,87100000;-0,47840368
-9,87000000;-0,47717540
-9,86900000;-0,47594829
-9,86800000;-0,47472235
-9,86700000;-0,47349757
-9,86600000;-0,47227395
-9,86500000;-0,47105149
-9,86400000;-0,46983018
-9,86300000;-0,46861001
-9,86200000;-0,46739099
-9,86100000;-0,46617310
-9,86000000;-0,46495635
-9,85900000;-0,46374074
-9,85800000;-0,46252624
-9,85700000;-0,46131288
-9,85600000;-0,46010063
-9,85500000;-0,45888949
-9,85400000;-0,45767947
-9,85300000;-0,45647055
-9,85200000;-0,45526274
-9,85100000;-0,45405603
-9,85000000;-0,45285041
-9,84900000;-0,45164588
-9,84800000;-0,45044244
-9,84700000;-0,44924009
-9,84600000;-0,44803881
-9,84500000;-0,44683861
-9,84400000;-0,44563948
-9,84300000;-0,44444142
-9,84200000;-0,44324443
-9,84100000;-0,44204849
-9,84000000;-0,44085362
-9,83900000;-0,43965979
-9,83800000;-0,43846702
-9,83700000;-0,43727529
-9,83600000;-0,43608460
-9,83500000;-0,43489495
-9,83400000;-0,43370633
-9,83300000;-0,43251875
-9,83200000;-0,43133219
-9,83100000;-0,43014665
-9,83000000;-0,42896214
-9,82900000;-0,42777864
-9,82800000;-0,42659615
-9,82700000;-0,42541467
-9,82600000;-0,42423420
-9,82500000;-0,42305472
-9,82400000;-0,42187625
-9,82300000;-0,42069876
-9,82200000;-0,41952227
-9,82100000;-0,41834677
-9,82000000;-0,41717225
-9,81900000;-0,41599870
-9,81800000;-0,41482614
-9,81700000;-0,41365454
-9,81600000;-0,41248392
-9,81500000;-0,41131426
-9,81400000;-0,41014556
-9,81300000;-0,40897782
-9,81200000;-0,40781104
-9,81100000;-0,40664520
-9,81000000;-0,40548032
-9,80900000;-0,40431638
-9,80800000;-0,40315337
-9,80700000;-0,40199131
-9,80600000;-0,40083018
-9,80500000;-0,39966998
-9,80400000;-0,39851071
-9,80300000;-0,39735236
-9,80200000;-0,39619493
-9,80100000;-0,39503842
-9,80000000;-0,39388282
-9,79900000;-0,39272814
-9,79800000;-0,39157435
-9,79700000;-0,39042148
-9,79600000;-0,38926950
-9,79500000;-0,38811842
-9,79400000;-0,38696823
-9,79300000;-0,38581893
-9,79200000;-0,38467052
-9,79100000;-0,38352299
-9,79000000;-0,38237634
-9,78900000;-0,38123056
-9,78800000;-0,38008566
-9,78700000;-0,37894163
-9,78600000;-0,37779847
-9,78500000;-0,37665617
-9,78400000;-0,37551473
-9,78300000;-0,37437415
-9,78200000;-0,37323442
-9,78100000;-0,37209554
-9,78000000;-0,37095751
-9,77900000;-0,36982033
-9,77800000;-0,36868398
-9,77700000;-0,36754847
-9,77600000;-0,36641380
-9,77500000;-0,36527995
-9,77400000;-0,36414694
-9,77300000;-0,36301475
-9,77200000;-0,36188338
-9,77100000;-0,36075283
-9,77000000;-0,35962310
-9,76900000;-0,35849417
-9,76800000;-0,35736606
-9,76700000;-0,35623875
-9,76600000;-0,35511225
-9,76500000;-0,35398654
-9,76400000;-0,35286164
-9,76300000;-0,35173752
-9,76200000;-0,35061420
-9,76100000;-0,34949166
-9,76000000;-0,34836991
-9,75900000;-0,34724894
-9,75800000;-0,34612875
-9,75700000;-0,34500933
-9,75600000;-0,34389069
-9,75500000;-0,34277281
-9,75400000;-0,34165570
-9,75300000;-0,34053935
-9,75200000;-0,33942377
-9,75100000;-0,33830894
-9,75000000;-0,33719486
-9,74900000;-0,33608154
-9,74800000;-0,33496896
-9,74700000;-0,33385713
-9,74600000;-0,33274604
-9,74500000;-0,33163569
-9,74400000;-0,33052608
-9,74300000;-0,32941720
-9,74200000;-0,32830905
-9,74100000;-0,32720162
-9,74000000;-0,32609492
-9,73900000;-0,32498895
-9,73800000;-0,32388369
-9,73700000;-0,32277915
-9,73600000;-0,32167532
-9,73500000;-0,32057220
-9,73400000;-0,31946979
-9,73300000;-0,31836808
-9,73200000;-0,31726707
-9,73100000;-0,31616676
-9,73000000;-0,31506731
-9,72900000;-0,31396839
-9,72800000;-0,31287016
-9,72700000;-0,31177261
-9,72600000;-0,31067575
-9,72500000;-0,30957957
-9,72400000;-0,30848407
-9,72300000;-0,30738925
-9,72200000;-0,30629509
-9,72100000;-0,30520161
-9,72000000;-0,30410879
-9,71900000;-0,30301664
-9,71800000;-0,30192515
-9,71700000;-0,30083432
-9,71600000;-0,29974415
-9,71500000;-0,29865463
-9,71400000;-0,29756576
-9,71300000;-0,29647754
-9,71200000;-0,29538996
-9,71100000;-0,29430302
-9,71000000;-0,29321673
-9,70900000;-0,29213107
-9,70800000;-0,29104605
-9,70700000;-0,28996165
-9,70600000;-0,28887789
-9,70500000;-0,28779475
-9,70400000;-0,28671224
-9,70300000;-0,28563034
-9,70200000;-0,28454906
-9,70100000;-0,28346840
-9,70000000;-0,28238835
-9,69900000;-0,28130891
-9,69800000;-0,28023008
-9,69700000;-0,27915186
-9,69600000;-0,27807423
-9,69500000;-0,27699720
-9,69400000;-0,27592077
-9,69300000;-0,27484494
-9,69200000;-0,27376969
-9,69100000;-0,27269504
-9,69000000;-0,27162097
-9,68900000;-0,27054748
-9,68800000;-0,26947457
-9,68700000;-0,26840224
-9,68600000;-0,26733049
-9,68500000;-0,26625931
-9,68400000;-0,26518870
-9,68300000;-0,26411866
-9,68200000;-0,26304918
-9,68100000;-0,26198027
-9,68000000;-0,26091191
-9,67900000;-0,25984412
-9,67800000;-0,25877687
-9,67700000;-0,25771018
-9,67600000;-0,25664404
-9,67500000;-0,25557845
-9,67400000;-0,25451340
-9,67300000;-0,25344889
-9,67200000;-0,25238493
-9,67100000;-0,25132150
-9,67000000;-0,25025860
-9,66900000;-0,24919624
-9,66800000;-0,24813440
-9,66700000;-0,24707309
-9,66600000;-0,24601231
-9,66500000;-0,24495205
-9,66400000;-0,24389231
-9,66300000;-0,24283308
-9,66200000;-0,24177437
-9,66100000;-0,24071617
-9,66000000;-0,23965848
-9,65900000;-0,23860130
-9,65800000;-0,23754462
-9,65700000;-0,23648844
-9,65600000;-0,23543276
-9,65500000;-0,23437758
-9,65400000;-0,23332289
-9,65300000;-0,23226870
-9,65200000;-0,23121500
-9,65100000;-0,23016178
-9,65000000;-0,22910905
-9,64900000;-0,22805679
-9,64800000;-0,22700502
-9,64700000;-0,22595373
-9,64600000;-0,22490291
-9,64500000;-0,22385257
-9,64400000;-0,22280269
-9,64300000;-0,22175328
-9,64200000;-0,22070434
-9,64100000;-0,21965586
-9,64000000;-0,21860784
-9,63900000;-0,21756028
-9,63800000;-0,21651318
-9,63700000;-0,21546652
-9,63600000;-0,21442032
-9,63500000;-0,21337457
-9,63400000;-0,21232926
-9,63300000;-0,21128440
-9,63200000;-0,21023998
-9,63100000;-0,20919600
-9,63000000;-0,20815245
-9,62900000;-0,20710934
-9,62800000;-0,20606666
-9,62700000;-0,20502442
-9,62600000;-0,20398259
-9,62500000;-0,20294120
-9,62400000;-0,20190022
-9,62300000;-0,20085967
-9,62200000;-0,19981953
-9,62100000;-0,19877981
-9,62000000;-0,19774050
-9,61900000;-0,19670161
-9,61800000;-0,19566312
-9,61700000;-0,19462504
-9,61600000;-0,19358736
-9,61500000;-0,19255008
-9,61400000;-0,19151321
-9,61300000;-0,19047673
-9,61200000;-0,18944064
-9,61100000;-0,18840495
-9,61000000;-0,18736965
-9,60900000;-0,18633474
-9,60800000;-0,18530021
-9,60700000;-0,18426606
-9,60600000;-0,18323230
-9,60500000;-0,18219891
-9,60400000;-0,18116591
-9,60300000;-0,18013327
-9,60200000;-0,17910101
-9,60100000;-0,17806912
-9,60000000;-0,17703759
-9,59900000;-0,17600643
-9,59800000;-0,17497563
-9,59700000;-0,17394520
-9,59600000;-0,17291512
-9,59500000;-0,17188540
-9,59400000;-0,17085603
-9,59300000;-0,16982701
-9,59200000;-0,16879834
-9,59100000;-0,16777002
-9,59000000;-0,16674205
-9,58900000;-0,16571442
-9,58800000;-0,16468713
-9,58700000;-0,16366017
-9,58600000;-0,16263356
-9,58500000;-0,16160727
-9,58400000;-0,16058132
-9,58300000;-0,15955570
-9,58200000;-0,15853040
-9,58100000;-0,15750543
-9,58000000;-0,15648079
-9,57900000;-0,15545646
-9,57800000;-0,15443245
-9,57700000;-0,15340876
-9,57600000;-0,15238538
-9,57500000;-0,15136232
-9,57400000;-0,15033956
-9,57300000;-0,14931711
-9,57200000;-0,14829497
-9,57100000;-0,14727313
-9,57000000;-0,14625159
-9,56900000;-0,14523035
-9,56800000;-0,14420940
-9,56700000;-0,14318876
-9,56600000;-0,14216840
-9,56500000;-0,14114833
-9,56400000;-0,14012855
-9,56300000;-0,13910906
-9,56200000;-0,13808985
-9,56100000;-0,13707092
-9,56000000;-0,13605227
-9,55900000;-0,13503390
-9,55800000;-0,13401580
-9,55700000;-0,13299798
-9,55600000;-0,13198042
-9,55500000;-0,13096314
-9,55400000;-0,12994612
-9,55300000;-0,12892937
-9,55200000;-0,12791287
-9,55100000;-0,12689664
-9,55000000;-0,12588067
-9,54900000;-0,12486495
-9,54800000;-0,12384948
-9,54700000;-0,12283427
-9,54600000;-0,12181931
-9,54500000;-0,12080459
-9,54400000;-0,11979012
-9,54300000;-0,11877589
-9,54200000;-0,11776190
-9,54100000;-0,11674815
-9,54000000;-0,11573464
-9,53900000;-0,11472136
-9,53800000;-0,11370832
-9,53700000;-0,11269550
-9,53600000;-0,11168292
-9,53500000;-0,11067056
-9,53400000;-0,10965842
-9,53300000;-0,10864651
-9,53200000;-0,10763481
-9,53100000;-0,10662333
-9,53000000;-0,10561207
-9,52900000;-0,10460103
-9,52800000;-0,10359019
-9,52700000;-0,10257956
-9,52600000;-0,10156914
-9,52500000;-0,10055893
-9,52400000;-0,09954892
-9,52300000;-0,09853911
-9,52200000;-0,09752950
-9,52100000;-0,09652008
-9,52000000;-0,09551086
-9,51900000;-0,09450184
-9,51800000;-0,09349300
-9,51700000;-0,09248436
-9,51600000;-0,09147590
-9,51500000;-0,09046762
-9,51400000;-0,08945953
-9,51300000;-0,08845161
-9,51200000;-0,08744388
-9,51100000;-0,08643632
-9,51000000;-0,08542893
-9,50900000;-0,08442172
-9,50800000;-0,08341468
-9,50700000;-0,08240781
-9,50600000;-0,08140110
-9,50500000;-0,08039455
-9,50400000;-0,07938817
-9,50300000;-0,07838195
-9,50200000;-0,07737588
-9,50100000;-0,07636997
-9,50000000;-0,07536422
-9,49900000;-0,07435861
-9,49800000;-0,07335316
-9,49700000;-0,07234785
-9,49600000;-0,07134269
-9,49500000;-0,07033767
-9,49400000;-0,06933279
-9,49300000;-0,06832805
-9,49200000;-0,06732345
-9,49100000;-0,06631899
-9,49000000;-0,06531466
-9,48900000;-0,06431046
-9,48800000;-0,06330638
-9,48700000;-0,06230244
-9,48600000;-0,06129862
-9,48500000;-0,06029492
-9,48400000;-0,05929135
-9,48300000;-0,05828789
-9,48200000;-0,05728455
-9,48100000;-0,05628133
-9,48000000;-0,05527822
-9,47900000;-0,05427522
-9,47800000;-0,05327233
-9,47700000;-0,05226954
-9,47600000;-0,05126686
-9,47500000;-0,05026428
-9,47400000;-0,04926181
-9,47300000;-0,04825943
-9,47200000;-0,04725715
-9,47100000;-0,04625496
-9,47000000;-0,04525287
-9,46900000;-0,04425087
-9,46800000;-0,04324895
-9,46700000;-0,04224712
-9,46600000;-0,04124538
-9,46500000;-0,04024372
-9,46400000;-0,03924214
-9,46300000;-0,03824064
-9,46200000;-0,03723922
-9,46100000;-0,03623787
-9,46000000;-0,03523659
-9,45900000;-0,03423538
-9,45800000;-0,03323424
-9,45700000;-0,03223317
-9,45600000;-0,03123217
-9,45500000;-0,03023122
-9,45400000;-0,02923034
-9,45300000;-0,02822951
-9,45200000;-0,02722874
-9,45100000;-0,02622803
-9,45000000;-0,02522737
-9,44900000;-0,02422675
-9,44800000;-0,02322619
-9,44700000;-0,02222568
-9,44600000;-0,02122520
-9,44500000;-0,02022477
-9,44400000;-0,01922438
-9,44300000;-0,01822403
-9,44200000;-0,01722372
-9,44100000;-0,01622344
-9,44000000;-0,01522319
-9,43900000;-0,01422298
-9,43800000;-0,01322279
-9,43700000;-0,01222263
-9,43600000;-0,01122249
-9,43500000;-0,01022237
-9,43400000;-0,00922228
-9,43300000;-0,00822220
-9,43200000;-0,00722214
-9,43100000;-0,00622210
-9,43000000;-0,00522206
-9,42900000;-0,00422204
-9,42800000;-0,00322203
-9,42700000;-0,00222202
-9,42600000;-0,00122202
-9,42500000;-0,00022202
-9,42400000;0,00077798
-9,42300000;0,00177799
-9,42200000;0,00277799
-9,42100000;0,00377800
-9,42000000;0,00477802
-9,41900000;0,00577805
-9,41800000;0,00677809
-9,41700000;0,00777814
-9,41600000;0,00877821
-9,41500000;0,00977829
-9,41400000;0,01077840
-9,41300000;0,01177853
-9,41200000;0,01277868
-9,41100000;0,01377885
-9,41000000;0,01477906
-9,40900000;0,01577929
-9,40800000;0,01677956
-9,40700000;0,01777986
-9,40600000;0,01878019
-9,40500000;0,01978056
-9,40400000;0,02078097
-9,40300000;0,02178143
-9,40200000;0,02278192
-9,40100000;0,02378246
-9,40000000;0,02478305
-9,39900000;0,02578369
-9,39800000;0,02678438
-9,39700000;0,02778513
-9,39600000;0,02878593
-9,39500000;0,02978679
-9,39400000;0,03078770
-9,39300000;0,03178868
-9,39200000;0,03278973
-9,39100000;0,03379083
-9,39000000;0,03479201
-9,38900000;0,03579326
-9,38800000;0,03679457
-9,38700000;0,03779596
-9,38600000;0,03879743
-9,38500000;0,03979898
-9,38400000;0,04080060
-9,38300000;0,04180231
-9,38200000;0,04280410
-9,38100000;0,04380597
-9,38000000;0,04480793
-9,37900000;0,04580999
-9,37800000;0,04681213
-9,37700000;0,04781437
-9,37600000;0,04881670
-9,37500000;0,04981914
-9,37400000;0,05082167
-9,37300000;0,05182430
-9,37200000;0,05282704
-9,37100000;0,05382988
-9,37000000;0,05483284
-9,36900000;0,05583590
-9,36800000;0,05683907
-9,36700000;0,05784236
-9,36600000;0,05884576
-9,36500000;0,05984929
-9,36400000;0,06085293
-9,36300000;0,06185669
-9,36200000;0,06286058
-9,36100000;0,06386460
-9,36000000;0,06486874
-9,35900000;0,06587301
-9,35800000;0,06687742
-9,35700000;0,06788196
-9,35600000;0,06888664
-9,35500000;0,06989145
-9,35400000;0,07089641
-9,35300000;0,07190150
-9,35200000;0,07290675
-9,35100000;0,07391214
-9,35000000;0,07491767
-9,34900000;0,07592336
-9,34800000;0,07692920
-9,34700000;0,07793520
-9,34600000;0,07894135
-9,34500000;0,07994766
-9,34400000;0,08095413
-9,34300000;0,08196077
-9,34200000;0,08296757
-9,34100000;0,08397454
-9,34000000;0,08498117
-9,33900000;0,08598848
-9,33800000;0,08699597
-9,33700000;0,08800363
-9,33600000;0,08901146
-9,33500000;0,09001948
-9,33400000;0,09102768
-9,33300000;0,09203606
-9,33200000;0,09304462
-9,33100000;0,09405338
-9,33000000;0,09506232
-9,32900000;0,09607146
-9,32800000;0,09708079
-9,32700000;0,09809031
-9,32600000;0,09910004
-9,32500000;0,10010996
-9,32400000;0,10112009
-9,32300000;0,10213042
-9,32200000;0,10314095
-9,32100000;0,10415170
-9,32000000;0,10516265
-9,31900000;0,10617382
-9,31800000;0,10718521
-9,31700000;0,10819681
-9,31600000;0,10920862
-9,31500000;0,11022066
-9,31400000;0,11123293
-9,31300000;0,11224542
-9,31200000;0,11325813
-9,31100000;0,11427108
-9,31000000;0,11528425
-9,30900000;0,11629766
-9,30800000;0,11731131
-9,30700000;0,11832519
-9,30600000;0,11933931
-9,30500000;0,12035368
-9,30400000;0,12136829
-9,30300000;0,12238315
-9,30200000;0,12339825
-9,30100000;0,12441361
-9,30000000;0,12542921
-9,29900000;0,12644508
-9,29800000;0,12746120
-9,29700000;0,12847757
-9,29600000;0,12949421
-9,29500000;0,13051112
-9,29400000;0,13152829
-9,29300000;0,13254572
-9,29200000;0,13356343
-9,29100000;0,13458140
-9,29000000;0,13559966
-9,28900000;0,13661818
-9,28800000;0,13763699
-9,28700000;0,13865608
-9,28600000;0,13967545
-9,28500000;0,14069510
-9,28400000;0,14171504
-9,28300000;0,14273527
-9,28200000;0,14375579
-9,28100000;0,14477661
-9,28000000;0,14579772
-9,27900000;0,14681913
-9,27800000;0,14784084
-9,27700000;0,14886285
-9,27600000;0,14988516
-9,27500000;0,15090778
-9,27400000;0,15193071
-9,27300000;0,15295395
-9,27200000;0,15397751
-9,27100000;0,15500137
-9,27000000;0,15602556
-9,26900000;0,15705007
-9,26800000;0,15807490
-9,26700000;0,15910005
-9,26600000;0,16012553
-9,26500000;0,16115133
-9,26400000;0,16217747
-9,26300000;0,16320394
-9,26200000;0,16423075
-9,26100000;0,16525789
-9,26000000;0,16628537
-9,25900000;0,16731319
-9,25800000;0,16834136
-9,25700000;0,16936988
-9,25600000;0,17039874
-9,25500000;0,17142795
-9,25400000;0,17245752
-9,25300000;0,17348744
-9,25200000;0,17451772
-9,25100000;0,17554836
-9,25000000;0,17657936
-9,24900000;0,17761072
-9,24800000;0,17864245
-9,24700000;0,17967455
-9,24600000;0,18070702
-9,24500000;0,18173987
-9,24400000;0,18277309
-9,24300000;0,18380668
-9,24200000;0,18484066
-9,24100000;0,18587502
-9,24000000;0,18690976
-9,23900000;0,18794489
-9,23800000;0,18898041
-9,23700000;0,19001632
-9,23600000;0,19105263
-9,23500000;0,19208933
-9,23400000;0,19312643
-9,23300000;0,19416393
-9,23200000;0,19520183
-9,23100000;0,19624014
-9,23000000;0,19727886
-9,22900000;0,19831798
-9,22800000;0,19935752
-9,22700000;0,20039747
-9,22600000;0,20143784
-9,22500000;0,20247863
-9,22400000;0,20351984
-9,22300000;0,20456148
-9,22200000;0,20560354
-9,22100000;0,20664603
-9,22000000;0,20768895
-9,21900000;0,20873230
-9,21800000;0,20977609
-9,21700000;0,21082032
-9,21600000;0,21186498
-9,21500000;0,21291009
-9,21400000;0,21395565
-9,21300000;0,21500165
-9,21200000;0,21604810
-9,21100000;0,21709501
-9,21000000;0,21814237
-9,20900000;0,21919018
-9,20800000;0,22023846
-9,20700000;0,22128720
-9,20600000;0,22233640
-9,20500000;0,22338607
-9,20400000;0,22443621
-9,20300000;0,22548681
-9,20200000;0,22653790
-9,20100000;0,22758946
-9,20000000;0,22864149
-9,19900000;0,22969401
-9,19800000;0,23074702
-9,19700000;0,23180051
-9,19600000;0,23285448
-9,19500000;0,23390895
-9,19400000;0,23496391
-9,19300000;0,23601937
-9,19200000;0,23707533
-9,19100000;0,23813178
-9,19000000;0,23918874
-9,18900000;0,24024621
-9,18800000;0,24130418
-9,18700000;0,24236267
-9,18600000;0,24342167
-9,18500000;0,24448118
-9,18400000;0,24554121
-9,18300000;0,24660176
-9,18200000;0,24766284
-9,18100000;0,24872444
-9,18000000;0,24978657
-9,17900000;0,25084923
-9,17800000;0,25191243
-9,17700000;0,25297615
-9,17600000;0,25404042
-9,17500000;0,25510523
-9,17400000;0,25617058
-9,17300000;0,25723648
-9,17200000;0,25830293
-9,17100000;0,25936993
-9,17000000;0,26043748
-9,16900000;0,26150558
-9,16800000;0,26257425
-9,16700000;0,26364348
-9,16600000;0,26471327
-9,16500000;0,26578363
-9,16400000;0,26685455
-9,16300000;0,26792605
-9,16200000;0,26899813
-9,16100000;0,27007078
-9,16000000;0,27114401
-9,15900000;0,27221782
-9,15800000;0,27329221
-9,15700000;0,27436720
-9,15600000;0,27544277
-9,15500000;0,27651894
-9,15400000;0,27759570
-9,15300000;0,27867306
-9,15200000;0,27975102
-9,15100000;0,28082958
-9,15000000;0,28190875
-9,14900000;0,28298853
-9,14800000;0,28406892
-9,14700000;0,28514992
-9,14600000;0,28623155
-9,14500000;0,28731378
-9,14400000;0,28839665
-9,14300000;0,28948013
-9,14200000;0,29056425
-9,14100000;0,29164899
-9,14000000;0,29273437
-9,13900000;0,29382038
-9,13800000;0,29490703
-9,13700000;0,29599432
-9,13600000;0,29708226
-9,13500000;0,29817084
-9,13400000;0,29926007
-9,13300000;0,30034996
-9,13200000;0,30144050
-9,13100000;0,30253169
-9,13000000;0,30362355
-9,12900000;0,30471607
-9,12800000;0,30580926
-9,12700000;0,30690311
-9,12600000;0,30799764
-9,12500000;0,30909284
-9,12400000;0,31018872
-9,12300000;0,31128528
-9,12200000;0,31238252
-9,12100000;0,31348045
-9,12000000;0,31457906
-9,11900000;0,31567837
-9,11800000;0,31677837
-9,11700000;0,31787907
-9,11600000;0,31898047
-9,11500000;0,32008257
-9,11400000;0,32118538
-9,11300000;0,32228889
-9,11200000;0,32339312
-9,11100000;0,32449806
-9,11000000;0,32560372
-9,10900000;0,32671010
-9,10800000;0,32781720
-9,10700000;0,32892503
-9,10600000;0,33003359
-9,10500000;0,33114288
-9,10400000;0,33225290
-9,10300000;0,33336366
-9,10200000;0,33447517
-9,10100000;0,33558741
-9,10000000;0,33670041
-9,09900000;0,33781415
-9,09800000;0,33892865
-9,09700000;0,34004390
-9,09600000;0,34115991
-9,09500000;0,34227668
-9,09400000;0,34339422
-9,09300000;0,34451252
-9,09200000;0,34563160
-9,09100000;0,34675145
-9,09000000;0,34787207
-9,08900000;0,34899348
-9,08800000;0,35011567
-9,08700000;0,35123864
-9,08600000;0,35236241
-9,08500000;0,35348696
-9,08400000;0,35461232
-9,08300000;0,35573847
-9,08200000;0,35686542
-9,08100000;0,35799318
-9,08000000;0,35912174
-9,07900000;0,36025111
-9,07800000;0,36138130
-9,07700000;0,36251231
-9,07600000;0,36364414
-9,07500000;0,36477679
-9,07400000;0,36591026
-9,07300000;0,36704457
-9,07200000;0,36817971
-9,07100000;0,36931568
-9,07000000;0,37045250
-9,06900000;0,37159016
-9,06800000;0,37272866
-9,06700000;0,37386801
-9,06600000;0,37500822
-9,06500000;0,37614928
-9,06400000;0,37729120
-9,06300000;0,37843398
-9,06200000;0,37957762
-9,06100000;0,38072194
-9,06000000;0,38186732
-9,05900000;0,38301358
-9,05800000;0,38416072
-9,05700000;0,38530875
-9,05600000;0,38645765
-9,05500000;0,38760745
-9,05400000;0,38875814
-9,05300000;0,38990972
-9,05200000;0,39106220
-9,05100000;0,39221558
-9,05000000;0,39336987
-9,04900000;0,39452506
-9,04800000;0,39568117
-9,04700000;0,39683819
-9,04600000;0,39799613
-9,04500000;0,39915500
-9,04400000;0,40031479
-9,04300000;0,40147551
-9,04200000;0,40263716
-9,04100000;0,40379974
-9,04000000;0,40496327
-9,03900000;0,40612774
-9,03800000;0,40729315
-9,03700000;0,40845951
-9,03600000;0,40962683
-9,03500000;0,41079511
-9,03400000;0,41196434
-9,03300000;0,41313454
-9,03200000;0,41430570
-9,03100000;0,41547784
-9,03000000;0,41665095
-9,02900000;0,41782504
-9,02800000;0,41900011
-9,02700000;0,42017616
-9,02600000;0,42135321
-9,02500000;0,42253125
-9,02400000;0,42371028
-9,02300000;0,42489031
-9,02200000;0,42607134
-9,02100000;0,42725339
-9,02000000;0,42843644
-9,01900000;0,42962050
-9,01800000;0,43080559
-9,01700000;0,43199169
-9,01600000;0,43317883
-9,01500000;0,43436699
-9,01400000;0,43555618
-9,01300000;0,43674641
-9,01200000;0,43793768
-9,01100000;0,43912999
-9,01000000;0,44032335
-9,00900000;0,44151776
-9,00800000;0,44271323
-9,00700000;0,44390976
-9,00600000;0,44510734
-9,00500000;0,44630600
-9,00400000;0,44750573
-9,00300000;0,44870653
-9,00200000;0,44990840
-9,00100000;0,45111136
-9,00000000;0,45231541
-8,99900000;0,45352055
-8,99800000;0,45472677
-8,99700000;0,45593410
-8,99600000;0,45714253
-8,99500000;0,45835206
-8,99400000;0,45956271
-8,99300000;0,46077446
-8,99200000;0,46198734
-8,99100000;0,46320133
-8,99000000;0,46441645
-8,98900000;0,46563270
-8,98800000;0,46685008
-8,98700000;0,46806860
-8,98600000;0,46928826
-8,98500000;0,47050907
-8,98400000;0,47173102
-8,98300000;0,47295413
-8,98200000;0,47417840
-8,98100000;0,47540382
-8,98000000;0,47663042
-8,97900000;0,47785818
-8,97800000;0,47908712
-8,97700000;0,48031723
-8,97600000;0,48154853
-8,97500000;0,48278101
-8,97400000;0,48401469
-8,97300000;0,48524956
-8,97200000;0,48648562
-8,97100000;0,48772290
-8,97000000;0,48896138
-8,96900000;0,49020107
-8,96800000;0,49144197
-8,96700000;0,49268410
-8,96600000;0,49392745
-8,96500000;0,49517203
-8,96400000;0,49641784
-8,96300000;0,49766490
-8,96200000;0,49891319
-8,96100000;0,50016273
-8,96000000;0,50141352
-8,95900000;0,50266556
-8,95800000;0,50391887
-8,95700000;0,50517343
-8,95600000;0,50642927
-8,95500000;0,50768638
-8,95400000;0,50894476
-8,95300000;0,51020443
-8,95200000;0,51146538
-8,95100000;0,51272763
-8,95000000;0,51399117
-8,94900000;0,51525600
-8,94800000;0,51652215
-8,94700000;0,51778960
-8,94600000;0,51905836
-8,94500000;0,52032844
-8,94400000;0,52159985
-8,94300000;0,52287258
-8,94200000;0,52414664
-8,94100000;0,52542204
-8,94000000;0,52669878
-8,93900000;0,52797687
-8,93800000;0,52925631
-8,93700000;0,53053710
-8,93600000;0,53181925
-8,93500000;0,53310276
-8,93400000;0,53438765
-8,93300000;0,53567391
-8,93200000;0,53696155
-8,93100000;0,53825057
-8,93000000;0,53954098
-8,92900000;0,54083278
-8,92800000;0,54212598
-8,92700000;0,54342058
-8,92600000;0,54471659
-8,92500000;0,54601402
-8,92400000;0,54731286
-8,92300000;0,54861312
-8,92200000;0,54991482
-8,92100000;0,55121794
-8,92000000;0,55252250
-8,91900000;0,55382851
-8,91800000;0,55513596
-8,91700000;0,55644486
-8,91600000;0,55775522
-8,91500000;0,55906705
-8,91400000;0,56038034
-8,91300000;0,56169510
-8,91200000;0,56301134
-8,91100000;0,56432907
-8,91000000;0,56564828
-8,90900000;0,56696899
-8,90800000;0,56829119
-8,90700000;0,56961490
-8,90600000;0,57094012
-8,90500000;0,57226685
-8,90400000;0,57359510
-8,90300000;0,57492488
-8,90200000;0,57625618
-8,90100000;0,57758902
-8,90000000;0,57892340
-8,89900000;0,58025933
-8,89800000;0,58159681
-8,89700000;0,58293584
-8,89600000;0,58427644
-8,89500000;0,58561860
-8,89400000;0,58696234
-8,89300000;0,58830766
-8,89200000;0,58965456
-8,89100000;0,59100304
-8,89000000;0,59235313
-8,88900000;0,59370481
-8,88800000;0,59505810
-8,88700000;0,59641300
-8,88600000;0,59776952
-8,88500000;0,59912766
-8,88400000;0,60048743
-8,88300000;0,60184884
-8,88200000;0,60321188
-8,88100000;0,60457657
-8,88000000;0,60594291
-8,87900000;0,60731091
-8,87800000;0,60868057
-8,87700000;0,61005189
-8,87600000;0,61142490
-8,87500000;0,61279958
-8,87400000;0,61417595
-8,87300000;0,61555401
-8,87200000;0,61693376
-8,87100000;0,61831522
-8,87000000;0,61969839
-8,86900000;0,62108328
-8,86800000;0,62246989
-8,86700000;0,62385822
-8,86600000;0,62524829
-8,86500000;0,62664009
-8,86400000;0,62803365
-8,86300000;0,62942895
-8,86200000;0,63082601
-8,86100000;0,63222484
-8,86000000;0,63362543
-8,85900000;0,63502780
-8,85800000;0,63643196
-8,85700000;0,63783790
-8,85600000;0,63924563
-8,85500000;0,64065517
-8,85400000;0,64206652
-8,85300000;0,64347967
-8,85200000;0,64489465
-8,85100000;0,64631146
-8,85000000;0,64773009
-8,84900000;0,64915057
-8,84800000;0,65057289
-8,84700000;0,65199706
-8,84600000;0,65342309
-8,84500000;0,65485099
-8,84400000;0,65628076
-8,84300000;0,65771240
-8,84200000;0,65914593
-8,84100000;0,66058135
-8,84000000;0,66201867
-8,83900000;0,66345789
-8,83800000;0,66489903
-8,83700000;0,66634208
-8,83600000;0,66778705
-8,83500000;0,66923396
-8,83400000;0,67068280
-8,83300000;0,67213359
-8,83200000;0,67358633
-8,83100000;0,67504103
-8,83000000;0,67649770
-8,82900000;0,67795634
-8,82800000;0,67941695
-8,82700000;0,68087955
-8,82600000;0,68234415
-8,82500000;0,68381075
-8,82400000;0,68527935
-8,82300000;0,68674996
-8,82200000;0,68822260
-8,82100000;0,68969727
-8,82000000;0,69117397
-8,81900000;0,69265272
-8,81800000;0,69413351
-8,81700000;0,69561636
-8,81600000;0,69710128
-8,81500000;0,69858827
-8,81400000;0,70007733
-8,81300000;0,70156849
-8,81200000;0,70306173
-8,81100000;0,70455708
-8,81000000;0,70605454
-8,80900000;0,70755411
-8,80800000;0,70905581
-8,80700000;0,71055964
-8,80600000;0,71206560
-8,80500000;0,71357371
-8,80400000;0,71508398
-8,80300000;0,71659641
-8,80200000;0,71811100
-8,80100000;0,71962778
-8,80000000;0,72114674
-8,79900000;0,72266789
-8,79800000;0,72419124
-8,79700000;0,72571680
-8,79600000;0,72724457
-8,79500000;0,72877457
-8,79400000;0,73030680
-8,79300000;0,73184127
-8,79200000;0,73337799
-8,79100000;0,73491696
-8,79000000;0,73645820
-8,78900000;0,73800171
-8,78800000;0,73954749
-8,78700000;0,74109557
-8,78600000;0,74264594
-8,78500000;0,74419862
-8,78400000;0,74575361
-8,78300000;0,74731092
-8,78200000;0,74887056
-8,78100000;0,75043254
-8,78000000;0,75199686
-8,77900000;0,75356354
-8,77800000;0,75513258
-8,77700000;0,75670400
-8,77600000;0,75827779
-8,77500000;0,75985397
-8,77400000;0,76143255
-8,77300000;0,76301353
-8,77200000;0,76459693
-8,77100000;0,76618275
-8,77000000;0,76777101
-8,76900000;0,76936170
-8,76800000;0,77095485
-8,76700000;0,77255045
-8,76600000;0,77414852
-8,76500000;0,77574907
-8,76400000;0,77735210
-8,76300000;0,77895762
-8,76200000;0,78056565
-8,76100000;0,78217619
-8,76000000;0,78378926
-8,75900000;0,78540485
-8,75800000;0,78702298
-8,75700000;0,78864366
-8,75600000;0,79026690
-8,75500000;0,79189271
-8,75400000;0,79352109
-8,75300000;0,79515207
-8,75200000;0,79678563
-8,75100000;0,79842180
-8,75000000;0,80006059
-8,74900000;0,80170200
-8,74800000;0,80334605
-8,74700000;0,80499274
-8,74600000;0,80664208
-8,74500000;0,80829408
-8,74400000;0,80994876
-8,74300000;0,81160612
-8,74200000;0,81326618
-8,74100000;0,81492893
-8,74000000;0,81659440
-8,73900000;0,81826259
-8,73800000;0,81993351
-8,73700000;0,82160717
-8,73600000;0,82328359
-8,73500000;0,82496277
-8,73400000;0,82664472
-8,73300000;0,82832946
-8,73200000;0,83001699
-8,73100000;0,83170732
-8,73000000;0,83340047
-8,72900000;0,83509644
-8,72800000;0,83679524
-8,72700000;0,83849689
-8,72600000;0,84020140
-8,72500000;0,84190877
-8,72400000;0,84361968
-8,72300000;0,84533281
-8,72200000;0,84704885
-8,72100000;0,84876779
-8,72000000;0,85048966
-8,71900000;0,85221445
-8,71800000;0,85394219
-8,71700000;0,85567288
-8,71600000;0,85740654
-8,71500000;0,85914317
-8,71400000;0,86088279
-8,71300000;0,86262540
-8,71200000;0,86437103
-8,71100000;0,86611968
-8,71000000;0,86787135
-8,70900000;0,86962607
-8,70800000;0,87138385
-8,70700000;0,87314469
-8,70600000;0,87490861
-8,70500000;0,87667562
-8,70400000;0,87844572
-8,70300000;0,88021895
-8,70200000;0,88199529
-8,70100000;0,88377477
-8,70000000;0,88555740
-8,69900000;0,88734320
-8,69800000;0,88913216
-8,69700000;0,89092430
-8,69600000;0,89271965
-8,69500000;0,89451820
-8,69400000;0,89631997
-8,69300000;0,89812497
-8,69200000;0,89993322
-8,69100000;0,90174473
-8,69000000;0,90355951
-8,68900000;0,90537757
-8,68800000;0,90719892
-8,68700000;0,90902358
-8,68600000;0,91085157
-8,68500000;0,91268288
-8,68400000;0,91451755
-8,68300000;0,91635557
-8,68200000;0,91819696
-8,68100000;0,92004174
-8,68000000;0,92188991
-8,67900000;0,92374149
-8,67800000;0,92559650
-8,67700000;0,92745495
-8,67600000;0,92931685
-8,67500000;0,93118221
-8,67400000;0,93305105
-8,67300000;0,93492338
-8,67200000;0,93679921
-8,67100000;0,93867856
-8,67000000;0,94056144
-8,66900000;0,94244787
-8,66800000;0,94433786
-8,66700000;0,94623142
-8,66600000;0,94812856
-8,66500000;0,95002931
-8,66400000;0,95193367
-8,66300000;0,95384166
-8,66200000;0,95575330
-8,66100000;0,95766859
-8,66000000;0,95958756
-8,65900000;0,96151021
-8,65800000;0,96343656
-8,65700000;0,96536663
-8,65600000;0,96730042
-8,65500000;0,96923797
-8,65400000;0,97117927
-8,65300000;0,97312434
-8,65200000;0,97507321
-8,65100000;0,97702588
-8,65000000;0,97898237
-8,64900000;0,98094269
-8,64800000;0,98290686
-8,64700000;0,98487490
-8,64600000;0,98684682
-8,64500000;0,98882263
-8,64400000;0,99080236
-8,64300000;0,99278601
-8,64200000;0,99477361
-8,64100000;0,99676516
-8,64000000;0,99876069
-8,63900000;1,00076021
-8,63800000;1,00276373
-8,63700000;1,00477128
-8,63600000;1,00678286
-8,63500000;1,00879850
-8,63400000;1,01081821
-8,63300000;1,01284201
-8,63200000;1,01486991
-8,63100000;1,01690193
-8,63000000;1,01893809
-8,62900000;1,02097840
-8,62800000;1,02302288
-8,62700000;1,02507155
-8,62600000;1,02712443
-8,62500000;1,02918152
-8,62400000;1,03124286
-8,62300000;1,03330845
-8,62200000;1,03537831
-8,62100000;1,03745247
-8,62000000;1,03953093
-8,61900000;1,04161372
-8,61800000;1,04370085
-8,61700000;1,04579234
-8,61600000;1,04788821
-8,61500000;1,04998848
-8,61400000;1,05209317
-8,61300000;1,05420228
-8,61200000;1,05631585
-8,61100000;1,05843389
-8,61000000;1,06055642
-8,60900000;1,06268345
-8,60800000;1,06481501
-8,60700000;1,06695112
-8,60600000;1,06909178
-8,60500000;1,07123703
-8,60400000;1,07338688
-8,60300000;1,07554135
-8,60200000;1,07770046
-8,60100000;1,07986423
-8,60000000;1,08203268
-8,59900000;1,08420582
-8,59800000;1,08638369
-8,59700000;1,08856629
-8,59600000;1,09075364
-8,59500000;1,09294577
-8,59400000;1,09514270
-8,59300000;1,09734445
-8,59200000;1,09955104
-8,59100000;1,10176248
-8,59000000;1,10397880
-8,58900000;1,10620002
-8,58800000;1,10842616
-8,58700000;1,11065724
-8,58600000;1,11289328
-8,58500000;1,11513431
-8,58400000;1,11738034
-8,58300000;1,11963139
-8,58200000;1,12188749
-8,58100000;1,12414865
-8,58000000;1,12641491
-8,57900000;1,12868628
-8,57800000;1,13096278
-8,57700000;1,13324444
-8,57600000;1,13553127
-8,57500000;1,13782330
-8,57400000;1,14012056
-8,57300000;1,14242306
-8,57200000;1,14473082
-8,57100000;1,14704388
-8,57000000;1,14936224
-8,56900000;1,15168595
-8,56800000;1,15401501
-8,56700000;1,15634945
-8,56600000;1,15868930
-8,56500000;1,16103458
-8,56400000;1,16338531
-8,56300000;1,16574151
-8,56200000;1,16810322
-8,56100000;1,17047045
-8,56000000;1,17284323
-8,55900000;1,17522158
-8,55800000;1,17760552
-8,55700000;1,17999509
-8,55600000;1,18239030
-8,55500000;1,18479119
-8,55400000;1,18719777
-8,55300000;1,18961007
-8,55200000;1,19202812
-8,55100000;1,19445194
-8,55000000;1,19688156
-8,54900000;1,19931699
-8,54800000;1,20175828
-8,54700000;1,20420545
-8,54600000;1,20665851
-8,54500000;1,20911750
-8,54400000;1,21158245
-8,54300000;1,21405337
-8,54200000;1,21653030
-8,54100000;1,21901327
-8,54000000;1,22150230
-8,53900000;1,22399741
-8,53800000;1,22649864
-8,53700000;1,22900601
-8,53600000;1,23151956
-8,53500000;1,23403930
-8,53400000;1,23656527
-8,53300000;1,23909750
-8,53200000;1,24163600
-8,53100000;1,24418082
-8,53000000;1,24673198
-8,52900000;1,24928951
-8,52800000;1,25185344
-8,52700000;1,25442379
-8,52600000;1,25700060
-8,52500000;1,25958390
-8,52400000;1,26217371
-8,52300000;1,26477007
-8,52200000;1,26737301
-8,52100000;1,26998255
-8,52000000;1,27259872
-8,51900000;1,27522157
-8,51800000;1,27785111
-8,51700000;1,28048738
-8,51600000;1,28313042
-8,51500000;1,28578024
-8,51400000;1,28843688
-8,51300000;1,29110039
-8,51200000;1,29377077
-8,51100000;1,29644808
-8,51000000;1,29913234
-8,50900000;1,30182358
-8,50800000;1,30452183
-8,50700000;1,30722714
-8,50600000;1,30993953
-8,50500000;1,31265903
-8,50400000;1,31538568
-8,50300000;1,31811952
-8,50200000;1,32086057
-8,50100000;1,32360887
-8,50000000;1,32636446
-8,49900000;1,32912737
-8,49800000;1,33189763
-8,49700000;1,33467528
-8,49600000;1,33746035
-8,49500000;1,34025289
-8,49400000;1,34305292
-8,49300000;1,34586048
-8,49200000;1,34867561
-8,49100000;1,35149834
-8,49000000;1,35432872
-8,48900000;1,35716676
-8,48800000;1,36001253
-8,48700000;1,36286604
-8,48600000;1,36572735
-8,48500000;1,36859648
-8,48400000;1,37147347
-8,48300000;1,37435837
-8,48200000;1,37725120
-8,48100000;1,38015202
-8,48000000;1,38306085
-8,47900000;1,38597774
-8,47800000;1,38890273
-8,47700000;1,39183586
-8,47600000;1,39477716
-8,47500000;1,39772667
-8,47400000;1,40068445
-8,47300000;1,40365052
-8,47200000;1,40662493
-8,47100000;1,40960772
-8,47000000;1,41259893
-8,46900000;1,41559860
-8,46800000;1,41860678
-8,46700000;1,42162350
-8,46600000;1,42464882
-8,46500000;1,42768276
-8,46400000;1,43072539
-8,46300000;1,43377673
-8,46200000;1,43683683
-8,46100000;1,43990574
-8,46000000;1,44298350
-8,45900000;1,44607016
-8,45800000;1,44916575
-8,45700000;1,45227033
-8,45600000;1,45538394
-8,45500000;1,45850663
-8,45400000;1,46163844
-8,45300000;1,46477942
-8,45200000;1,46792961
-8,45100000;1,47108906
-8,45000000;1,47425783
-8,44900000;1,47743595
-8,44800000;1,48062348
-8,44700000;1,48382046
-8,44600000;1,48702694
-8,44500000;1,49024297
-8,44400000;1,49346860
-8,44300000;1,49670388
-8,44200000;1,49994886
-8,44100000;1,50320359
-8,44000000;1,50646812
-8,43900000;1,50974250
-8,43800000;1,51302678
-8,43700000;1,51632101
-8,43600000;1,51962525
-8,43500000;1,52293955
-8,43400000;1,52626396
-8,43300000;1,52959853
-8,43200000;1,53294332
-8,43100000;1,53629838
-8,43000000;1,53966376
-8,42900000;1,54303952
-8,42800000;1,54642572
-8,42700000;1,54982240
-8,42600000;1,55322963
-8,42500000;1,55664746
-8,42400000;1,56007595
-8,42300000;1,56351516
-8,42200000;1,56696513
-8,42100000;1,57042593
-8,42000000;1,57389762
-8,41900000;1,57738026
-8,41800000;1,58087390
-8,41700000;1,58437860
-8,41600000;1,58789443
-8,41500000;1,59142144
-8,41400000;1,59495969
-8,41300000;1,59850925
-8,41200000;1,60207017
-8,41100000;1,60564253
-8,41000000;1,60922637
-8,40900000;1,61282176
-8,40800000;1,61642878
-8,40700000;1,62004901
-8,40600000;1,62367944
-8,40500000;1,62732169
-8,40400000;1,63097580
-8,40300000;1,63464186
-8,40200000;1,63831992
-8,40100000;1,64201005
-8,40000000;1,64571232
-8,39900000;1,64942679
-8,39800000;1,65315354
-8,39700000;1,65689263
-8,39600000;1,66064414
-8,39500000;1,66440812
-8,39400000;1,66818465
-8,39300000;1,67197381
-8,39200000;1,67577565
-8,39100000;1,67959026
-8,39000000;1,68341771
-8,38900000;1,68725806
-8,38800000;1,69111140
-8,38700000;1,69497779
-8,38600000;1,69885731
-8,38500000;1,70275003
-8,38400000;1,70665603
-8,38300000;1,71057539
-8,38200000;1,71450818
-8,38100000;1,71845448
-8,38000000;1,72241436
-8,37900000;1,72638791
-8,37800000;1,73037520
-8,37700000;1,73437632
-8,37600000;1,73839134
-8,37500000;1,74242034
-8,37400000;1,74646341
-8,37300000;1,75052062
-8,37200000;1,75459207
-8,37100000;1,75867782
-8,37000000;1,76277797
-8,36900000;1,76689261
-8,36800000;1,77102181
-8,36700000;1,77516566
-8,36600000;1,77932425
-8,36500000;1,78349766
-8,36400000;1,78768599
-8,36300000;1,79188932
-8,36200000;1,79610774
-8,36100000;1,80034134
-8,36000000;1,80459021
-8,35900000;1,80885445
-8,35800000;1,81313414
-8,35700000;1,81742938
-8,35600000;1,82174025
-8,35500000;1,82606687
-8,35400000;1,83040931
-8,35300000;1,83476768
-8,35200000;1,83914207
-8,35100000;1,84353259
-8,35000000;1,84793932
-8,34900000;1,85236236
-8,34800000;1,85680183
-8,34700000;1,86125781
-8,34600000;1,86573041
-8,34500000;1,87021973
-8,34400000;1,87472587
-8,34300000;1,87924894
-8,34200000;1,88378905
-8,34100000;1,88834629
-8,34000000;1,89292077
-8,33900000;1,89751261
-8,33800000;1,90212190
-8,33700000;1,90674876
-8,33600000;1,91139330
-8,33500000;1,91605564
-8,33400000;1,92073587
-8,33300000;1,92543411
-8,33200000;1,93015048
-8,33100000;1,93488510
-8,33000000;1,93963807
-8,32900000;1,94440951
-8,32800000;1,94919955
-8,32700000;1,95400830
-8,32600000;1,95883587
-8,32500000;1,96368240
-8,32400000;1,96854800
-8,32300000;1,97343279
-8,32200000;1,97833690
-8,32100000;1,98326045
-8,32000000;1,98820357
-8,31900000;1,99316638
-8,31800000;1,99814902
-8,31700000;2,00315161
-8,31600000;2,00817428
-8,31500000;2,01321717
-8,31400000;2,01828040
-8,31300000;2,02336411
-8,31200000;2,02846844
-8,31100000;2,03359351
-8,31000000;2,03873947
-8,30900000;2,04390646
-8,30800000;2,04909461
-8,30700000;2,05430407
-8,30600000;2,05953498
-8,30500000;2,06478747
-8,30400000;2,07006170
-8,30300000;2,07535782
-8,30200000;2,08067596
-8,30100000;2,08601628
-8,30000000;2,09137892
-8,29900000;2,09676405
-8,29800000;2,10217180
-8,29700000;2,10760234
-8,29600000;2,11305581
-8,29500000;2,11853238
-8,29400000;2,12403221
-8,29300000;2,12955545
-8,29200000;2,13510226
-8,29100000;2,14067281
-8,29000000;2,14626726
-8,28900000;2,15188578
-8,28800000;2,15752853
-8,28700000;2,16319568
-8,28600000;2,16888740
-8,28500000;2,17460387
-8,28400000;2,18034525
-8,28300000;2,18611173
-8,28200000;2,19190347
-8,28100000;2,19772065
-8,28000000;2,20356346
-8,27900000;2,20943208
-8,27800000;2,21532669
-8,27700000;2,22124748
-8,27600000;2,22719462
-8,27500000;2,23316832
-8,27400000;2,23916875
-8,27300000;2,24519612
-8,27200000;2,25125061
-8,27100000;2,25733243
-8,27000000;2,26344177
-8,26900000;2,26957882
-8,26800000;2,27574380
-8,26700000;2,28193689
-8,26600000;2,28815832
-8,26500000;2,29440829
-8,26400000;2,30068700
-8,26300000;2,30699467
-8,26200000;2,31333150
-8,26100000;2,31969773
-8,26000000;2,32609356
-8,25900000;2,33251921
-8,25800000;2,33897491
-8,25700000;2,34546088
-8,25600000;2,35197735
-8,25500000;2,35852454
-8,25400000;2,36510268
-8,25300000;2,37171202
-8,25200000;2,37835279
-8,25100000;2,38502521
-8,25000000;2,39172954
-8,24900000;2,39846602
-8,24800000;2,40523489
-8,24700000;2,41203640
-8,24600000;2,41887080
-8,24500000;2,42573834
-8,24400000;2,43263928
-8,24300000;2,43957388
-8,24200000;2,44654240
-8,24100000;2,45354510
-8,24000000;2,46058224
-8,23900000;2,46765410
-8,23800000;2,47476095
-8,23700000;2,48190306
-8,23600000;2,48908071
-8,23500000;2,49629419
-8,23400000;2,50354377
-8,23300000;2,51082973
-8,23200000;2,51815238
-8,23100000;2,52551200
-8,23000000;2,53290889
-8,22900000;2,54034334
-8,22800000;2,54781566
-8,22700000;2,55532616
-8,22600000;2,56287514
-8,22500000;2,57046291
-8,22400000;2,57808979
-8,22300000;2,58575609
-8,22200000;2,59346215
-8,22100000;2,60120828
-8,22000000;2,60899481
-8,21900000;2,61682208
-8,21800000;2,62469043
-8,21700000;2,63260018
-8,21600000;2,64055170
-8,21500000;2,64854531
-8,21400000;2,65658138
-8,21300000;2,66466027
-8,21200000;2,67278232
-8,21100000;2,68094791
-8,21000000;2,68915739
-8,20900000;2,69741115
-8,20800000;2,70570956
-8,20700000;2,71405299
-8,20600000;2,72244184
-8,20500000;2,73087649
-8,20400000;2,73935733
-8,20300000;2,74788476
-8,20200000;2,75645919
-8,20100000;2,76508102
-8,20000000;2,77375066
-8,19900000;2,78246853
-8,19800000;2,79123505
-8,19700000;2,80005065
-8,19600000;2,80891575
-8,19500000;2,81783079
-8,19400000;2,82679622
-8,19300000;2,83581248
-8,19200000;2,84488002
-8,19100000;2,85399931
-8,19000000;2,86317079
-8,18900000;2,87239494
-8,18800000;2,88167224
-8,18700000;2,89100316
-8,18600000;2,90038819
-8,18500000;2,90982781
-8,18400000;2,91932253
-8,18300000;2,92887285
-8,18200000;2,93847928
-8,18100000;2,94814233
-8,18000000;2,95786253
-8,17900000;2,96764040
-8,17800000;2,97747647
-8,17700000;2,98737130
-8,17600000;2,99732542
-8,17500000;3,00733939
-8,17400000;3,01741377
-8,17300000;3,02754914
-8,17200000;3,03774606
-8,17100000;3,04800512
-8,17000000;3,05832691
-8,16900000;3,06871203
-8,16800000;3,07916109
-8,16700000;3,08967469
-8,16600000;3,10025346
-8,16500000;3,11089803
-8,16400000;3,12160903
-8,16300000;3,13238712
-8,16200000;3,14323293
-8,16100000;3,15414715
-8,16000000;3,16513043
-8,15900000;3,17618346
-8,15800000;3,18730693
-8,15700000;3,19850153
-8,15600000;3,20976798
-8,15500000;3,22110698
-8,15400000;3,23251927
-8,15300000;3,24400557
-8,15200000;3,25556665
-8,15100000;3,26720324
-8,15000000;3,27891612
-8,14900000;3,29070607
-8,14800000;3,30257386
-8,14700000;3,31452031
-8,14600000;3,32654621
-8,14500000;3,33865239
-8,14400000;3,35083967
-8,14300000;3,36310891
-8,14200000;3,37546095
-8,14100000;3,38789666
-8,14000000;3,40041691
-8,13900000;3,41302084
-8,13800000;3,42571289
-8,13700000;3,43849219
-8,13600000;3,45135968
-8,13500000;3,46431629
-8,13400000;3,47736299
-8,13300000;3,49050075
-8,13200000;3,50373053
-8,13100000;3,51705336
-8,13000000;3,53047022
-8,12900000;3,54398216
-8,12800000;3,55759021
-8,12700000;3,57129543
-8,12600000;3,58509890
-8,12500000;3,59900169
-8,12400000;3,61300491
-8,12300000;3,62710969
-8,12200000;3,64131716
-8,12100000;3,65562848
-8,12000000;3,67004482
-8,11900000;3,68456736
-8,11800000;3,69919731
-8,11700000;3,71393591
-8,11600000;3,72878439
-8,11500000;3,74374402
-8,11400000;3,75881608
-8,11300000;3,77400187
-8,11200000;3,78930272
-8,11100000;3,80471997
-8,11000000;3,82025499
-8,10900000;3,83590915
-8,10800000;3,85168388
-8,10700000;3,86758059
-8,10600000;3,88360074
-8,10500000;3,89974581
-8,10400000;3,91601730
-8,10300000;3,93241673
-8,10200000;3,94894564
-8,10100000;3,96560562
-8,10000000;3,98239825
-8,09900000;3,99932517
-8,09800000;4,01638803
-8,09700000;4,03358850
-8,09600000;4,05092829
-8,09500000;4,06840914
-8,09400000;4,08603281
-8,09300000;4,10380109
-8,09200000;4,12171580
-8,09100000;4,13977881
-8,09000000;4,15799199
-8,08900000;4,17635726
-8,08800000;4,19487658
-8,08700000;4,21355193
-8,08600000;4,23238532
-8,08500000;4,25137880
-8,08400000;4,27053448
-8,08300000;4,28985446
-8,08200000;4,30934092
-8,08100000;4,32899606
-8,08000000;4,34882211
-8,07900000;4,36882135
-8,07800000;4,38899610
-8,07700000;4,40934873
-8,07600000;4,42988164
-8,07500000;4,45059727
-8,07400000;4,47149813
-8,07300000;4,49258673
-8,07200000;4,51386568
-8,07100000;4,53533760
-8,07000000;4,55700517
-8,06900000;4,57887113
-8,06800000;4,60093824
-8,06700000;4,62320936
-8,06600000;4,64568736
-8,06500000;4,66837519
-8,06400000;4,69127584
-8,06300000;4,71439237
-8,06200000;4,73772789
-8,06100000;4,76128558
-8,06000000;4,78506867
-8,05900000;4,80908047
-8,05800000;4,83332433
-8,05700000;4,85780368
-8,05600000;4,88252203
-8,05500000;4,90748294
-8,05400000;4,93269005
-8,05300000;4,95814707
-8,05200000;4,98385778
-8,05100000;5,00982606
-8,05000000;5,03605584
-8,04900000;5,06255114
-8,04800000;5,08931608
-8,04700000;5,11635484
-8,04600000;5,14367171
-8,04500000;5,17127104
-8,04400000;5,19915731
-8,04300000;5,22733506
-8,04200000;5,25580895
-8,04100000;5,28458373
-8,04000000;5,31366425
-8,03900000;5,34305547
-8,03800000;5,37276245
-8,03700000;5,40279038
-8,03600000;5,43314453
-8,03500000;5,46383033
-8,03400000;5,49485329
-8,03300000;5,52621907
-8,03200000;5,55793344
-8,03100000;5,59000232
-8,03000000;5,62243174
-8,02900000;5,65522789
-8,02800000;5,68839709
-8,02700000;5,72194581
-8,02600000;5,75588066
-8,02500000;5,79020843
-8,02400000;5,82493604
-8,02300000;5,86007059
-8,02200000;5,89561935
-8,02100000;5,93158977
-8,02000000;5,96798945
-8,01900000;6,00482620
-8,01800000;6,04210803
-8,01700000;6,07984312
-8,01600000;6,11803986
-8,01500000;6,15670685
-8,01400000;6,19585292
-8,01300000;6,23548710
-8,01200000;6,27561866
-8,01100000;6,31625709
-8,01000000;6,35741216
-8,00900000;6,39909386
-8,00800000;6,44131244
-8,00700000;6,48407843
-8,00600000;6,52740264
-8,00500000;6,57129616
-8,00400000;6,61577036
-8,00300000;6,66083695
-8,00200000;6,70650792
-8,00100000;6,75279562
-8,00000000;6,79971271
-7,99900000;6,84727221
-7,99800000;6,89548751
-7,99700000;6,94437236
-7,99600000;6,99394091
-7,99500000;7,04420771
-7,99400000;7,09518770
-7,99300000;7,14689629
-7,99200000;7,19934932
-7,99100000;7,25256307
-7,99000000;7,30655434
-7,98900000;7,36134040
-7,98800000;7,41693903
-7,98700000;7,47336857
-7,98600000;7,53064790
-7,98500000;7,58879648
-7,98400000;7,64783436
-7,98300000;7,70778222
-7,98200000;7,76866139
-7,98100000;7,83049387
-7,98000000;7,89330235
-7,97900000;7,95711025
-7,97800000;8,02194175
-7,97700000;8,08782181
-7,97600000;8,15477621
-7,97500000;8,22283158
-7,97400000;8,29201546
-7,97300000;8,36235627
-7,97200000;8,43388343
-7,97100000;8,50662736
-7,97000000;8,58061952
-7,96900000;8,65589247
-7,96800000;8,73247990
-7,96700000;8,81041671
-7,96600000;8,88973904
-7,96500000;8,97048434
-7,96400000;9,05269139
-7,96300000;9,13640043
-7,96200000;9,22165318
-7,96100000;9,30849290
-7,96000000;9,39696451
-7,95900000;9,48711462
-7,95800000;9,57899164
-7,95700000;9,67264586
-7,95600000;9,76812955
-7,95500000;9,86549704
-7,95400000;9,96480482
-7,95300000;10,06611169
-7,95200000;10,16947883
-7,95100000;10,27496996
-7,95000000;10,38265142
-7,94900000;10,49259239
-7,94800000;10,60486495
-7,94700000;10,71954430
-7,94600000;10,83670892
-7,94500000;10,95644072
-7,94400000;11,07882525
-7,94300000;11,20395191
-7,94200000;11,33191417
-7,94100000;11,46280979
-7,94000000;11,59674107
-7,93900000;11,73381513
-7,93800000;11,87414418
-7,93700000;12,01784586
-7,93600000;12,16504352
-7,93500000;12,31586662
-7,93400000;12,47045108
-7,93300000;12,62893970
-7,93200000;12,79148261
-7,93100000;12,95823773
-7,93000000;13,12937130
-7,92900000;13,30505840
-7,92800000;13,48548360
-7,92700000;13,67084157
-7,92600000;13,86133777
-7,92500000;14,05718928
-7,92400000;14,25862554
-7,92300000;14,46588929
-7,92200000;14,67923758
-7,92100000;14,89894276
-7,92000000;15,12529371
-7,91900000;15,35859707
-7,91800000;15,59917864
-7,91700000;15,84738490
-7,91600000;16,10358468
-7,91500000;16,36817098
-7,91400000;16,64156300
-7,91300000;16,92420836
-7,91200000;17,21658552
-7,91100000;17,51920653
-7,91000000;17,83261997
-7,90900000;18,15741433
-7,90800000;18,49422166
-7,90700000;18,84372173
-7,90600000;19,20664653
-7,90500000;19,58378548
-7,90400000;19,97599111
-7,90300000;20,38418553
-7,90200000;20,80936766
-7,90100000;21,25262139
-7,90000000;21,71512484
-7,89900000;22,19816081
-7,89800000;22,70312864
-7,89700000;23,23155783
-7,89600000;23,78512345
-7,89500000;24,36566393
-7,89400000;24,97520146
-7,89300000;25,61596553
-7,89200000;26,29042021
-7,89100000;27,00129582
-7,89000000;27,75162587
-7,88900000;28,54479043
-7,88800000;29,38456696
-7,88700000;30,27519056
-7,88600000;31,22142541
-7,88500000;32,22865007
-7,88400000;33,30295979
-7,88300000;34,45129002
-7,88200000;35,68156633
-7,88100000;37,00288767
-7,88000000;38,42575182
-7,87900000;39,96233499
-7,87800000;41,62684120
-7,87700000;43,43594276
-7,87600000;45,40934080
-7,87500000;47,57048576
-7,87400000;49,94751388
-7,87300000;52,57447908
-7,87200000;55,49299515
-7,87100000;58,75445678
-7,87000000;62,42309263
-7,86900000;66,58023807
-7,86800000;71,33043675
-7,86700000;76,81035428
-7,86600000;83,20214192
-7,86500000;90,75407750
-7,86400000;99,81356812
-7,86300000;110,88210999
-7,86200000;124,71137380
-7,86100000;142,48143368
-7,86000000;166,15668200
-7,85900000;199,26728064
-7,85800000;248,85743830
-7,85700000;331,30656151
-7,85600000;495,45514322
-7,85500000;981,98655768
-7,85400000;54514,90949572
-7,85300000;-1018,68613607
-7,85200000;-504,62773150
-7,85100000;-335,38308378
-7,85000000;-251,15044999
-7,84900000;-200,73480149
-7,84800000;-167,17579330
-7,84700000;-143,23016995
-7,84600000;-125,28462699
-7,84500000;-111,33505289
-7,84400000;-100,18045393
-7,84300000;-91,05729089
-7,84200000;-83,45692727
-7,84100000;-77,02745124
-7,84000000;-71,51762916
-7,83900000;-66,74330502
-7,83800000;-62,56641467
-7,83700000;-58,88141473
-7,83600000;-55,60623983
-7,83500000;-52,67611823
-7,83400000;-50,03924441
-7,83300000;-47,65368921
-7,83200000;-45,48515330
-7,83100000;-43,50530723
-7,83000000;-41,69054673
-7,82900000;-40,02104698
-7,82800000;-38,48003529
-7,82700000;-37,05322551
-7,82600000;-35,72837369
-7,82500000;-34,49492578
-7,82400000;-33,34373580
-7,82300000;-32,26683859
-7,82200000;-31,25726520
-7,82100000;-30,30889189
-7,82000000;-29,41631573
-7,81900000;-28,57475161
-7,81800000;-27,77994634
-7,81700000;-27,02810679
-7,81600000;-26,31583930
-7,81500000;-25,64009842
-7,81400000;-24,99814340
-7,81300000;-24,38750100
-7,81200000;-23,80593362
-7,81100000;-23,25141192
-7,81000000;-22,72209108
-7,80900000;-22,21629038
-7,80800000;-21,73247528
-7,80700000;-21,26924189
-7,80600000;-20,82530336
-7,80500000;-20,39947794
-7,80400000;-19,99067843
-7,80300000;-19,59790296
-7,80200000;-19,22022672
-7,80100000;-18,85679476
-7,80000000;-18,50681545
-7,79900000;-18,16955477
-7,79800000;-17,84433113
-7,79700000;-17,53051082
-7,79600000;-17,22750380
-7,79500000;-16,93476008
-7,79400000;-16,65176634
-7,79300000;-16,37804293
-7,79200000;-16,11314114
-7,79100000;-15,85664079
-7,79000000;-15,60814793
-7,78900000;-15,36729289
-7,78800000;-15,13372839
-7,78700000;-14,90712791
-7,78600000;-14,68718412
-7,78500000;-14,47360753
-7,78400000;-14,26612518
-7,78300000;-14,06447950
-7,78200000;-13,86842724
-7,78100000;-13,67773847
-7,78000000;-13,49219570
-7,77900000;-13,31159303
-7,77800000;-13,13573543
-7,77700000;-12,96443796
-7,77600000;-12,79752519
-7,77500000;-12,63483059
-7,77400000;-12,47619592
-7,77300000;-12,32147080
-7,77200000;-12,17051215
-7,77100000;-12,02318381
-7,77000000;-11,87935609
-7,76900000;-11,73897442
-7,76800000;-11,60178099
-7,76700000;-11,46773444
-7,76600000;-11,33672746
-7,76500000;-11,20865758
-7,76400000;-11,08342686
-7,76300000;-10,96094170
-7,76200000;-10,84111254
-7,76100000;-10,72385369
-7,76000000;-10,60908310
-7,75900000;-10,49672217
-7,75800000;-10,38669559
-7,75700000;-10,27893115
-7,75600000;-10,17335958
-7,75500000;-10,06991443
-7,75400000;-9,96853187
-7,75300000;-9,86915065
-7,75200000;-9,77171187
-7,75100000;-9,67615897
-7,75000000;-9,58243751
-7,74900000;-9,49049518
-7,74800000;-9,40028160
-7,74700000;-9,31174830
-7,74600000;-9,22484859
-7,74500000;-9,13953751
-7,74400000;-9,05577171
-7,74300000;-8,97350944
-7,74200000;-8,89271040
-7,74100000;-8,81333574
-7,74000000;-8,73534798
-7,73900000;-8,65871092
-7,73800000;-8,58338963
-7,73700000;-8,50935036
-7,73600000;-8,43656052
-7,73500000;-8,36498860
-7,73400000;-8,29460415
-7,73300000;-8,22537772
-7,73200000;-8,15728083
-7,73100000;-8,09028592
-7,73000000;-8,02436633
-7,72900000;-7,95949625
-7,72800000;-7,89565069
-7,72700000;-7,83280543
-7,72600000;-7,77093704
-7,72500000;-7,71002279
-7,72400000;-7,65004065
-7,72300000;-7,59096928
-7,72200000;-7,53278797
-7,72100000;-7,47547665
-7,72000000;-7,41901583
-7,71900000;-7,36338662
-7,71800000;-7,30857065
-7,71700000;-7,25455013
-7,71600000;-7,20130775
-7,71500000;-7,14882673
-7,71400000;-7,09709073
-7,71300000;-7,04608391
-7,71200000;-6,99579087
-7,71100000;-6,94619661
-7,71000000;-6,89728659
-7,70900000;-6,84904664
-7,70800000;-6,80146299
-7,70700000;-6,75452225
-7,70600000;-6,70821138
-7,70500000;-6,66251770
-7,70400000;-6,61742886
-7,70300000;-6,57293284
-7,70200000;-6,52901795
-7,70100000;-6,48567278
-7,70000000;-6,44288623
-7,69900000;-6,40064749
-7,69800000;-6,35894603
-7,69700000;-6,31777157
-7,69600000;-6,27711411
-7,69500000;-6,23696389
-7,69400000;-6,19731139
-7,69300000;-6,15814735
-7,69200000;-6,11946271
-7,69100000;-6,08124866
-7,69000000;-6,04349657
-7,68900000;-6,00619806
-7,68800000;-5,96934491
-7,68700000;-5,93292913
-7,68600000;-5,89694291
-7,68500000;-5,86137862
-7,68400000;-5,82622882
-7,68300000;-5,79148622
-7,68200000;-5,75714373
-7,68100000;-5,72319441
-7,68000000;-5,68963148
-7,67900000;-5,65644830
-7,67800000;-5,62363842
-7,67700000;-5,59119549
-7,67600000;-5,55911334
-7,67500000;-5,52738591
-7,67400000;-5,49600729
-7,67300000;-5,46497171
-7,67200000;-5,43427350
-7,67100000;-5,40390713
-7,67000000;-5,37386719
-7,66900000;-5,34414839
-7,66800000;-5,31474554
-7,66700000;-5,28565358
-7,66600000;-5,25686755
-7,66500000;-5,22838258
-7,66400000;-5,20019392
-7,66300000;-5,17229692
-7,66200000;-5,14468702
-7,66100000;-5,11735976
-7,66000000;-5,09031075
-7,65900000;-5,06353573
-7,65800000;-5,03703050
-7,65700000;-5,01079095
-7,65600000;-4,98481304
-7,65500000;-4,95909285
-7,65400000;-4,93362649
-7,65300000;-4,90841018
-7,65200000;-4,88344021
-7,65100000;-4,85871293
-7,65000000;-4,83422477
-7,64900000;-4,80997224
-7,64800000;-4,78595191
-7,64700000;-4,76216039
-7,64600000;-4,73859441
-7,64500000;-4,71525071
-7,64400000;-4,69212611
-7,64300000;-4,66921752
-7,64200000;-4,64652186
-7,64100000;-4,62403613
-7,64000000;-4,60175740
-7,63900000;-4,57968278
-7,63800000;-4,55780942
-7,63700000;-4,53613455
-7,63600000;-4,51465543
-7,63500000;-4,49336938
-7,63400000;-4,47227376
-7,63300000;-4,45136600
-7,63200000;-4,43064355
-7,63100000;-4,41010392
-7,63000000;-4,38974466
-7,62900000;-4,36956336
-7,62800000;-4,34955766
-7,62700000;-4,32972523
-7,62600000;-4,31006381
-7,62500000;-4,29057114
-7,62400000;-4,27124503
-7,62300000;-4,25208331
-7,62200000;-4,23308386
-7,62100000;-4,21424458
-7,62000000;-4,19556342
-7,61900000;-4,17703836
-7,61800000;-4,15866742
-7,61700000;-4,14044864
-7,61600000;-4,12238011
-7,61500000;-4,10445994
-7,61400000;-4,08668627
-7,61300000;-4,06905729
-7,61200000;-4,05157118
-7,61100000;-4,03422620
-7,61000000;-4,01702061
-7,60900000;-3,99995269
-7,60800000;-3,98302077
-7,60700000;-3,96622320
-7,60600000;-3,94955834
-7,60500000;-3,93302461
-7,60400000;-3,91662042
-7,60300000;-3,90034423
-7,60200000;-3,88419451
-7,60100000;-3,86816976
-7,60000000;-3,85226851
-7,59900000;-3,83648930
-7,59800000;-3,82083070
-7,59700000;-3,80529131
-7,59600000;-3,78986973
-7,59500000;-3,77456653
-7,59400000;-3,75937649
-7,59300000;-3,74430022
-7,59200000;-3,72933644
-7,59100000;-3,71448385
-7,59000000;-3,69974119
-7,58900000;-3,68510722
-7,58800000;-3,67058071
-7,58700000;-3,65616045
-7,58600000;-3,64184525
-7,58500000;-3,62763394
-7,58400000;-3,61352537
-7,58300000;-3,59951839
-7,58200000;-3,58561189
-7,58100000;-3,57180476
-7,58000000;-3,55809591
-7,57900000;-3,54448427
-7,57800000;-3,53096878
-7,57700000;-3,51754840
-7,57600000;-3,50422210
-7,57500000;-3,49098888
-7,57400000;-3,47784773
-7,57300000;-3,46479766
-7,57200000;-3,45183772
-7,57100000;-3,43896694
-7,57000000;-3,42618438
-7,56900000;-3,41348912
-7,56800000;-3,40088023
-7,56700000;-3,38835681
-7,56600000;-3,37591797
-7,56500000;-3,36356284
-7,56400000;-3,35129054
-7,56300000;-3,33910022
-7,56200000;-3,32699104
-7,56100000;-3,31496217
-7,56000000;-3,30301279
-7,55900000;-3,29114208
-7,55800000;-3,27934926
-7,55700000;-3,26763353
-7,55600000;-3,25599411
-7,55500000;-3,24443024
-7,55400000;-3,23294117
-7,55300000;-3,22152615
-7,55200000;-3,21018443
-7,55100000;-3,19891531
-7,55000000;-3,18771805
-7,54900000;-3,17659195
-7,54800000;-3,16553631
-7,54700000;-3,15455045
-7,54600000;-3,14363368
-7,54500000;-3,13278533
-7,54400000;-3,12200474
-7,54300000;-3,11129126
-7,54200000;-3,10064424
-7,54100000;-3,09006303
-7,54000000;-3,07954702
-7,53900000;-3,06909558
-7,53800000;-3,05870809
-7,53700000;-3,04838396
-7,53600000;-3,03812258
-7,53500000;-3,02792336
-7,53400000;-3,01778572
-7,53300000;-3,00770908
-7,53200000;-2,99769288
-7,53100000;-2,98773655
-7,53000000;-2,97783953
-7,52900000;-2,96800128
-7,52800000;-2,95822126
-7,52700000;-2,94849894
-7,52600000;-2,93883377
-7,52500000;-2,92922525
-7,52400000;-2,91967286
-7,52300000;-2,91017608
-7,52200000;-2,90073442
-7,52100000;-2,89134737
-7,52000000;-2,88201445
-7,51900000;-2,87273517
-7,51800000;-2,86350906
-7,51700000;-2,85433563
-7,51600000;-2,84521442
-7,51500000;-2,83614496
-7,51400000;-2,82712681
-7,51300000;-2,81815950
-7,51200000;-2,80924259
-7,51100000;-2,80037565
-7,51000000;-2,79155822
-7,50900000;-2,78278989
-7,50800000;-2,77407022
-7,50700000;-2,76539880
-7,50600000;-2,75677520
-7,50500000;-2,74819902
-7,50400000;-2,73966985
-7,50300000;-2,73118729
-7,50200000;-2,72275093
-7,50100000;-2,71436039
-7,50000000;-2,70601528
-7,49900000;-2,69771521
-7,49800000;-2,68945980
-7,49700000;-2,68124868
-7,49600000;-2,67308147
-7,49500000;-2,66495781
-7,49400000;-2,65687734
-7,49300000;-2,64883968
-7,49200000;-2,64084450
-7,49100000;-2,63289143
-7,49000000;-2,62498013
-7,48900000;-2,61711026
-7,48800000;-2,60928147
-7,48700000;-2,60149343
-7,48600000;-2,59374581
-7,48500000;-2,58603827
-7,48400000;-2,57837050
-7,48300000;-2,57074216
-7,48200000;-2,56315295
-7,48100000;-2,55560254
-7,48000000;-2,54809062
-7,47900000;-2,54061689
-7,47800000;-2,53318103
-7,47700000;-2,52578276
-7,47600000;-2,51842176
-7,47500000;-2,51109775
-7,47400000;-2,50381043
-7,47300000;-2,49655951
-7,47200000;-2,48934470
-7,47100000;-2,48216573
-7,47000000;-2,47502230
-7,46900000;-2,46791415
-7,46800000;-2,46084100
-7,46700000;-2,45380257
-7,46600000;-2,44679860
-7,46500000;-2,43982882
-7,46400000;-2,43289297
-7,46300000;-2,42599079
-7,46200000;-2,41912201
-7,46100000;-2,41228639
-7,46000000;-2,40548366
-7,45900000;-2,39871359
-7,45800000;-2,39197592
-7,45700000;-2,38527040
-7,45600000;-2,37859679
-7,45500000;-2,37195486
-7,45400000;-2,36534436
-7,45300000;-2,35876506
-7,45200000;-2,35221673
-7,45100000;-2,34569913
-7,45000000;-2,33921203
-7,44900000;-2,33275522
-7,44800000;-2,32632846
-7,44700000;-2,31993153
-7,44600000;-2,31356421
-7,44500000;-2,30722628
-7,44400000;-2,30091754
-7,44300000;-2,29463776
-7,44200000;-2,28838673
-7,44100000;-2,28216425
-7,44000000;-2,27597011
-7,43900000;-2,26980410
-7,43800000;-2,26366601
-7,43700000;-2,25755565
-7,43600000;-2,25147282
-7,43500000;-2,24541732
-7,43400000;-2,23938895
-7,43300000;-2,23338752
-7,43200000;-2,22741284
-7,43100000;-2,22146471
-7,43000000;-2,21554295
-7,42900000;-2,20964738
-7,42800000;-2,20377780
-7,42700000;-2,19793404
-7,42600000;-2,19211590
-7,42500000;-2,18632322
-7,42400000;-2,18055582
-7,42300000;-2,17481351
-7,42200000;-2,16909612
-7,42100000;-2,16340349
-7,42000000;-2,15773543
-7,41900000;-2,15209178
-7,41800000;-2,14647237
-7,41700000;-2,14087703
-7,41600000;-2,13530560
-7,41500000;-2,12975791
-7,41400000;-2,12423380
-7,41300000;-2,11873311
-7,41200000;-2,11325568
-7,41100000;-2,10780135
-7,41000000;-2,10236996
-7,40900000;-2,09696137
-7,40800000;-2,09157541
-7,40700000;-2,08621194
-7,40600000;-2,08087079
-7,40500000;-2,07555183
-7,40400000;-2,07025491
-7,40300000;-2,06497987
-7,40200000;-2,05972657
-7,40100000;-2,05449487
-7,40000000;-2,04928462
-7,39900000;-2,04409568
-7,39800000;-2,03892791
-7,39700000;-2,03378117
-7,39600000;-2,02865533
-7,39500000;-2,02355023
-7,39400000;-2,01846576
-7,39300000;-2,01340178
-7,39200000;-2,00835814
-7,39100000;-2,00333472
-7,39000000;-1,99833139
-7,38900000;-1,99334802
-7,38800000;-1,98838447
-7,38700000;-1,98344062
-7,38600000;-1,97851635
-7,38500000;-1,97361152
-7,38400000;-1,96872602
-7,38300000;-1,96385971
-7,38200000;-1,95901248
-7,38100000;-1,95418420
-7,38000000;-1,94937476
-7,37900000;-1,94458403
-7,37800000;-1,93981190
-7,37700000;-1,93505825
-7,37600000;-1,93032296
-7,37500000;-1,92560591
-7,37400000;-1,92090700
-7,37300000;-1,91622610
-7,37200000;-1,91156311
-7,37100000;-1,90691791
-7,37000000;-1,90229040
-7,36900000;-1,89768046
-7,36800000;-1,89308798
-7,36700000;-1,88851285
-7,36600000;-1,88395497
-7,36500000;-1,87941424
-7,36400000;-1,87489054
-7,36300000;-1,87038377
-7,36200000;-1,86589383
-7,36100000;-1,86142061
-7,36000000;-1,85696402
-7,35900000;-1,85252394
-7,35800000;-1,84810029
-7,35700000;-1,84369296
-7,35600000;-1,83930185
-7,35500000;-1,83492686
-7,35400000;-1,83056790
-7,35300000;-1,82622486
-7,35200000;-1,82189767
-7,35100000;-1,81758621
-7,35000000;-1,81329039
-7,34900000;-1,80901013
-7,34800000;-1,80474532
-7,34700000;-1,80049588
-7,34600000;-1,79626172
-7,34500000;-1,79204273
-7,34400000;-1,78783885
-7,34300000;-1,78364997
-7,34200000;-1,77947600
-7,34100000;-1,77531686
-7,34000000;-1,77117247
-7,33900000;-1,76704273
-7,33800000;-1,76292756
-7,33700000;-1,75882687
-7,33600000;-1,75474058
-7,33500000;-1,75066861
-7,33400000;-1,74661087
-7,33300000;-1,74256728
-7,33200000;-1,73853776
-7,33100000;-1,73452222
-7,33000000;-1,73052059
-7,32900000;-1,72653279
-7,32800000;-1,72255873
-7,32700000;-1,71859834
-7,32600000;-1,71465154
-7,32500000;-1,71071825
-7,32400000;-1,70679840
-7,32300000;-1,70289190
-7,32200000;-1,69899869
-7,32100000;-1,69511868
-7,32000000;-1,69125181
-7,31900000;-1,68739799
-7,31800000;-1,68355716
-7,31700000;-1,67972923
-7,31600000;-1,67591415
-7,31500000;-1,67211183
-7,31400000;-1,66832221
-7,31300000;-1,66454521
-7,31200000;-1,66078076
-7,31100000;-1,65702879
-7,31000000;-1,65328924
-7,30900000;-1,64956204
-7,30800000;-1,64584711
-7,30700000;-1,64214439
-7,30600000;-1,63845381
-7,30500000;-1,63477530
-7,30400000;-1,63110880
-7,30300000;-1,62745425
-7,30200000;-1,62381156
-7,30100000;-1,62018069
-7,30000000;-1,61656157
-7,29900000;-1,61295413
-7,29800000;-1,60935830
-7,29700000;-1,60577404
-7,29600000;-1,60220126
-7,29500000;-1,59863992
-7,29400000;-1,59508994
-7,29300000;-1,59155127
-7,29200000;-1,58802385
-7,29100000;-1,58450761
-7,29000000;-1,58100249
-7,28900000;-1,57750845
-7,28800000;-1,57402541
-7,28700000;-1,57055331
-7,28600000;-1,56709211
-7,28500000;-1,56364174
-7,28400000;-1,56020214
-7,28300000;-1,55677325
-7,28200000;-1,55335503
-7,28100000;-1,54994741
-7,28000000;-1,54655034
-7,27900000;-1,54316375
-7,27800000;-1,53978761
-7,27700000;-1,53642184
-7,27600000;-1,53306640
-7,27500000;-1,52972124
-7,27400000;-1,52638629
-7,27300000;-1,52306151
-7,27200000;-1,51974684
-7,27100000;-1,51644223
-7,27000000;-1,51314762
-7,26900000;-1,50986298
-7,26800000;-1,50658823
-7,26700000;-1,50332334
-7,26600000;-1,50006825
-7,26500000;-1,49682291
-7,26400000;-1,49358728
-7,26300000;-1,49036129
-7,26200000;-1,48714491
-7,26100000;-1,48393807
-7,26000000;-1,48074074
-7,25900000;-1,47755287
-7,25800000;-1,47437440
-7,25700000;-1,47120529
-7,25600000;-1,46804549
-7,25500000;-1,46489496
-7,25400000;-1,46175364
-7,25300000;-1,45862149
-7,25200000;-1,45549847
-7,25100000;-1,45238453
-7,25000000;-1,44927961
-7,24900000;-1,44618369
-7,24800000;-1,44309670
-7,24700000;-1,44001861
-7,24600000;-1,43694938
-7,24500000;-1,43388895
-7,24400000;-1,43083729
-7,24300000;-1,42779434
-7,24200000;-1,42476008
-7,24100000;-1,42173445
-7,24000000;-1,41871741
-7,23900000;-1,41570891
-7,23800000;-1,41270893
-7,23700000;-1,40971741
-7,23600000;-1,40673431
-7,23500000;-1,40375959
-7,23400000;-1,40079321
-7,23300000;-1,39783513
-7,23200000;-1,39488531
-7,23100000;-1,39194370
-7,23000000;-1,38901028
-7,22900000;-1,38608499
-7,22800000;-1,38316780
-7,22700000;-1,38025867
-7,22600000;-1,37735756
-7,22500000;-1,37446443
-7,22400000;-1,37157924
-7,22300000;-1,36870196
-7,22200000;-1,36583254
-7,22100000;-1,36297095
-7,22000000;-1,36011714
-7,21900000;-1,35727109
-7,21800000;-1,35443276
-7,21700000;-1,35160211
-7,21600000;-1,34877909
-7,21500000;-1,34596368
-7,21400000;-1,34315584
-7,21300000;-1,34035553
-7,21200000;-1,33756272
-7,21100000;-1,33477737
-7,21000000;-1,33199945
-7,20900000;-1,32922892
-7,20800000;-1,32646574
-7,20700000;-1,32370988
-7,20600000;-1,32096131
-7,20500000;-1,31821999
-7,20400000;-1,31548589
-7,20300000;-1,31275897
-7,20200000;-1,31003920
-7,20100000;-1,30732655
-7,20000000;-1,30462099
-7,19900000;-1,30192247
-7,19800000;-1,29923097
-7,19700000;-1,29654646
-7,19600000;-1,29386889
-7,19500000;-1,29119825
-7,19400000;-1,28853450
-7,19300000;-1,28587760
-7,19200000;-1,28322752
-7,19100000;-1,28058424
-7,19000000;-1,27794772
-7,18900000;-1,27531793
-7,18800000;-1,27269484
-7,18700000;-1,27007841
-7,18600000;-1,26746863
-7,18500000;-1,26486545
-7,18400000;-1,26226885
-7,18300000;-1,25967879
-7,18200000;-1,25709526
-7,18100000;-1,25451821
-7,18000000;-1,25194761
-7,17900000;-1,24938345
-7,17800000;-1,24682569
-7,17700000;-1,24427429
-7,17600000;-1,24172924
-7,17500000;-1,23919050
-7,17400000;-1,23665804
-7,17300000;-1,23413184
-7,17200000;-1,23161187
-7,17100000;-1,22909810
-7,17000000;-1,22659050
-7,16900000;-1,22408904
-7,16800000;-1,22159370
-7,16700000;-1,21910445
-7,16600000;-1,21662126
-7,16500000;-1,21414410
-7,16400000;-1,21167296
-7,16300000;-1,20920779
-7,16200000;-1,20674858
-7,16100000;-1,20429530
-7,16000000;-1,20184792
-7,15900000;-1,19940641
-7,15800000;-1,19697075
-7,15700000;-1,19454092
-7,15600000;-1,19211689
-7,15500000;-1,18969863
-7,15400000;-1,18728519
-7,15300000;-1,18487841
-7,15200000;-1,18247732
-7,15100000;-1,18008191
-7,15000000;-1,17769214
-7,14900000;-1,17530800
-7,14800000;-1,17292945
-7,14700000;-1,17055647
-7,14600000;-1,16818905
-7,14500000;-1,16582714
-7,14400000;-1,16347074
-7,14300000;-1,16111982
-7,14200000;-1,15877435
-7,14100000;-1,15643431
-7,14000000;-1,15409967
-7,13900000;-1,15177042
-7,13800000;-1,14944652
-7,13700000;-1,14712797
-7,13600000;-1,14481472
-7,13500000;-1,14250677
-7,13400000;-1,14020408
-7,13300000;-1,13790664
-7,13200000;-1,13561442
-7,13100000;-1,13332740
-7,13000000;-1,13104556
-7,12900000;-1,12876888
-7,12800000;-1,12649733
-7,12700000;-1,12423089
-7,12600000;-1,12196954
-7,12500000;-1,11971326
-7,12400000;-1,11746203
-7,12300000;-1,11521582
-7,12200000;-1,11297462
-7,12100000;-1,11073840
-7,12000000;-1,10850714
-7,11900000;-1,10628082
-7,11800000;-1,10405943
-7,11700000;-1,10184293
-7,11600000;-1,09963131
-7,11500000;-1,09742455
-7,11400000;-1,09522263
-7,11300000;-1,09302553
-7,11200000;-1,09083323
-7,11100000;-1,08864570
-7,11000000;-1,08646219
-7,10900000;-1,08428417
-7,10800000;-1,08211087
-7,10700000;-1,07994226
-7,10600000;-1,07777833
-7,10500000;-1,07561906
-7,10400000;-1,07346443
-7,10300000;-1,07131443
-7,10200000;-1,06916902
-7,10100000;-1,06702820
-7,10000000;-1,06489194
-7,09900000;-1,06276022
-7,09800000;-1,06063303
-7,09700000;-1,05851035
-7,09600000;-1,05639216
-7,09500000;-1,05427843
-7,09400000;-1,05216916
-7,09300000;-1,05006433
-7,09200000;-1,04796391
-7,09100000;-1,04586788
-7,09000000;-1,04377624
-7,08900000;-1,04168896
-7,08800000;-1,03960602
-7,08700000;-1,03752741
-7,08600000;-1,03545311
-7,08500000;-1,03338310
-7,08400000;-1,03131736
-7,08300000;-1,02925588
-7,08200000;-1,02719864
-7,08100000;-1,02514561
-7,08000000;-1,02309680
-7,07900000;-1,02105217
-7,07800000;-1,01901172
-7,07700000;-1,01697541
-7,07600000;-1,01494325
-7,07500000;-1,01291520
-7,07400000;-1,01089126
-7,07300000;-1,00887141
-7,07200000;-1,00685563
-7,07100000;-1,00484391
-7,07000000;-1,00283622
-7,06900000;-1,00083256
-7,06800000;-0,99883290
-7,06700000;-0,99683723
-7,06600000;-0,99484554
-7,06500000;-0,99285781
-7,06400000;-0,99087401
-7,06300000;-0,98889415
-7,06200000;-0,98691820
-7,06100000;-0,98494615
-7,06000000;-0,98297797
-7,05900000;-0,98101366
-7,05800000;-0,97905320
-7,05700000;-0,97709658
-7,05600000;-0,97514378
-7,05500000;-0,97319478
-7,05400000;-0,97124957
-7,05300000;-0,96930814
-7,05200000;-0,96737046
-7,05100000;-0,96543653
-7,05000000;-0,96350633
-7,04900000;-0,96157985
-7,04800000;-0,95965707
-7,04700000;-0,95773798
-7,04600000;-0,95582255
-7,04500000;-0,95391079
-7,04400000;-0,95200267
-7,04300000;-0,95009818
-7,04200000;-0,94819730
-7,04100000;-0,94630003
-7,04000000;-0,94440634
-7,03900000;-0,94251623
-7,03800000;-0,94062968
-7,03700000;-0,93874667
-7,03600000;-0,93686719
-7,03500000;-0,93499123
-7,03400000;-0,93311878
-7,03300000;-0,93124982
-7,03200000;-0,92938433
-7,03100000;-0,92752231
-7,03000000;-0,92566374
-7,02900000;-0,92380861
-7,02800000;-0,92195691
-7,02700000;-0,92010861
-7,02600000;-0,91826371
-7,02500000;-0,91642220
-7,02400000;-0,91458406
-7,02300000;-0,91274928
-7,02200000;-0,91091784
-7,02100000;-0,90908974
-7,02000000;-0,90726496
-7,01900000;-0,90544348
-7,01800000;-0,90362531
-7,01700000;-0,90181041
-7,01600000;-0,89999879
-7,01500000;-0,89819042
-7,01400000;-0,89638530
-7,01300000;-0,89458341
-7,01200000;-0,89278475
-7,01100000;-0,89098929
-7,01000000;-0,88919703
-7,00900000;-0,88740795
-7,00800000;-0,88562204
-7,00700000;-0,88383930
-7,00600000;-0,88205970
-7,00500000;-0,88028325
-7,00400000;-0,87850991
-7,00300000;-0,87673969
-7,00200000;-0,87497257
-7,00100000;-0,87320854
-7,00000000;-0,87144759
-6,99900000;-0,86968970
-6,99800000;-0,86793487
-6,99700000;-0,86618308
-6,99600000;-0,86443433
-6,99500000;-0,86268859
-6,99400000;-0,86094587
-6,99300000;-0,85920614
-6,99200000;-0,85746940
-6,99100000;-0,85573564
-6,99000000;-0,85400484
-6,98900000;-0,85227699
-6,98800000;-0,85055209
-6,98700000;-0,84883012
-6,98600000;-0,84711107
-6,98500000;-0,84539493
-6,98400000;-0,84368168
-6,98300000;-0,84197133
-6,98200000;-0,84026386
-6,98100000;-0,83855925
-6,98000000;-0,83685749
-6,97900000;-0,83515859
-6,97800000;-0,83346252
-6,97700000;-0,83176927
-6,97600000;-0,83007884
-6,97500000;-0,82839121
-6,97400000;-0,82670638
-6,97300000;-0,82502433
-6,97200000;-0,82334505
-6,97100000;-0,82166854
-6,97000000;-0,81999477
-6,96900000;-0,81832375
-6,96800000;-0,81665547
-6,96700000;-0,81498990
-6,96600000;-0,81332705
-6,96500000;-0,81166690
-6,96400000;-0,81000945
-6,96300000;-0,80835468
-6,96200000;-0,80670258
-6,96100000;-0,80505314
-6,96000000;-0,80340636
-6,95900000;-0,80176222
-6,95800000;-0,80012071
-6,95700000;-0,79848183
-6,95600000;-0,79684557
-6,95500000;-0,79521191
-6,95400000;-0,79358085
-6,95300000;-0,79195237
-6,95200000;-0,79032647
-6,95100000;-0,78870314
-6,95000000;-0,78708237
-6,94900000;-0,78546414
-6,94800000;-0,78384846
-6,94700000;-0,78223531
-6,94600000;-0,78062468
-6,94500000;-0,77901656
-6,94400000;-0,77741094
-6,94300000;-0,77580782
-6,94200000;-0,77420719
-6,94100000;-0,77260903
-6,94000000;-0,77101334
-6,93900000;-0,76942011
-6,93800000;-0,76782933
-6,93700000;-0,76624099
-6,93600000;-0,76465508
-6,93500000;-0,76307159
-6,93400000;-0,76149052
-6,93300000;-0,75991186
-6,93200000;-0,75833559
-6,93100000;-0,75676171
-6,93000000;-0,75519022
-6,92900000;-0,75362109
-6,92800000;-0,75205433
-6,92700000;-0,75048992
-6,92600000;-0,74892786
-6,92500000;-0,74736813
-6,92400000;-0,74581074
-6,92300000;-0,74425567
-6,92200000;-0,74270291
-6,92100000;-0,74115245
-6,92000000;-0,73960429
-6,91900000;-0,73805842
-6,91800000;-0,73651483
-6,91700000;-0,73497352
-6,91600000;-0,73343446
-6,91500000;-0,73189766
-6,91400000;-0,73036311
-6,91300000;-0,72883080
-6,91200000;-0,72730073
-6,91100000;-0,72577287
-6,91000000;-0,72424723
-6,90900000;-0,72272380
-6,90800000;-0,72120257
-6,90700000;-0,71968354
-6,90600000;-0,71816669
-6,90500000;-0,71665201
-6,90400000;-0,71513951
-6,90300000;-0,71362916
-6,90200000;-0,71212097
-6,90100000;-0,71061493
-6,90000000;-0,70911103
-6,89900000;-0,70760925
-6,89800000;-0,70610960
-6,89700000;-0,70461207
-6,89600000;-0,70311665
-6,89500000;-0,70162332
-6,89400000;-0,70013210
-6,89300000;-0,69864295
-6,89200000;-0,69715589
-6,89100000;-0,69567090
-6,89000000;-0,69418798
-6,88900000;-0,69270711
-6,88800000;-0,69122829
-6,88700000;-0,68975151
-6,88600000;-0,68827678
-6,88500000;-0,68680406
-6,88400000;-0,68533338
-6,88300000;-0,68386470
-6,88200000;-0,68239803
-6,88100000;-0,68093337
-6,88000000;-0,67947069
-6,87900000;-0,67801001
-6,87800000;-0,67655130
-6,87700000;-0,67509456
-6,87600000;-0,67363979
-6,87500000;-0,67218698
-6,87400000;-0,67073612
-6,87300000;-0,66928721
-6,87200000;-0,66784023
-6,87100000;-0,66639518
-6,87000000;-0,66495206
-6,86900000;-0,66351086
-6,86800000;-0,66207157
-6,86700000;-0,66063418
-6,86600000;-0,65919869
-6,86500000;-0,65776510
-6,86400000;-0,65633338
-6,86300000;-0,65490355
-6,86200000;-0,65347559
-6,86100000;-0,65204949
-6,86000000;-0,65062525
-6,85900000;-0,64920286
-6,85800000;-0,64778232
-6,85700000;-0,64636362
-6,85600000;-0,64494675
-6,85500000;-0,64353170
-6,85400000;-0,64211848
-6,85300000;-0,64070707
-6,85200000;-0,63929747
-6,85100000;-0,63788967
-6,85000000;-0,63648366
-6,84900000;-0,63507944
-6,84800000;-0,63367701
-6,84700000;-0,63227635
-6,84600000;-0,63087746
-6,84500000;-0,62948034
-6,84400000;-0,62808497
-6,84300000;-0,62669136
-6,84200000;-0,62529949
-6,84100000;-0,62390936
-6,84000000;-0,62252096
-6,83900000;-0,62113429
-6,83800000;-0,61974934
-6,83700000;-0,61836611
-6,83600000;-0,61698459
-6,83500000;-0,61560477
-6,83400000;-0,61422665
-6,83300000;-0,61285022
-6,83200000;-0,61147548
-6,83100000;-0,61010242
-6,83000000;-0,60873103
-6,82900000;-0,60736131
-6,82800000;-0,60599325
-6,82700000;-0,60462685
-6,82600000;-0,60326210
-6,82500000;-0,60189900
-6,82400000;-0,60053754
-6,82300000;-0,59917771
-6,82200000;-0,59781951
-6,82100000;-0,59646293
-6,82000000;-0,59510797
-6,81900000;-0,59375462
-6,81800000;-0,59240288
-6,81700000;-0,59105274
-6,81600000;-0,58970419
-6,81500000;-0,58835724
-6,81400000;-0,58701187
-6,81300000;-0,58566807
-6,81200000;-0,58432585
-6,81100000;-0,58298520
-6,81000000;-0,58164611
-6,80900000;-0,58030857
-6,80800000;-0,57897259
-6,80700000;-0,57763815
-6,80600000;-0,57630526
-6,80500000;-0,57497390
-6,80400000;-0,57364407
-6,80300000;-0,57231576
-6,80200000;-0,57098897
-6,80100000;-0,56966370
-6,80000000;-0,56833994
-6,79900000;-0,56701768
-6,79800000;-0,56569692
-6,79700000;-0,56437765
-6,79600000;-0,56305988
-6,79500000;-0,56174358
-6,79400000;-0,56042876
-6,79300000;-0,55911542
-6,79200000;-0,55780354
-6,79100000;-0,55649313
-6,79000000;-0,55518417
-6,78900000;-0,55387667
-6,78800000;-0,55257061
-6,78700000;-0,55126600
-6,78600000;-0,54996282
-6,78500000;-0,54866108
-6,78400000;-0,54736076
-6,78300000;-0,54606187
-6,78200000;-0,54476440
-6,78100000;-0,54346833
-6,78000000;-0,54217368
-6,77900000;-0,54088043
-6,77800000;-0,53958857
-6,77700000;-0,53829812
-6,77600000;-0,53700904
-6,77500000;-0,53572136
-6,77400000;-0,53443505
-6,77300000;-0,53315011
-6,77200000;-0,53186655
-6,77100000;-0,53058435
-6,77000000;-0,52930351
-6,76900000;-0,52802402
-6,76800000;-0,52674589
-6,76700000;-0,52546910
-6,76600000;-0,52419365
-6,76500000;-0,52291954
-6,76400000;-0,52164676
-6,76300000;-0,52037531
-6,76200000;-0,51910518
-6,76100000;-0,51783637
-6,76000000;-0,51656887
-6,75900000;-0,51530268
-6,75800000;-0,51403780
-6,75700000;-0,51277421
-6,75600000;-0,51151192
-6,75500000;-0,51025092
-6,75400000;-0,50899121
-6,75300000;-0,50773277
-6,75200000;-0,50647562
-6,75100000;-0,50521974
-6,75000000;-0,50396513
-6,74900000;-0,50271178
-6,74800000;-0,50145969
-6,74700000;-0,50020885
-6,74600000;-0,49895927
-6,74500000;-0,49771093
-6,74400000;-0,49646383
-6,74300000;-0,49521798
-6,74200000;-0,49397335
-6,74100000;-0,49272996
-6,74000000;-0,49148778
-6,73900000;-0,49024683
-6,73800000;-0,48900710
-6,73700000;-0,48776858
-6,73600000;-0,48653126
-6,73500000;-0,48529515
-6,73400000;-0,48406024
-6,73300000;-0,48282652
-6,73200000;-0,48159399
-6,73100000;-0,48036265
-6,73000000;-0,47913250
-6,72900000;-0,47790352
-6,72800000;-0,47667571
-6,72700000;-0,47544908
-6,72600000;-0,47422361
-6,72500000;-0,47299930
-6,72400000;-0,47177615
-6,72300000;-0,47055415
-6,72200000;-0,46933331
-6,72100000;-0,46811361
-6,72000000;-0,46689504
-6,71900000;-0,46567762
-6,71800000;-0,46446133
-6,71700000;-0,46324617
-6,71600000;-0,46203214
-6,71500000;-0,46081922
-6,71400000;-0,45960743
-6,71300000;-0,45839675
-6,71200000;-0,45718717
-6,71100000;-0,45597870
-6,71000000;-0,45477134
-6,70900000;-0,45356507
-6,70800000;-0,45236044
-6,70700000;-0,45115634
-6,70600000;-0,44995334
-6,70500000;-0,44875141
-6,70400000;-0,44755056
-6,70300000;-0,44635079
-6,70200000;-0,44515209
-6,70100000;-0,44395445
-6,70000000;-0,44275788
-6,69900000;-0,44156237
-6,69800000;-0,44036791
-6,69700000;-0,43917450
-6,69600000;-0,43798214
-6,69500000;-0,43679083
-6,69400000;-0,43560056
-6,69300000;-0,43441132
-6,69200000;-0,43322311
-6,69100000;-0,43203594
-6,69000000;-0,43084979
-6,68900000;-0,42966466
-6,68800000;-0,42848055
-6,68700000;-0,42729746
-6,68600000;-0,42611537
-6,68500000;-0,42493429
-6,68400000;-0,42375422
-6,68300000;-0,42257515
-6,68200000;-0,42139707
-6,68100000;-0,42021998
-6,68000000;-0,41904389
-6,67900000;-0,41786877
-6,67800000;-0,41669464
-6,67700000;-0,41552149
-6,67600000;-0,41434932
-6,67500000;-0,41317811
-6,67400000;-0,41200787
-6,67300000;-0,41083860
-6,67200000;-0,40967028
-6,67100000;-0,40850293
-6,67000000;-0,40733652
-6,66900000;-0,40617107
-6,66800000;-0,40500656
-6,66700000;-0,40384300
-6,66600000;-0,40268038
-6,66500000;-0,40151869
-6,66400000;-0,40035793
-6,66300000;-0,39919810
-6,66200000;-0,39803920
-6,66100000;-0,39688122
-6,66000000;-0,39572416
-6,65900000;-0,39456802
-6,65800000;-0,39341279
-6,65700000;-0,39225846
-6,65600000;-0,39110504
-6,65500000;-0,38995253
-6,65400000;-0,38880091
-6,65300000;-0,38765019
-6,65200000;-0,38650036
-6,65100000;-0,38535141
-6,65000000;-0,38420336
-6,64900000;-0,38305618
-6,64800000;-0,38190988
-6,64700000;-0,38076446
-6,64600000;-0,37961991
-6,64500000;-0,37847623
-6,64400000;-0,37733342
-6,64300000;-0,37619146
-6,64200000;-0,37505037
-6,64100000;-0,37391013
-6,64000000;-0,37277075
-6,63900000;-0,37163221
-6,63800000;-0,37049452
-6,63700000;-0,36935767
-6,63600000;-0,36822166
-6,63500000;-0,36708649
-6,63400000;-0,36595215
-6,63300000;-0,36481864
-6,63200000;-0,36368596
-6,63100000;-0,36255410
-6,63000000;-0,36142306
-6,62900000;-0,36029284
-6,62800000;-0,35916343
-6,62700000;-0,35803484
-6,62600000;-0,35690705
-6,62500000;-0,35578007
-6,62400000;-0,35465389
-6,62300000;-0,35352850
-6,62200000;-0,35240391
-6,62100000;-0,35128012
-6,62000000;-0,35015711
-6,61900000;-0,34903489
-6,61800000;-0,34791346
-6,61700000;-0,34679280
-6,61600000;-0,34567292
-6,61500000;-0,34455382
-6,61400000;-0,34343548
-6,61300000;-0,34231792
-6,61200000;-0,34120112
-6,61100000;-0,34008508
-6,61000000;-0,33896980
-6,60900000;-0,33785527
-6,60800000;-0,33674150
-6,60700000;-0,33562848
-6,60600000;-0,33451620
-6,60500000;-0,33340467
-6,60400000;-0,33229388
-6,60300000;-0,33118383
-6,60200000;-0,33007451
-6,60100000;-0,32896593
-6,60000000;-0,32785807
-6,59900000;-0,32675094
-6,59800000;-0,32564453
-6,59700000;-0,32453885
-6,59600000;-0,32343388
-6,59500000;-0,32232963
-6,59400000;-0,32122608
-6,59300000;-0,32012325
-6,59200000;-0,31902112
-6,59100000;-0,31791970
-6,59000000;-0,31681897
-6,58900000;-0,31571895
-6,58800000;-0,31461961
-6,58700000;-0,31352097
-6,58600000;-0,31242302
-6,58500000;-0,31132575
-6,58400000;-0,31022917
-6,58300000;-0,30913326
-6,58200000;-0,30803804
-6,58100000;-0,30694349
-6,58000000;-0,30584961
-6,57900000;-0,30475640
-6,57800000;-0,30366385
-6,57700000;-0,30257197
-6,57600000;-0,30148075
-6,57500000;-0,30039019
-6,57400000;-0,29930028
-6,57300000;-0,29821102
-6,57200000;-0,29712242
-6,57100000;-0,29603446
-6,57000000;-0,29494714
-6,56900000;-0,29386047
-6,56800000;-0,29277458
-6,56700000;-0,29168918
-6,56600000;-0,29060441
-6,56500000;-0,28952027
-6,56400000;-0,28843676
-6,56300000;-0,28735388
-6,56200000;-0,28627161
-6,56100000;-0,28518997
-6,56000000;-0,28410894
-6,55900000;-0,28302853
-6,55800000;-0,28194872
-6,55700000;-0,28086953
-6,55600000;-0,27979094
-6,55500000;-0,27871296
-6,55400000;-0,27763558
-6,55300000;-0,27655879
-6,55200000;-0,27548260
-6,55100000;-0,27440701
-6,55000000;-0,27333200
-6,54900000;-0,27225758
-6,54800000;-0,27118375
-6,54700000;-0,27011050
-6,54600000;-0,26903782
-6,54500000;-0,26796573
-6,54400000;-0,26689421
-6,54300000;-0,26582326
-6,54200000;-0,26475288
-6,54100000;-0,26368307
-6,54000000;-0,26261382
-6,53900000;-0,26154513
-6,53800000;-0,26047700
-6,53700000;-0,25940943
-6,53600000;-0,25834241
-6,53500000;-0,25727595
-6,53400000;-0,25621003
-6,53300000;-0,25514465
-6,53200000;-0,25407983
-6,53100000;-0,25301554
-6,53000000;-0,25195179
-6,52900000;-0,25088857
-6,52800000;-0,24982589
-6,52700000;-0,24876374
-6,52600000;-0,24770212
-6,52500000;-0,24664103
-6,52400000;-0,24558046
-6,52300000;-0,24452041
-6,52200000;-0,24346087
-6,52100000;-0,24240186
-6,52000000;-0,24134335
-6,51900000;-0,24028536
-6,51800000;-0,23922788
-6,51700000;-0,23817090
-6,51600000;-0,23711442
-6,51500000;-0,23605845
-6,51400000;-0,23500297
-6,51300000;-0,23394799
-6,51200000;-0,23289350
-6,51100000;-0,23183951
-6,51000000;-0,23078600
-6,50900000;-0,22973298
-6,50800000;-0,22868044
-6,50700000;-0,22762839
-6,50600000;-0,22657681
-6,50500000;-0,22552571
-6,50400000;-0,22447509
-6,50300000;-0,22342493
-6,50200000;-0,22237525
-6,50100000;-0,22132603
-6,50000000;-0,22027727
-6,49900000;-0,21922898
-6,49800000;-0,21818115
-6,49700000;-0,21713377
-6,49600000;-0,21608685
-6,49500000;-0,21504038
-6,49400000;-0,21399436
-6,49300000;-0,21294879
-6,49200000;-0,21190367
-6,49100000;-0,21085898
-6,49000000;-0,20981474
-6,48900000;-0,20877094
-6,48800000;-0,20772757
-6,48700000;-0,20668463
-6,48600000;-0,20564213
-6,48500000;-0,20460005
-6,48400000;-0,20355840
-6,48300000;-0,20251718
-6,48200000;-0,20147638
-6,48100000;-0,20043599
-6,48000000;-0,19939602
-6,47900000;-0,19835647
-6,47800000;-0,19731733
-6,47700000;-0,19627860
-6,47600000;-0,19524028
-6,47500000;-0,19420236
-6,47400000;-0,19316485
-6,47300000;-0,19212773
-6,47200000;-0,19109102
-6,47100000;-0,19005470
-6,47000000;-0,18901877
-6,46900000;-0,18798324
-6,46800000;-0,18694810
-6,46700000;-0,18591334
-6,46600000;-0,18487897
-6,46500000;-0,18384498
-6,46400000;-0,18281137
-6,46300000;-0,18177814
-6,46200000;-0,18074528
-6,46100000;-0,17971280
-6,46000000;-0,17868068
-6,45900000;-0,17764894
-6,45800000;-0,17661756
-6,45700000;-0,17558655
-6,45600000;-0,17455590
-6,45500000;-0,17352561
-6,45400000;-0,17249568
-6,45300000;-0,17146610
-6,45200000;-0,17043687
-6,45100000;-0,16940800
-6,45000000;-0,16837947
-6,44900000;-0,16735129
-6,44800000;-0,16632346
-6,44700000;-0,16529597
-6,44600000;-0,16426881
-6,44500000;-0,16324200
-6,44400000;-0,16221551
-6,44300000;-0,16118937
-6,44200000;-0,16016355
-6,44100000;-0,15913806
-6,44000000;-0,15811290
-6,43900000;-0,15708806
-6,43800000;-0,15606354
-6,43700000;-0,15503935
-6,43600000;-0,15401547
-6,43500000;-0,15299190
-6,43400000;-0,15196865
-6,43300000;-0,15094571
-6,43200000;-0,14992308
-6,43100000;-0,14890076
-6,43000000;-0,14787874
-6,42900000;-0,14685702
-6,42800000;-0,14583560
-6,42700000;-0,14481448
-6,42600000;-0,14379316
-6,42500000;-0,14277264
-6,42400000;-0,14175242
-6,42300000;-0,14073249
-6,42200000;-0,13971284
-6,42100000;-0,13869348
-6,42000000;-0,13767440
-6,41900000;-0,13665560
-6,41800000;-0,13563708
-6,41700000;-0,13461883
-6,41600000;-0,13360086
-6,41500000;-0,13258316
-6,41400000;-0,13156572
-6,41300000;-0,13054856
-6,41200000;-0,12953166
-6,41100000;-0,12851502
-6,41000000;-0,12749865
-6,40900000;-0,12648253
-6,40800000;-0,12546667
-6,40700000;-0,12445107
-6,40600000;-0,12343572
-6,40500000;-0,12242061
-6,40400000;-0,12140576
-6,40300000;-0,12039115
-6,40200000;-0,11937679
-6,40100000;-0,11836266
-6,40000000;-0,11734878
-6,39900000;-0,11633514
-6,39800000;-0,11532173
-6,39700000;-0,11430855
-6,39600000;-0,11329561
-6,39500000;-0,11228289
-6,39400000;-0,11127040
-6,39300000;-0,11025814
-6,39200000;-0,10924610
-6,39100000;-0,10823428
-6,39000000;-0,10722268
-6,38900000;-0,10621130
-6,38800000;-0,10520013
-6,38700000;-0,10418917
-6,38600000;-0,10317843
-6,38500000;-0,10216789
-6,38400000;-0,10115756
-6,38300000;-0,10014743
-6,38200000;-0,09913751
-6,38100000;-0,09812778
-6,38000000;-0,09711826
-6,37900000;-0,09610893
-6,37800000;-0,09509979
-6,37700000;-0,09409084
-6,37600000;-0,09308209
-6,37500000;-0,09207352
-6,37400000;-0,09106514
-6,37300000;-0,09005694
-6,37200000;-0,08904892
-6,37100000;-0,08804108
-6,37000000;-0,08703342
-6,36900000;-0,08602594
-6,36800000;-0,08501862
-6,36700000;-0,08401148
-6,36600000;-0,08300451
-6,36500000;-0,08199771
-6,36400000;-0,08099107
-6,36300000;-0,07998459
-6,36200000;-0,07897827
-6,36100000;-0,07797212
-6,36000000;-0,07696612
-6,35900000;-0,07596027
-6,35800000;-0,07495458
-6,35700000;-0,07394904
-6,35600000;-0,07294364
-6,35500000;-0,07193840
-6,35400000;-0,07093329
-6,35300000;-0,06992834
-6,35200000;-0,06892352
-6,35100000;-0,06791884
-6,35000000;-0,06691429
-6,34900000;-0,06590988
-6,34800000;-0,06490560
-6,34700000;-0,06390146
-6,34600000;-0,06289744
-6,34500000;-0,06189354
-6,34400000;-0,06088978
-6,34300000;-0,05988613
-6,34200000;-0,05888260
-6,34100000;-0,05787919
-6,34000000;-0,05687590
-6,33900000;-0,05587273
-6,33800000;-0,05486966
-6,33700000;-0,05386670
-6,33600000;-0,05286386
-6,33500000;-0,05186111
-6,33400000;-0,05085848
-6,33300000;-0,04985594
-6,33200000;-0,04885350
-6,33100000;-0,04785117
-6,33000000;-0,04684892
-6,32900000;-0,04584678
-6,32800000;-0,04484472
-6,32700000;-0,04384275
-6,32600000;-0,04284088
-6,32500000;-0,04183908
-6,32400000;-0,04083737
-6,32300000;-0,03983575
-6,32200000;-0,03883420
-6,32100000;-0,03783273
-6,32000000;-0,03683134
-6,31900000;-0,03583002
-6,31800000;-0,03482877
-6,31700000;-0,03382759
-6,31600000;-0,03282648
-6,31500000;-0,03182543
-6,31400000;-0,03082445
-6,31300000;-0,02982353
-6,31200000;-0,02882267
-6,31100000;-0,02782187
-6,31000000;-0,02682112
-6,30900000;-0,02582043
-6,30800000;-0,02481979
-6,30700000;-0,02381920
-6,30600000;-0,02281865
-6,30500000;-0,02181816
-6,30400000;-0,02081770
-6,30300000;-0,01981729
-6,30200000;-0,01881691
-6,30100000;-0,01781658
-6,30000000;-0,01681628
-6,29900000;-0,01581601
-6,29800000;-0,01481578
-6,29700000;-0,01381601
-6,29600000;-0,01281575
-6,29500000;-0,01181552
-6,29400000;-0,01081533
-6,29300000;-0,00981517
-6,29200000;-0,00881504
-6,29100000;-0,00781493
-6,29000000;-0,00681485
-6,28900000;-0,00581479
-6,28800000;-0,00481475
-6,28700000;-0,00381472
-6,28600000;-0,00281470
-6,28500000;-0,00181470
-6,28400000;-0,00081469
-6,28300000;0,00018500
-6,28200000;0,00118500
-6,28100000;0,00218500
-6,28000000;0,00318501
-6,27900000;0,00418503
-6,27800000;0,00518505
-6,27700000;0,00618508
-6,27600000;0,00718513
-6,27500000;0,00818519
-6,27400000;0,00918527
-6,27300000;0,01018536
-6,27200000;0,01118548
-6,27100000;0,01218562
-6,27000000;0,01318578
-6,26900000;0,01418597
-6,26800000;0,01518618
-6,26700000;0,01618643
-6,26600000;0,01718671
-6,26500000;0,01818703
-6,26400000;0,01918738
-6,26300000;0,02018776
-6,26200000;0,02118819
-6,26100000;0,02218867
-6,26000000;0,02318918
-6,25900000;0,02418974
-6,25800000;0,02519036
-6,25700000;0,02619102
-6,25600000;0,02719173
-6,25500000;0,02819250
-6,25400000;0,02919332
-6,25300000;0,03019421
-6,25200000;0,03119515
-6,25100000;0,03219616
-6,25000000;0,03319723
-6,24900000;0,03419836
-6,24800000;0,03519957
-6,24700000;0,03620084
-6,24600000;0,03720219
-6,24500000;0,03820361
-6,24400000;0,03920511
-6,24300000;0,04020669
-6,24200000;0,04120835
-6,24100000;0,04221009
-6,24000000;0,04321192
-6,23900000;0,04421383
-6,23800000;0,04521583
-6,23700000;0,04621792
-6,23600000;0,04722010
-6,23500000;0,04822238
-6,23400000;0,04922476
-6,23300000;0,05022723
-6,23200000;0,05122981
-6,23100000;0,05223248
-6,23000000;0,05323527
-6,22900000;0,05423815
-6,22800000;0,05524115
-6,22700000;0,05624426
-6,22600000;0,05724748
-6,22500000;0,05825082
-6,22400000;0,05925427
-6,22300000;0,06025784
-6,22200000;0,06126154
-6,22100000;0,06226535
-6,22000000;0,06326929
-6,21900000;0,06427336
-6,21800000;0,06527756
-6,21700000;0,06628189
-6,21600000;0,06728635
-6,21500000;0,06829094
-6,21400000;0,06929568
-6,21300000;0,07030055
-6,21200000;0,07130556
-6,21100000;0,07231072
-6,21000000;0,07331602
-6,20900000;0,07432147
-6,20800000;0,07532707
-6,20700000;0,07633283
-6,20600000;0,07733873
-6,20500000;0,07834479
-6,20400000;0,07935101
-6,20300000;0,08035739
-6,20200000;0,08136393
-6,20100000;0,08237063
-6,20000000;0,08337750
-6,19900000;0,08438454
-6,19800000;0,08539174
-6,19700000;0,08639912
-6,19600000;0,08740668
-6,19500000;0,08841440
-6,19400000;0,08942231
-6,19300000;0,09043040
-6,19200000;0,09143867
-6,19100000;0,09244712
-6,19000000;0,09345577
-6,18900000;0,09446460
-6,18800000;0,09547362
-6,18700000;0,09648283
-6,18600000;0,09749224
-6,18500000;0,09850184
-6,18400000;0,09951164
-6,18300000;0,10052165
-6,18200000;0,10153186
-6,18100000;0,10254227
-6,18000000;0,10355289
-6,17900000;0,10456372
-6,17800000;0,10557476
-6,17700000;0,10658601
-6,17600000;0,10759748
-6,17500000;0,10860917
-6,17400000;0,10962107
-6,17300000;0,11063320
-6,17200000;0,11164556
-6,17100000;0,11265814
-6,17000000;0,11367094
-6,16900000;0,11468398
-6,16800000;0,11569725
-6,16700000;0,11671075
-6,16600000;0,11772450
-6,16500000;0,11873848
-6,16400000;0,11975270
-6,16300000;0,12076716
-6,16200000;0,12178187
-6,16100000;0,12279682
-6,16000000;0,12381203
-6,15900000;0,12482748
-6,15800000;0,12584319
-6,15700000;0,12685916
-6,15600000;0,12787538
-6,15500000;0,12889187
-6,15400000;0,12990861
-6,15300000;0,13092562
-6,15200000;0,13194290
-6,15100000;0,13296044
-6,15000000;0,13397826
-6,14900000;0,13499634
-6,14800000;0,13601471
-6,14700000;0,13703335
-6,14600000;0,13805226
-6,14500000;0,13907147
-6,14400000;0,14009095
-6,14300000;0,14111072
-6,14200000;0,14213078
-6,14100000;0,14315112
-6,14000000;0,14417176
-6,13900000;0,14519270
-6,13800000;0,14621393
-6,13700000;0,14723546
-6,13600000;0,14825729
-6,13500000;0,14927942
-6,13400000;0,15030186
-6,13300000;0,15132460
-6,13200000;0,15234766
-6,13100000;0,15337102
-6,13000000;0,15439470
-6,12900000;0,15541870
-6,12800000;0,15644302
-6,12700000;0,15746765
-6,12600000;0,15849261
-6,12500000;0,15951789
-6,12400000;0,16054350
-6,12300000;0,16156944
-6,12200000;0,16259572
-6,12100000;0,16362232
-6,12000000;0,16464926
-6,11900000;0,16567654
-6,11800000;0,16670416
-6,11700000;0,16773213
-6,11600000;0,16876043
-6,11500000;0,16978909
-6,11400000;0,17081809
-6,11300000;0,17184745
-6,11200000;0,17287716
-6,11100000;0,17390722
-6,11000000;0,17493765
-6,10900000;0,17596843
-6,10800000;0,17699958
-6,10700000;0,17803109
-6,10600000;0,17906297
-6,10500000;0,18009522
-6,10400000;0,18112784
-6,10300000;0,18216084
-6,10200000;0,18319421
-6,10100000;0,18422796
-6,10000000;0,18526209
-6,09900000;0,18629660
-6,09800000;0,18733150
-6,09700000;0,18836679
-6,09600000;0,18940247
-6,09500000;0,19043854
-6,09400000;0,19147501
-6,09300000;0,19251187
-6,09200000;0,19354913
-6,09100000;0,19458679
-6,09000000;0,19562486
-6,08900000;0,19666333
-6,08800000;0,19770222
-6,08700000;0,19874151
-6,08600000;0,19978121
-6,08500000;0,20082134
-6,08400000;0,20186187
-6,08300000;0,20290283
-6,08200000;0,20394422
-6,08100000;0,20498602
-6,08000000;0,20602826
-6,07900000;0,20707092
-6,07800000;0,20811401
-6,07700000;0,20915754
-6,07600000;0,21020151
-6,07500000;0,21124592
-6,07400000;0,21229076
-6,07300000;0,21333605
-6,07200000;0,21438179
-6,07100000;0,21542797
-6,07000000;0,21647461
-6,06900000;0,21752170
-6,06800000;0,21856924
-6,06700000;0,21961724
-6,06600000;0,22066571
-6,06500000;0,22171463
-6,06400000;0,22276402
-6,06300000;0,22381388
-6,06200000;0,22486421
-6,06100000;0,22591501
-6,06000000;0,22696629
-6,05900000;0,22801804
-6,05800000;0,22907027
-6,05700000;0,23012299
-6,05600000;0,23117619
-6,05500000;0,23222988
-6,05400000;0,23328405
-6,05300000;0,23433872
-6,05200000;0,23539388
-6,05100000;0,23644954
-6,05000000;0,23750570
-6,04900000;0,23856236
-6,04800000;0,23961953
-6,04700000;0,24067720
-6,04600000;0,24173538
-6,04500000;0,24279407
-6,04400000;0,24385328
-6,04300000;0,24491301
-6,04200000;0,24597325
-6,04100000;0,24703401
-6,04000000;0,24809530
-6,03900000;0,24915712
-6,03800000;0,25021946
-6,03700000;0,25128234
-6,03600000;0,25234575
-6,03500000;0,25340970
-6,03400000;0,25447418
-6,03300000;0,25553921
-6,03200000;0,25660479
-6,03100000;0,25767091
-6,03000000;0,25873758
-6,02900000;0,25980480
-6,02800000;0,26087258
-6,02700000;0,26194091
-6,02600000;0,26300980
-6,02500000;0,26407912
-6,02400000;0,26514915
-6,02300000;0,26621974
-6,02200000;0,26729089
-6,02100000;0,26836263
-6,02000000;0,26943494
-6,01900000;0,27050782
-6,01800000;0,27158129
-6,01700000;0,27265534
-6,01600000;0,27372997
-6,01500000;0,27480520
-6,01400000;0,27588101
-6,01300000;0,27695742
-6,01200000;0,27803442
-6,01100000;0,27911203
-6,01000000;0,28019023
-6,00900000;0,28126905
-6,00800000;0,28234846
-6,00700000;0,28342849
-6,00600000;0,28450913
-6,00500000;0,28559038
-6,00400000;0,28667226
-6,00300000;0,28775475
-6,00200000;0,28883786
-6,00100000;0,28992161
-6,00000000;0,29100598
-5,99900000;0,29209098
-5,99800000;0,29317661
-5,99700000;0,29426289
-5,99600000;0,29534980
-5,99500000;0,29643735
-5,99400000;0,29752555
-5,99300000;0,29861440
-5,99200000;0,29970390
-5,99100000;0,30079405
-5,99000000;0,30188485
-5,98900000;0,30297632
-5,98800000;0,30406844
-5,98700000;0,30516124
-5,98600000;0,30625469
-5,98500000;0,30734882
-5,98400000;0,30844362
-5,98300000;0,30953910
-5,98200000;0,31063526
-5,98100000;0,31173209
-5,98000000;0,31282961
-5,97900000;0,31392782
-5,97800000;0,31502672
-5,97700000;0,31612631
-5,97600000;0,31722659
-5,97500000;0,31832758
-5,97400000;0,31942926
-5,97300000;0,32053165
-5,97200000;0,32163474
-5,97100000;0,32273855
-5,97000000;0,32384307
-5,96900000;0,32494830
-5,96800000;0,32605425
-5,96700000;0,32716093
-5,96600000;0,32826832
-5,96500000;0,32937645
-5,96400000;0,33048531
-5,96300000;0,33159489
-5,96200000;0,33270522
-5,96100000;0,33381628
-5,96000000;0,33492809
-5,95900000;0,33604064
-5,95800000;0,33715394
-5,95700000;0,33826799
-5,95600000;0,33938279
-5,95500000;0,34049835
-5,95400000;0,34161467
-5,95300000;0,34273176
-5,95200000;0,34384960
-5,95100000;0,34496822
-5,95000000;0,34608761
-5,94900000;0,34720778
-5,94800000;0,34832872
-5,94700000;0,34945045
-5,94600000;0,35057296
-5,94500000;0,35169625
-5,94400000;0,35282034
-5,94300000;0,35394522
-5,94200000;0,35507090
-5,94100000;0,35619737
-5,94000000;0,35732465
-5,93900000;0,35845274
-5,93800000;0,35958163
-5,93700000;0,36071134
-5,93600000;0,36184186
-5,93500000;0,36297320
-5,93400000;0,36410536
-5,93300000;0,36523835
-5,93200000;0,36637216
-5,93100000;0,36750681
-5,93000000;0,36864229
-5,92900000;0,36977861
-5,92800000;0,37091577
-5,92700000;0,37205377
-5,92600000;0,37319262
-5,92500000;0,37433232
-5,92400000;0,37547287
-5,92300000;0,37661428
-5,92200000;0,37775655
-5,92100000;0,37889968
-5,92000000;0,38004368
-5,91900000;0,38118855
-5,91800000;0,38233429
-5,91700000;0,38348091
-5,91600000;0,38462841
-5,91500000;0,38577679
-5,91400000;0,38692606
-5,91300000;0,38807622
-5,91200000;0,38922727
-5,91100000;0,39037922
-5,91000000;0,39153206
-5,90900000;0,39268582
-5,90800000;0,39384047
-5,90700000;0,39499604
-5,90600000;0,39615252
-5,90500000;0,39730991
-5,90400000;0,39846823
-5,90300000;0,39962747
-5,90200000;0,40078764
-5,90100000;0,40194874
-5,90000000;0,40311077
-5,89900000;0,40427373
-5,89800000;0,40543764
-5,89700000;0,40660250
-5,89600000;0,40776830
-5,89500000;0,40893505
-5,89400000;0,41010276
-5,89300000;0,41127142
-5,89200000;0,41244105
-5,89100000;0,41361164
-5,89000000;0,41478320
-5,88900000;0,41595573
-5,88800000;0,41712924
-5,88700000;0,41830373
-5,88600000;0,41947920
-5,88500000;0,42065566
-5,88400000;0,42183310
-5,88300000;0,42301155
-5,88200000;0,42419098
-5,88100000;0,42537142
-5,88000000;0,42655287
-5,87900000;0,42773532
-5,87800000;0,42891879
-5,87700000;0,43010327
-5,87600000;0,43128877
-5,87500000;0,43247529
-5,87400000;0,43366284
-5,87300000;0,43485142
-5,87200000;0,43604103
-5,87100000;0,43723169
-5,87000000;0,43842338
-5,86900000;0,43961612
-5,86800000;0,44080991
-5,86700000;0,44200475
-5,86600000;0,44320065
-5,86500000;0,44439760
-5,86400000;0,44559563
-5,86300000;0,44679472
-5,86200000;0,44799488
-5,86100000;0,44919612
-5,86000000;0,45039844
-5,85900000;0,45160184
-5,85800000;0,45280633
-5,85700000;0,45401191
-5,85600000;0,45521858
-5,85500000;0,45642636
-5,85400000;0,45763524
-5,85300000;0,45884522
-5,85200000;0,46005632
-5,85100000;0,46126853
-5,85000000;0,46248186
-5,84900000;0,46369631
-5,84800000;0,46491189
-5,84700000;0,46612860
-5,84600000;0,46734644
-5,84500000;0,46856543
-5,84400000;0,46978555
-5,84300000;0,47100683
-5,84200000;0,47222925
-5,84100000;0,47345283
-5,84000000;0,47467757
-5,83900000;0,47590347
-5,83800000;0,47713054
-5,83700000;0,47835878
-5,83600000;0,47958820
-5,83500000;0,48081879
-5,83400000;0,48205057
-5,83300000;0,48328354
-5,83200000;0,48451770
-5,83100000;0,48575306
-5,83000000;0,48698961
-5,82900000;0,48822738
-5,82800000;0,48946635
-5,82700000;0,49070653
-5,82600000;0,49194794
-5,82500000;0,49319056
-5,82400000;0,49443441
-5,82300000;0,49567950
-5,82200000;0,49692581
-5,82100000;0,49817337
-5,82000000;0,49942217
-5,81900000;0,50067222
-5,81800000;0,50192352
-5,81700000;0,50317607
-5,81600000;0,50442989
-5,81500000;0,50568498
-5,81400000;0,50694133
-5,81300000;0,50819896
-5,81200000;0,50945786
-5,81100000;0,51071805
-5,81000000;0,51197953
-5,80900000;0,51324230
-5,80800000;0,51450637
-5,80700000;0,51577174
-5,80600000;0,51703841
-5,80500000;0,51830640
-5,80400000;0,51957570
-5,80300000;0,52084632
-5,80200000;0,52211826
-5,80100000;0,52339154
-5,80000000;0,52466614
-5,79900000;0,52594209
-5,79800000;0,52721938
-5,79700000;0,52849801
-5,79600000;0,52977800
-5,79500000;0,53105934
-5,79400000;0,53234205
-5,79300000;0,53362612
-5,79200000;0,53491157
-5,79100000;0,53619839
-5,79000000;0,53748659
-5,78900000;0,53877617
-5,78800000;0,54006715
-5,78700000;0,54135952
-5,78600000;0,54265329
-5,78500000;0,54394847
-5,78400000;0,54524505
-5,78300000;0,54654305
-5,78200000;0,54784248
-5,78100000;0,54914332
-5,78000000;0,55044559
-5,77900000;0,55174930
-5,77800000;0,55305445
-5,77700000;0,55436104
-5,77600000;0,55566909
-5,77500000;0,55697858
-5,77400000;0,55828954
-5,77300000;0,55960196
-5,77200000;0,56091585
-5,77100000;0,56223122
-5,77000000;0,56354806
-5,76900000;0,56486639
-5,76800000;0,56618621
-5,76700000;0,56750753
-5,76600000;0,56883034
-5,76500000;0,57015467
-5,76400000;0,57148050
-5,76300000;0,57280785
-5,76200000;0,57413672
-5,76100000;0,57546712
-5,76000000;0,57679905
-5,75900000;0,57813251
-5,75800000;0,57946752
-5,75700000;0,58080408
-5,75600000;0,58214219
-5,75500000;0,58348186
-5,75400000;0,58482310
-5,75300000;0,58616590
-5,75200000;0,58751028
-5,75100000;0,58885624
-5,75000000;0,59020379
-5,74900000;0,59155293
-5,74800000;0,59290366
-5,74700000;0,59425600
-5,74600000;0,59560994
-5,74500000;0,59696550
-5,74400000;0,59832268
-5,74300000;0,59968149
-5,74200000;0,60104192
-5,74100000;0,60240399
-5,74000000;0,60376770
-5,73900000;0,60513306
-5,73800000;0,60650008
-5,73700000;0,60786875
-5,73600000;0,60923909
-5,73500000;0,61061110
-5,73400000;0,61198478
-5,73300000;0,61336015
-5,73200000;0,61473721
-5,73100000;0,61611596
-5,73000000;0,61749641
-5,72900000;0,61887857
-5,72800000;0,62026243
-5,72700000;0,62164802
-5,72600000;0,62303533
-5,72500000;0,62442437
-5,72400000;0,62581514
-5,72300000;0,62720766
-5,72200000;0,62860192
-5,72100000;0,62999794
-5,72000000;0,63139572
-5,71900000;0,63279527
-5,71800000;0,63419658
-5,71700000;0,63559968
-5,71600000;0,63700456
-5,71500000;0,63841123
-5,71400000;0,63981970
-5,71300000;0,64122997
-5,71200000;0,64264206
-5,71100000;0,64405595
-5,71000000;0,64547168
-5,70900000;0,64688922
-5,70800000;0,64830861
-5,70700000;0,64972984
-5,70600000;0,65115291
-5,70500000;0,65257784
-5,70400000;0,65400463
-5,70300000;0,65543329
-5,70200000;0,65686382
-5,70100000;0,65829623
-5,70000000;0,65973053
-5,69900000;0,66116672
-5,69800000;0,66260481
-5,69700000;0,66404481
-5,69600000;0,66548733
-5,69500000;0,66693116
-5,69400000;0,66837692
-5,69300000;0,66982461
-5,69200000;0,67127424
-5,69100000;0,67272583
-5,69000000;0,67417936
-5,68900000;0,67563486
-5,68800000;0,67709232
-5,68700000;0,67855176
-5,68600000;0,68001319
-5,68500000;0,68147660
-5,68400000;0,68294200
-5,68300000;0,68440941
-5,68200000;0,68587883
-5,68100000;0,68735027
-5,68000000;0,68882373
-5,67900000;0,69029922
-5,67800000;0,69177675
-5,67700000;0,69325633
-5,67600000;0,69473796
-5,67500000;0,69622165
-5,67400000;0,69770741
-5,67300000;0,69919524
-5,67200000;0,70068515
-5,67100000;0,70217716
-5,67000000;0,70367126
-5,66900000;0,70516746
-5,66800000;0,70666577
-5,66700000;0,70816621
-5,66600000;0,70966877
-5,66500000;0,71117347
-5,66400000;0,71268030
-5,66300000;0,71418929
-5,66200000;0,71570043
-5,66100000;0,71721374
-5,66000000;0,71872922
-5,65900000;0,72024688
-5,65800000;0,72176673
-5,65700000;0,72328878
-5,65600000;0,72481302
-5,65500000;0,72633948
-5,65400000;0,72786816
-5,65300000;0,72939906
-5,65200000;0,73093220
-5,65100000;0,73246759
-5,65000000;0,73400522
-5,64900000;0,73554511
-5,64800000;0,73708727
-5,64700000;0,73863170
-5,64600000;0,74017842
-5,64500000;0,74172743
-5,64400000;0,74327874
-5,64300000;0,74483235
-5,64200000;0,74638829
-5,64100000;0,74794654
-5,64000000;0,74950713
-5,63900000;0,75107006
-5,63800000;0,75263534
-5,63700000;0,75420298
-5,63600000;0,75577299
-5,63500000;0,75734537
-5,63400000;0,75892013
-5,63300000;0,76049728
-5,63200000;0,76207684
-5,63100000;0,76365880
-5,63000000;0,76524319
-5,62900000;0,76683000
-5,62800000;0,76841924
-5,62700000;0,77001093
-5,62600000;0,77160507
-5,62500000;0,77320168
-5,62400000;0,77480075
-5,62300000;0,77640231
-5,62200000;0,77800635
-5,62100000;0,77961290
-5,62000000;0,78122195
-5,61900000;0,78283351
-5,61800000;0,78444760
-5,61700000;0,78606423
-5,61600000;0,78768339
-5,61500000;0,78930511
-5,61400000;0,79092940
-5,61300000;0,79255625
-5,61200000;0,79418569
-5,61100000;0,79581771
-5,61000000;0,79745234
-5,60900000;0,79908957
-5,60800000;0,80072943
-5,60700000;0,80237191
-5,60600000;0,80401703
-5,60500000;0,80566479
-5,60400000;0,80731522
-5,60300000;0,80896831
-5,60200000;0,81062407
-5,60100000;0,81228253
-5,60000000;0,81394368
-5,59900000;0,81560754
-5,59800000;0,81727411
-5,59700000;0,81894341
-5,59600000;0,82061545
-5,59500000;0,82229023
-5,59400000;0,82396777
-5,59300000;0,82564807
-5,59200000;0,82733116
-5,59100000;0,82901703
-5,59000000;0,83070569
-5,58900000;0,83239717
-5,58800000;0,83409146
-5,58700000;0,83578859
-5,58600000;0,83748855
-5,58500000;0,83919136
-5,58400000;0,84089703
-5,58300000;0,84260558
-5,58200000;0,84431700
-5,58100000;0,84603132
-5,58000000;0,84774854
-5,57900000;0,84946867
-5,57800000;0,85119173
-5,57700000;0,85291773
-5,57600000;0,85464667
-5,57500000;0,85637857
-5,57400000;0,85811344
-5,57300000;0,85985129
-5,57200000;0,86159213
-5,57100000;0,86333597
-5,57000000;0,86508282
-5,56900000;0,86683271
-5,56800000;0,86858562
-5,56700000;0,87034159
-5,56600000;0,87210061
-5,56500000;0,87386271
-5,56400000;0,87562788
-5,56300000;0,87739616
-5,56200000;0,87916753
-5,56100000;0,88094203
-5,56000000;0,88271965
-5,55900000;0,88450041
-5,55800000;0,88628433
-5,55700000;0,88807142
-5,55600000;0,88986167
-5,55500000;0,89165512
-5,55400000;0,89345177
-5,55300000;0,89525164
-5,55200000;0,89705472
-5,55100000;0,89886105
-5,55000000;0,90067063
-5,54900000;0,90248347
-5,54800000;0,90429958
-5,54700000;0,90611898
-5,54600000;0,90794168
-5,54500000;0,90976770
-5,54400000;0,91159704
-5,54300000;0,91342972
-5,54200000;0,91526575
-5,54100000;0,91710514
-5,54000000;0,91894791
-5,53900000;0,92079470
-5,53800000;0,92264425
-5,53700000;0,92449723
-5,53600000;0,92635363
-5,53500000;0,92821348
-5,53400000;0,93007678
-5,53300000;0,93194356
-5,53200000;0,93381381
-5,53100000;0,93568756
-5,53000000;0,93756482
-5,52900000;0,93944561
-5,52800000;0,94132993
-5,52700000;0,94321780
-5,52600000;0,94510924
-5,52500000;0,94700425
-5,52400000;0,94890286
-5,52300000;0,95080508
-5,52200000;0,95271091
-5,52100000;0,95462038
-5,52000000;0,95653350
-5,51900000;0,95845029
-5,51800000;0,96037075
-5,51700000;0,96229490
-5,51600000;0,96422276
-5,51500000;0,96615434
-5,51400000;0,96808966
-5,51300000;0,97002873
-5,51200000;0,97197157
-5,51100000;0,97391818
-5,51000000;0,97586859
-5,50900000;0,97782281
-5,50800000;0,97978086
-5,50700000;0,98174274
-5,50600000;0,98370849
-5,50500000;0,98567810
-5,50400000;0,98765160
-5,50300000;0,98962900
-5,50200000;0,99161033
-5,50100000;0,99359558
-5,50000000;0,99558478
-5,49900000;0,99757795
-5,49800000;0,99957510
-5,49700000;1,00157624
-5,49600000;1,00358140
-5,49500000;1,00559059
-5,49400000;1,00760382
-5,49300000;1,00962111
-5,49200000;1,01164248
-5,49100000;1,01366795
-5,49000000;1,01569752
-5,48900000;1,01773122
-5,48800000;1,01976907
-5,48700000;1,02181108
-5,48600000;1,02385726
-5,48500000;1,02590764
-5,48400000;1,02796223
-5,48300000;1,03002105
-5,48200000;1,03208411
-5,48100000;1,03415143
-5,48000000;1,03622304
-5,47900000;1,03829895
-5,47800000;1,04037917
-5,47700000;1,04246372
-5,47600000;1,04455262
-5,47500000;1,04664589
-5,47400000;1,04874355
-5,47300000;1,05084562
-5,47200000;1,05295210
-5,47100000;1,05506303
-5,47000000;1,05717841
-5,46900000;1,05929828
-5,46800000;1,06142263
-5,46700000;1,06355151
-5,46600000;1,06568491
-5,46500000;1,06782287
-5,46400000;1,06996540
-5,46300000;1,07211252
-5,46200000;1,07426425
-5,46100000;1,07642060
-5,46000000;1,07858161
-5,45900000;1,08074728
-5,45800000;1,08291763
-5,45700000;1,08509270
-5,45600000;1,08727248
-5,45500000;1,08945702
-5,45400000;1,09164631
-5,45300000;1,09384040
-5,45200000;1,09603928
-5,45100000;1,09824300
-5,45000000;1,10045156
-5,44900000;1,10266498
-5,44800000;1,10488329
-5,44700000;1,10710651
-5,44600000;1,10933466
-5,44500000;1,11156776
-5,44400000;1,11380583
-5,44300000;1,11604888
-5,44200000;1,11829695
-5,44100000;1,12055006
-5,44000000;1,12280822
-5,43900000;1,12507145
-5,43800000;1,12733979
-5,43700000;1,12961324
-5,43600000;1,13189184
-5,43500000;1,13417560
-5,43400000;1,13646455
-5,43300000;1,13875870
-5,43200000;1,14105809
-5,43100000;1,14336273
-5,43000000;1,14567264
-5,42900000;1,14798786
-5,42800000;1,15030840
-5,42700000;1,15263428
-5,42600000;1,15496553
-5,42500000;1,15730217
-5,42400000;1,15964422
-5,42300000;1,16199172
-5,42200000;1,16434467
-5,42100000;1,16670312
-5,42000000;1,16906707
-5,41900000;1,17143655
-5,41800000;1,17381159
-5,41700000;1,17619222
-5,41600000;1,17857845
-5,41500000;1,18097031
-5,41400000;1,18336783
-5,41300000;1,18577103
-5,41200000;1,18817994
-5,41100000;1,19059458
-5,41000000;1,19301497
-5,40900000;1,19544115
-5,40800000;1,19787313
-5,40700000;1,20031095
-5,40600000;1,20275463
-5,40500000;1,20520419
-5,40400000;1,20765966
-5,40300000;1,21012108
-5,40200000;1,21258845
-5,40100000;1,21506182
-5,40000000;1,21754120
-5,39900000;1,22002663
-5,39800000;1,22251814
-5,39700000;1,22501574
-5,39600000;1,22751947
-5,39500000;1,23002935
-5,39400000;1,23254541
-5,39300000;1,23506769
-5,39200000;1,23759620
-5,39100000;1,24013098
-5,39000000;1,24267205
-5,38900000;1,24521945
-5,38800000;1,24777320
-5,38700000;1,25033333
-5,38600000;1,25289987
-5,38500000;1,25547285
-5,38400000;1,25805230
-5,38300000;1,26063824
-5,38200000;1,26323072
-5,38100000;1,26582975
-5,38000000;1,26843537
-5,37900000;1,27104761
-5,37800000;1,27366650
-5,37700000;1,27629207
-5,37600000;1,27892435
-5,37500000;1,28156337
-5,37400000;1,28420916
-5,37300000;1,28686176
-5,37200000;1,28952119
-5,37100000;1,29218750
-5,37000000;1,29486070
-5,36900000;1,29754083
-5,36800000;1,30022793
-5,36700000;1,30292202
-5,36600000;1,30562314
-5,36500000;1,30833133
-5,36400000;1,31104661
-5,36300000;1,31376902
-5,36200000;1,31649859
-5,36100000;1,31923536
-5,36000000;1,32197936
-5,35900000;1,32473063
-5,35800000;1,32748919
-5,35700000;1,33025509
-5,35600000;1,33302836
-5,35500000;1,33580903
-5,35400000;1,33859714
-5,35300000;1,34139272
-5,35200000;1,34419581
-5,35100000;1,34700645
-5,35000000;1,34982467
-5,34900000;1,35265051
-5,34800000;1,35548401
-5,34700000;1,35832519
-5,34600000;1,36117411
-5,34500000;1,36403079
-5,34400000;1,36689528
-5,34300000;1,36976760
-5,34200000;1,37264781
-5,34100000;1,37553594
-5,34000000;1,37843202
-5,33900000;1,38133609
-5,33800000;1,38424820
-5,33700000;1,38716839
-5,33600000;1,39009668
-5,33500000;1,39303313
-5,33400000;1,39597778
-5,33300000;1,39893065
-5,33200000;1,40189180
-5,33100000;1,40486126
-5,33000000;1,40783908
-5,32900000;1,41082529
-5,32800000;1,41381994
-5,32700000;1,41682308
-5,32600000;1,41983473
-5,32500000;1,42285495
-5,32400000;1,42588377
-5,32300000;1,42892125
-5,32200000;1,43196741
-5,32100000;1,43502232
-5,32000000;1,43808600
-5,31900000;1,44115851
-5,31800000;1,44423989
-5,31700000;1,44733018
-5,31600000;1,45042943
-5,31500000;1,45353768
-5,31400000;1,45665498
-5,31300000;1,45978138
-5,31200000;1,46291692
-5,31100000;1,46606165
-5,31000000;1,46921560
-5,30900000;1,47237885
-5,30800000;1,47555142
-5,30700000;1,47873336
-5,30600000;1,48192473
-5,30500000;1,48512558
-5,30400000;1,48833594
-5,30300000;1,49155588
-5,30200000;1,49478543
-5,30100000;1,49802466
-5,30000000;1,50127360
-5,29900000;1,50453231
-5,29800000;1,50780085
-5,29700000;1,51107926
-5,29600000;1,51436758
-5,29500000;1,51766589
-5,29400000;1,52097422
-5,29300000;1,52429263
-5,29200000;1,52762117
-5,29100000;1,53095989
-5,29000000;1,53430886
-5,28900000;1,53766812
-5,28800000;1,54103772
-5,28700000;1,54441773
-5,28600000;1,54780819
-5,28500000;1,55120916
-5,28400000;1,55462070
-5,28300000;1,55804287
-5,28200000;1,56147571
-5,28100000;1,56491930
-5,28000000;1,56837367
-5,27900000;1,57183890
-5,27800000;1,57531505
-5,27700000;1,57880216
-5,27600000;1,58230029
-5,27500000;1,58580952
-5,27400000;1,58932989
-5,27300000;1,59286148
-5,27200000;1,59640433
-5,27100000;1,59995851
-5,27000000;1,60352408
-5,26900000;1,60710110
-5,26800000;1,61068965
-5,26700000;1,61428977
-5,26600000;1,61790153
-5,26500000;1,62152499
-5,26400000;1,62516023
-5,26300000;1,62880730
-5,26200000;1,63246628
-5,26100000;1,63613722
-5,26000000;1,63982019
-5,25900000;1,64351526
-5,25800000;1,64722249
-5,25700000;1,65094196
-5,25600000;1,65467373
-5,25500000;1,65841787
-5,25400000;1,66217445
-5,25300000;1,66594354
-5,25200000;1,66972521
-5,25100000;1,67351952
-5,25000000;1,67732656
-5,24900000;1,68114639
-5,24800000;1,68497909
-5,24700000;1,68882472
-5,24600000;1,69268337
-5,24500000;1,69655510
-5,24400000;1,70043999
-5,24300000;1,70433812
-5,24200000;1,70824955
-5,24100000;1,71217437
-5,24000000;1,71611266
-5,23900000;1,72006448
-5,23800000;1,72402992
-5,23700000;1,72800906
-5,23600000;1,73200198
-5,23500000;1,73600875
-5,23400000;1,74002946
-5,23300000;1,74406418
-5,23200000;1,74811300
-5,23100000;1,75217600
-5,23000000;1,75625327
-5,22900000;1,76034488
-5,22800000;1,76445092
-5,22700000;1,76857148
-5,22600000;1,77270664
-5,22500000;1,77685648
-5,22400000;1,78102110
-5,22300000;1,78520058
-5,22200000;1,78939501
-5,22100000;1,79360448
-5,22000000;1,79782907
-5,21900000;1,80206888
-5,21800000;1,80632401
-5,21700000;1,81059453
-5,21600000;1,81488054
-5,21500000;1,81918214
-5,21400000;1,82349942
-5,21300000;1,82783247
-5,21200000;1,83218139
-5,21100000;1,83654627
-5,21000000;1,84092722
-5,20900000;1,84532433
-5,20800000;1,84973770
-5,20700000;1,85416742
-5,20600000;1,85861360
-5,20500000;1,86307634
-5,20400000;1,86755574
-5,20300000;1,87205190
-5,20200000;1,87656493
-5,20100000;1,88109493
-5,20000000;1,88564200
-5,19900000;1,89020625
-5,19800000;1,89478779
-5,19700000;1,89938673
-5,19600000;1,90400317
-5,19500000;1,90863722
-5,19400000;1,91328899
-5,19300000;1,91795860
-5,19200000;1,92264616
-5,19100000;1,92735178
-5,19000000;1,93207557
-5,18900000;1,93681764
-5,18800000;1,94157813
-5,18700000;1,94635713
-5,18600000;1,95115478
-5,18500000;1,95597118
-5,18400000;1,96080646
-5,18300000;1,96566074
-5,18200000;1,97053415
-5,18100000;1,97542679
-5,18000000;1,98033881
-5,17900000;1,98527032
-5,17800000;1,99022144
-5,17700000;1,99519232
-5,17600000;2,00018307
-5,17500000;2,00519383
-5,17400000;2,01022472
-5,17300000;2,01527588
-5,17200000;2,02034743
-5,17100000;2,02543953
-5,17000000;2,03055229
-5,16900000;2,03568586
-5,16800000;2,04084037
-5,16700000;2,04601596
-5,16600000;2,05121277
-5,16500000;2,05643095
-5,16400000;2,06167064
-5,16300000;2,06693197
-5,16200000;2,07221510
-5,16100000;2,07752017
-5,16000000;2,08284733
-5,15900000;2,08819672
-5,15800000;2,09356851
-5,15700000;2,09896283
-5,15600000;2,10437985
-5,15500000;2,10981971
-5,15400000;2,11528257
-5,15300000;2,12076860
-5,15200000;2,12627794
-5,15100000;2,13181077
-5,15000000;2,13736723
-5,14900000;2,14294750
-5,14800000;2,14855173
-5,14700000;2,15418010
-5,14600000;2,15983277
-5,14500000;2,16550991
-5,14400000;2,17121169
-5,14300000;2,17693829
-5,14200000;2,18268987
-5,14100000;2,18846662
-5,14000000;2,19426870
-5,13900000;2,20009630
-5,13800000;2,20594961
-5,13700000;2,21182614
-5,13600000;2,21773142
-5,13500000;2,22366295
-5,13400000;2,22962092
-5,13300000;2,23560551
-5,13200000;2,24161693
-5,13100000;2,24765535
-5,13000000;2,25372098
-5,12900000;2,25981401
-5,12800000;2,26593464
-5,12700000;2,27208308
-5,12600000;2,27825951
-5,12500000;2,28446415
-5,12400000;2,29069721
-5,12300000;2,29695888
-5,12200000;2,30324939
-5,12100000;2,30956894
-5,12000000;2,31591775
-5,11900000;2,32229604
-5,11800000;2,32870401
-5,11700000;2,33514190
-5,11600000;2,34160993
-5,11500000;2,34810832
-5,11400000;2,35463730
-5,11300000;2,36119710
-5,11200000;2,36778795
-5,11100000;2,37441008
-5,11000000;2,38106374
-5,10900000;2,38774916
-5,10800000;2,39446658
-5,10700000;2,40121624
-5,10600000;2,40799840
-5,10500000;2,41481330
-5,10400000;2,42166119
-5,10300000;2,42854233
-5,10200000;2,43545697
-5,10100000;2,44240538
-5,10000000;2,44938781
-5,09900000;2,45640453
-5,09800000;2,46345580
-5,09700000;2,47054190
-5,09600000;2,47766311
-5,09500000;2,48481968
-5,09400000;2,49201191
-5,09300000;2,49924008
-5,09200000;2,50650446
-5,09100000;2,51380536
-5,09000000;2,52114305
-5,08900000;2,52851783
-5,08800000;2,53593001
-5,08700000;2,54337987
-5,08600000;2,55086772
-5,08500000;2,55839387
-5,08400000;2,56595863
-5,08300000;2,57356231
-5,08200000;2,58120523
-5,08100000;2,58888771
-5,08000000;2,59661007
-5,07900000;2,60437263
-5,07800000;2,61217574
-5,07700000;2,62001972
-5,07600000;2,62790491
-5,07500000;2,63583165
-5,07400000;2,64380028
-5,07300000;2,65181117
-5,07200000;2,65986465
-5,07100000;2,66796109
-5,07000000;2,67610085
-5,06900000;2,68428429
-5,06800000;2,69251178
-5,06700000;2,70078369
-5,06600000;2,70910041
-5,06500000;2,71746231
-5,06400000;2,72586978
-5,06300000;2,73432321
-5,06200000;2,74282300
-5,06100000;2,75136954
-5,06000000;2,75996324
-5,05900000;2,76860451
-5,05800000;2,77729376
-5,05700000;2,78603141
-5,05600000;2,79481788
-5,05500000;2,80365360
-5,05400000;2,81253901
-5,05300000;2,82147454
-5,05200000;2,83046063
-5,05100000;2,83949773
-5,05000000;2,84858631
-5,04900000;2,85772681
-5,04800000;2,86691970
-5,04700000;2,87616546
-5,04600000;2,88546455
-5,04500000;2,89481746
-5,04400000;2,90422468
-5,04300000;2,91368670
-5,04200000;2,92320402
-5,04100000;2,93277714
-5,04000000;2,94240659
-5,03900000;2,95209286
-5,03800000;2,96183650
-5,03700000;2,97163802
-5,03600000;2,98149797
-5,03500000;2,99141689
-5,03400000;3,00139533
-5,03300000;3,01143385
-5,03200000;3,02153302
-5,03100000;3,03169339
-5,03000000;3,04191557
-5,02900000;3,05220012
-5,02800000;3,06254764
-5,02700000;3,07295874
-5,02600000;3,08343402
-5,02500000;3,09397410
-5,02400000;3,10457961
-5,02300000;3,11525117
-5,02200000;3,12598943
-5,02100000;3,13679503
-5,02000000;3,14766864
-5,01900000;3,15861091
-5,01800000;3,16962253
-5,01700000;3,18070252
-5,01600000;3,19185488
-5,01500000;3,20307867
-5,01400000;3,21437460
-5,01300000;3,22574337
-5,01200000;3,23718573
-5,01100000;3,24870241
-5,01000000;3,26029416
-5,00900000;3,27196175
-5,00800000;3,28370593
-5,00700000;3,29552750
-5,00600000;3,30742725
-5,00500000;3,31940597
-5,00400000;3,33146448
-5,00300000;3,34360360
-5,00200000;3,35582417
-5,00100000;3,36812704
-5,00000000;3,38051306
-4,99900000;3,39298311
-4,99800000;3,40553807
-4,99700000;3,41817883
-4,99600000;3,43090631
-4,99500000;3,44372142
-4,99400000;3,45662510
-4,99300000;3,46961830
-4,99200000;3,48270197
-4,99100000;3,49587709
-4,99000000;3,50914465
-4,98900000;3,52250566
-4,98800000;3,53596113
-4,98700000;3,54951209
-4,98600000;3,56315959
-4,98500000;3,57690470
-4,98400000;3,59074849
-4,98300000;3,60469206
-4,98200000;3,61873651
-4,98100000;3,63288298
-4,98000000;3,64713261
-4,97900000;3,66148656
-4,97800000;3,67594602
-4,97700000;3,69051216
-4,97600000;3,70518622
-4,97500000;3,71996943
-4,97400000;3,73486303
-4,97300000;3,74986829
-4,97200000;3,76498652
-4,97100000;3,78021902
-4,97000000;3,79556712
-4,96900000;3,81103217
-4,96800000;3,82661555
-4,96700000;3,84231865
-4,96600000;3,85814289
-4,96500000;3,87408970
-4,96400000;3,89016056
-4,96300000;3,90635694
-4,96200000;3,92268035
-4,96100000;3,93913233
-4,96000000;3,95571444
-4,95900000;3,97242825
-4,95800000;3,98927539
-4,95700000;4,00625747
-4,95600000;4,02337618
-4,95500000;4,04063319
-4,95400000;4,05803022
-4,95300000;4,07556903
-4,95200000;4,09325138
-4,95100000;4,11107909
-4,95000000;4,12905398
-4,94900000;4,14717792
-4,94800000;4,16545282
-4,94700000;4,18388060
-4,94600000;4,20246323
-4,94500000;4,22120270
-4,94400000;4,24010105
-4,94300000;4,25916034
-4,94200000;4,27838268
-4,94100000;4,29777021
-4,94000000;4,31732511
-4,93900000;4,33704958
-4,93800000;4,35694590
-4,93700000;4,37701635
-4,93600000;4,39726326
-4,93500000;4,41768903
-4,93400000;4,43829606
-4,93300000;4,45908683
-4,93200000;4,48006385
-4,93100000;4,50122967
-4,93000000;4,52258690
-4,92900000;4,54413818
-4,92800000;4,56588622
-4,92700000;4,58783377
-4,92600000;4,60998364
-4,92500000;4,63233867
-4,92400000;4,65490177
-4,92300000;4,67767592
-4,92200000;4,70066413
-4,92100000;4,72386947
-4,92000000;4,74729510
-4,91900000;4,77094420
-4,91800000;4,79482005
-4,91700000;4,81892596
-4,91600000;4,84326532
-4,91500000;4,86784159
-4,91400000;4,89265830
-4,91300000;4,91771904
-4,91200000;4,94302749
-4,91100000;4,96858738
-4,91000000;4,99440253
-4,90900000;5,02047684
-4,90800000;5,04681428
-4,90700000;5,07341890
-4,90600000;5,10029486
-4,90500000;5,12744638
-4,90400000;5,15487776
-4,90300000;5,18259342
-4,90200000;5,21059786
-4,90100000;5,23889566
-4,90000000;5,26749153
-4,89900000;5,29639024
-4,89800000;5,32559671
-4,89700000;5,35511592
-4,89600000;5,38495300
-4,89500000;5,41511315
-4,89400000;5,44560173
-4,89300000;5,47642418
-4,89200000;5,50758609
-4,89100000;5,53909315
-4,89000000;5,57095119
-4,88900000;5,60316618
-4,88800000;5,63574422
-4,88700000;5,66869155
-4,88600000;5,70201454
-4,88500000;5,73571972
-4,88400000;5,76981378
-4,88300000;5,80430356
-4,88200000;5,83919606
-4,88100000;5,87449844
-4,88000000;5,91021803
-4,87900000;5,94636236
-4,87800000;5,98293911
-4,87700000;6,01995617
-4,87600000;6,05742162
-4,87500000;6,09534371
-4,87400000;6,13373094
-4,87300000;6,17259199
-4,87200000;6,21193577
-4,87100000;6,25177140
-4,87000000;6,29210825
-4,86900000;6,33295593
-4,86800000;6,37432428
-4,86700000;6,41622340
-4,86600000;6,45866366
-4,86500000;6,50165570
-4,86400000;6,54521043
-4,86300000;6,58933908
-4,86200000;6,63405314
-4,86100000;6,67936443
-4,86000000;6,72528509
-4,85900000;6,77182760
-4,85800000;6,81900476
-4,85700000;6,86682974
-4,85600000;6,91531607
-4,85500000;6,96450176
-4,85400000;7,01435243
-4,85300000;7,06490739
-4,85200000;7,11618178
-4,85100000;7,16819117
-4,85000000;7,22095158
-4,84900000;7,27447950
-4,84800000;7,32879192
-4,84700000;7,38390631
-4,84600000;7,43984070
-4,84500000;7,49661361
-4,84400000;7,55424418
-4,84300000;7,61275210
-4,84200000;7,67215767
-4,84100000;7,73248184
-4,84000000;7,79374620
-4,83900000;7,85597303
-4,83800000;7,91918532
-4,83700000;7,98340680
-4,83600000;8,04866194
-4,83500000;8,11497606
-4,83400000;8,18237527
-4,83300000;8,25088655
-4,83200000;8,32053781
-4,83100000;8,39135788
-4,83000000;8,46337657
-4,82900000;8,53662472
-4,82800000;8,61113423
-4,82700000;8,68693812
-4,82600000;8,76407057
-4,82500000;8,84256697
-4,82400000;8,92246398
-4,82300000;9,00379960
-4,82200000;9,08661319
-4,82100000;9,17094559
-4,82000000;9,25683912
-4,81900000;9,34433773
-4,81800000;9,43348701
-4,81700000;9,52433429
-4,81600000;9,61692874
-4,81500000;9,71132145
-4,81400000;9,80756549
-4,81300000;9,90571609
-4,81200000;10,00583065
-4,81100000;10,10796893
-4,81000000;10,21219312
-4,80900000;10,31856800
-4,80800000;10,42716106
-4,80700000;10,53804261
-4,80600000;10,65128602
-4,80500000;10,76696778
-4,80400000;10,88516775
-4,80300000;11,00596930
-4,80200000;11,12945952
-4,80100000;11,25572945
-4,80000000;11,38487427
-4,79900000;11,51699355
-4,79800000;11,65219153
-4,79700000;11,79057738
-4,79600000;11,93226547
-4,79500000;12,07737571
-4,79400000;12,22603392
-4,79300000;12,37837213
-4,79200000;12,53452902
-4,79100000;12,69465031
-4,79000000;12,85888925
-4,78900000;13,02740709
-4,78800000;13,20037358
-4,78700000;13,37796762
-4,78600000;13,56037778
-4,78500000;13,74780307
-4,78400000;13,94045357
-4,78300000;14,13855128
-4,78200000;14,34233097
-4,78100000;14,55204108
-4,78000000;14,76794474
-4,77900000;14,99032090
-4,77800000;15,21946552
-4,77700000;15,45569285
-4,77600000;15,69933694
-4,77500000;15,95075316
-4,77400000;16,21031995
-4,77300000;16,47844073
-4,77200000;16,75554600
-4,77100000;17,04209562
-4,77000000;17,33858140
-4,76900000;17,64552988
-4,76800000;17,96350549
-4,76700000;18,29311399
-4,76600000;18,63500634
-4,76500000;18,98988300
-4,76400000;19,35849870
-4,76300000;19,74166784
-4,76200000;20,14027047
-4,76100000;20,55525906
-4,76000000;20,98766610
-4,75900000;21,43861268
-4,75800000;21,90931821
-4,75700000;22,40111146
-4,75600000;22,91544303
-4,75500000;23,45389973
-4,75400000;24,01822088
-4,75300000;24,61031714
-4,75200000;25,23229209
-4,75100000;25,88646725
-4,75000000;26,57541104
-4,74900000;27,30197248
-4,74800000;28,06932063
-4,74700000;28,88099076
-4,74600000;29,74093892
-4,74500000;30,65360635
-4,74400000;31,62399632
-4,74300000;32,65776585
-4,74200000;33,76133615
-4,74100000;34,94202618
-4,74000000;36,20821516
-4,73900000;37,56954184
-4,73800000;39,03715036
-4,73700000;40,62399614
-4,73600000;42,34522937
-4,73500000;44,21868040
-4,73400000;46,26547982
-4,73300000;48,51085903
-4,73200000;50,98519582
-4,73100000;53,72539698
-4,73000000;56,77675193
-4,72900000;60,19545599
-4,72800000;64,05210335
-4,72700000;68,43661448
-4,72600000;73,46306729
-4,72500000;79,28941447
-4,72400000;86,11926477
-4,72300000;94,23633355
-4,72200000;104,04241540
-4,72100000;116,12594691
-4,72000000;131,38461977
-4,71900000;151,25927435
-4,71800000;178,21790153
-4,71700000;216,86944240
-4,71600000;276,92825600
-4,71500000;382,99079415
-4,71400000;620,72402973
-4,71300000;1636,60817771
-4,71200000;-2572,87873347
-4,71100000;-720,11244648
-4,71000000;-418,64176664
-4,70900000;-295,09955142
-4,70800000;-227,85772185
-4,70700000;-185,57251692
-4,70600000;-156,52477063
-4,70500000;-135,33971585
-4,70400000;-119,20545545
-4,70300000;-106,50808836
-4,70200000;-96,25512172
-4,70100000;-87,80265226
-4,70000000;-80,71467741
-4,69900000;-74,68545477
-4,69800000;-69,49423725
-4,69700000;-64,97765692
-4,69600000;-61,01221920
-4,69500000;-57,50283758
-4,69400000;-54,37510927
-4,69300000;-51,56998124
-4,69200000;-49,03998589
-4,69100000;-46,74653278
-4,69000000;-44,65792613
-4,68900000;-42,74789084
-4,68800000;-40,99446122
-4,68700000;-39,37913227
-4,68600000;-37,88620401
-4,68500000;-36,50226934
-4,68400000;-35,21581028
-4,68300000;-34,01687648
-4,68200000;-32,89682737
-4,68100000;-31,84812347
-4,68000000;-30,86415644
-4,67900000;-29,93910961
-4,67800000;-29,06784290
-4,67700000;-28,24579721
-4,67600000;-27,46891460
-4,67500000;-26,73357126
-4,67400000;-26,03652099
-4,67300000;-25,37484722
-4,67200000;-24,74592225
-4,67100000;-24,14737232
-4,67000000;-23,57704770
-4,66900000;-23,03299680
-4,66800000;-22,51344393
-4,66700000;-22,01676986
-4,66600000;-21,54149500
-4,66500000;-21,08626464
-4,66400000;-20,64983608
-4,66300000;-20,23106723
-4,66200000;-19,82890668
-4,66100000;-19,44238487
-4,66000000;-19,07060625
-4,65900000;-18,71274238
-4,65800000;-18,36802574
-4,65700000;-18,03574424
-4,65600000;-17,71523629
-4,65500000;-17,40588645
-4,65400000;-17,10712140
-4,65300000;-16,81840646
-4,65200000;-16,53924236
-4,65100000;-16,26916235
-4,65000000;-16,00772962
-4,64900000;-15,75453493
-4,64800000;-15,50919443
-4,64700000;-15,27134779
-4,64600000;-15,04065637
-4,64500000;-14,81680163
-4,64400000;-14,59948367
-4,64300000;-14,38841988
-4,64200000;-14,18334368
-4,64100000;-13,98400348
-4,64000000;-13,79016154
-4,63900000;-13,60159312
-4,63800000;-13,41808552
-4,63700000;-13,23943738
-4,63600000;-13,06545783
-4,63500000;-12,89596590
-4,63400000;-12,73078984
-4,63300000;-12,56976657
-4,63200000;-12,41274110
-4,63100000;-12,25956607
-4,63000000;-12,11010128
-4,62900000;-11,96421325
-4,62800000;-11,82177483
-4,62700000;-11,68266481
-4,62600000;-11,54676761
-4,62500000;-11,41397295
-4,62400000;-11,28417550
-4,62300000;-11,15727469
-4,62200000;-11,03317437
-4,62100000;-10,91178261
-4,62000000;-10,79301146
-4,61900000;-10,67677674
-4,61800000;-10,56299782
-4,61700000;-10,45159748
-4,61600000;-10,34250167
-4,61500000;-10,23563942
-4,61400000;-10,13094261
-4,61300000;-10,02834588
-4,61200000;-9,92778648
-4,61100000;-9,82920412
-4,61000000;-9,73254086
-4,60900000;-9,63774104
-4,60800000;-9,54475108
-4,60700000;-9,45351948
-4,60600000;-9,36399664
-4,60500000;-9,27613484
-4,60400000;-9,18988809
-4,60300000;-9,10521211
-4,60200000;-9,02206420
-4,60100000;-8,94040321
-4,60000000;-8,86018944
-4,59900000;-8,78138462
-4,59800000;-8,70395177
-4,59700000;-8,62785525
-4,59600000;-8,55306059
-4,59500000;-8,47953453
-4,59400000;-8,40724492
-4,59300000;-8,33616069
-4,59200000;-8,26625180
-4,59100000;-8,19748921
-4,59000000;-8,12984482
-4,58900000;-8,06329143
-4,58800000;-7,99780274
-4,58700000;-7,93335327
-4,58600000;-7,86991835
-4,58500000;-7,80747410
-4,58400000;-7,74599735
-4,58300000;-7,68546569
-4,58200000;-7,62585735
-4,58100000;-7,56715127
-4,58000000;-7,50932699
-4,57900000;-7,45236468
-4,57800000;-7,39624510
-4,57700000;-7,34094958
-4,57600000;-7,28645998
-4,57500000;-7,23275872
-4,57400000;-7,17982869
-4,57300000;-7,12765330
-4,57200000;-7,07621643
-4,57100000;-7,02550239
-4,57000000;-6,97549598
-4,56900000;-6,92618236
-4,56800000;-6,87754716
-4,56700000;-6,82957638
-4,56600000;-6,78225639
-4,56500000;-6,73557395
-4,56400000;-6,68951617
-4,56300000;-6,64407050
-4,56200000;-6,59922474
-4,56100000;-6,55496699
-4,56000000;-6,51128568
-4,55900000;-6,46816954
-4,55800000;-6,42560757
-4,55700000;-6,38358909
-4,55600000;-6,34210366
-4,55500000;-6,30114113
-4,55400000;-6,26069158
-4,55300000;-6,22074537
-4,55200000;-6,18129308
-4,55100000;-6,14232553
-4,55000000;-6,10383375
-4,54900000;-6,06580903
-4,54800000;-6,02824282
-4,54700000;-5,99112681
-4,54600000;-5,95445289
-4,54500000;-5,91821313
-4,54400000;-5,88239980
-4,54300000;-5,84700534
-4,54200000;-5,81202238
-4,54100000;-5,77744371
-4,54000000;-5,74326231
-4,53900000;-5,70947128
-4,53800000;-5,67606392
-4,53700000;-5,64303367
-4,53600000;-5,61037411
-4,53500000;-5,57807897
-4,53400000;-5,54614212
-4,53300000;-5,51455756
-4,53200000;-5,48331945
-4,53100000;-5,45242205
-4,53000000;-5,42185975
-4,52900000;-5,39162708
-4,52800000;-5,36171866
-4,52700000;-5,33212926
-4,52600000;-5,30285373
-4,52500000;-5,27388705
-4,52400000;-5,24522430
-4,52300000;-5,21686067
-4,52200000;-5,18879144
-4,52100000;-5,16101200
-4,52000000;-5,13351783
-4,51900000;-5,10630449
-4,51800000;-5,07936767
-4,51700000;-5,05270311
-4,51600000;-5,02630665
-4,51500000;-5,00017422
-4,51400000;-4,97430182
-4,51300000;-4,94868554
-4,51200000;-4,92332154
-4,51100000;-4,89820608
-4,51000000;-4,87333545
-4,50900000;-4,84870606
-4,50800000;-4,82431435
-4,50700000;-4,80015687
-4,50600000;-4,77623019
-4,50500000;-4,75253099
-4,50400000;-4,72905598
-4,50300000;-4,70580196
-4,50200000;-4,68276577
-4,50100000;-4,65994432
-4,50000000;-4,63733458
-4,49900000;-4,61493357
-4,49800000;-4,59273837
-4,49700000;-4,57074611
-4,49600000;-4,54895397
-4,49500000;-4,52735921
-4,49400000;-4,50595909
-4,49300000;-4,48475097
-4,49200000;-4,46373222
-4,49100000;-4,44290029
-4,49000000;-4,42225264
-4,48900000;-4,40178681
-4,48800000;-4,38150036
-4,48700000;-4,36139091
-4,48600000;-4,34145611
-4,48500000;-4,32169365
-4,48400000;-4,30210127
-4,48300000;-4,28267674
-4,48200000;-4,26341788
-4,48100000;-4,24432255
-4,48000000;-4,22538862
-4,47900000;-4,20661402
-4,47800000;-4,18799672
-4,47700000;-4,16953471
-4,47600000;-4,15122601
-4,47500000;-4,13306870
-4,47400000;-4,11506085
-4,47300000;-4,09720061
-4,47200000;-4,07948612
-4,47100000;-4,06191558
-4,47000000;-4,04448720
-4,46900000;-4,02719923
-4,46800000;-4,01004994
-4,46700000;-3,99303765
-4,46600000;-3,97616068
-4,46500000;-3,95941738
-4,46400000;-3,94280616
-4,46300000;-3,92632540
-4,46200000;-3,90997356
-4,46100000;-3,89374909
-4,46000000;-3,87765048
-4,45900000;-3,86167624
-4,45800000;-3,84582489
-4,45700000;-3,83009501
-4,45600000;-3,81448515
-4,45500000;-3,79899394
-4,45400000;-3,78361997
-4,45300000;-3,76836191
-4,45200000;-3,75321842
-4,45100000;-3,73818817
-4,45000000;-3,72326987
-4,44900000;-3,70846226
-4,44800000;-3,69376406
-4,44700000;-3,67917405
-4,44600000;-3,66469100
-4,44500000;-3,65031372
-4,44400000;-3,63604102
-4,44300000;-3,62187173
-4,44200000;-3,60780471
-4,44100000;-3,59383884
-4,44000000;-3,57997298
-4,43900000;-3,56620605
-4,43800000;-3,55253696
-4,43700000;-3,53896465
-4,43600000;-3,52548806
-4,43500000;-3,51210616
-4,43400000;-3,49881793
-4,43300000;-3,48562236
-4,43200000;-3,47251846
-4,43100000;-3,45950526
-4,43000000;-3,44658178
-4,42900000;-3,43374708
-4,42800000;-3,42100022
-4,42700000;-3,40834028
-4,42600000;-3,39576634
-4,42500000;-3,38327752
-4,42400000;-3,37087291
-4,42300000;-3,35855165
-4,42200000;-3,34631287
-4,42100000;-3,33415574
-4,42000000;-3,32207940
-4,41900000;-3,31008303
-4,41800000;-3,29816582
-4,41700000;-3,28632696
-4,41600000;-3,27456566
-4,41500000;-3,26288113
-4,41400000;-3,25127261
-4,41300000;-3,23973932
-4,41200000;-3,22828053
-4,41100000;-3,21689548
-4,41000000;-3,20558345
-4,40900000;-3,19434370
-4,40800000;-3,18317554
-4,40700000;-3,17207825
-4,40600000;-3,16105114
-4,40500000;-3,15009352
-4,40400000;-3,13920473
-4,40300000;-3,12838408
-4,40200000;-3,11763093
-4,40100000;-3,10694461
-4,40000000;-3,09632450
-4,39900000;-3,08576995
-4,39800000;-3,07528033
-4,39700000;-3,06485504
-4,39600000;-3,05449345
-4,39500000;-3,04419497
-4,39400000;-3,03395900
-4,39300000;-3,02378495
-4,39200000;-3,01367225
-4,39100000;-3,00362032
-4,39000000;-2,99362859
-4,38900000;-2,98369650
-4,38800000;-2,97382351
-4,38700000;-2,96400906
-4,38600000;-2,95425262
-4,38500000;-2,94455366
-4,38400000;-2,93491165
-4,38300000;-2,92532607
-4,38200000;-2,91579641
-4,38100000;-2,90632216
-4,38000000;-2,89690282
-4,37900000;-2,88753790
-4,37800000;-2,87822690
-4,37700000;-2,86896935
-4,37600000;-2,85976477
-4,37500000;-2,85061268
-4,37400000;-2,84151262
-4,37300000;-2,83246413
-4,37200000;-2,82346676
-4,37100000;-2,81452005
-4,37000000;-2,80562356
-4,36900000;-2,79677685
-4,36800000;-2,78797949
-4,36700000;-2,77923104
-4,36600000;-2,77053109
-4,36500000;-2,76187922
-4,36400000;-2,75327500
-4,36300000;-2,74471803
-4,36200000;-2,73620790
-4,36100000;-2,72774422
-4,36000000;-2,71932659
-4,35900000;-2,71095461
-4,35800000;-2,70262791
-4,35700000;-2,69434609
-4,35600000;-2,68610878
-4,35500000;-2,67791560
-4,35400000;-2,66976619
-4,35300000;-2,66166017
-4,35200000;-2,65359719
-4,35100000;-2,64557689
-4,35000000;-2,63759892
-4,34900000;-2,62966432
-4,34800000;-2,62176993
-4,34700000;-2,61391684
-4,34600000;-2,60610469
-4,34500000;-2,59833315
-4,34400000;-2,59060190
-4,34300000;-2,58291060
-4,34200000;-2,57525893
-4,34100000;-2,56764656
-4,34000000;-2,56007319
-4,33900000;-2,55253850
-4,33800000;-2,54504218
-4,33700000;-2,53758391
-4,33600000;-2,53016340
-4,33500000;-2,52278035
-4,33400000;-2,51543445
-4,33300000;-2,50812542
-4,33200000;-2,50085296
-4,33100000;-2,49361678
-4,33000000;-2,48641661
-4,32900000;-2,47925215
-4,32800000;-2,47212312
-4,32700000;-2,46502926
-4,32600000;-2,45797028
-4,32500000;-2,45094592
-4,32400000;-2,44395591
-4,32300000;-2,43699999
-4,32200000;-2,43007788
-4,32100000;-2,42318933
-4,32000000;-2,41633409
-4,31900000;-2,40951190
-4,31800000;-2,40272251
-4,31700000;-2,39596566
-4,31600000;-2,38924111
-4,31500000;-2,38254862
-4,31400000;-2,37588795
-4,31300000;-2,36925885
-4,31200000;-2,36266109
-4,31100000;-2,35609443
-4,31000000;-2,34955864
-4,30900000;-2,34305349
-4,30800000;-2,33657875
-4,30700000;-2,33013421
-4,30600000;-2,32371962
-4,30500000;-2,31733478
-4,30400000;-2,31097946
-4,30300000;-2,30465345
-4,30200000;-2,29835653
-4,30100000;-2,29208848
-4,30000000;-2,28584911
-4,29900000;-2,27963819
-4,29800000;-2,27345553
-4,29700000;-2,26730092
-4,29600000;-2,26117415
-4,29500000;-2,25507503
-4,29400000;-2,24900335
-4,29300000;-2,24295892
-4,29200000;-2,23694155
-4,29100000;-2,23095104
-4,29000000;-2,22498719
-4,28900000;-2,21904983
-4,28800000;-2,21313876
-4,28700000;-2,20725379
-4,28600000;-2,20139475
-4,28500000;-2,19556145
-4,28400000;-2,18975370
-4,28300000;-2,18397134
-4,28200000;-2,17821418
-4,28100000;-2,17248204
-4,28000000;-2,16677476
-4,27900000;-2,16109215
-4,27800000;-2,15543405
-4,27700000;-2,14980030
-4,27600000;-2,14419071
-4,27500000;-2,13860513
-4,27400000;-2,13304338
-4,27300000;-2,12750532
-4,27200000;-2,12199077
-4,27100000;-2,11649957
-4,27000000;-2,11103157
-4,26900000;-2,10558660
-4,26800000;-2,10016452
-4,26700000;-2,09476516
-4,26600000;-2,08938838
-4,26500000;-2,08403402
-4,26400000;-2,07870193
-4,26300000;-2,07339196
-4,26200000;-2,06810396
-4,26100000;-2,06283779
-4,26000000;-2,05759331
-4,25900000;-2,05237036
-4,25800000;-2,04716881
-4,25700000;-2,04198851
-4,25600000;-2,03682932
-4,25500000;-2,03169111
-4,25400000;-2,02657373
-4,25300000;-2,02147705
-4,25200000;-2,01640094
-4,25100000;-2,01134526
-4,25000000;-2,00630987
-4,24900000;-2,00129465
-4,24800000;-1,99629946
-4,24700000;-1,99132418
-4,24600000;-1,98636867
-4,24500000;-1,98143281
-4,24400000;-1,97651647
-4,24300000;-1,97161953
-4,24200000;-1,96674186
-4,24100000;-1,96188333
-4,24000000;-1,95704384
-4,23900000;-1,95222325
-4,23800000;-1,94742144
-4,23700000;-1,94263830
-4,23600000;-1,93787371
-4,23500000;-1,93312755
-4,23400000;-1,92839970
-4,23300000;-1,92369005
-4,23200000;-1,91899849
-4,23100000;-1,91432490
-4,23000000;-1,90966917
-4,22900000;-1,90503119
-4,22800000;-1,90041084
-4,22700000;-1,89580802
-4,22600000;-1,89122262
-4,22500000;-1,88665454
-4,22400000;-1,88210365
-4,22300000;-1,87756987
-4,22200000;-1,87305308
-4,22100000;-1,86855317
-4,22000000;-1,86407005
-4,21900000;-1,85960362
-4,21800000;-1,85515376
-4,21700000;-1,85072039
-4,21600000;-1,84630340
-4,21500000;-1,84190268
-4,21400000;-1,83751815
-4,21300000;-1,83314970
-4,21200000;-1,82879723
-4,21100000;-1,82446066
-4,21000000;-1,82013988
-4,20900000;-1,81583481
-4,20800000;-1,81154534
-4,20700000;-1,80727138
-4,20600000;-1,80301284
-4,20500000;-1,79876963
-4,20400000;-1,79454166
-4,20300000;-1,79032884
-4,20200000;-1,78613107
-4,20100000;-1,78194828
-4,20000000;-1,77778036
-4,19900000;-1,77362724
-4,19800000;-1,76948882
-4,19700000;-1,76536502
-4,19600000;-1,76125576
-4,19500000;-1,75716095
-4,19400000;-1,75308050
-4,19300000;-1,74901433
-4,19200000;-1,74496237
-4,19100000;-1,74092452
-4,19000000;-1,73690070
-4,18900000;-1,73289084
-4,18800000;-1,72889485
-4,18700000;-1,72491265
-4,18600000;-1,72094417
-4,18500000;-1,71698932
-4,18400000;-1,71304803
-4,18300000;-1,70912023
-4,18200000;-1,70520582
-4,18100000;-1,70130474
-4,18000000;-1,69741692
-4,17900000;-1,69354227
-4,17800000;-1,68968072
-4,17700000;-1,68583220
-4,17600000;-1,68199663
-4,17500000;-1,67817394
-4,17400000;-1,67436407
-4,17300000;-1,67056693
-4,17200000;-1,66678245
-4,17100000;-1,66301057
-4,17000000;-1,65925122
-4,16900000;-1,65550432
-4,16800000;-1,65176980
-4,16700000;-1,64804760
-4,16600000;-1,64433765
-4,16500000;-1,64063988
-4,16400000;-1,63695423
-4,16300000;-1,63328062
-4,16200000;-1,62961899
-4,16100000;-1,62596928
-4,16000000;-1,62233141
-4,15900000;-1,61870533
-4,15800000;-1,61509098
-4,15700000;-1,61148827
-4,15600000;-1,60789716
-4,15500000;-1,60431758
-4,15400000;-1,60074947
-4,15300000;-1,59719276
-4,15200000;-1,59364740
-4,15100000;-1,59011331
-4,15000000;-1,58659045
-4,14900000;-1,58307875
-4,14800000;-1,57957815
-4,14700000;-1,57608859
-4,14600000;-1,57261002
-4,14500000;-1,56914237
-4,14400000;-1,56568558
-4,14300000;-1,56223960
-4,14200000;-1,55880437
-4,14100000;-1,55537984
-4,14000000;-1,55196594
-4,13900000;-1,54856262
-4,13800000;-1,54516982
-4,13700000;-1,54178750
-4,13600000;-1,53841559
-4,13500000;-1,53505403
-4,13400000;-1,53170278
-4,13300000;-1,52836179
-4,13200000;-1,52503098
-4,13100000;-1,52171033
-4,13000000;-1,51839976
-4,12900000;-1,51509923
-4,12800000;-1,51180869
-4,12700000;-1,50852808
-4,12600000;-1,50525735
-4,12500000;-1,50199511
-4,12400000;-1,49874401
-4,12300000;-1,49550263
-4,12200000;-1,49227094
-4,12100000;-1,48904888
-4,12000000;-1,48583640
-4,11900000;-1,48263346
-4,11800000;-1,47943999
-4,11700000;-1,47625597
-4,11600000;-1,47308133
-4,11500000;-1,46991602
-4,11400000;-1,46676001
-4,11300000;-1,46361325
-4,11200000;-1,46047568
-4,11100000;-1,45734726
-4,11000000;-1,45422795
-4,10900000;-1,45111770
-4,10800000;-1,44801646
-4,10700000;-1,44492419
-4,10600000;-1,44184084
-4,10500000;-1,43876638
-4,10400000;-1,43570074
-4,10300000;-1,43264390
-4,10200000;-1,42959580
-4,10100000;-1,42655640
-4,10000000;-1,42352567
-4,09900000;-1,42050355
-4,09800000;-1,41749000
-4,09700000;-1,41448499
-4,09600000;-1,41148846
-4,09500000;-1,40850038
-4,09400000;-1,40552071
-4,09300000;-1,40254940
-4,09200000;-1,39958641
-4,09100000;-1,39663171
-4,09000000;-1,39368525
-4,08900000;-1,39074699
-4,08800000;-1,38781689
-4,08700000;-1,38489491
-4,08600000;-1,38198102
-4,08500000;-1,37907516
-4,08400000;-1,37617732
-4,08300000;-1,37328743
-4,08200000;-1,37040547
-4,08100000;-1,36753140
-4,08000000;-1,36466518
-4,07900000;-1,36180678
-4,07800000;-1,35895614
-4,07700000;-1,35611325
-4,07600000;-1,35327805
-4,07500000;-1,35045052
-4,07400000;-1,34763062
-4,07300000;-1,34481830
-4,07200000;-1,34201354
-4,07100000;-1,33921629
-4,07000000;-1,33642653
-4,06900000;-1,33364422
-4,06800000;-1,33086931
-4,06700000;-1,32810179
-4,06600000;-1,32534160
-4,06500000;-1,32258872
-4,06400000;-1,31984311
-4,06300000;-1,31710475
-4,06200000;-1,31437358
-4,06100000;-1,31164958
-4,06000000;-1,30893273
-4,05900000;-1,30622297
-4,05800000;-1,30352028
-4,05700000;-1,30082464
-4,05600000;-1,29813599
-4,05500000;-1,29545432
-4,05400000;-1,29277958
-4,05300000;-1,29011175
-4,05200000;-1,28745080
-4,05100000;-1,28479669
-4,05000000;-1,28214939
-4,04900000;-1,27950887
-4,04800000;-1,27687510
-4,04700000;-1,27424805
-4,04600000;-1,27162768
-4,04500000;-1,26901397
-4,04400000;-1,26640688
-4,04300000;-1,26380639
-4,04200000;-1,26121247
-4,04100000;-1,25862507
-4,04000000;-1,25604419
-4,03900000;-1,25346978
-4,03800000;-1,25090181
-4,03700000;-1,24834026
-4,03600000;-1,24578510
-4,03500000;-1,24323630
-4,03400000;-1,24069382
-4,03300000;-1,23815765
-4,03200000;-1,23562775
-4,03100000;-1,23310409
-4,03000000;-1,23058665
-4,02900000;-1,22807540
-4,02800000;-1,22557031
-4,02700000;-1,22307135
-4,02600000;-1,22057850
-4,02500000;-1,21809173
-4,02400000;-1,21561100
-4,02300000;-1,21313630
-4,02200000;-1,21066760
-4,02100000;-1,20820487
-4,02000000;-1,20574808
-4,01900000;-1,20329720
-4,01800000;-1,20085222
-4,01700000;-1,19841311
-4,01600000;-1,19597983
-4,01500000;-1,19355237
-4,01400000;-1,19113069
-4,01300000;-1,18871478
-4,01200000;-1,18630460
-4,01100000;-1,18390014
-4,01000000;-1,18150136
-4,00900000;-1,17910825
-4,00800000;-1,17672077
-4,00700000;-1,17433890
-4,00600000;-1,17196262
-4,00500000;-1,16959190
-4,00400000;-1,16722672
-4,00300000;-1,16486706
-4,00200000;-1,16251289
-4,00100000;-1,16016418
-4,00000000;-1,15782092
-3,99900000;-1,15548308
-3,99800000;-1,15315064
-3,99700000;-1,15082357
-3,99600000;-1,14850184
-3,99500000;-1,14618545
-3,99400000;-1,14387436
-3,99300000;-1,14156855
-3,99200000;-1,13926800
-3,99100000;-1,13697268
-3,99000000;-1,13468258
-3,98900000;-1,13239767
-3,98800000;-1,13011793
-3,98700000;-1,12784333
-3,98600000;-1,12557386
-3,98500000;-1,12330950
-3,98400000;-1,12105021
-3,98300000;-1,11879599
-3,98200000;-1,11654680
-3,98100000;-1,11430263
-3,98000000;-1,11206345
-3,97900000;-1,10982925
-3,97800000;-1,10760001
-3,97700000;-1,10537570
-3,97600000;-1,10315629
-3,97500000;-1,10094178
-3,97400000;-1,09873215
-3,97300000;-1,09652736
-3,97200000;-1,09432740
-3,97100000;-1,09213225
-3,97000000;-1,08994189
-3,96900000;-1,08775630
-3,96800000;-1,08557546
-3,96700000;-1,08339935
-3,96600000;-1,08122795
-3,96500000;-1,07906124
-3,96400000;-1,07689920
-3,96300000;-1,07474181
-3,96200000;-1,07258905
-3,96100000;-1,07044091
-3,96000000;-1,06829736
-3,95900000;-1,06615839
-3,95800000;-1,06402397
-3,95700000;-1,06189409
-3,95600000;-1,05976873
-3,95500000;-1,05764787
-3,95400000;-1,05553149
-3,95300000;-1,05341957
-3,95200000;-1,05131210
-3,95100000;-1,04920906
-3,95000000;-1,04711042
-3,94900000;-1,04501617
-3,94800000;-1,04292630
-3,94700000;-1,04084078
-3,94600000;-1,03875960
-3,94500000;-1,03668273
-3,94400000;-1,03461017
-3,94300000;-1,03254189
-3,94200000;-1,03047788
-3,94100000;-1,02841812
-3,94000000;-1,02636259
-3,93900000;-1,02431128
-3,93800000;-1,02226416
-3,93700000;-1,02022123
-3,93600000;-1,01818245
-3,93500000;-1,01614783
-3,93400000;-1,01411734
-3,93300000;-1,01209096
-3,93200000;-1,01006868
-3,93100000;-1,00805048
-3,93000000;-1,00603635
-3,92900000;-1,00402626
-3,92800000;-1,00202020
-3,92700000;-1,00001817
-3,92600000;-0,99802013
-3,92500000;-0,99602608
-3,92400000;-0,99403599
-3,92300000;-0,99204986
-3,92200000;-0,99006766
-3,92100000;-0,98808939
-3,92000000;-0,98611502
-3,91900000;-0,98414454
-3,91800000;-0,98217793
-3,91700000;-0,98021519
-3,91600000;-0,97825629
-3,91500000;-0,97630121
-3,91400000;-0,97434996
-3,91300000;-0,97240250
-3,91200000;-0,97045882
-3,91100000;-0,96851891
-3,91000000;-0,96658276
-3,90900000;-0,96465035
-3,90800000;-0,96272166
-3,90700000;-0,96079668
-3,90600000;-0,95887539
-3,90500000;-0,95695779
-3,90400000;-0,95504385
-3,90300000;-0,95313357
-3,90200000;-0,95122692
-3,90100000;-0,94932390
-3,90000000;-0,94742449
-3,89900000;-0,94552867
-3,89800000;-0,94363644
-3,89700000;-0,94174777
-3,89600000;-0,93986266
-3,89500000;-0,93798108
-3,89400000;-0,93610304
-3,89300000;-0,93422850
-3,89200000;-0,93235747
-3,89100000;-0,93048992
-3,89000000;-0,92862584
-3,88900000;-0,92676523
-3,88800000;-0,92490805
-3,88700000;-0,92305431
-3,88600000;-0,92120399
-3,88500000;-0,91935708
-3,88400000;-0,91751355
-3,88300000;-0,91567341
-3,88200000;-0,91383664
-3,88100000;-0,91200322
-3,88000000;-0,91017313
-3,87900000;-0,90834638
-3,87800000;-0,90652295
-3,87700000;-0,90470281
-3,87600000;-0,90288597
-3,87500000;-0,90107240
-3,87400000;-0,89926210
-3,87300000;-0,89745506
-3,87200000;-0,89565125
-3,87100000;-0,89385067
-3,87000000;-0,89205331
-3,86900000;-0,89025915
-3,86800000;-0,88846818
-3,86700000;-0,88668040
-3,86600000;-0,88489578
-3,86500000;-0,88311431
-3,86400000;-0,88133599
-3,86300000;-0,87956080
-3,86200000;-0,87778874
-3,86100000;-0,87601978
-3,86000000;-0,87425391
-3,85900000;-0,87249113
-3,85800000;-0,87073143
-3,85700000;-0,86897478
-3,85600000;-0,86722119
-3,85500000;-0,86547064
-3,85400000;-0,86372311
-3,85300000;-0,86197860
-3,85200000;-0,86023709
-3,85100000;-0,85849858
-3,85000000;-0,85676305
-3,84900000;-0,85503049
-3,84800000;-0,85330090
-3,84700000;-0,85157425
-3,84600000;-0,84985054
-3,84500000;-0,84812975
-3,84400000;-0,84641188
-3,84300000;-0,84469692
-3,84200000;-0,84298486
-3,84100000;-0,84127567
-3,84000000;-0,83956937
-3,83900000;-0,83786592
-3,83800000;-0,83616532
-3,83700000;-0,83446757
-3,83600000;-0,83277265
-3,83500000;-0,83108055
-3,83400000;-0,82939126
-3,83300000;-0,82770477
-3,83200000;-0,82602107
-3,83100000;-0,82434014
-3,83000000;-0,82266199
-3,82900000;-0,82098660
-3,82800000;-0,81931395
-3,82700000;-0,81764404
-3,82600000;-0,81597686
-3,82500000;-0,81431240
-3,82400000;-0,81265065
-3,82300000;-0,81099160
-3,82200000;-0,80933524
-3,82100000;-0,80768155
-3,82000000;-0,80603053
-3,81900000;-0,80438218
-3,81800000;-0,80273647
-3,81700000;-0,80109340
-3,81600000;-0,79945297
-3,81500000;-0,79781515
-3,81400000;-0,79617995
-3,81300000;-0,79454734
-3,81200000;-0,79291733
-3,81100000;-0,79128991
-3,81000000;-0,78966505
-3,80900000;-0,78804276
-3,80800000;-0,78642303
-3,80700000;-0,78480584
-3,80600000;-0,78319118
-3,80500000;-0,78157906
-3,80400000;-0,77996945
-3,80300000;-0,77836235
-3,80200000;-0,77675775
-3,80100000;-0,77515564
-3,80000000;-0,77355602
-3,79900000;-0,77195887
-3,79800000;-0,77036418
-3,79700000;-0,76877194
-3,79600000;-0,76718215
-3,79500000;-0,76559480
-3,79400000;-0,76400988
-3,79300000;-0,76242738
-3,79200000;-0,76084729
-3,79100000;-0,75926960
-3,79000000;-0,75769430
-3,78900000;-0,75612140
-3,78800000;-0,75455086
-3,78700000;-0,75298270
-3,78600000;-0,75141690
-3,78500000;-0,74985344
-3,78400000;-0,74829233
-3,78300000;-0,74673356
-3,78200000;-0,74517711
-3,78100000;-0,74362298
-3,78000000;-0,74207116
-3,77900000;-0,74052164
-3,77800000;-0,73897441
-3,77700000;-0,73742947
-3,77600000;-0,73588680
-3,77500000;-0,73434641
-3,77400000;-0,73280827
-3,77300000;-0,73127239
-3,77200000;-0,72973875
-3,77100000;-0,72820735
-3,77000000;-0,72667818
-3,76900000;-0,72515123
-3,76800000;-0,72362649
-3,76700000;-0,72210395
-3,76600000;-0,72058362
-3,76500000;-0,71906547
-3,76400000;-0,71754951
-3,76300000;-0,71603571
-3,76200000;-0,71452409
-3,76100000;-0,71301462
-3,76000000;-0,71150731
-3,75900000;-0,71000214
-3,75800000;-0,70849910
-3,75700000;-0,70699819
-3,75600000;-0,70549941
-3,75500000;-0,70400273
-3,75400000;-0,70250816
-3,75300000;-0,70101569
-3,75200000;-0,69952532
-3,75100000;-0,69803702
-3,75000000;-0,69655080
-3,74900000;-0,69506665
-3,74800000;-0,69358457
-3,74700000;-0,69210453
-3,74600000;-0,69062655
-3,74500000;-0,68915060
-3,74400000;-0,68767669
-3,74300000;-0,68620480
-3,74200000;-0,68473493
-3,74100000;-0,68326708
-3,74000000;-0,68180122
-3,73900000;-0,68033737
-3,73800000;-0,67887550
-3,73700000;-0,67741562
-3,73600000;-0,67595772
-3,73500000;-0,67450178
-3,73400000;-0,67304781
-3,73300000;-0,67159579
-3,73200000;-0,67014573
-3,73100000;-0,66869760
-3,73000000;-0,66725141
-3,72900000;-0,66580715
-3,72800000;-0,66436481
-3,72700000;-0,66292439
-3,72600000;-0,66148587
-3,72500000;-0,66004926
-3,72400000;-0,65861454
-3,72300000;-0,65718171
-3,72200000;-0,65575076
-3,72100000;-0,65432169
-3,72000000;-0,65289449
-3,71900000;-0,65146915
-3,71800000;-0,65004566
-3,71700000;-0,64862403
-3,71600000;-0,64720424
-3,71500000;-0,64578628
-3,71400000;-0,64437015
-3,71300000;-0,64295585
-3,71200000;-0,64154337
-3,71100000;-0,64013269
-3,71000000;-0,63872383
-3,70900000;-0,63731676
-3,70800000;-0,63591148
-3,70700000;-0,63450799
-3,70600000;-0,63310628
-3,70500000;-0,63170634
-3,70400000;-0,63030817
-3,70300000;-0,62891176
-3,70200000;-0,62751711
-3,70100000;-0,62612420
-3,70000000;-0,62473304
-3,69900000;-0,62334362
-3,69800000;-0,62195593
-3,69700000;-0,62056996
-3,69600000;-0,61918571
-3,69500000;-0,61780318
-3,69400000;-0,61642176
-3,69300000;-0,61504264
-3,69200000;-0,61366521
-3,69100000;-0,61228947
-3,69000000;-0,61091542
-3,68900000;-0,60954304
-3,68800000;-0,60817234
-3,68700000;-0,60680330
-3,68600000;-0,60543592
-3,68500000;-0,60407020
-3,68400000;-0,60270612
-3,68300000;-0,60134369
-3,68200000;-0,59998290
-3,68100000;-0,59862374
-3,68000000;-0,59726620
-3,67900000;-0,59591029
-3,67800000;-0,59455599
-3,67700000;-0,59320330
-3,67600000;-0,59185221
-3,67500000;-0,59050272
-3,67400000;-0,58915483
-3,67300000;-0,58780852
-3,67200000;-0,58646379
-3,67100000;-0,58512064
-3,67000000;-0,58377906
-3,66900000;-0,58243905
-3,66800000;-0,58110059
-3,66700000;-0,57976370
-3,66600000;-0,57842835
-3,66500000;-0,57709454
-3,66400000;-0,57576227
-3,66300000;-0,57443154
-3,66200000;-0,57310233
-3,66100000;-0,57177465
-3,66000000;-0,57044848
-3,65900000;-0,56912383
-3,65800000;-0,56780068
-3,65700000;-0,56647904
-3,65600000;-0,56515889
-3,65500000;-0,56384023
-3,65400000;-0,56252306
-3,65300000;-0,56120737
-3,65200000;-0,55989315
-3,65100000;-0,55858041
-3,65000000;-0,55726913
-3,64900000;-0,55595932
-3,64800000;-0,55465095
-3,64700000;-0,55334404
-3,64600000;-0,55203858
-3,64500000;-0,55073455
-3,64400000;-0,54943196
-3,64300000;-0,54813081
-3,64200000;-0,54683107
-3,64100000;-0,54553276
-3,64000000;-0,54423586
-3,63900000;-0,54294038
-3,63800000;-0,54164630
-3,63700000;-0,54035362
-3,63600000;-0,53906234
-3,63500000;-0,53777244
-3,63400000;-0,53648394
-3,63300000;-0,53519682
-3,63200000;-0,53391107
-3,63100000;-0,53262670
-3,63000000;-0,53134369
-3,62900000;-0,53006205
-3,62800000;-0,52878176
-3,62700000;-0,52750283
-3,62600000;-0,52622525
-3,62500000;-0,52494901
-3,62400000;-0,52367411
-3,62300000;-0,52240054
-3,62200000;-0,52112830
-3,62100000;-0,51985739
-3,62000000;-0,51858780
-3,61900000;-0,51731953
-3,61800000;-0,51605257
-3,61700000;-0,51478691
-3,61600000;-0,51352256
-3,61500000;-0,51225950
-3,61400000;-0,51099774
-3,61300000;-0,50973727
-3,61200000;-0,50847808
-3,61100000;-0,50722017
-3,61000000;-0,50596353
-3,60900000;-0,50470817
-3,60800000;-0,50345408
-3,60700000;-0,50220124
-3,60600000;-0,50094967
-3,60500000;-0,49969934
-3,60400000;-0,49845027
-3,60300000;-0,49720244
-3,60200000;-0,49595585
-3,60100000;-0,49471050
-3,60000000;-0,49346638
-3,59900000;-0,49222348
-3,59800000;-0,49098181
-3,59700000;-0,48974136
-3,59600000;-0,48850212
-3,59500000;-0,48726409
-3,59400000;-0,48602727
-3,59300000;-0,48479165
-3,59200000;-0,48355722
-3,59100000;-0,48232399
-3,59000000;-0,48109195
-3,58900000;-0,47986110
-3,58800000;-0,47863142
-3,58700000;-0,47740292
-3,58600000;-0,47617560
-3,58500000;-0,47494944
-3,58400000;-0,47372444
-3,58300000;-0,47250061
-3,58200000;-0,47127793
-3,58100000;-0,47005641
-3,58000000;-0,46883603
-3,57900000;-0,46761679
-3,57800000;-0,46639870
-3,57700000;-0,46518174
-3,57600000;-0,46396591
-3,57500000;-0,46275121
-3,57400000;-0,46153764
-3,57300000;-0,46032518
-3,57200000;-0,45911384
-3,57100000;-0,45790361
-3,57000000;-0,45669449
-3,56900000;-0,45548647
-3,56800000;-0,45427956
-3,56700000;-0,45307374
-3,56600000;-0,45186901
-3,56500000;-0,45066537
-3,56400000;-0,44946281
-3,56300000;-0,44826133
-3,56200000;-0,44706093
-3,56100000;-0,44586161
-3,56000000;-0,44466335
-3,55900000;-0,44346616
-3,55800000;-0,44227003
-3,55700000;-0,44107495
-3,55600000;-0,43988094
-3,55500000;-0,43868797
-3,55400000;-0,43749604
-3,55300000;-0,43630516
-3,55200000;-0,43511532
-3,55100000;-0,43392651
-3,55000000;-0,43273874
-3,54900000;-0,43155199
-3,54800000;-0,43036626
-3,54700000;-0,42918156
-3,54600000;-0,42799787
-3,54500000;-0,42681520
-3,54400000;-0,42563353
-3,54300000;-0,42445287
-3,54200000;-0,42327321
-3,54100000;-0,42209455
-3,54000000;-0,42091689
-3,53900000;-0,41974021
-3,53800000;-0,41856452
-3,53700000;-0,41738982
-3,53600000;-0,41621610
-3,53500000;-0,41504335
-3,53400000;-0,41387157
-3,53300000;-0,41270077
-3,53200000;-0,41153093
-3,53100000;-0,41036206
-3,53000000;-0,40919414
-3,52900000;-0,40802718
-3,52800000;-0,40686117
-3,52700000;-0,40569611
-3,52600000;-0,40453199
-3,52500000;-0,40336882
-3,52400000;-0,40220658
-3,52300000;-0,40104528
-3,52200000;-0,39988491
-3,52100000;-0,39872546
-3,52000000;-0,39756694
-3,51900000;-0,39640934
-3,51800000;-0,39525266
-3,51700000;-0,39409690
-3,51600000;-0,39294204
-3,51500000;-0,39178809
-3,51400000;-0,39063504
-3,51300000;-0,38948290
-3,51200000;-0,38833165
-3,51100000;-0,38718130
-3,51000000;-0,38603183
-3,50900000;-0,38488326
-3,50800000;-0,38373557
-3,50700000;-0,38258875
-3,50600000;-0,38144282
-3,50500000;-0,38029776
-3,50400000;-0,37915357
-3,50300000;-0,37801024
-3,50200000;-0,37686778
-3,50100000;-0,37572619
-3,50000000;-0,37458544
-3,49900000;-0,37344556
-3,49800000;-0,37230652
-3,49700000;-0,37116833
-3,49600000;-0,37003099
-3,49500000;-0,36889449
-3,49400000;-0,36775883
-3,49300000;-0,36662400
-3,49200000;-0,36549000
-3,49100000;-0,36435683
-3,49000000;-0,36322449
-3,48900000;-0,36209297
-3,48800000;-0,36096227
-3,48700000;-0,35983238
-3,48600000;-0,35870331
-3,48500000;-0,35757505
-3,48400000;-0,35644759
-3,48300000;-0,35532094
-3,48200000;-0,35419509
-3,48100000;-0,35307003
-3,48000000;-0,35194577
-3,47900000;-0,35082230
-3,47800000;-0,34969962
-3,47700000;-0,34857772
-3,47600000;-0,34745661
-3,47500000;-0,34633627
-3,47400000;-0,34521671
-3,47300000;-0,34409792
-3,47200000;-0,34297990
-3,47100000;-0,34186265
-3,47000000;-0,34074616
-3,46900000;-0,33963044
-3,46800000;-0,33851547
-3,46700000;-0,33740125
-3,46600000;-0,33628779
-3,46500000;-0,33517507
-3,46400000;-0,33406310
-3,46300000;-0,33295188
-3,46200000;-0,33184139
-3,46100000;-0,33073164
-3,46000000;-0,32962262
-3,45900000;-0,32851434
-3,45800000;-0,32740678
-3,45700000;-0,32629995
-3,45600000;-0,32519384
-3,45500000;-0,32408845
-3,45400000;-0,32298377
-3,45300000;-0,32187981
-3,45200000;-0,32077656
-3,45100000;-0,31967402
-3,45000000;-0,31857218
-3,44900000;-0,31747104
-3,44800000;-0,31637060
-3,44700000;-0,31527086
-3,44600000;-0,31417198
-3,44500000;-0,31307362
-3,44400000;-0,31197594
-3,44300000;-0,31087896
-3,44200000;-0,30978265
-3,44100000;-0,30868702
-3,44000000;-0,30759207
-3,43900000;-0,30649780
-3,43800000;-0,30540419
-3,43700000;-0,30431125
-3,43600000;-0,30321898
-3,43500000;-0,30212737
-3,43400000;-0,30103641
-3,43300000;-0,29994612
-3,43200000;-0,29885648
-3,43100000;-0,29776749
-3,43000000;-0,29667914
-3,42900000;-0,29559145
-3,42800000;-0,29450439
-3,42700000;-0,29341798
-3,42600000;-0,29233220
-3,42500000;-0,29124706
-3,42400000;-0,29016255
-3,42300000;-0,28907867
-3,42200000;-0,28799542
-3,42100000;-0,28691279
-3,42000000;-0,28583078
-3,41900000;-0,28474939
-3,41800000;-0,28366861
-3,41700000;-0,28258845
-3,41600000;-0,28150890
-3,41500000;-0,28042995
-3,41400000;-0,27935161
-3,41300000;-0,27827388
-3,41200000;-0,27719674
-3,41100000;-0,27612020
-3,41000000;-0,27504425
-3,40900000;-0,27396890
-3,40800000;-0,27289413
-3,40700000;-0,27181995
-3,40600000;-0,27074636
-3,40500000;-0,26967335
-3,40400000;-0,26860091
-3,40300000;-0,26752905
-3,40200000;-0,26645777
-3,40100000;-0,26538705
-3,40000000;-0,26431690
-3,39900000;-0,26324732
-3,39800000;-0,26217830
-3,39700000;-0,26110985
-3,39600000;-0,26004194
-3,39500000;-0,25897460
-3,39400000;-0,25790781
-3,39300000;-0,25684157
-3,39200000;-0,25577587
-3,39100000;-0,25471072
-3,39000000;-0,25364611
-3,38900000;-0,25258205
-3,38800000;-0,25151852
-3,38700000;-0,25045552
-3,38600000;-0,24939306
-3,38500000;-0,24833113
-3,38400000;-0,24726972
-3,38300000;-0,24620884
-3,38200000;-0,24514848
-3,38100000;-0,24408864
-3,38000000;-0,24302932
-3,37900000;-0,24197052
-3,37800000;-0,24091222
-3,37700000;-0,23985444
-3,37600000;-0,23879716
-3,37500000;-0,23774039
-3,37400000;-0,23668412
-3,37300000;-0,23562835
-3,37200000;-0,23457308
-3,37100000;-0,23351830
-3,37000000;-0,23246401
-3,36900000;-0,23141022
-3,36800000;-0,23035691
-3,36700000;-0,22930409
-3,36600000;-0,22825175
-3,36500000;-0,22719989
-3,36400000;-0,22614851
-3,36300000;-0,22509760
-3,36200000;-0,22404717
-3,36100000;-0,22299721
-3,36000000;-0,22194771
-3,35900000;-0,22089868
-3,35800000;-0,21985012
-3,35700000;-0,21880201
-3,35600000;-0,21775437
-3,35500000;-0,21670718
-3,35400000;-0,21566044
-3,35300000;-0,21461416
-3,35200000;-0,21356832
-3,35100000;-0,21252293
-3,35000000;-0,21147799
-3,34900000;-0,21043349
-3,34800000;-0,20938942
-3,34700000;-0,20834580
-3,34600000;-0,20730261
-3,34500000;-0,20625985
-3,34400000;-0,20521752
-3,34300000;-0,20417562
-3,34200000;-0,20313414
-3,34100000;-0,20209309
-3,34000000;-0,20105246
-3,33900000;-0,20001224
-3,33800000;-0,19897245
-3,33700000;-0,19793306
-3,33600000;-0,19689409
-3,33500000;-0,19585553
-3,33400000;-0,19481737
-3,33300000;-0,19377962
-3,33200000;-0,19274227
-3,33100000;-0,19170532
-3,33000000;-0,19066877
-3,32900000;-0,18963261
-3,32800000;-0,18859684
-3,32700000;-0,18756147
-3,32600000;-0,18652648
-3,32500000;-0,18549188
-3,32400000;-0,18445767
-3,32300000;-0,18342383
-3,32200000;-0,18239038
-3,32100000;-0,18135730
-3,32000000;-0,18032460
-3,31900000;-0,17929227
-3,31800000;-0,17826030
-3,31700000;-0,17722871
-3,31600000;-0,17619748
-3,31500000;-0,17516662
-3,31400000;-0,17413612
-3,31300000;-0,17310597
-3,31200000;-0,17207618
-3,31100000;-0,17104675
-3,31000000;-0,17001767
-3,30900000;-0,16898894
-3,30800000;-0,16796055
-3,30700000;-0,16693251
-3,30600000;-0,16590482
-3,30500000;-0,16487746
-3,30400000;-0,16385045
-3,30300000;-0,16282377
-3,30200000;-0,16179743
-3,30100000;-0,16077141
-3,30000000;-0,15974573
-3,29900000;-0,15872037
-3,29800000;-0,15769534
-3,29700000;-0,15667064
-3,29600000;-0,15564625
-3,29500000;-0,15462218
-3,29400000;-0,15359843
-3,29300000;-0,15257500
-3,29200000;-0,15155188
-3,29100000;-0,15052906
-3,29000000;-0,14950656
-3,28900000;-0,14848436
-3,28800000;-0,14746246
-3,28700000;-0,14644087
-3,28600000;-0,14541957
-3,28500000;-0,14439857
-3,28400000;-0,14337787
-3,28300000;-0,14235746
-3,28200000;-0,14133733
-3,28100000;-0,14031750
-3,28000000;-0,13929796
-3,27900000;-0,13827869
-3,27800000;-0,13725971
-3,27700000;-0,13624101
-3,27600000;-0,13522259
-3,27500000;-0,13420444
-3,27400000;-0,13318657
-3,27300000;-0,13216896
-3,27200000;-0,13115163
-3,27100000;-0,13013456
-3,27000000;-0,12911776
-3,26900000;-0,12810122
-3,26800000;-0,12708494
-3,26700000;-0,12606891
-3,26600000;-0,12505315
-3,26500000;-0,12403764
-3,26400000;-0,12302238
-3,26300000;-0,12200737
-3,26200000;-0,12099261
-3,26100000;-0,11997809
-3,26000000;-0,11896381
-3,25900000;-0,11794978
-3,25800000;-0,11693599
-3,25700000;-0,11592243
-3,25600000;-0,11490911
-3,25500000;-0,11389602
-3,25400000;-0,11288317
-3,25300000;-0,11187054
-3,25200000;-0,11085814
-3,25100000;-0,10984596
-3,25000000;-0,10883400
-3,24900000;-0,10782227
-3,24800000;-0,10681075
-3,24700000;-0,10579945
-3,24600000;-0,10478836
-3,24500000;-0,10377749
-3,24400000;-0,10276682
-3,24300000;-0,10175637
-3,24200000;-0,10074611
-3,24100000;-0,09973607
-3,24000000;-0,09872622
-3,23900000;-0,09771657
-3,23800000;-0,09670712
-3,23700000;-0,09569787
-3,23600000;-0,09468880
-3,23500000;-0,09367993
-3,23400000;-0,09267125
-3,23300000;-0,09166276
-3,23200000;-0,09065445
-3,23100000;-0,08964632
-3,23000000;-0,08863837
-3,22900000;-0,08763060
-3,22800000;-0,08662301
-3,22700000;-0,08561560
-3,22600000;-0,08460835
-3,22500000;-0,08360128
-3,22400000;-0,08259437
-3,22300000;-0,08158763
-3,22200000;-0,08058106
-3,22100000;-0,07957465
-3,22000000;-0,07856839
-3,21900000;-0,07756230
-3,21800000;-0,07655636
-3,21700000;-0,07555058
-3,21600000;-0,07454495
-3,21500000;-0,07353946
-3,21400000;-0,07253413
-3,21300000;-0,07152894
-3,21200000;-0,07052390
-3,21100000;-0,06951899
-3,21000000;-0,06851423
-3,20900000;-0,06750960
-3,20800000;-0,06650511
-3,20700000;-0,06550076
-3,20600000;-0,06449653
-3,20500000;-0,06349244
-3,20400000;-0,06248847
-3,20300000;-0,06148463
-3,20200000;-0,06048091
-3,20100000;-0,05947731
-3,20000000;-0,05847383
-3,19900000;-0,05747047
-3,19800000;-0,05646723
-3,19700000;-0,05546409
-3,19600000;-0,05446107
-3,19500000;-0,05345816
-3,19400000;-0,05245536
-3,19300000;-0,05145266
-3,19200000;-0,05045006
-3,19100000;-0,04944757
-3,19000000;-0,04844517
-3,18900000;-0,04744287
-3,18800000;-0,04644067
-3,18700000;-0,04543856
-3,18600000;-0,04443654
-3,18500000;-0,04343461
-3,18400000;-0,04243276
-3,18300000;-0,04143100
-3,18200000;-0,04042933
-3,18100000;-0,03942774
-3,18000000;-0,03842622
-3,17900000;-0,03742478
-3,17800000;-0,03642342
-3,17700000;-0,03542213
-3,17600000;-0,03442091
-3,17500000;-0,03341976
-3,17400000;-0,03241867
-3,17300000;-0,03141765
-3,17200000;-0,03041670
-3,17100000;-0,02941580
-3,17000000;-0,02841497
-3,16900000;-0,02741419
-3,16800000;-0,02641346
-3,16700000;-0,02541279
-3,16600000;-0,02441217
-3,16500000;-0,02341160
-3,16400000;-0,02241107
-3,16300000;-0,02141059
-3,16200000;-0,02041016
-3,16100000;-0,01940976
-3,16000000;-0,01840940
-3,15900000;-0,01740908
-3,15800000;-0,01640880
-3,15700000;-0,01540854
-3,15600000;-0,01440832
-3,15500000;-0,01340813
-3,15400000;-0,01240796
-3,15300000;-0,01140782
-3,15200000;-0,01040770
-3,15100000;-0,00940760
-3,15000000;-0,00840752
-3,14900000;-0,00740746
-3,14800000;-0,00640741
-3,14700000;-0,00540738
-3,14600000;-0,00440735
-3,14500000;-0,00340734
-3,14400000;-0,00240733
-3,14300000;-0,00140732
-3,14200000;-0,00040732
-3,14100000;0,00059268
-3,14000000;0,00159268
-3,13900000;0,00259268
-3,13800000;0,00359269
-3,13700000;0,00459271
-3,13600000;0,00559273
-3,13500000;0,00659277
-3,13400000;0,00759282
-3,13300000;0,00859289
-3,13200000;0,00959297
-3,13100000;0,01059307
-3,13000000;0,01159320
-3,12900000;0,01259334
-3,12800000;0,01359351
-3,12700000;0,01459371
-3,12600000;0,01559394
-3,12500000;0,01659420
-3,12400000;0,01759449
-3,12300000;0,01859482
-3,12200000;0,01959518
-3,12100000;0,02059559
-3,12000000;0,02159603
-3,11900000;0,02259652
-3,11800000;0,02359705
-3,11700000;0,02459763
-3,11600000;0,02559826
-3,11500000;0,02659895
-3,11400000;0,02759968
-3,11300000;0,02860047
-3,11200000;0,02960132
-3,11100000;0,03060222
-3,11000000;0,03160319
-3,10900000;0,03260422
-3,10800000;0,03360532
-3,10700000;0,03460648
-3,10600000;0,03560771
-3,10500000;0,03660902
-3,10400000;0,03761039
-3,10300000;0,03861185
-3,10200000;0,03961338
-3,10100000;0,04061499
-3,10000000;0,04161668
-3,09900000;0,04261845
-3,09800000;0,04362031
-3,09700000;0,04462226
-3,09600000;0,04562429
-3,09500000;0,04662642
-3,09400000;0,04762864
-3,09300000;0,04863096
-3,09200000;0,04963337
-3,09100000;0,05063588
-3,09000000;0,05163850
-3,08900000;0,05264122
-3,08800000;0,05364404
-3,08700000;0,05464697
-3,08600000;0,05565002
-3,08500000;0,05665317
-3,08400000;0,05765644
-3,08300000;0,05865982
-3,08200000;0,05966332
-3,08100000;0,06066694
-3,08000000;0,06167068
-3,07900000;0,06267455
-3,07800000;0,06367854
-3,07700000;0,06468266
-3,07600000;0,06568690
-3,07500000;0,06669129
-3,07400000;0,06769580
-3,07300000;0,06870045
-3,07200000;0,06970524
-3,07100000;0,07071017
-3,07000000;0,07171524
-3,06900000;0,07272046
-3,06800000;0,07372582
-3,06700000;0,07473133
-3,06600000;0,07573699
-3,06500000;0,07674280
-3,06400000;0,07774877
-3,06300000;0,07875489
-3,06200000;0,07976117
-3,06100000;0,08076762
-3,06000000;0,08177422
-3,05900000;0,08278099
-3,05800000;0,08378793
-3,05700000;0,08479453
-3,05600000;0,08580181
-3,05500000;0,08680926
-3,05400000;0,08781689
-3,05300000;0,08882469
-3,05200000;0,08983267
-3,05100000;0,09084084
-3,05000000;0,09184918
-3,04900000;0,09285771
-3,04800000;0,09386643
-3,04700000;0,09487534
-3,04600000;0,09588444
-3,04500000;0,09689374
-3,04400000;0,09790323
-3,04300000;0,09891291
-3,04200000;0,09992280
-3,04100000;0,10093289
-3,04000000;0,10194318
-3,03900000;0,10295368
-3,03800000;0,10396438
-3,03700000;0,10497530
-3,03600000;0,10598643
-3,03500000;0,10699777
-3,03400000;0,10800933
-3,03300000;0,10902111
-3,03200000;0,11003311
-3,03100000;0,11104533
-3,03000000;0,11205778
-3,02900000;0,11307045
-3,02800000;0,11408335
-3,02700000;0,11509649
-3,02600000;0,11610985
-3,02500000;0,11712345
-3,02400000;0,11813729
-3,02300000;0,11915137
-3,02200000;0,12016569
-3,02100000;0,12118026
-3,02000000;0,12219507
-3,01900000;0,12321013
-3,01800000;0,12422543
-3,01700000;0,12524100
-3,01600000;0,12625681
-3,01500000;0,12727288
-3,01400000;0,12828921
-3,01300000;0,12930580
-3,01200000;0,13032266
-3,01100000;0,13133978
-3,01000000;0,13235716
-3,00900000;0,13337482
-3,00800000;0,13439275
-3,00700000;0,13541095
-3,00600000;0,13642942
-3,00500000;0,13744818
-3,00400000;0,13846721
-3,00300000;0,13948653
-3,00200000;0,14050613
-3,00100000;0,14152602
-3,00000000;0,14254619
-2,99900000;0,14356666
-2,99800000;0,14458742
-2,99700000;0,14560848
-2,99600000;0,14662983
-2,99500000;0,14765148
-2,99400000;0,14867344
-2,99300000;0,14969569
-2,99200000;0,15071826
-2,99100000;0,15174113
-2,99000000;0,15276431
-2,98900000;0,15378781
-2,98800000;0,15481162
-2,98700000;0,15583575
-2,98600000;0,15686019
-2,98500000;0,15788496
-2,98400000;0,15891005
-2,98300000;0,15993547
-2,98200000;0,16096122
-2,98100000;0,16198729
-2,98000000;0,16301370
-2,97900000;0,16404045
-2,97800000;0,16506753
-2,97700000;0,16609494
-2,97600000;0,16712270
-2,97500000;0,16815081
-2,97400000;0,16917926
-2,97300000;0,17020806
-2,97200000;0,17123720
-2,97100000;0,17226671
-2,97000000;0,17329656
-2,96900000;0,17432677
-2,96800000;0,17535734
-2,96700000;0,17638828
-2,96600000;0,17741957
-2,96500000;0,17845124
-2,96400000;0,17948327
-2,96300000;0,18051567
-2,96200000;0,18154844
-2,96100000;0,18258159
-2,96000000;0,18361512
-2,95900000;0,18464903
-2,95800000;0,18568332
-2,95700000;0,18671799
-2,95600000;0,18775305
-2,95500000;0,18878849
-2,95400000;0,18982433
-2,95300000;0,19086056
-2,95200000;0,19189719
-2,95100000;0,19293422
-2,95000000;0,19397164
-2,94900000;0,19500947
-2,94800000;0,19604770
-2,94700000;0,19708635
-2,94600000;0,19812539
-2,94500000;0,19916486
-2,94400000;0,20020473
-2,94300000;0,20124502
-2,94200000;0,20228574
-2,94100000;0,20332687
-2,94000000;0,20436842
-2,93900000;0,20541040
-2,93800000;0,20645281
-2,93700000;0,20749565
-2,93600000;0,20853893
-2,93500000;0,20958263
-2,93400000;0,21062678
-2,93300000;0,21167137
-2,93200000;0,21271639
-2,93100000;0,21376187
-2,93000000;0,21480778
-2,92900000;0,21585415
-2,92800000;0,21690097
-2,92700000;0,21794825
-2,92600000;0,21899598
-2,92500000;0,22004417
-2,92400000;0,22109282
-2,92300000;0,22214194
-2,92200000;0,22319152
-2,92100000;0,22424157
-2,92000000;0,22529209
-2,91900000;0,22634309
-2,91800000;0,22739456
-2,91700000;0,22844651
-2,91600000;0,22949894
-2,91500000;0,23055185
-2,91400000;0,23160525
-2,91300000;0,23265914
-2,91200000;0,23371351
-2,91100000;0,23476838
-2,91000000;0,23582375
-2,90900000;0,23687961
-2,90800000;0,23793598
-2,90700000;0,23899284
-2,90600000;0,24005022
-2,90500000;0,24110810
-2,90400000;0,24216649
-2,90300000;0,24322539
-2,90200000;0,24428481
-2,90100000;0,24534474
-2,90000000;0,24640520
-2,89900000;0,24746618
-2,89800000;0,24852768
-2,89700000;0,24958971
-2,89600000;0,25065227
-2,89500000;0,25171537
-2,89400000;0,25277900
-2,89300000;0,25384317
-2,89200000;0,25490787
-2,89100000;0,25597312
-2,89000000;0,25703892
-2,88900000;0,25810527
-2,88800000;0,25917216
-2,88700000;0,26023961
-2,88600000;0,26130761
-2,88500000;0,26237618
-2,88400000;0,26344530
-2,88300000;0,26451499
-2,88200000;0,26558524
-2,88100000;0,26665606
-2,88000000;0,26772745
-2,87900000;0,26879942
-2,87800000;0,26987196
-2,87700000;0,27094508
-2,87600000;0,27201879
-2,87500000;0,27309308
-2,87400000;0,27416795
-2,87300000;0,27524341
-2,87200000;0,27631947
-2,87100000;0,27739612
-2,87000000;0,27847337
-2,86900000;0,27955122
-2,86800000;0,28062967
-2,86700000;0,28170873
-2,86600000;0,28278839
-2,86500000;0,28386867
-2,86400000;0,28494956
-2,86300000;0,28603107
-2,86200000;0,28711319
-2,86100000;0,28819594
-2,86000000;0,28927931
-2,85900000;0,29036331
-2,85800000;0,29144793
-2,85700000;0,29253319
-2,85600000;0,29361909
-2,85500000;0,29470562
-2,85400000;0,29579279
-2,85300000;0,29688061
-2,85200000;0,29796907
-2,85100000;0,29905818
-2,85000000;0,30014795
-2,84900000;0,30123836
-2,84800000;0,30232944
-2,84700000;0,30342117
-2,84600000;0,30451357
-2,84500000;0,30560663
-2,84400000;0,30670036
-2,84300000;0,30779477
-2,84200000;0,30888984
-2,84100000;0,30998559
-2,84000000;0,31108203
-2,83900000;0,31217914
-2,83800000;0,31327694
-2,83700000;0,31437543
-2,83600000;0,31547461
-2,83500000;0,31657448
-2,83400000;0,31767505
-2,83300000;0,31877632
-2,83200000;0,31987829
-2,83100000;0,32098096
-2,83000000;0,32208435
-2,82900000;0,32318844
-2,82800000;0,32429325
-2,82700000;0,32539878
-2,82600000;0,32650502
-2,82500000;0,32761199
-2,82400000;0,32871969
-2,82300000;0,32982811
-2,82200000;0,33093726
-2,82100000;0,33204715
-2,82000000;0,33315777
-2,81900000;0,33426914
-2,81800000;0,33538125
-2,81700000;0,33649410
-2,81600000;0,33760771
-2,81500000;0,33872206
-2,81400000;0,33983718
-2,81300000;0,34095305
-2,81200000;0,34206968
-2,81100000;0,34318707
-2,81000000;0,34430523
-2,80900000;0,34542417
-2,80800000;0,34654387
-2,80700000;0,34766435
-2,80600000;0,34878562
-2,80500000;0,34990766
-2,80400000;0,35103049
-2,80300000;0,35215411
-2,80200000;0,35327852
-2,80100000;0,35440372
-2,80000000;0,35552972
-2,79900000;0,35665653
-2,79800000;0,35778413
-2,79700000;0,35891255
-2,79600000;0,36004177
-2,79500000;0,36117181
-2,79400000;0,36230266
-2,79300000;0,36343434
-2,79200000;0,36456684
-2,79100000;0,36570016
-2,79000000;0,36683431
-2,78900000;0,36796930
-2,78800000;0,36910512
-2,78700000;0,37024178
-2,78600000;0,37137928
-2,78500000;0,37251762
-2,78400000;0,37365682
-2,78300000;0,37479686
-2,78200000;0,37593777
-2,78100000;0,37707953
-2,78000000;0,37822215
-2,77900000;0,37936563
-2,77800000;0,38050978
-2,77700000;0,38165501
-2,77600000;0,38280111
-2,77500000;0,38394808
-2,77400000;0,38509594
-2,77300000;0,38624469
-2,77200000;0,38739432
-2,77100000;0,38854484
-2,77000000;0,38969625
-2,76900000;0,39084857
-2,76800000;0,39200178
-2,76700000;0,39315590
-2,76600000;0,39431093
-2,76500000;0,39546687
-2,76400000;0,39662372
-2,76300000;0,39778149
-2,76200000;0,39894018
-2,76100000;0,40009980
-2,76000000;0,40126035
-2,75900000;0,40242182
-2,75800000;0,40358424
-2,75700000;0,40474759
-2,75600000;0,40591188
-2,75500000;0,40707712
-2,75400000;0,40824331
-2,75300000;0,40941045
-2,75200000;0,41057854
-2,75100000;0,41174760
-2,75000000;0,41291762
-2,74900000;0,41408861
-2,74800000;0,41526056
-2,74700000;0,41643349
-2,74600000;0,41760740
-2,74500000;0,41878229
-2,74400000;0,41995816
-2,74300000;0,42113502
-2,74200000;0,42231287
-2,74100000;0,42349172
-2,74000000;0,42467157
-2,73900000;0,42585241
-2,73800000;0,42703427
-2,73700000;0,42821713
-2,73600000;0,42940101
-2,73500000;0,43058591
-2,73400000;0,43177182
-2,73300000;0,43295876
-2,73200000;0,43414673
-2,73100000;0,43533573
-2,73000000;0,43652577
-2,72900000;0,43771685
-2,72800000;0,43890897
-2,72700000;0,44010213
-2,72600000;0,44129635
-2,72500000;0,44249162
-2,72400000;0,44368795
-2,72300000;0,44488534
-2,72200000;0,44608380
-2,72100000;0,44728333
-2,72000000;0,44848393
-2,71900000;0,44968561
-2,71800000;0,45088836
-2,71700000;0,45209221
-2,71600000;0,45329714
-2,71500000;0,45450317
-2,71400000;0,45571029
-2,71300000;0,45691852
-2,71200000;0,45812784
-2,71100000;0,45933828
-2,71000000;0,46054983
-2,70900000;0,46176250
-2,70800000;0,46297628
-2,70700000;0,46419119
-2,70600000;0,46540723
-2,70500000;0,46662441
-2,70400000;0,46784271
-2,70300000;0,46906216
-2,70200000;0,47028276
-2,70100000;0,47150450
-2,70000000;0,47272739
-2,69900000;0,47395144
-2,69800000;0,47517665
-2,69700000;0,47640303
-2,69600000;0,47763058
-2,69500000;0,47885930
-2,69400000;0,48008919
-2,69300000;0,48132027
-2,69200000;0,48255253
-2,69100000;0,48378599
-2,69000000;0,48502064
-2,68900000;0,48625648
-2,68800000;0,48749353
-2,68700000;0,48873178
-2,68600000;0,48997125
-2,68500000;0,49121193
-2,68400000;0,49245383
-2,68300000;0,49369696
-2,68200000;0,49494131
-2,68100000;0,49618689
-2,68000000;0,49743371
-2,67900000;0,49868178
-2,67800000;0,49993109
-2,67700000;0,50118164
-2,67600000;0,50243345
-2,67500000;0,50368652
-2,67400000;0,50494086
-2,67300000;0,50619646
-2,67200000;0,50745333
-2,67100000;0,50871148
-2,67000000;0,50997091
-2,66900000;0,51123162
-2,66800000;0,51249363
-2,66700000;0,51375693
-2,66600000;0,51502152
-2,66500000;0,51628742
-2,66400000;0,51755463
-2,66300000;0,51882315
-2,66200000;0,52009299
-2,66100000;0,52136415
-2,66000000;0,52263663
-2,65900000;0,52391045
-2,65800000;0,52518560
-2,65700000;0,52646209
-2,65600000;0,52773993
-2,65500000;0,52901912
-2,65400000;0,53029966
-2,65300000;0,53158155
-2,65200000;0,53286482
-2,65100000;0,53414945
-2,65000000;0,53543545
-2,64900000;0,53672283
-2,64800000;0,53801160
-2,64700000;0,53930175
-2,64600000;0,54059329
-2,64500000;0,54188623
-2,64400000;0,54318058
-2,64300000;0,54447633
-2,64200000;0,54577349
-2,64100000;0,54707207
-2,64000000;0,54837207
-2,63900000;0,54967350
-2,63800000;0,55097635
-2,63700000;0,55228065
-2,63600000;0,55358638
-2,63500000;0,55489357
-2,63400000;0,55620220
-2,63300000;0,55751229
-2,63200000;0,55882385
-2,63100000;0,56013686
-2,63000000;0,56145136
-2,62900000;0,56276732
-2,62800000;0,56408477
-2,62700000;0,56540371
-2,62600000;0,56672414
-2,62500000;0,56804607
-2,62400000;0,56936949
-2,62300000;0,57069443
-2,62200000;0,57202088
-2,62100000;0,57334885
-2,62000000;0,57467834
-2,61900000;0,57600936
-2,61800000;0,57734192
-2,61700000;0,57867602
-2,61600000;0,58001166
-2,61500000;0,58134885
-2,61400000;0,58268759
-2,61300000;0,58402790
-2,61200000;0,58536977
-2,61100000;0,58671322
-2,61000000;0,58805824
-2,60900000;0,58940485
-2,60800000;0,59075304
-2,60700000;0,59210283
-2,60600000;0,59345421
-2,60500000;0,59480721
-2,60400000;0,59616181
-2,60300000;0,59751803
-2,60200000;0,59887587
-2,60100000;0,60023534
-2,60000000;0,60159644
-2,59900000;0,60295918
-2,59800000;0,60432356
-2,59700000;0,60568959
-2,59600000;0,60705728
-2,59500000;0,60842663
-2,59400000;0,60979765
-2,59300000;0,61117034
-2,59200000;0,61254471
-2,59100000;0,61392077
-2,59000000;0,61529851
-2,58900000;0,61667796
-2,58800000;0,61805910
-2,58700000;0,61944195
-2,58600000;0,62082652
-2,58500000;0,62221281
-2,58400000;0,62360082
-2,58300000;0,62499057
-2,58200000;0,62638205
-2,58100000;0,62777528
-2,58000000;0,62917026
-2,57900000;0,63056699
-2,57800000;0,63196549
-2,57700000;0,63336576
-2,57600000;0,63476780
-2,57500000;0,63617162
-2,57400000;0,63757723
-2,57300000;0,63898463
-2,57200000;0,64039384
-2,57100000;0,64180485
-2,57000000;0,64321767
-2,56900000;0,64463231
-2,56800000;0,64604877
-2,56700000;0,64746707
-2,56600000;0,64888720
-2,56500000;0,65030918
-2,56400000;0,65173301
-2,56300000;0,65315870
-2,56200000;0,65458625
-2,56100000;0,65601567
-2,56000000;0,65744696
-2,55900000;0,65888014
-2,55800000;0,66031521
-2,55700000;0,66175218
-2,55600000;0,66319105
-2,55500000;0,66463183
-2,55400000;0,66607452
-2,55300000;0,66751914
-2,55200000;0,66896569
-2,55100000;0,67041418
-2,55000000;0,67186460
-2,54900000;0,67331698
-2,54800000;0,67477132
-2,54700000;0,67622762
-2,54600000;0,67768589
-2,54500000;0,67914614
-2,54400000;0,68060837
-2,54300000;0,68207260
-2,54200000;0,68353882
-2,54100000;0,68500705
-2,54000000;0,68647730
-2,53900000;0,68794956
-2,53800000;0,68942385
-2,53700000;0,69090017
-2,53600000;0,69237854
-2,53500000;0,69385895
-2,53400000;0,69534142
-2,53300000;0,69682596
-2,53200000;0,69831256
-2,53100000;0,69980124
-2,53000000;0,70129201
-2,52900000;0,70278487
-2,52800000;0,70427982
-2,52700000;0,70577689
-2,52600000;0,70727607
-2,52500000;0,70877737
-2,52400000;0,71028080
-2,52300000;0,71178637
-2,52200000;0,71329409
-2,52100000;0,71480395
-2,52000000;0,71631598
-2,51900000;0,71783017
-2,51800000;0,71934654
-2,51700000;0,72086510
-2,51600000;0,72238584
-2,51500000;0,72390878
-2,51400000;0,72543393
-2,51300000;0,72696130
-2,51200000;0,72849088
-2,51100000;0,73002270
-2,51000000;0,73155675
-2,50900000;0,73309305
-2,50800000;0,73463161
-2,50700000;0,73617242
-2,50600000;0,73771551
-2,50500000;0,73926088
-2,50400000;0,74080853
-2,50300000;0,74235847
-2,50200000;0,74391072
-2,50100000;0,74546528
-2,50000000;0,74702216
-2,49900000;0,74858137
-2,49800000;0,75014292
-2,49700000;0,75170681
-2,49600000;0,75327305
-2,49500000;0,75484165
-2,49400000;0,75641262
-2,49300000;0,75798597
-2,49200000;0,75956171
-2,49100000;0,76113985
-2,49000000;0,76272038
-2,48900000;0,76430333
-2,48800000;0,76588871
-2,48700000;0,76747651
-2,48600000;0,76906675
-2,48500000;0,77065944
-2,48400000;0,77225459
-2,48300000;0,77385220
-2,48200000;0,77545229
-2,48100000;0,77705486
-2,48000000;0,77865992
-2,47900000;0,78026748
-2,47800000;0,78187756
-2,47700000;0,78349015
-2,47600000;0,78510528
-2,47500000;0,78672294
-2,47400000;0,78834315
-2,47300000;0,78996591
-2,47200000;0,79159124
-2,47100000;0,79321915
-2,47000000;0,79484964
-2,46900000;0,79648272
-2,46800000;0,79811841
-2,46700000;0,79975672
-2,46600000;0,80139764
-2,46500000;0,80304120
-2,46400000;0,80468739
-2,46300000;0,80633624
-2,46200000;0,80798775
-2,46100000;0,80964194
-2,46000000;0,81129880
-2,45900000;0,81295835
-2,45800000;0,81462061
-2,45700000;0,81628557
-2,45600000;0,81795325
-2,45500000;0,81962367
-2,45400000;0,82129682
-2,45300000;0,82297273
-2,45200000;0,82465140
-2,45100000;0,82633284
-2,45000000;0,82801705
-2,44900000;0,82970406
-2,44800000;0,83139388
-2,44700000;0,83308650
-2,44600000;0,83478195
-2,44500000;0,83648023
-2,44400000;0,83818135
-2,44300000;0,83988533
-2,44200000;0,84159217
-2,44100000;0,84330254
-2,44000000;0,84501514
-2,43900000;0,84673063
-2,43800000;0,84844904
-2,43700000;0,85017036
-2,43600000;0,85189461
-2,43500000;0,85362181
-2,43400000;0,85535195
-2,43300000;0,85708506
-2,43200000;0,85882114
-2,43100000;0,86056020
-2,43000000;0,86230226
-2,42900000;0,86404733
-2,42800000;0,86579541
-2,42700000;0,86754653
-2,42600000;0,86930068
-2,42500000;0,87105789
-2,42400000;0,87281816
-2,42300000;0,87458151
-2,42200000;0,87634794
-2,42100000;0,87811748
-2,42000000;0,87989012
-2,41900000;0,88166589
-2,41800000;0,88344479
-2,41700000;0,88522683
-2,41600000;0,88701204
-2,41500000;0,88880041
-2,41400000;0,89059197
-2,41300000;0,89238671
-2,41200000;0,89418467
-2,41100000;0,89598584
-2,41000000;0,89779025
-2,40900000;0,89959790
-2,40800000;0,90140880
-2,40700000;0,90322297
-2,40600000;0,90504042
-2,40500000;0,90686116
-2,40400000;0,90868521
-2,40300000;0,91051258
-2,40200000;0,91234328
-2,40100000;0,91417732
-2,40000000;0,91601471
-2,39900000;0,91785548
-2,39800000;0,91969963
-2,39700000;0,92154717
-2,39600000;0,92339812
-2,39500000;0,92525250
-2,39400000;0,92711031
-2,39300000;0,92897156
-2,39200000;0,93083628
-2,39100000;0,93270447
-2,39000000;0,93457616
-2,38900000;0,93645134
-2,38800000;0,93833004
-2,38700000;0,94021226
-2,38600000;0,94209803
-2,38500000;0,94398736
-2,38400000;0,94588026
-2,38300000;0,94777674
-2,38200000;0,94967682
-2,38100000;0,95158051
-2,38000000;0,95348782
-2,37900000;0,95539878
-2,37800000;0,95731340
-2,37700000;0,95923168
-2,37600000;0,96115365
-2,37500000;0,96307931
-2,37400000;0,96500869
-2,37300000;0,96694179
-2,37200000;0,96887864
-2,37100000;0,97081925
-2,37000000;0,97276362
-2,36900000;0,97471178
-2,36800000;0,97666375
-2,36700000;0,97861953
-2,36600000;0,98057914
-2,36500000;0,98254260
-2,36400000;0,98450992
-2,36300000;0,98648112
-2,36200000;0,98845621
-2,36100000;0,99043521
-2,36000000;0,99241813
-2,35900000;0,99440499
-2,35800000;0,99639581
-2,35700000;0,99839060
-2,35600000;1,00038938
-2,35500000;1,00239216
-2,35400000;1,00439896
-2,35300000;1,00640980
-2,35200000;1,00842468
-2,35100000;1,01044364
-2,35000000;1,01246668
-2,34900000;1,01449382
-2,34800000;1,01652507
-2,34700000;1,01856046
-2,34600000;1,02060000
-2,34500000;1,02264371
-2,34400000;1,02469160
-2,34300000;1,02674370
-2,34200000;1,02880001
-2,34100000;1,03086056
-2,34000000;1,03292536
-2,33900000;1,03499443
-2,33800000;1,03706779
-2,33700000;1,03914545
-2,33600000;1,04122743
-2,33500000;1,04331376
-2,33400000;1,04540444
-2,33300000;1,04749950
-2,33200000;1,04959895
-2,33100000;1,05170282
-2,33000000;1,05381111
-2,32900000;1,05592386
-2,32800000;1,05804106
-2,32700000;1,06016276
-2,32600000;1,06228896
-2,32500000;1,06441968
-2,32400000;1,06655494
-2,32300000;1,06869476
-2,32200000;1,07083916
-2,32100000;1,07298815
-2,32000000;1,07514177
-2,31900000;1,07730001
-2,31800000;1,07946292
-2,31700000;1,08163050
-2,31600000;1,08380277
-2,31500000;1,08597976
-2,31400000;1,08816148
-2,31300000;1,09034795
-2,31200000;1,09253920
-2,31100000;1,09473523
-2,31000000;1,09693609
-2,30900000;1,09914178
-2,30800000;1,10135232
-2,30700000;1,10356773
-2,30600000;1,10578804
-2,30500000;1,10801327
-2,30400000;1,11024343
-2,30300000;1,11247855
-2,30200000;1,11471865
-2,30100000;1,11696375
-2,30000000;1,11921387
-2,29900000;1,12146903
-2,29800000;1,12372926
-2,29700000;1,12599457
-2,29600000;1,12826499
-2,29500000;1,13054054
-2,29400000;1,13282124
-2,29300000;1,13510711
-2,29200000;1,13739818
-2,29100000;1,13969446
-2,29000000;1,14199599
-2,28900000;1,14430278
-2,28800000;1,14661485
-2,28700000;1,14893223
-2,28600000;1,15125495
-2,28500000;1,15358301
-2,28400000;1,15591646
-2,28300000;1,15825530
-2,28200000;1,16059957
-2,28100000;1,16294929
-2,28000000;1,16530448
-2,27900000;1,16766516
-2,27800000;1,17003137
-2,27700000;1,17240311
-2,27600000;1,17478043
-2,27500000;1,17716334
-2,27400000;1,17955186
-2,27300000;1,18194603
-2,27200000;1,18434586
-2,27100000;1,18675138
-2,27000000;1,18916262
-2,26900000;1,19157960
-2,26800000;1,19400235
-2,26700000;1,19643089
-2,26600000;1,19886525
-2,26500000;1,20130545
-2,26400000;1,20375152
-2,26300000;1,20620349
-2,26200000;1,20866138
-2,26100000;1,21112522
-2,26000000;1,21359504
-2,25900000;1,21607085
-2,25800000;1,21855270
-2,25700000;1,22104060
-2,25600000;1,22353459
-2,25500000;1,22603468
-2,25400000;1,22854092
-2,25300000;1,23105331
-2,25200000;1,23357191
-2,25100000;1,23609672
-2,25000000;1,23862778
-2,24900000;1,24116512
-2,24800000;1,24370877
-2,24700000;1,24625875
-2,24600000;1,24881510
-2,24500000;1,25137784
-2,24400000;1,25394700
-2,24300000;1,25652261
-2,24200000;1,25910470
-2,24100000;1,26169331
-2,24000000;1,26428845
-2,23900000;1,26689017
-2,23800000;1,26949848
-2,23700000;1,27211343
-2,23600000;1,27473503
-2,23500000;1,27736333
-2,23400000;1,27999835
-2,23300000;1,28264013
-2,23200000;1,28528869
-2,23100000;1,28794407
-2,23000000;1,29060630
-2,22900000;1,29327541
-2,22800000;1,29595143
-2,22700000;1,29863440
-2,22600000;1,30132434
-2,22500000;1,30402130
-2,22400000;1,30672529
-2,22300000;1,30943637
-2,22200000;1,31215455
-2,22100000;1,31487987
-2,22000000;1,31761238
-2,21900000;1,32035209
-2,21800000;1,32309904
-2,21700000;1,32585328
-2,21600000;1,32861483
-2,21500000;1,33138372
-2,21400000;1,33416000
-2,21300000;1,33694370
-2,21200000;1,33973485
-2,21100000;1,34253349
-2,21000000;1,34533965
-2,20900000;1,34815337
-2,20800000;1,35097469
-2,20700000;1,35380365
-2,20600000;1,35664027
-2,20500000;1,35948460
-2,20400000;1,36233668
-2,20300000;1,36519654
-2,20200000;1,36806421
-2,20100000;1,37093975
-2,20000000;1,37382317
-2,19900000;1,37671454
-2,19800000;1,37961387
-2,19700000;1,38252122
-2,19600000;1,38543661
-2,19500000;1,38836010
-2,19400000;1,39129171
-2,19300000;1,39423149
-2,19200000;1,39717948
-2,19100000;1,40013573
-2,19000000;1,40310026
-2,18900000;1,40607312
-2,18800000;1,40905435
-2,18700000;1,41204400
-2,18600000;1,41504210
-2,18500000;1,41804870
-2,18400000;1,42106384
-2,18300000;1,42408755
-2,18200000;1,42711990
-2,18100000;1,43016091
-2,18000000;1,43321063
-2,17900000;1,43626911
-2,17800000;1,43933638
-2,17700000;1,44241250
-2,17600000;1,44549750
-2,17500000;1,44859144
-2,17400000;1,45169435
-2,17300000;1,45480628
-2,17200000;1,45792729
-2,17100000;1,46105740
-2,17000000;1,46419668
-2,16900000;1,46734516
-2,16800000;1,47050289
-2,16700000;1,47366993
-2,16600000;1,47684631
-2,16500000;1,48003209
-2,16400000;1,48322732
-2,16300000;1,48643203
-2,16200000;1,48964629
-2,16100000;1,49287014
-2,16000000;1,49610363
-2,15900000;1,49934681
-2,15800000;1,50259973
-2,15700000;1,50586244
-2,15600000;1,50913499
-2,15500000;1,51241743
-2,15400000;1,51570981
-2,15300000;1,51901220
-2,15200000;1,52232463
-2,15100000;1,52564716
-2,15000000;1,52897984
-2,14900000;1,53232273
-2,14800000;1,53567588
-2,14700000;1,53903935
-2,14600000;1,54241318
-2,14500000;1,54579744
-2,14400000;1,54919218
-2,14300000;1,55259745
-2,14200000;1,55601331
-2,14100000;1,55943982
-2,14000000;1,56287704
-2,13900000;1,56632501
-2,13800000;1,56978380
-2,13700000;1,57325347
-2,13600000;1,57673407
-2,13500000;1,58022567
-2,13400000;1,58372832
-2,13300000;1,58724208
-2,13200000;1,59076701
-2,13100000;1,59430318
-2,13000000;1,59785063
-2,12900000;1,60140945
-2,12800000;1,60497968
-2,12700000;1,60856139
-2,12600000;1,61215464
-2,12500000;1,61575949
-2,12400000;1,61937601
-2,12300000;1,62300581
-2,12200000;1,62664586
-2,12100000;1,63029777
-2,12000000;1,63396161
-2,11900000;1,63763744
-2,11800000;1,64132533
-2,11700000;1,64502534
-2,11600000;1,64873755
-2,11500000;1,65246202
-2,11400000;1,65619882
-2,11300000;1,65994802
-2,11200000;1,66370968
-2,11100000;1,66748388
-2,11000000;1,67127069
-2,10900000;1,67507018
-2,10800000;1,67888242
-2,10700000;1,68270748
-2,10600000;1,68654544
-2,10500000;1,69039637
-2,10400000;1,69426033
-2,10300000;1,69813741
-2,10200000;1,70202768
-2,10100000;1,70593122
-2,10000000;1,70984809
-2,09900000;1,71377839
-2,09800000;1,71772218
-2,09700000;1,72167954
-2,09600000;1,72565055
-2,09500000;1,72963529
-2,09400000;1,73363384
-2,09300000;1,73764627
-2,09200000;1,74167268
-2,09100000;1,74571313
-2,09000000;1,74976772
-2,08900000;1,75383652
-2,08800000;1,75791962
-2,08700000;1,76201710
-2,08600000;1,76612904
-2,08500000;1,77025553
-2,08400000;1,77439666
-2,08300000;1,77855251
-2,08200000;1,78272318
-2,08100000;1,78690873
-2,08000000;1,79110928
-2,07900000;1,79532489
-2,07800000;1,79955567
-2,07700000;1,80380171
-2,07600000;1,80806309
-2,07500000;1,81233991
-2,07400000;1,81663226
-2,07300000;1,82094023
-2,07200000;1,82526392
-2,07100000;1,82960343
-2,07000000;1,83395884
-2,06900000;1,83833025
-2,06800000;1,84271777
-2,06700000;1,84712149
-2,06600000;1,85154151
-2,06500000;1,85597792
-2,06400000;1,86043083
-2,06300000;1,86490035
-2,06200000;1,86938656
-2,06100000;1,87388958
-2,06000000;1,87840950
-2,05900000;1,88294644
-2,05800000;1,88750050
-2,05700000;1,89207178
-2,05600000;1,89666039
-2,05500000;1,90126644
-2,05400000;1,90589004
-2,05300000;1,91053130
-2,05200000;1,91519032
-2,05100000;1,91986723
-2,05000000;1,92456213
-2,04900000;1,92927513
-2,04800000;1,93400636
-2,04700000;1,93875592
-2,04600000;1,94352393
-2,04500000;1,94831051
-2,04400000;1,95311578
-2,04300000;1,95793986
-2,04200000;1,96278287
-2,04100000;1,96764492
-2,04000000;1,97252615
-2,03900000;1,97742667
-2,03800000;1,98234661
-2,03700000;1,98728609
-2,03600000;1,99224525
-2,03500000;1,99722420
-2,03400000;2,00222308
-2,03300000;2,00724202
-2,03200000;2,01228115
-2,03100000;2,01734061
-2,03000000;2,02242051
-2,02900000;2,02752101
-2,02800000;2,03264222
-2,02700000;2,03778431
-2,02600000;2,04294739
-2,02500000;2,04813161
-2,02400000;2,05333711
-2,02300000;2,05856403
-2,02200000;2,06381251
-2,02100000;2,06908270
-2,02000000;2,07437475
-2,01900000;2,07968880
-2,01800000;2,08502500
-2,01700000;2,09038349
-2,01600000;2,09576444
-2,01500000;2,10116799
-2,01400000;2,10659429
-2,01300000;2,11204351
-2,01200000;2,11751579
-2,01100000;2,12301129
-2,01000000;2,12853018
-2,00900000;2,13407261
-2,00800000;2,13963875
-2,00700000;2,14522876
-2,00600000;2,15084281
-2,00500000;2,15648105
-2,00400000;2,16214367
-2,00300000;2,16783083
-2,00200000;2,17354269
-2,00100000;2,17927944
-2,00000000;2,18504125
-1,99900000;2,19082830
-1,99800000;2,19664076
-1,99700000;2,20247881
-1,99600000;2,20834263
-1,99500000;2,21423241
-1,99400000;2,22014833
-1,99300000;2,22609057
-1,99200000;2,23205934
-1,99100000;2,23805480
-1,99000000;2,24407716
-1,98900000;2,25012662
-1,98800000;2,25620336
-1,98700000;2,26230758
-1,98600000;2,26843948
-1,98500000;2,27459927
-1,98400000;2,28078714
-1,98300000;2,28700330
-1,98200000;2,29324796
-1,98100000;2,29952133
-1,98000000;2,30582361
-1,97900000;2,31215503
-1,97800000;2,31851579
-1,97700000;2,32490612
-1,97600000;2,33132623
-1,97500000;2,33777634
-1,97400000;2,34425669
-1,97300000;2,35076748
-1,97200000;2,35730897
-1,97100000;2,36388136
-1,97000000;2,37048490
-1,96900000;2,37711982
-1,96800000;2,38378636
-1,96700000;2,39048476
-1,96600000;2,39721526
-1,96500000;2,40397811
-1,96400000;2,41077355
-1,96300000;2,41760184
-1,96200000;2,42446322
-1,96100000;2,43135796
-1,96000000;2,43828630
-1,95900000;2,44524851
-1,95800000;2,45224485
-1,95700000;2,45927559
-1,95600000;2,46634100
-1,95500000;2,47344135
-1,95400000;2,48057690
-1,95300000;2,48774795
-1,95200000;2,49495476
-1,95100000;2,50219763
-1,95000000;2,50947683
-1,94900000;2,51679266
-1,94800000;2,52414540
-1,94700000;2,53153536
-1,94600000;2,53896283
-1,94500000;2,54642812
-1,94400000;2,55393151
-1,94300000;2,56147334
-1,94200000;2,56905390
-1,94100000;2,57667350
-1,94000000;2,58433248
-1,93900000;2,59203115
-1,93800000;2,59976983
-1,93700000;2,60754885
-1,93600000;2,61536855
-1,93500000;2,62322925
-1,93400000;2,63113131
-1,93300000;2,63907506
-1,93200000;2,64706084
-1,93100000;2,65508902
-1,93000000;2,66315994
-1,92900000;2,67127397
-1,92800000;2,67943146
-1,92700000;2,68763278
-1,92600000;2,69587831
-1,92500000;2,70416842
-1,92400000;2,71250348
-1,92300000;2,72088388
-1,92200000;2,72931001
-1,92100000;2,73778226
-1,92000000;2,74630103
-1,91900000;2,75486672
-1,91800000;2,76347974
-1,91700000;2,77214049
-1,91600000;2,78084939
-1,91500000;2,78960686
-1,91400000;2,79841333
-1,91300000;2,80726922
-1,91200000;2,81617498
-1,91100000;2,82513104
-1,91000000;2,83413785
-1,90900000;2,84319585
-1,90800000;2,85230551
-1,90700000;2,86146729
-1,90600000;2,87068164
-1,90500000;2,87994906
-1,90400000;2,88927000
-1,90300000;2,89864497
-1,90200000;2,90807444
-1,90100000;2,91755891
-1,90000000;2,92709889
-1,89900000;2,93669488
-1,89800000;2,94634740
-1,89700000;2,95605697
-1,89600000;2,96582411
-1,89500000;2,97564936
-1,89400000;2,98553326
-1,89300000;2,99547635
-1,89200000;3,00547918
-1,89100000;3,01554233
-1,89000000;3,02566635
-1,88900000;3,03585182
-1,88800000;3,04609932
-1,88700000;3,05640945
-1,88600000;3,06678279
-1,88500000;3,07721995
-1,88400000;3,08772154
-1,88300000;3,09828819
-1,88200000;3,10892052
-1,88100000;3,11961916
-1,88000000;3,13038477
-1,87900000;3,14121798
-1,87800000;3,15211947
-1,87700000;3,16308991
-1,87600000;3,17412996
-1,87500000;3,18524032
-1,87400000;3,19642169
-1,87300000;3,20767477
-1,87200000;3,21900027
-1,87100000;3,23039892
-1,87000000;3,24187146
-1,86900000;3,25341862
-1,86800000;3,26504116
-1,86700000;3,27673985
-1,86600000;3,28851545
-1,86500000;3,30036876
-1,86400000;3,31230057
-1,86300000;3,32431169
-1,86200000;3,33640293
-1,86100000;3,34857512
-1,86000000;3,36082911
-1,85900000;3,37316574
-1,85800000;3,38558588
-1,85700000;3,39809040
-1,85600000;3,41067842
-1,85500000;3,42335440
-1,85400000;3,43611746
-1,85300000;3,44896854
-1,85200000;3,46190857
-1,85100000;3,47493850
-1,85000000;3,48805931
-1,84900000;3,50127197
-1,84800000;3,51457747
-1,84700000;3,52797684
-1,84600000;3,54147108
-1,84500000;3,55506124
-1,84400000;3,56874837
-1,84300000;3,58253355
-1,84200000;3,59641785
-1,84100000;3,61040238
-1,84000000;3,62448826
-1,83900000;3,63867661
-1,83800000;3,65296860
-1,83700000;3,66736538
-1,83600000;3,68186815
-1,83500000;3,69647811
-1,83400000;3,71119649
-1,83300000;3,72602451
-1,83200000;3,74096345
-1,83100000;3,75601457
-1,83000000;3,77117919
-1,82900000;3,78645862
-1,82800000;3,80185420
-1,82700000;3,81736729
-1,82600000;3,83299927
-1,82500000;3,84875154
-1,82400000;3,86462554
-1,82300000;3,88062271
-1,82200000;3,89674452
-1,82100000;3,91299247
-1,82000000;3,92936807
-1,81900000;3,94587287
-1,81800000;3,96250844
-1,81700000;3,97927637
-1,81600000;3,99617828
-1,81500000;4,01321582
-1,81400000;4,03039066
-1,81300000;4,04770451
-1,81200000;4,06515908
-1,81100000;4,08275615
-1,81000000;4,10049750
-1,80900000;4,11838494
-1,80800000;4,13642032
-1,80700000;4,15460553
-1,80600000;4,17294248
-1,80500000;4,19143310
-1,80400000;4,21007938
-1,80300000;4,22888333
-1,80200000;4,24784700
-1,80100000;4,26697246
-1,80000000;4,28626183
-1,79900000;4,30571728
-1,79800000;4,32534099
-1,79700000;4,34513519
-1,79600000;4,36510217
-1,79500000;4,38524422
-1,79400000;4,40556371
-1,79300000;4,42606303
-1,79200000;4,44674461
-1,79100000;4,46761095
-1,79000000;4,48866457
-1,78900000;4,50990805
-1,78800000;4,53134401
-1,78700000;4,55297512
-1,78600000;4,57480411
-1,78500000;4,59683373
-1,78400000;4,61906683
-1,78300000;4,64150627
-1,78200000;4,66415499
-1,78100000;4,68701598
-1,78000000;4,71009227
-1,77900000;4,73338697
-1,77800000;4,75690325
-1,77700000;4,78064433
-1,77600000;4,80461349
-1,77500000;4,82881409
-1,77400000;4,85324955
-1,77300000;4,87792334
-1,77200000;4,90283903
-1,77100000;4,92800024
-1,77000000;4,95341066
-1,76900000;4,97907408
-1,76800000;5,00499433
-1,76700000;5,03117535
-1,76600000;5,05762114
-1,76500000;5,08433580
-1,76400000;5,11132350
-1,76300000;5,13858850
-1,76200000;5,16613516
-1,76100000;5,19396792
-1,76000000;5,22209131
-1,75900000;5,25050997
-1,75800000;5,27922862
-1,75700000;5,30825212
-1,75600000;5,33758538
-1,75500000;5,36723346
-1,75400000;5,39720152
-1,75300000;5,42749482
-1,75200000;5,45811875
-1,75100000;5,48907881
-1,75000000;5,52038063
-1,74900000;5,55202996
-1,74800000;5,58403270
-1,74700000;5,61639484
-1,74600000;5,64912256
-1,74500000;5,68222215
-1,74400000;5,71570004
-1,74300000;5,74956284
-1,74200000;5,78381727
-1,74100000;5,81847026
-1,74000000;5,85352886
-1,73900000;5,88900031
-1,73800000;5,92489202
-1,73700000;5,96121157
-1,73600000;5,99796673
-1,73500000;6,03516547
-1,73400000;6,07281594
-1,73300000;6,11092649
-1,73200000;6,14950568
-1,73100000;6,18856230
-1,73000000;6,22810534
-1,72900000;6,26814402
-1,72800000;6,30868780
-1,72700000;6,34974638
-1,72600000;6,39132972
-1,72500000;6,43344803
-1,72400000;6,47611178
-1,72300000;6,51933172
-1,72200000;6,56311888
-1,72100000;6,60748461
-1,72000000;6,65244053
-1,71900000;6,69799858
-1,71800000;6,74417105
-1,71700000;6,79097054
-1,71600000;6,83841000
-1,71500000;6,88650275
-1,71400000;6,93526247
-1,71300000;6,98470324
-1,71200000;7,03483953
-1,71100000;7,08568621
-1,71000000;7,13725861
-1,70900000;7,18957247
-1,70800000;7,24264400
-1,70700000;7,29648990
-1,70600000;7,35112735
-1,70500000;7,40657404
-1,70400000;7,46284820
-1,70300000;7,51996860
-1,70200000;7,57795460
-1,70100000;7,63682615
-1,70000000;7,69660380
-1,69900000;7,75730875
-1,69800000;7,81896288
-1,69700000;7,88158876
-1,69600000;7,94520965
-1,69500000;8,00984961
-1,69400000;8,07553344
-1,69300000;8,14228678
-1,69200000;8,21013608
-1,69100000;8,27910872
-1,69000000;8,34923295
-1,68900000;8,42053801
-1,68800000;8,49305412
-1,68700000;8,56681255
-1,68600000;8,64184565
-1,68500000;8,71818690
-1,68400000;8,79587097
-1,68300000;8,87493377
-1,68200000;8,95541249
-1,68100000;9,03734568
-1,68000000;9,12077329
-1,67900000;9,20573675
-1,67800000;9,29227906
-1,67700000;9,38044480
-1,67600000;9,47028027
-1,67500000;9,56183354
-1,67400000;9,65515455
-1,67300000;9,75029519
-1,67200000;9,84730940
-1,67100000;9,94625326
-1,67000000;10,04718514
-1,66900000;10,15016577
-1,66800000;10,25525838
-1,66700000;10,36252882
-1,66600000;10,47204573
-1,66500000;10,58388065
-1,66400000;10,69810818
-1,66300000;10,81480619
-1,66200000;10,93405592
-1,66100000;11,05594225
-1,66000000;11,18055384
-1,65900000;11,30798340
-1,65800000;11,43832786
-1,65700000;11,57168867
-1,65600000;11,70817204
-1,65500000;11,84788920
-1,65400000;11,99095677
-1,65300000;12,13749702
-1,65200000;12,28763824
-1,65100000;12,44151512
-1,65000000;12,59926917
-1,64900000;12,76104911
-1,64800000;12,92701138
-1,64700000;13,09732065
-1,64600000;13,27215031
-1,64500000;13,45168312
-1,64400000;13,63611183
-1,64300000;13,82563985
-1,64200000;14,02048205
-1,64100000;14,22086549
-1,64000000;14,42703041
-1,63900000;14,63923111
-1,63800000;14,85773701
-1,63700000;15,08283386
-1,63600000;15,31482488
-1,63500000;15,55403223
-1,63400000;15,80079843
-1,63300000;16,05548803
-1,63200000;16,31848942
-1,63100000;16,59021677
-1,63000000;16,87111226
-1,62900000;17,16164844
-1,62800000;17,46233090
-1,62700000;17,77370124
-1,62600000;18,09634028
-1,62500000;18,43087170
-1,62400000;18,77796608
-1,62300000;19,13834538
-1,62200000;19,51278795
-1,62100000;19,90213419
-1,62000000;20,30729276
-1,61900000;20,72924778
-1,61800000;21,16906673
-1,61700000;21,62790951
-1,61600000;22,10703868
-1,61500000;22,60783101
-1,61400000;23,13179076
-1,61300000;23,68056478
-1,61200000;24,25595976
-1,61100000;24,85996217
-1,61000000;25,49476113
-1,60900000;26,16277501
-1,60800000;26,86668216
-1,60700000;27,60945686
-1,60600000;28,39441134
-1,60500000;29,22524520
-1,60400000;30,10610369
-1,60300000;31,04164698
-1,60200000;32,03713261
-1,60100000;33,09851438
-1,60000000;34,23256161
-1,59900000;35,44700367
-1,59800000;36,75070643
-1,59700000;38,15388918
-1,59600000;39,66839305
-1,59500000;41,30801610
-1,59400000;43,08893498
-1,59300000;45,03024060
-1,59200000;47,15462527
-1,59100000;49,48927405
-1,59000000;52,06703445
-1,58900000;54,92797179
-1,58800000;58,12146692
-1,58700000;61,70909072
-1,58600000;65,76861308
-1,58500000;70,39970524
-1,58400000;75,73223353
-1,58300000;81,93863064
-1,58200000;89,25289230
-1,58100000;98,00074443
-1,58000000;108,64947677
-1,57900000;121,89422379
-1,57800000;138,81611012
-1,57700000;161,19334961
-1,57600000;192,17105330
-1,57500000;237,88707468
-1,57400000;312,14284093
-1,57300000;453,79171084
-1,57200000;830,80541957
-1,57100000;4910,36684225
-1,57000000;-1255,73033744
-1,56900000;-556,68407653
-1,56800000;-357,60822274
-1,56700000;-263,40971780
-1,56600000;-208,49032595
-1,56500000;-172,52046819
-1,56400000;-147,13556517
-1,56300000;-128,26257406
-1,56200000;-113,68060354
-1,56100000;-102,07558634
-1,56000000;-92,62031136
-1,55900000;-84,76806482
-1,55800000;-78,14302974
-1,55700000;-72,47835042
-1,55600000;-67,57931211
-1,55500000;-63,30050636
-1,55400000;-59,53115326
-1,55300000;-56,18537240
-1,55200000;-53,19555934
-1,55100000;-50,50776960
-1,55000000;-48,07843450
-1,54900000;-45,87198091
-1,54800000;-43,85907764
-1,54700000;-42,01532382
-1,54600000;-40,32025483
-1,54500000;-38,75657928
-1,54400000;-37,30958696
-1,54300000;-35,96668448
-1,54200000;-34,71702778
-1,54100000;-33,55122855
-1,54000000;-32,46111789
-1,53900000;-31,43955455
-1,53800000;-30,48026825
-1,53700000;-29,57773085
-1,53600000;-28,72704969
-1,53500000;-27,92387884
-1,53400000;-27,16434477
-1,53300000;-26,44498393
-1,53200000;-25,76268984
-1,53100000;-25,11466827
-1,53000000;-24,49839895
-1,52900000;-23,91160282
-1,52800000;-23,35221381
-1,52700000;-22,81835458
-1,52600000;-22,30831540
-1,52500000;-21,82053589
-1,52400000;-21,35358901
-1,52300000;-20,90616720
-1,52200000;-20,47707004
-1,52100000;-20,06519356
-1,52000000;-19,66952072
-1,51900000;-19,28911302
-1,51800000;-18,92310305
-1,51700000;-18,57068792
-1,51600000;-18,23112333
-1,51500000;-17,90371835
-1,51400000;-17,58783071
-1,51300000;-17,28286257
-1,51200000;-16,98825679
-1,51100000;-16,70349348
-1,51000000;-16,42808696
-1,50900000;-16,16158301
-1,50800000;-15,90355629
-1,50700000;-15,65360819
-1,50600000;-15,41136467
-1,50500000;-15,17647443
-1,50400000;-14,94860721
-1,50300000;-14,72745226
-1,50200000;-14,51271686
-1,50100000;-14,30412509
-1,50000000;-14,10141661
-1,49900000;-13,90434559
-1,49800000;-13,71267970
-1,49700000;-13,52619922
-1,49600000;-13,34469615
-1,49500000;-13,16797350
-1,49400000;-12,99584452
-1,49300000;-12,82813207
-1,49200000;-12,66466799
-1,49100000;-12,50529257
-1,49000000;-12,34985400
-1,48900000;-12,19820787
-1,48800000;-12,05021678
-1,48700000;-11,90574988
-1,48600000;-11,76475185
-1,48500000;-11,62696309
-1,48400000;-11,49234165
-1,48300000;-11,36077929
-1,48200000;-11,23217267
-1,48100000;-11,10642303
-1,48000000;-10,98343598
-1,47900000;-10,86312122
-1,47800000;-10,74539238
-1,47700000;-10,63016672
-1,47600000;-10,51736505
-1,47500000;-10,40691144
-1,47400000;-10,29873312
-1,47300000;-10,19276030
-1,47200000;-10,08892599
-1,47100000;-9,98716592
-1,47000000;-9,88741835
-1,46900000;-9,78962397
-1,46800000;-9,69372577
-1,46700000;-9,59966894
-1,46600000;-9,50740078
-1,46500000;-9,41687057
-1,46400000;-9,32802948
-1,46300000;-9,24083050
-1,46200000;-9,15522835
-1,46100000;-9,07117940
-1,46000000;-8,98864159
-1,45900000;-8,90757438
-1,45800000;-8,82793865
-1,45700000;-8,74969665
-1,45600000;-8,67281197
-1,45500000;-8,59724944
-1,45400000;-8,52297510
-1,45300000;-8,44995614
-1,45200000;-8,37816086
-1,45100000;-8,30755862
-1,45000000;-8,23811977
-1,44900000;-8,16981568
-1,44800000;-8,10261860
-1,44700000;-8,03650172
-1,44600000;-7,97143907
-1,44500000;-7,90740551
-1,44400000;-7,84437668
-1,44300000;-7,78232901
-1,44200000;-7,72123963
-1,44100000;-7,66108639
-1,44000000;-7,60184783
-1,43900000;-7,54350313
-1,43800000;-7,48603208
-1,43700000;-7,42941510
-1,43600000;-7,37363318
-1,43500000;-7,31866788
-1,43400000;-7,26450127
-1,43300000;-7,21111598
-1,43200000;-7,15849512
-1,43100000;-7,10662228
-1,43000000;-7,05548151
-1,42900000;-7,00505734
-1,42800000;-6,95533471
-1,42700000;-6,90629897
-1,42600000;-6,85793590
-1,42500000;-6,81023166
-1,42400000;-6,76317278
-1,42300000;-6,71674616
-1,42200000;-6,67093905
-1,42100000;-6,62573904
-1,42000000;-6,58113406
-1,41900000;-6,53711235
-1,41800000;-6,49366245
-1,41700000;-6,45077321
-1,41600000;-6,40843377
-1,41500000;-6,36663353
-1,41400000;-6,32536217
-1,41300000;-6,28460965
-1,41200000;-6,24436616
-1,41100000;-6,20462214
-1,41000000;-6,16536827
-1,40900000;-6,12659547
-1,40800000;-6,08829487
-1,40700000;-6,05045782
-1,40600000;-6,01307588
-1,40500000;-5,97614081
-1,40400000;-5,93964458
-1,40300000;-5,90357934
-1,40200000;-5,86793744
-1,40100000;-5,83271138
-1,40000000;-5,79789386
-1,39900000;-5,76347776
-1,39800000;-5,72945610
-1,39700000;-5,69582207
-1,39600000;-5,66256901
-1,39500000;-5,62969044
-1,39400000;-5,59717998
-1,39300000;-5,56503143
-1,39200000;-5,53323872
-1,39100000;-5,50179591
-1,39000000;-5,47069719
-1,38900000;-5,43993688
-1,38800000;-5,40950943
-1,38700000;-5,37940941
-1,38600000;-5,34963149
-1,38500000;-5,32017048
-1,38400000;-5,29102129
-1,38300000;-5,26217894
-1,38200000;-5,23363854
-1,38100000;-5,20539533
-1,38000000;-5,17744463
-1,37900000;-5,14978187
-1,37800000;-5,12240256
-1,37700000;-5,09530232
-1,37600000;-5,06847685
-1,37500000;-5,04192194
-1,37400000;-5,01563345
-1,37300000;-4,98960737
-1,37200000;-4,96383971
-1,37100000;-4,93832660
-1,37000000;-4,91306424
-1,36900000;-4,88804889
-1,36800000;-4,86327692
-1,36700000;-4,83874472
-1,36600000;-4,81444878
-1,36500000;-4,79038568
-1,36400000;-4,76655201
-1,36300000;-4,74294448
-1,36200000;-4,71955983
-1,36100000;-4,69639487
-1,36000000;-4,67344648
-1,35900000;-4,65071159
-1,35800000;-4,62818719
-1,35700000;-4,60587032
-1,35600000;-4,58375809
-1,35500000;-4,56184764
-1,35400000;-4,54013620
-1,35300000;-4,51862101
-1,35200000;-4,49729938
-1,35100000;-4,47616867
-1,35000000;-4,45522630
-1,34900000;-4,43446970
-1,34800000;-4,41389637
-1,34700000;-4,39350387
-1,34600000;-4,37328977
-1,34500000;-4,35325171
-1,34400000;-4,33338735
-1,34300000;-4,31369441
-1,34200000;-4,29417064
-1,34100000;-4,27481383
-1,34000000;-4,25562181
-1,33900000;-4,23659244
-1,33800000;-4,21772363
-1,33700000;-4,19901333
-1,33600000;-4,18045949
-1,33500000;-4,16206014
-1,33400000;-4,14381331
-1,33300000;-4,12571708
-1,33200000;-4,10776956
-1,33100000;-4,08996889
-1,33000000;-4,07231322
-1,32900000;-4,05480078
-1,32800000;-4,03742978
-1,32700000;-4,02019848
-1,32600000;-4,00310518
-1,32500000;-3,98614819
-1,32400000;-3,96932584
-1,32300000;-3,95263651
-1,32200000;-3,93607860
-1,32100000;-3,91965053
-1,32000000;-3,90335073
-1,31900000;-3,88717769
-1,31800000;-3,87112990
-1,31700000;-3,85520587
-1,31600000;-3,83940416
-1,31500000;-3,82372331
-1,31400000;-3,80816194
-1,31300000;-3,79271863
-1,31200000;-3,77739396
-1,31100000;-3,76218268
-1,31000000;-3,74708544
-1,30900000;-3,73210090
-1,30800000;-3,71722781
-1,30700000;-3,70246487
-1,30600000;-3,68781085
-1,30500000;-3,67326452
-1,30400000;-3,65882466
-1,30300000;-3,64449008
-1,30200000;-3,63025961
-1,30100000;-3,61613209
-1,30000000;-3,60210637
-1,29900000;-3,58818133
-1,29800000;-3,57435587
-1,29700000;-3,56062889
-1,29600000;-3,54699931
-1,29500000;-3,53346608
-1,29400000;-3,52002816
-1,29300000;-3,50668451
-1,29200000;-3,49343411
-1,29100000;-3,48027597
-1,29000000;-3,46720910
-1,28900000;-3,45423253
-1,28800000;-3,44134530
-1,28700000;-3,42854647
-1,28600000;-3,41583509
-1,28500000;-3,40321026
-1,28400000;-3,39067108
-1,28300000;-3,37821663
-1,28200000;-3,36584605
-1,28100000;-3,35355847
-1,28000000;-3,34135302
-1,27900000;-3,32922887
-1,27800000;-3,31718518
-1,27700000;-3,30522113
-1,27600000;-3,29333591
-1,27500000;-3,28152871
-1,27400000;-3,26979875
-1,27300000;-3,25814525
-1,27200000;-3,24656744
-1,27100000;-3,23506457
-1,27000000;-3,22363588
-1,26900000;-3,21228063
-1,26800000;-3,20099811
-1,26700000;-3,18978759
-1,26600000;-3,17864836
-1,26500000;-3,16757971
-1,26400000;-3,15658097
-1,26300000;-3,14565145
-1,26200000;-3,13479048
-1,26100000;-3,12399738
-1,26000000;-3,11327151
-1,25900000;-3,10261222
-1,25800000;-3,09201887
-1,25700000;-3,08149082
-1,25600000;-3,07102746
-1,25500000;-3,06062817
-1,25400000;-3,05029234
-1,25300000;-3,04001938
-1,25200000;-3,02980868
-1,25100000;-3,01965968
-1,25000000;-3,00957178
-1,24900000;-2,99954442
-1,24800000;-2,98957703
-1,24700000;-2,97966907
-1,24600000;-2,96981997
-1,24500000;-2,96002920
-1,24400000;-2,95029622
-1,24300000;-2,94062051
-1,24200000;-2,93100153
-1,24100000;-2,92143877
-1,24000000;-2,91193173
-1,23900000;-2,90247989
-1,23800000;-2,89308276
-1,23700000;-2,88373985
-1,23600000;-2,87445066
-1,23500000;-2,86521473
-1,23400000;-2,85603157
-1,23300000;-2,84690072
-1,23200000;-2,83782171
-1,23100000;-2,82879409
-1,23000000;-2,81981739
-1,22900000;-2,81089118
-1,22800000;-2,80201500
-1,22700000;-2,79318843
-1,22600000;-2,78441104
-1,22500000;-2,77568238
-1,22400000;-2,76700205
-1,22300000;-2,75836962
-1,22200000;-2,74978469
-1,22100000;-2,74124684
-1,22000000;-2,73275567
-1,21900000;-2,72431078
-1,21800000;-2,71591178
-1,21700000;-2,70755828
-1,21600000;-2,69924989
-1,21500000;-2,69098624
-1,21400000;-2,68276694
-1,21300000;-2,67459162
-1,21200000;-2,66645992
-1,21100000;-2,65837146
-1,21000000;-2,65032590
-1,20900000;-2,64232287
-1,20800000;-2,63436203
-1,20700000;-2,62644301
-1,20600000;-2,61856549
-1,20500000;-2,61072912
-1,20400000;-2,60293355
-1,20300000;-2,59517846
-1,20200000;-2,58746352
-1,20100000;-2,57978840
-1,20000000;-2,57215278
-1,19900000;-2,56455634
-1,19800000;-2,55699877
-1,19700000;-2,54947974
-1,19600000;-2,54199895
-1,19500000;-2,53455611
-1,19400000;-2,52715089
-1,19300000;-2,51978301
-1,19200000;-2,51245217
-1,19100000;-2,50515807
-1,19000000;-2,49790042
-1,18900000;-2,49067894
-1,18800000;-2,48349335
-1,18700000;-2,47634336
-1,18600000;-2,46922869
-1,18500000;-2,46214907
-1,18400000;-2,45510423
-1,18300000;-2,44809390
-1,18200000;-2,44111780
-1,18100000;-2,43417569
-1,18000000;-2,42726728
-1,17900000;-2,42039233
-1,17800000;-2,41355059
-1,17700000;-2,40674179
-1,17600000;-2,39996568
-1,17500000;-2,39322202
-1,17400000;-2,38651056
-1,17300000;-2,37983106
-1,17200000;-2,37318328
-1,17100000;-2,36656697
-1,17000000;-2,35998191
-1,16900000;-2,35342786
-1,16800000;-2,34690458
-1,16700000;-2,34041185
-1,16600000;-2,33394944
-1,16500000;-2,32751712
-1,16400000;-2,32111468
-1,16300000;-2,31474189
-1,16200000;-2,30839854
-1,16100000;-2,30208440
-1,16000000;-2,29579927
-1,15900000;-2,28954293
-1,15800000;-2,28331518
-1,15700000;-2,27711580
-1,15600000;-2,27094459
-1,15500000;-2,26480134
-1,15400000;-2,25868586
-1,15300000;-2,25259794
-1,15200000;-2,24653739
-1,15100000;-2,24050401
-1,15000000;-2,23449760
-1,14900000;-2,22851798
-1,14800000;-2,22256494
-1,14700000;-2,21663832
-1,14600000;-2,21073790
-1,14500000;-2,20486352
-1,14400000;-2,19901499
-1,14300000;-2,19319212
-1,14200000;-2,18739474
-1,14100000;-2,18162266
-1,14000000;-2,17587571
-1,13900000;-2,17015372
-1,13800000;-2,16445651
-1,13700000;-2,15878391
-1,13600000;-2,15313575
-1,13500000;-2,14751186
-1,13400000;-2,14191208
-1,13300000;-2,13633622
-1,13200000;-2,13078415
-1,13100000;-2,12525568
-1,13000000;-2,11975066
-1,12900000;-2,11426894
-1,12800000;-2,10881034
-1,12700000;-2,10337471
-1,12600000;-2,09796191
-1,12500000;-2,09257177
-1,12400000;-2,08720414
-1,12300000;-2,08185887
-1,12200000;-2,07653581
-1,12100000;-2,07123481
-1,12000000;-2,06595573
-1,11900000;-2,06069841
-1,11800000;-2,05546271
-1,11700000;-2,05024850
-1,11600000;-2,04505562
-1,11500000;-2,03988394
-1,11400000;-2,03473332
-1,11300000;-2,02960361
-1,11200000;-2,02449468
-1,11100000;-2,01940640
-1,11000000;-2,01433863
-1,10900000;-2,00929123
-1,10800000;-2,00426408
-1,10700000;-1,99925703
-1,10600000;-1,99426997
-1,10500000;-1,98930276
-1,10400000;-1,98435527
-1,10300000;-1,97942738
-1,10200000;-1,97451896
-1,10100000;-1,96962988
-1,10000000;-1,96476003
-1,09900000;-1,95990927
-1,09800000;-1,95507749
-1,09700000;-1,95026457
-1,09600000;-1,94547038
-1,09500000;-1,94069482
-1,09400000;-1,93593775
-1,09300000;-1,93119906
-1,09200000;-1,92647864
-1,09100000;-1,92177638
-1,09000000;-1,91709215
-1,08900000;-1,91242585
-1,08800000;-1,90777736
-1,08700000;-1,90314658
-1,08600000;-1,89853339
-1,08500000;-1,89393768
-1,08400000;-1,88935935
-1,08300000;-1,88479828
-1,08200000;-1,88025438
-1,08100000;-1,87572753
-1,08000000;-1,87121763
-1,07900000;-1,86672458
-1,07800000;-1,86224827
-1,07700000;-1,85778861
-1,07600000;-1,85334548
-1,07500000;-1,84891879
-1,07400000;-1,84450844
-1,07300000;-1,84011433
-1,07200000;-1,83573636
-1,07100000;-1,83137444
-1,07000000;-1,82702846
-1,06900000;-1,82269834
-1,06800000;-1,81838397
-1,06700000;-1,81408526
-1,06600000;-1,80980212
-1,06500000;-1,80553446
-1,06400000;-1,80128218
-1,06300000;-1,79704519
-1,06200000;-1,79282340
-1,06100000;-1,78861672
-1,06000000;-1,78442507
-1,05900000;-1,78024834
-1,05800000;-1,77608647
-1,05700000;-1,77193935
-1,05600000;-1,76780690
-1,05500000;-1,76368903
-1,05400000;-1,75958567
-1,05300000;-1,75549672
-1,05200000;-1,75142210
-1,05100000;-1,74736173
-1,05000000;-1,74331552
-1,04900000;-1,73928340
-1,04800000;-1,73526528
-1,04700000;-1,73126108
-1,04600000;-1,72727072
-1,04500000;-1,72329412
-1,04400000;-1,71933120
-1,04300000;-1,71538189
-1,04200000;-1,71144610
-1,04100000;-1,70752377
-1,04000000;-1,70361480
-1,03900000;-1,69971913
-1,03800000;-1,69583668
-1,03700000;-1,69196738
-1,03600000;-1,68811115
-1,03500000;-1,68426791
-1,03400000;-1,68043760
-1,03300000;-1,67662015
-1,03200000;-1,67281547
-1,03100000;-1,66902350
-1,03000000;-1,66524416
-1,02900000;-1,66147739
-1,02800000;-1,65772312
-1,02700000;-1,65398128
-1,02600000;-1,65025179
-1,02500000;-1,64653459
-1,02400000;-1,64282961
-1,02300000;-1,63913679
-1,02200000;-1,63545605
-1,02100000;-1,63178733
-1,02000000;-1,62813056
-1,01900000;-1,62448569
-1,01800000;-1,62085263
-1,01700000;-1,61723134
-1,01600000;-1,61362173
-1,01500000;-1,61002376
-1,01400000;-1,60643736
-1,01300000;-1,60286246
-1,01200000;-1,59929900
-1,01100000;-1,59574692
-1,01000000;-1,59220616
-1,00900000;-1,58867666
-1,00800000;-1,58515835
-1,00700000;-1,58165118
-1,00600000;-1,57815509
-1,00500000;-1,57467001
-1,00400000;-1,57119589
-1,00300000;-1,56773268
-1,00200000;-1,56428030
-1,00100000;-1,56083871
-1,00000000;-1,55740785
-0,99900000;-1,55398765
-0,99800000;-1,55057807
-0,99700000;-1,54717905
-0,99600000;-1,54379052
-0,99500000;-1,54041245
-0,99400000;-1,53704476
-0,99300000;-1,53368741
-0,99200000;-1,53034035
-0,99100000;-1,52700351
-0,99000000;-1,52367685
-0,98900000;-1,52036031
-0,98800000;-1,51705384
-0,98700000;-1,51375739
-0,98600000;-1,51047090
-0,98500000;-1,50719432
-0,98400000;-1,50392761
-0,98300000;-1,50067071
-0,98200000;-1,49742356
-0,98100000;-1,49418613
-0,98000000;-1,49095836
-0,97900000;-1,48774020
-0,97800000;-1,48453160
-0,97700000;-1,48133252
-0,97600000;-1,47814289
-0,97500000;-1,47496269
-0,97400000;-1,47179185
-0,97300000;-1,46863033
-0,97200000;-1,46547808
-0,97100000;-1,46233506
-0,97000000;-1,45920121
-0,96900000;-1,45607650
-0,96800000;-1,45296088
-0,96700000;-1,44985430
-0,96600000;-1,44675671
-0,96500000;-1,44366807
-0,96400000;-1,44058834
-0,96300000;-1,43751746
-0,96200000;-1,43445541
-0,96100000;-1,43140212
-0,96000000;-1,42835757
-0,95900000;-1,42532170
-0,95800000;-1,42229447
-0,95700000;-1,41927584
-0,95600000;-1,41626577
-0,95500000;-1,41326421
-0,95400000;-1,41027112
-0,95300000;-1,40728646
-0,95200000;-1,40431019
-0,95100000;-1,40134227
-0,95000000;-1,39838266
-0,94900000;-1,39543131
-0,94800000;-1,39248819
-0,94700000;-1,38955325
-0,94600000;-1,38662646
-0,94500000;-1,38370777
-0,94400000;-1,38079715
-0,94300000;-1,37789455
-0,94200000;-1,37499995
-0,94100000;-1,37211329
-0,94000000;-1,36923454
-0,93900000;-1,36636367
-0,93800000;-1,36350063
-0,93700000;-1,36064539
-0,93600000;-1,35779790
-0,93500000;-1,35495814
-0,93400000;-1,35212607
-0,93300000;-1,34930164
-0,93200000;-1,34648483
-0,93100000;-1,34367558
-0,93000000;-1,34087388
-0,92900000;-1,33807969
-0,92800000;-1,33529296
-0,92700000;-1,33251366
-0,92600000;-1,32974176
-0,92500000;-1,32697722
-0,92400000;-1,32422001
-0,92300000;-1,32147009
-0,92200000;-1,31872743
-0,92100000;-1,31599199
-0,92000000;-1,31326375
-0,91900000;-1,31054266
-0,91800000;-1,30782869
-0,91700000;-1,30512182
-0,91600000;-1,30242199
-0,91500000;-1,29972920
-0,91400000;-1,29704339
-0,91300000;-1,29436454
-0,91200000;-1,29169262
-0,91100000;-1,28902759
-0,91000000;-1,28636942
-0,90900000;-1,28371809
-0,90800000;-1,28107355
-0,90700000;-1,27843578
-0,90600000;-1,27580474
-0,90500000;-1,27318041
-0,90400000;-1,27056275
-0,90300000;-1,26795174
-0,90200000;-1,26534734
-0,90100000;-1,26274952
-0,90000000;-1,26015826
-0,89900000;-1,25757351
-0,89800000;-1,25499526
-0,89700000;-1,25242348
-0,89600000;-1,24985812
-0,89500000;-1,24729918
-0,89400000;-1,24474660
-0,89300000;-1,24220038
-0,89200000;-1,23966047
-0,89100000;-1,23712685
-0,89000000;-1,23459949
-0,88900000;-1,23207837
-0,88800000;-1,22956345
-0,88700000;-1,22705471
-0,88600000;-1,22455211
-0,88500000;-1,22205564
-0,88400000;-1,21956526
-0,88300000;-1,21708095
-0,88200000;-1,21460268
-0,88100000;-1,21213042
-0,88000000;-1,20966415
-0,87900000;-1,20720384
-0,87800000;-1,20474946
-0,87700000;-1,20230099
-0,87600000;-1,19985840
-0,87500000;-1,19742166
-0,87400000;-1,19499075
-0,87300000;-1,19256564
-0,87200000;-1,19014632
-0,87100000;-1,18773274
-0,87000000;-1,18532397
-0,86900000;-1,18292183
-0,86800000;-1,18052537
-0,86700000;-1,17813456
-0,86600000;-1,17574937
-0,86500000;-1,17336979
-0,86400000;-1,17099578
-0,86300000;-1,16862733
-0,86200000;-1,16626441
-0,86100000;-1,16390699
-0,86000000;-1,16155505
-0,85900000;-1,15920857
-0,85800000;-1,15686752
-0,85700000;-1,15453189
-0,85600000;-1,15220164
-0,85500000;-1,14987675
-0,85400000;-1,14755721
-0,85300000;-1,14524298
-0,85200000;-1,14293405
-0,85100000;-1,14063039
-0,85000000;-1,13833198
-0,84900000;-1,13603879
-0,84800000;-1,13375081
-0,84700000;-1,13146801
-0,84600000;-1,12919038
-0,84500000;-1,12691787
-0,84400000;-1,12465049
-0,84300000;-1,12238820
-0,84200000;-1,12013098
-0,84100000;-1,11787882
-0,84000000;-1,11563168
-0,83900000;-1,11338955
-0,83800000;-1,11115241
-0,83700000;-1,10892023
-0,83600000;-1,10669300
-0,83500000;-1,10447070
-0,83400000;-1,10225329
-0,83300000;-1,10004077
-0,83200000;-1,09783312
-0,83100000;-1,09563030
-0,83000000;-1,09343231
-0,82900000;-1,09123911
-0,82800000;-1,08905070
-0,82700000;-1,08686632
-0,82600000;-1,08468742
-0,82500000;-1,08251324
-0,82400000;-1,08034376
-0,82300000;-1,07817897
-0,82200000;-1,07601884
-0,82100000;-1,07386335
-0,82000000;-1,07171249
-0,81900000;-1,06956623
-0,81800000;-1,06742456
-0,81700000;-1,06528746
-0,81600000;-1,06315490
-0,81500000;-1,06102687
-0,81400000;-1,05890336
-0,81300000;-1,05678433
-0,81200000;-1,05466979
-0,81100000;-1,05255969
-0,81000000;-1,05045404
-0,80900000;-1,04835280
-0,80800000;-1,04625596
-0,80700000;-1,04416351
-0,80600000;-1,04207542
-0,80500000;-1,03999168
-0,80400000;-1,03791227
-0,80300000;-1,03583717
-0,80200000;-1,03376636
-0,80100000;-1,03169983
-0,80000000;-1,02963756
-0,79900000;-1,02757954
-0,79800000;-1,02552574
-0,79700000;-1,02347614
-0,79600000;-1,02143074
-0,79500000;-1,01938951
-0,79400000;-1,01735244
-0,79300000;-1,01531951
-0,79200000;-1,01329071
-0,79100000;-1,01126601
-0,79000000;-1,00924540
-0,78900000;-1,00722886
-0,78800000;-1,00521639
-0,78700000;-1,00320795
-0,78600000;-1,00120355
-0,78500000;-0,99920315
-0,78400000;-0,99720674
-0,78300000;-0,99521431
-0,78200000;-0,99322585
-0,78100000;-0,99124133
-0,78000000;-0,98926074
-0,77900000;-0,98728406
-0,77800000;-0,98531129
-0,77700000;-0,98334240
-0,77600000;-0,98137737
-0,77500000;-0,97941620
-0,77400000;-0,97745887
-0,77300000;-0,97550536
-0,77200000;-0,97355566
-0,77100000;-0,97160975
-0,77000000;-0,96966761
-0,76900000;-0,96772924
-0,76800000;-0,96579462
-0,76700000;-0,96386373
-0,76600000;-0,96193656
-0,76500000;-0,96001310
-0,76400000;-0,95809332
-0,76300000;-0,95617722
-0,76200000;-0,95426478
-0,76100000;-0,95235598
-0,76000000;-0,95045082
-0,75900000;-0,94854928
-0,75800000;-0,94665134
-0,75700000;-0,94475699
-0,75600000;-0,94286621
-0,75500000;-0,94097900
-0,75400000;-0,93909534
-0,75300000;-0,93721521
-0,75200000;-0,93533860
-0,75100000;-0,93346550
-0,75000000;-0,93159589
-0,74900000;-0,92972976
-0,74800000;-0,92786710
-0,74700000;-0,92600789
-0,74600000;-0,92415212
-0,74500000;-0,92229978
-0,74400000;-0,92045085
-0,74300000;-0,91860533
-0,74200000;-0,91676319
-0,74100000;-0,91492442
-0,74000000;-0,91308902
-0,73900000;-0,91125697
-0,73800000;-0,90942825
-0,73700000;-0,90760285
-0,73600000;-0,90578077
-0,73500000;-0,90396198
-0,73400000;-0,90214648
-0,73300000;-0,90033425
-0,73200000;-0,89852528
-0,73100000;-0,89671956
-0,73000000;-0,89491707
-0,72900000;-0,89311781
-0,72800000;-0,89132176
-0,72700000;-0,88952890
-0,72600000;-0,88773924
-0,72500000;-0,88595275
-0,72400000;-0,88416942
-0,72300000;-0,88238924
-0,72200000;-0,88061220
-0,72100000;-0,87883829
-0,72000000;-0,87706749
-0,71900000;-0,87529980
-0,71800000;-0,87353519
-0,71700000;-0,87177367
-0,71600000;-0,87001522
-0,71500000;-0,86825982
-0,71400000;-0,86650747
-0,71300000;-0,86475816
-0,71200000;-0,86301186
-0,71100000;-0,86126858
-0,71000000;-0,85952830
-0,70900000;-0,85779101
-0,70800000;-0,85605669
-0,70700000;-0,85432534
-0,70600000;-0,85259695
-0,70500000;-0,85087150
-0,70400000;-0,84914899
-0,70300000;-0,84742940
-0,70200000;-0,84571272
-0,70100000;-0,84399894
-0,70000000;-0,84228805
-0,69900000;-0,84058005
-0,69800000;-0,83887491
-0,69700000;-0,83717263
-0,69600000;-0,83547319
-0,69500000;-0,83377660
-0,69400000;-0,83208283
-0,69300000;-0,83039188
-0,69200000;-0,82870373
-0,69100000;-0,82701838
-0,69000000;-0,82533581
-0,68900000;-0,82365602
-0,68800000;-0,82197900
-0,68700000;-0,82030473
-0,68600000;-0,81863320
-0,68500000;-0,81696441
-0,68400000;-0,81529834
-0,68300000;-0,81363499
-0,68200000;-0,81197434
-0,68100000;-0,81031638
-0,68000000;-0,80866111
-0,67900000;-0,80700852
-0,67800000;-0,80535859
-0,67700000;-0,80371132
-0,67600000;-0,80206669
-0,67500000;-0,80042470
-0,67400000;-0,79878533
-0,67300000;-0,79714858
-0,67200000;-0,79551444
-0,67100000;-0,79388290
-0,67000000;-0,79225394
-0,66900000;-0,79062757
-0,66800000;-0,78900376
-0,66700000;-0,78738251
-0,66600000;-0,78576382
-0,66500000;-0,78414767
-0,66400000;-0,78253405
-0,66300000;-0,78092295
-0,66200000;-0,77931437
-0,66100000;-0,77770829
-0,66000000;-0,77610471
-0,65900000;-0,77450361
-0,65800000;-0,77290500
-0,65700000;-0,77130885
-0,65600000;-0,76971516
-0,65500000;-0,76812393
-0,65400000;-0,76653513
-0,65300000;-0,76494878
-0,65200000;-0,76336484
-0,65100000;-0,76178332
-0,65000000;-0,76020421
-0,64900000;-0,75862750
-0,64800000;-0,75705318
-0,64700000;-0,75548125
-0,64600000;-0,75391168
-0,64500000;-0,75234448
-0,64400000;-0,75077964
-0,64300000;-0,74921714
-0,64200000;-0,74765699
-0,64100000;-0,74609916
-0,64000000;-0,74454366
-0,63900000;-0,74299047
-0,63800000;-0,74143959
-0,63700000;-0,73989101
-0,63600000;-0,73834471
-0,63500000;-0,73680070
-0,63400000;-0,73525896
-0,63300000;-0,73371949
-0,63200000;-0,73218227
-0,63100000;-0,73064731
-0,63000000;-0,72911458
-0,62900000;-0,72758409
-0,62800000;-0,72605583
-0,62700000;-0,72452978
-0,62600000;-0,72300594
-0,62500000;-0,72148430
-0,62400000;-0,71996486
-0,62300000;-0,71844760
-0,62200000;-0,71693253
-0,62100000;-0,71541962
-0,62000000;-0,71390888
-0,61900000;-0,71240029
-0,61800000;-0,71089385
-0,61700000;-0,70938955
-0,61600000;-0,70788738
-0,61500000;-0,70638734
-0,61400000;-0,70488941
-0,61300000;-0,70339360
-0,61200000;-0,70189989
-0,61100000;-0,70040827
-0,61000000;-0,69891875
-0,60900000;-0,69743130
-0,60800000;-0,69594593
-0,60700000;-0,69446262
-0,60600000;-0,69298137
-0,60500000;-0,69150217
-0,60400000;-0,69002502
-0,60300000;-0,68854990
-0,60200000;-0,68707682
-0,60100000;-0,68560575
-0,60000000;-0,68413671
-0,59900000;-0,68266967
-0,59800000;-0,68120463
-0,59700000;-0,67974159
-0,59600000;-0,67828053
-0,59500000;-0,67682146
-0,59400000;-0,67536436
-0,59300000;-0,67390922
-0,59200000;-0,67245605
-0,59100000;-0,67100483
-0,59000000;-0,66955555
-0,58900000;-0,66810822
-0,58800000;-0,66666282
-0,58700000;-0,66521934
-0,58600000;-0,66377778
-0,58500000;-0,66233814
-0,58400000;-0,66090040
-0,58300000;-0,65946456
-0,58200000;-0,65803061
-0,58100000;-0,65659855
-0,58000000;-0,65516837
-0,57900000;-0,65374006
-0,57800000;-0,65231361
-0,57700000;-0,65088903
-0,57600000;-0,64946630
-0,57500000;-0,64804542
-0,57400000;-0,64662637
-0,57300000;-0,64520917
-0,57200000;-0,64379378
-0,57100000;-0,64238022
-0,57000000;-0,64096848
-0,56900000;-0,63955854
-0,56800000;-0,63815041
-0,56700000;-0,63674407
-0,56600000;-0,63533952
-0,56500000;-0,63393676
-0,56400000;-0,63253577
-0,56300000;-0,63113655
-0,56200000;-0,62973910
-0,56100000;-0,62834341
-0,56000000;-0,62694947
-0,55900000;-0,62555728
-0,55800000;-0,62416683
-0,55700000;-0,62277811
-0,55600000;-0,62139112
-0,55500000;-0,62000585
-0,55400000;-0,61862230
-0,55300000;-0,61724047
-0,55200000;-0,61586033
-0,55100000;-0,61448190
-0,55000000;-0,61310516
-0,54900000;-0,61173010
-0,54800000;-0,61035673
-0,54700000;-0,60898503
-0,54600000;-0,60761500
-0,54500000;-0,60624664
-0,54400000;-0,60487993
-0,54300000;-0,60351488
-0,54200000;-0,60215147
-0,54100000;-0,60078970
-0,54000000;-0,59942957
-0,53900000;-0,59807107
-0,53800000;-0,59671419
-0,53700000;-0,59535893
-0,53600000;-0,59400529
-0,53500000;-0,59265325
-0,53400000;-0,59130281
-0,53300000;-0,58995397
-0,53200000;-0,58860672
-0,53100000;-0,58726105
-0,53000000;-0,58591697
-0,52900000;-0,58457446
-0,52800000;-0,58323351
-0,52700000;-0,58189413
-0,52600000;-0,58055631
-0,52500000;-0,57922004
-0,52400000;-0,57788532
-0,52300000;-0,57655214
-0,52200000;-0,57522049
-0,52100000;-0,57389038
-0,52000000;-0,57256179
-0,51900000;-0,57123472
-0,51800000;-0,56990917
-0,51700000;-0,56858513
-0,51600000;-0,56726259
-0,51500000;-0,56594155
-0,51400000;-0,56462201
-0,51300000;-0,56330396
-0,51200000;-0,56198739
-0,51100000;-0,56067230
-0,51000000;-0,55935868
-0,50900000;-0,55804653
-0,50800000;-0,55673585
-0,50700000;-0,55542662
-0,50600000;-0,55411885
-0,50500000;-0,55281252
-0,50400000;-0,55150764
-0,50300000;-0,55020420
-0,50200000;-0,54890219
-0,50100000;-0,54760161
-0,50000000;-0,54630246
-0,49900000;-0,54500472
-0,49800000;-0,54370840
-0,49700000;-0,54241348
-0,49600000;-0,54111997
-0,49500000;-0,53982786
-0,49400000;-0,53853714
-0,49300000;-0,53724781
-0,49200000;-0,53595987
-0,49100000;-0,53467331
-0,49000000;-0,53338812
-0,48900000;-0,53210430
-0,48800000;-0,53082185
-0,48700000;-0,52954076
-0,48600000;-0,52826102
-0,48500000;-0,52698263
-0,48400000;-0,52570560
-0,48300000;-0,52442990
-0,48200000;-0,52315554
-0,48100000;-0,52188252
-0,48000000;-0,52061082
-0,47900000;-0,51934044
-0,47800000;-0,51807139
-0,47700000;-0,51680365
-0,47600000;-0,51553722
-0,47500000;-0,51427209
-0,47400000;-0,51300826
-0,47300000;-0,51174573
-0,47200000;-0,51048449
-0,47100000;-0,50922454
-0,47000000;-0,50796587
-0,46900000;-0,50670848
-0,46800000;-0,50545237
-0,46700000;-0,50419752
-0,46600000;-0,50294394
-0,46500000;-0,50169161
-0,46400000;-0,50044055
-0,46300000;-0,49919073
-0,46200000;-0,49794216
-0,46100000;-0,49669484
-0,46000000;-0,49544875
-0,45900000;-0,49420390
-0,45800000;-0,49296027
-0,45700000;-0,49171788
-0,45600000;-0,49047670
-0,45500000;-0,48923674
-0,45400000;-0,48799799
-0,45300000;-0,48676045
-0,45200000;-0,48552412
-0,45100000;-0,48428899
-0,45000000;-0,48305505
-0,44900000;-0,48182230
-0,44800000;-0,48059074
-0,44700000;-0,47936036
-0,44600000;-0,47813117
-0,44500000;-0,47690315
-0,44400000;-0,47567629
-0,44300000;-0,47445061
-0,44200000;-0,47322609
-0,44100000;-0,47200272
-0,44000000;-0,47078051
-0,43900000;-0,46955945
-0,43800000;-0,46833954
-0,43700000;-0,46712077
-0,43600000;-0,46590313
-0,43500000;-0,46468663
-0,43400000;-0,46347127
-0,43300000;-0,46225702
-0,43200000;-0,46104390
-0,43100000;-0,45983190
-0,43000000;-0,45862101
-0,42900000;-0,45741123
-0,42800000;-0,45620256
-0,42700000;-0,45499499
-0,42600000;-0,45378852
-0,42500000;-0,45258368
-0,42400000;-0,45137939
-0,42300000;-0,45017618
-0,42200000;-0,44897405
-0,42100000;-0,44777301
-0,42000000;-0,44657303
-0,41900000;-0,44537413
-0,41800000;-0,44417630
-0,41700000;-0,44297953
-0,41600000;-0,44178382
-0,41500000;-0,44058917
-0,41400000;-0,43939557
-0,41300000;-0,43820302
-0,41200000;-0,43701151
-0,41100000;-0,43582104
-0,41000000;-0,43463161
-0,40900000;-0,43344322
-0,40800000;-0,43225585
-0,40700000;-0,43106951
-0,40600000;-0,42988420
-0,40500000;-0,42869990
-0,40400000;-0,42751662
-0,40300000;-0,42633434
-0,40200000;-0,42515308
-0,40100000;-0,42397282
-0,40000000;-0,42279356
-0,39900000;-0,42161530
-0,39800000;-0,42043803
-0,39700000;-0,41926175
-0,39600000;-0,41808646
-0,39500000;-0,41691215
-0,39400000;-0,41573881
-0,39300000;-0,41456646
-0,39200000;-0,41339507
-0,39100000;-0,41222465
-0,39000000;-0,41105520
-0,38900000;-0,40988671
-0,38800000;-0,40871918
-0,38700000;-0,40755260
-0,38600000;-0,40638697
-0,38500000;-0,40522228
-0,38400000;-0,40405855
-0,38300000;-0,40289575
-0,38200000;-0,40173389
-0,38100000;-0,40057296
-0,38000000;-0,39941296
-0,37900000;-0,39825389
-0,37800000;-0,39709574
-0,37700000;-0,39593851
-0,37600000;-0,39478219
-0,37500000;-0,39362679
-0,37400000;-0,39247230
-0,37300000;-0,39131871
-0,37200000;-0,39016603
-0,37100000;-0,38901425
-0,37000000;-0,38786336
-0,36900000;-0,38671336
-0,36800000;-0,38556425
-0,36700000;-0,38441603
-0,36600000;-0,38326869
-0,36500000;-0,38212224
-0,36400000;-0,38097665
-0,36300000;-0,37983194
-0,36200000;-0,37868810
-0,36100000;-0,37754512
-0,36000000;-0,37640301
-0,35900000;-0,37526176
-0,35800000;-0,37412136
-0,35700000;-0,37298182
-0,35600000;-0,37184312
-0,35500000;-0,37070528
-0,35400000;-0,36956827
-0,35300000;-0,36843211
-0,35200000;-0,36729678
-0,35100000;-0,36616229
-0,35000000;-0,36502863
-0,34900000;-0,36389579
-0,34800000;-0,36276378
-0,34700000;-0,36163259
-0,34600000;-0,36050222
-0,34500000;-0,35937266
-0,34400000;-0,35824391
-0,34300000;-0,35711598
-0,34200000;-0,35598884
-0,34100000;-0,35486251
-0,34000000;-0,35373698
-0,33900000;-0,35261225
-0,33800000;-0,35148831
-0,33700000;-0,35036516
-0,33600000;-0,34924279
-0,33500000;-0,34812121
-0,33400000;-0,34700041
-0,33300000;-0,34588039
-0,33200000;-0,34476114
-0,33100000;-0,34364266
-0,33000000;-0,34252495
-0,32900000;-0,34140801
-0,32800000;-0,34029183
-0,32700000;-0,33917641
-0,32600000;-0,33806174
-0,32500000;-0,33694783
-0,32400000;-0,33583467
-0,32300000;-0,33472226
-0,32200000;-0,33361059
-0,32100000;-0,33249966
-0,32000000;-0,33138947
-0,31900000;-0,33028002
-0,31800000;-0,32917130
-0,31700000;-0,32806331
-0,31600000;-0,32695604
-0,31500000;-0,32584950
-0,31400000;-0,32474369
-0,31300000;-0,32363858
-0,31200000;-0,32253420
-0,31100000;-0,32143052
-0,31000000;-0,32032756
-0,30900000;-0,31922530
-0,30800000;-0,31812375
-0,30700000;-0,31702289
-0,30600000;-0,31592274
-0,30500000;-0,31482327
-0,30400000;-0,31372451
-0,30300000;-0,31262643
-0,30200000;-0,31152903
-0,30100000;-0,31043232
-0,30000000;-0,30933629
-0,29900000;-0,30824094
-0,29800000;-0,30714626
-0,29700000;-0,30605226
-0,29600000;-0,30495893
-0,29500000;-0,30386626
-0,29400000;-0,30277425
-0,29300000;-0,30168291
-0,29200000;-0,30059223
-0,29100000;-0,29950220
-0,29000000;-0,29841282
-0,28900000;-0,29732409
-0,28800000;-0,29623601
-0,28700000;-0,29514858
-0,28600000;-0,29406179
-0,28500000;-0,29297578
-0,28400000;-0,29189026
-0,28300000;-0,29080538
-0,28200000;-0,28972112
-0,28100000;-0,28863750
-0,28000000;-0,28755449
-0,27900000;-0,28647212
-0,27800000;-0,28539036
-0,27700000;-0,28430922
-0,27600000;-0,28322869
-0,27500000;-0,28214877
-0,27400000;-0,28106947
-0,27300000;-0,27999077
-0,27200000;-0,27891267
-0,27100000;-0,27783518
-0,27000000;-0,27675828
-0,26900000;-0,27568198
-0,26800000;-0,27460628
-0,26700000;-0,27353116
-0,26600000;-0,27245663
-0,26500000;-0,27138269
-0,26400000;-0,27030933
-0,26300000;-0,26923655
-0,26200000;-0,26816435
-0,26100000;-0,26709273
-0,26000000;-0,26602167
-0,25900000;-0,26495119
-0,25800000;-0,26388127
-0,25700000;-0,26281192
-0,25600000;-0,26174312
-0,25500000;-0,26067489
-0,25400000;-0,25960722
-0,25300000;-0,25854010
-0,25200000;-0,25747353
-0,25100000;-0,25640751
-0,25000000;-0,25534203
-0,24900000;-0,25427710
-0,24800000;-0,25321272
-0,24700000;-0,25214887
-0,24600000;-0,25108556
-0,24500000;-0,25002278
-0,24400000;-0,24896053
-0,24300000;-0,24789881
-0,24200000;-0,24683762
-0,24100000;-0,24577695
-0,24000000;-0,24471680
-0,23900000;-0,24365717
-0,23800000;-0,24259806
-0,23700000;-0,24153946
-0,23600000;-0,24048137
-0,23500000;-0,23942380
-0,23400000;-0,23836672
-0,23300000;-0,23731016
-0,23200000;-0,23625409
-0,23100000;-0,23519852
-0,23000000;-0,23414345
-0,22900000;-0,23308887
-0,22800000;-0,23203479
-0,22700000;-0,23098119
-0,22600000;-0,22992808
-0,22500000;-0,22887545
-0,22400000;-0,22782331
-0,22300000;-0,22677164
-0,22200000;-0,22572045
-0,22100000;-0,22466974
-0,22000000;-0,22361950
-0,21900000;-0,22256972
-0,21800000;-0,22152042
-0,21700000;-0,22047158
-0,21600000;-0,21942320
-0,21500000;-0,21837528
-0,21400000;-0,21732782
-0,21300000;-0,21628082
-0,21200000;-0,21523427
-0,21100000;-0,21418816
-0,21000000;-0,21314251
-0,20900000;-0,21209730
-0,20800000;-0,21105254
-0,20700000;-0,21000821
-0,20600000;-0,20896433
-0,20500000;-0,20792088
-0,20400000;-0,20687786
-0,20300000;-0,20583528
-0,20200000;-0,20479312
-0,20100000;-0,20375140
-0,20000000;-0,20271009
-0,19900000;-0,20166921
-0,19800000;-0,20062875
-0,19700000;-0,19958871
-0,19600000;-0,19854908
-0,19500000;-0,19750986
-0,19400000;-0,19647105
-0,19300000;-0,19543266
-0,19200000;-0,19439466
-0,19100000;-0,19335708
-0,19000000;-0,19231989
-0,18900000;-0,19128310
-0,18800000;-0,19024671
-0,18700000;-0,18921071
-0,18600000;-0,18817510
-0,18500000;-0,18713989
-0,18400000;-0,18610506
-0,18300000;-0,18507062
-0,18200000;-0,18403655
-0,18100000;-0,18300287
-0,18000000;-0,18196957
-0,17900000;-0,18093665
-0,17800000;-0,17990409
-0,17700000;-0,17887191
-0,17600000;-0,17784010
-0,17500000;-0,17680866
-0,17400000;-0,17577758
-0,17300000;-0,17474686
-0,17200000;-0,17371650
-0,17100000;-0,17268650
-0,17000000;-0,17165686
-0,16900000;-0,17062757
-0,16800000;-0,16959863
-0,16700000;-0,16857004
-0,16600000;-0,16754180
-0,16500000;-0,16651390
-0,16400000;-0,16548634
-0,16300000;-0,16445913
-0,16200000;-0,16343225
-0,16100000;-0,16240570
-0,16000000;-0,16137949
-0,15900000;-0,16035362
-0,15800000;-0,15932807
-0,15700000;-0,15830284
-0,15600000;-0,15727794
-0,15500000;-0,15625337
-0,15400000;-0,15522911
-0,15300000;-0,15420517
-0,15200000;-0,15318155
-0,15100000;-0,15215824
-0,15000000;-0,15113525
-0,14900000;-0,15011256
-0,14800000;-0,14909018
-0,14700000;-0,14806810
-0,14600000;-0,14704633
-0,14500000;-0,14602485
-0,14400000;-0,14500368
-0,14300000;-0,14398230
-0,14200000;-0,14296173
-0,14100000;-0,14194145
-0,14000000;-0,14092147
-0,13900000;-0,13990177
-0,13800000;-0,13888235
-0,13700000;-0,13786322
-0,13600000;-0,13684437
-0,13500000;-0,13582579
-0,13400000;-0,13480750
-0,13300000;-0,13378947
-0,13200000;-0,13277172
-0,13100000;-0,13175424
-0,13000000;-0,13073703
-0,12900000;-0,12972008
-0,12800000;-0,12870339
-0,12700000;-0,12768697
-0,12600000;-0,12667081
-0,12500000;-0,12565490
-0,12400000;-0,12463925
-0,12300000;-0,12362385
-0,12200000;-0,12260870
-0,12100000;-0,12159380
-0,12000000;-0,12057915
-0,11900000;-0,11956474
-0,11800000;-0,11855057
-0,11700000;-0,11753664
-0,11600000;-0,11652295
-0,11500000;-0,11550950
-0,11400000;-0,11449628
-0,11300000;-0,11348330
-0,11200000;-0,11247054
-0,11100000;-0,11145801
-0,11000000;-0,11044570
-0,10900000;-0,10943362
-0,10800000;-0,10842176
-0,10700000;-0,10741012
-0,10600000;-0,10639870
-0,10500000;-0,10538749
-0,10400000;-0,10437650
-0,10300000;-0,10336571
-0,10200000;-0,10235513
-0,10100000;-0,10134477
-0,10000000;-0,10033460
-0,09900000;-0,09932464
-0,09800000;-0,09831488
-0,09700000;-0,09730531
-0,09600000;-0,09629595
-0,09500000;-0,09528677
-0,09400000;-0,09427779
-0,09300000;-0,09326900
-0,09200000;-0,09226040
-0,09100000;-0,09125198
-0,09000000;-0,09024375
-0,08900000;-0,08923570
-0,08800000;-0,08822783
-0,08700000;-0,08722014
-0,08600000;-0,08621262
-0,08500000;-0,08520527
-0,08400000;-0,08419810
-0,08300000;-0,08319110
-0,08200000;-0,08218426
-0,08100000;-0,08117759
-0,08000000;-0,08017109
-0,07900000;-0,07916474
-0,07800000;-0,07815855
-0,07700000;-0,07715252
-0,07600000;-0,07614665
-0,07500000;-0,07514093
-0,07400000;-0,07413536
-0,07300000;-0,07312994
-0,07200000;-0,07212467
-0,07100000;-0,07111954
-0,07000000;-0,07011455
-0,06900000;-0,06910971
-0,06800000;-0,06810500
-0,06700000;-0,06710043
-0,06600000;-0,06609600
-0,06500000;-0,06509169
-0,06400000;-0,06408752
-0,06300000;-0,06308348
-0,06200000;-0,06207956
-0,06100000;-0,06107577
-0,06000000;-0,06007210
-0,05900000;-0,05906855
-0,05800000;-0,05806512
-0,05700000;-0,05706181
-0,05600000;-0,05605861
-0,05500000;-0,05505553
-0,05400000;-0,05405255
-0,05300000;-0,05304968
-0,05200000;-0,05204692
-0,05100000;-0,05104426
-0,05000000;-0,05004171
-0,04900000;-0,04903926
-0,04800000;-0,04803690
-0,04700000;-0,04703464
-0,04600000;-0,04603247
-0,04500000;-0,04503040
-0,04400000;-0,04402842
-0,04300000;-0,04302652
-0,04200000;-0,04202472
-0,04100000;-0,04102299
-0,04000000;-0,04002135
-0,03900000;-0,03901979
-0,03800000;-0,03801830
-0,03700000;-0,03701690
-0,03600000;-0,03601556
-0,03500000;-0,03501430
-0,03400000;-0,03401311
-0,03300000;-0,03301199
-0,03200000;-0,03201093
-0,03100000;-0,03100994
-0,03000000;-0,03000901
-0,02900000;-0,02900813
-0,02800000;-0,02800732
-0,02700000;-0,02700656
-0,02600000;-0,02600586
-0,02500000;-0,02500521
-0,02400000;-0,02400461
-0,02300000;-0,02300406
-0,02200000;-0,02200355
-0,02100000;-0,02100309
-0,02000000;-0,02000267
-0,01900000;-0,01900229
-0,01800000;-0,01800195
-0,01700000;-0,01700164
-0,01600000;-0,01600137
-0,01500000;-0,01500113
-0,01400000;-0,01400137
-0,01300000;-0,01300110
-0,01200000;-0,01200086
-0,01100000;-0,01100067
-0,01000000;-0,01000050
-0,00900000;-0,00900037
-0,00800000;-0,00800026
-0,00700000;-0,00700017
-0,00600000;-0,00600011
-0,00500000;-0,00500006
-0,00400000;-0,00400003
-0,00300000;-0,00300001
-0,00200000;-0,00200000
-0,00100000;-0,00100000
-0,00000000;0,00000000
0,00100000;0,00100000
0,00200000;0,00200000
0,00300000;0,00300001
0,00400000;0,00400003
0,00500000;0,00500006
0,00600000;0,00600011
0,00700000;0,00700017
0,00800000;0,00800026
0,00900000;0,00900036
0,01000000;0,01000050
0,01100000;0,01100067
0,01200000;0,01200086
0,01300000;0,01300110
0,01400000;0,01400137
0,01500000;0,01500113
0,01600000;0,01600137
0,01700000;0,01700164
0,01800000;0,01800195
0,01900000;0,01900229
0,02000000;0,02000267
0,02100000;0,02100309
0,02200000;0,02200355
0,02300000;0,02300406
0,02400000;0,02400461
0,02500000;0,02500521
0,02600000;0,02600586
0,02700000;0,02700656
0,02800000;0,02800732
0,02900000;0,02900813
0,03000000;0,03000900
0,03100000;0,03100994
0,03200000;0,03201093
0,03300000;0,03301199
0,03400000;0,03401311
0,03500000;0,03501430
0,03600000;0,03601556
0,03700000;0,03701689
0,03800000;0,03801830
0,03900000;0,03901979
0,04000000;0,04002135
0,04100000;0,04102299
0,04200000;0,04202471
0,04300000;0,04302652
0,04400000;0,04402842
0,04500000;0,04503040
0,04600000;0,04603247
0,04700000;0,04703464
0,04800000;0,04803690
0,04900000;0,04903925
0,05000000;0,05004171
0,05100000;0,05104426
0,05200000;0,05204692
0,05300000;0,05304968
0,05400000;0,05405255
0,05500000;0,05505552
0,05600000;0,05605861
0,05700000;0,05706181
0,05800000;0,05806512
0,05900000;0,05906855
0,06000000;0,06007210
0,06100000;0,06107577
0,06200000;0,06207956
0,06300000;0,06308348
0,06400000;0,06408752
0,06500000;0,06509169
0,06600000;0,06609599
0,06700000;0,06710043
0,06800000;0,06810499
0,06900000;0,06910970
0,07000000;0,07011455
0,07100000;0,07111953
0,07200000;0,07212466
0,07300000;0,07312993
0,07400000;0,07413535
0,07500000;0,07514092
0,07600000;0,07614665
0,07700000;0,07715252
0,07800000;0,07815855
0,07900000;0,07916473
0,08000000;0,08017108
0,08100000;0,08117759
0,08200000;0,08218426
0,08300000;0,08319109
0,08400000;0,08419809
0,08500000;0,08520527
0,08600000;0,08621261
0,08700000;0,08722013
0,08800000;0,08822782
0,08900000;0,08923569
0,09000000;0,09024374
0,09100000;0,09125198
0,09200000;0,09226039
0,09300000;0,09326899
0,09400000;0,09427778
0,09500000;0,09528676
0,09600000;0,09629594
0,09700000;0,09730530
0,09800000;0,09831487
0,09900000;0,09932463
0,10000000;0,10033459
0,10100000;0,10134476
0,10200000;0,10235512
0,10300000;0,10336570
0,10400000;0,10437648
0,10500000;0,10538748
0,10600000;0,10639869
0,10700000;0,10741011
0,10800000;0,10842175
0,10900000;0,10943361
0,11000000;0,11044569
0,11100000;0,11145800
0,11200000;0,11247053
0,11300000;0,11348328
0,11400000;0,11449627
0,11500000;0,11550949
0,11600000;0,11652294
0,11700000;0,11753663
0,11800000;0,11855056
0,11900000;0,11956472
0,12000000;0,12057913
0,12100000;0,12159378
0,12200000;0,12260868
0,12300000;0,12362383
0,12400000;0,12463923
0,12500000;0,12565488
0,12600000;0,12667079
0,12700000;0,12768695
0,12800000;0,12870338
0,12900000;0,12972006
0,13000000;0,13073701
0,13100000;0,13175422
0,13200000;0,13277170
0,13300000;0,13378945
0,13400000;0,13480748
0,13500000;0,13582577
0,13600000;0,13684435
0,13700000;0,13786320
0,13800000;0,13888233
0,13900000;0,13990175
0,14000000;0,14092144
0,14100000;0,14194143
0,14200000;0,14296171
0,14300000;0,14398227
0,14400000;0,14500366
0,14500000;0,14602483
0,14600000;0,14704630
0,14700000;0,14806808
0,14800000;0,14909015
0,14900000;0,15011253
0,15000000;0,15113522
0,15100000;0,15215822
0,15200000;0,15318153
0,15300000;0,15420515
0,15400000;0,15522908
0,15500000;0,15625334
0,15600000;0,15727792
0,15700000;0,15830281
0,15800000;0,15932804
0,15900000;0,16035359
0,16000000;0,16137946
0,16100000;0,16240567
0,16200000;0,16343222
0,16300000;0,16445909
0,16400000;0,16548631
0,16500000;0,16651387
0,16600000;0,16754176
0,16700000;0,16857001
0,16800000;0,16959860
0,16900000;0,17062754
0,17000000;0,17165683
0,17100000;0,17268647
0,17200000;0,17371647
0,17300000;0,17474682
0,17400000;0,17577754
0,17500000;0,17680862
0,17600000;0,17784006
0,17700000;0,17887188
0,17800000;0,17990406
0,17900000;0,18093661
0,18000000;0,18196953
0,18100000;0,18300283
0,18200000;0,18403651
0,18300000;0,18507057
0,18400000;0,18610502
0,18500000;0,18713984
0,18600000;0,18817506
0,18700000;0,18921067
0,18800000;0,19024666
0,18900000;0,19128305
0,19000000;0,19231984
0,19100000;0,19335703
0,19200000;0,19439462
0,19300000;0,19543261
0,19400000;0,19647100
0,19500000;0,19750981
0,19600000;0,19854903
0,19700000;0,19958865
0,19800000;0,20062870
0,19900000;0,20166916
0,20000000;0,20271004
0,20100000;0,20375134
0,20200000;0,20479307
0,20300000;0,20583522
0,20400000;0,20687781
0,20500000;0,20792082
0,20600000;0,20896427
0,20700000;0,21000816
0,20800000;0,21105248
0,20900000;0,21209724
0,21000000;0,21314245
0,21100000;0,21418810
0,21200000;0,21523420
0,21300000;0,21628076
0,21400000;0,21732776
0,21500000;0,21837522
0,21600000;0,21942314
0,21700000;0,22047151
0,21800000;0,22152035
0,21900000;0,22256966
0,22000000;0,22361943
0,22100000;0,22466967
0,22200000;0,22572038
0,22300000;0,22677157
0,22400000;0,22782323
0,22500000;0,22887538
0,22600000;0,22992800
0,22700000;0,23098111
0,22800000;0,23203471
0,22900000;0,23308879
0,23000000;0,23414337
0,23100000;0,23519844
0,23200000;0,23625401
0,23300000;0,23731007
0,23400000;0,23836664
0,23500000;0,23942371
0,23600000;0,24048129
0,23700000;0,24153938
0,23800000;0,24259797
0,23900000;0,24365709
0,24000000;0,24471671
0,24100000;0,24577686
0,24200000;0,24683753
0,24300000;0,24789872
0,24400000;0,24896044
0,24500000;0,25002268
0,24600000;0,25108546
0,24700000;0,25214877
0,24800000;0,25321262
0,24900000;0,25427701
0,25000000;0,25534194
0,25100000;0,25640741
0,25200000;0,25747343
0,25300000;0,25853999
0,25400000;0,25960711
0,25500000;0,26067479
0,25600000;0,26174302
0,25700000;0,26281181
0,25800000;0,26388116
0,25900000;0,26495094
0,26000000;0,26602142
0,26100000;0,26709248
0,26200000;0,26816410
0,26300000;0,26923631
0,26400000;0,27030908
0,26500000;0,27138244
0,26600000;0,27245638
0,26700000;0,27353091
0,26800000;0,27460602
0,26900000;0,27568173
0,27000000;0,27675803
0,27100000;0,27783492
0,27200000;0,27891242
0,27300000;0,27999051
0,27400000;0,28106921
0,27500000;0,28214851
0,27600000;0,28322843
0,27700000;0,28430895
0,27800000;0,28539009
0,27900000;0,28647185
0,28000000;0,28755423
0,28100000;0,28863723
0,28200000;0,28972086
0,28300000;0,29080511
0,28400000;0,29189000
0,28500000;0,29297551
0,28600000;0,29406167
0,28700000;0,29514846
0,28800000;0,29623590
0,28900000;0,29732398
0,29000000;0,29841270
0,29100000;0,29950208
0,29200000;0,30059211
0,29300000;0,30168280
0,29400000;0,30277414
0,29500000;0,30386615
0,29600000;0,30495881
0,29700000;0,30605215
0,29800000;0,30714615
0,29900000;0,30824083
0,30000000;0,30933618
0,30100000;0,31043221
0,30200000;0,31152892
0,30300000;0,31262632
0,30400000;0,31372440
0,30500000;0,31482317
0,30600000;0,31592263
0,30700000;0,31702279
0,30800000;0,31812364
0,30900000;0,31922520
0,31000000;0,32032746
0,31100000;0,32143042
0,31200000;0,32253410
0,31300000;0,32363848
0,31400000;0,32474358
0,31500000;0,32584940
0,31600000;0,32695594
0,31700000;0,32806321
0,31800000;0,32917120
0,31900000;0,33027992
0,32000000;0,33138938
0,32100000;0,33249956
0,32200000;0,33361049
0,32300000;0,33472216
0,32400000;0,33583458
0,32500000;0,33694774
0,32600000;0,33806165
0,32700000;0,33917631
0,32800000;0,34029174
0,32900000;0,34140792
0,33000000;0,34252486
0,33100000;0,34364257
0,33200000;0,34476105
0,33300000;0,34588030
0,33400000;0,34700032
0,33500000;0,34812112
0,33600000;0,34924270
0,33700000;0,35036507
0,33800000;0,35148822
0,33900000;0,35261216
0,34000000;0,35373690
0,34100000;0,35486243
0,34200000;0,35598876
0,34300000;0,35711589
0,34400000;0,35824383
0,34500000;0,35937258
0,34600000;0,36050213
0,34700000;0,36163251
0,34800000;0,36276370
0,34900000;0,36389571
0,35000000;0,36502854
0,35100000;0,36616221
0,35200000;0,36729670
0,35300000;0,36843203
0,35400000;0,36956819
0,35500000;0,37070520
0,35600000;0,37184305
0,35700000;0,37298174
0,35800000;0,37412128
0,35900000;0,37526168
0,36000000;0,37640294
0,36100000;0,37754505
0,36200000;0,37868802
0,36300000;0,37983187
0,36400000;0,38097658
0,36500000;0,38212216
0,36600000;0,38326862
0,36700000;0,38441596
0,36800000;0,38556418
0,36900000;0,38671329
0,37000000;0,38786329
0,37100000;0,38901417
0,37200000;0,39016596
0,37300000;0,39131864
0,37400000;0,39247223
0,37500000;0,39362672
0,37600000;0,39478212
0,37700000;0,39593844
0,37800000;0,39709567
0,37900000;0,39825382
0,38000000;0,39941289
0,38100000;0,40057289
0,38200000;0,40173382
0,38300000;0,40289568
0,38400000;0,40405848
0,38500000;0,40522222
0,38600000;0,40638690
0,38700000;0,40755253
0,38800000;0,40871911
0,38900000;0,40988665
0,39000000;0,41105514
0,39100000;0,41222459
0,39200000;0,41339501
0,39300000;0,41456640
0,39400000;0,41573875
0,39500000;0,41691209
0,39600000;0,41808640
0,39700000;0,41926169
0,39800000;0,42043797
0,39900000;0,42161524
0,40000000;0,42279351
0,40100000;0,42397277
0,40200000;0,42515303
0,40300000;0,42633429
0,40400000;0,42751656
0,40500000;0,42869985
0,40600000;0,42988415
0,40700000;0,43106946
0,40800000;0,43225580
0,40900000;0,43344317
0,41000000;0,43463156
0,41100000;0,43582099
0,41200000;0,43701146
0,41300000;0,43820297
0,41400000;0,43939552
0,41500000;0,44058912
0,41600000;0,44178378
0,41700000;0,44297949
0,41800000;0,44417625
0,41900000;0,44537409
0,42000000;0,44657299
0,42100000;0,44777296
0,42200000;0,44897401
0,42300000;0,45017614
0,42400000;0,45137934
0,42500000;0,45258364
0,42600000;0,45378847
0,42700000;0,45499495
0,42800000;0,45620252
0,42900000;0,45741119
0,43000000;0,45862097
0,43100000;0,45983186
0,43200000;0,46104386
0,43300000;0,46225698
0,43400000;0,46347123
0,43500000;0,46468660
0,43600000;0,46590310
0,43700000;0,46712073
0,43800000;0,46833950
0,43900000;0,46955942
0,44000000;0,47078048
0,44100000;0,47200269
0,44200000;0,47322605
0,44300000;0,47445057
0,44400000;0,47567626
0,44500000;0,47690311
0,44600000;0,47813113
0,44700000;0,47936033
0,44800000;0,48059071
0,44900000;0,48182227
0,45000000;0,48305502
0,45100000;0,48428896
0,45200000;0,48552409
0,45300000;0,48676042
0,45400000;0,48799796
0,45500000;0,48923671
0,45600000;0,49047667
0,45700000;0,49171785
0,45800000;0,49296025
0,45900000;0,49420387
0,46000000;0,49544872
0,46100000;0,49669481
0,46200000;0,49794214
0,46300000;0,49919070
0,46400000;0,50044052
0,46500000;0,50169159
0,46600000;0,50294391
0,46700000;0,50419750
0,46800000;0,50545234
0,46900000;0,50670846
0,47000000;0,50796585
0,47100000;0,50922452
0,47200000;0,51048447
0,47300000;0,51174571
0,47400000;0,51300824
0,47500000;0,51427207
0,47600000;0,51553720
0,47700000;0,51680363
0,47800000;0,51807137
0,47900000;0,51934043
0,48000000;0,52061080
0,48100000;0,52188250
0,48200000;0,52315553
0,48300000;0,52442989
0,48400000;0,52570558
0,48500000;0,52698262
0,48600000;0,52826101
0,48700000;0,52954074
0,48800000;0,53082183
0,48900000;0,53210429
0,49000000;0,53338811
0,49100000;0,53467330
0,49200000;0,53595986
0,49300000;0,53724780
0,49400000;0,53853713
0,49500000;0,53982785
0,49600000;0,54111996
0,49700000;0,54241347
0,49800000;0,54370839
0,49900000;0,54500471
0,50000000;0,54630245
0,50100000;0,54760161
0,50200000;0,54890219
0,50300000;0,55020420
0,50400000;0,55150764
0,50500000;0,55281252
0,50600000;0,55411884
0,50700000;0,55542662
0,50800000;0,55673584
0,50900000;0,55804653
0,51000000;0,55935868
0,51100000;0,56067230
0,51200000;0,56198739
0,51300000;0,56330396
0,51400000;0,56462201
0,51500000;0,56594155
0,51600000;0,56726259
0,51700000;0,56858513
0,51800000;0,56990917
0,51900000;0,57123473
0,52000000;0,57256179
0,52100000;0,57389038
0,52200000;0,57522050
0,52300000;0,57655214
0,52400000;0,57788532
0,52500000;0,57922005
0,52600000;0,58055632
0,52700000;0,58189414
0,52800000;0,58323352
0,52900000;0,58457446
0,53000000;0,58591698
0,53100000;0,58726106
0,53200000;0,58860673
0,53300000;0,58995398
0,53400000;0,59130282
0,53500000;0,59265326
0,53600000;0,59400530
0,53700000;0,59535895
0,53800000;0,59671421
0,53900000;0,59807108
0,54000000;0,59942959
0,54100000;0,60078972
0,54200000;0,60215148
0,54300000;0,60351489
0,54400000;0,60487995
0,54500000;0,60624665
0,54600000;0,60761502
0,54700000;0,60898505
0,54800000;0,61035675
0,54900000;0,61173012
0,55000000;0,61310518
0,55100000;0,61448192
0,55200000;0,61586035
0,55300000;0,61724049
0,55400000;0,61862233
0,55500000;0,62000588
0,55600000;0,62139114
0,55700000;0,62277813
0,55800000;0,62416685
0,55900000;0,62555730
0,56000000;0,62694950
0,56100000;0,62834344
0,56200000;0,62973913
0,56300000;0,63113658
0,56400000;0,63253580
0,56500000;0,63393679
0,56600000;0,63533955
0,56700000;0,63674410
0,56800000;0,63815044
0,56900000;0,63955857
0,57000000;0,64096851
0,57100000;0,64238026
0,57200000;0,64379382
0,57300000;0,64520920
0,57400000;0,64662641
0,57500000;0,64804545
0,57600000;0,64946634
0,57700000;0,65088907
0,57800000;0,65231365
0,57900000;0,65374010
0,58000000;0,65516841
0,58100000;0,65659859
0,58200000;0,65803065
0,58300000;0,65946460
0,58400000;0,66090044
0,58500000;0,66233818
0,58600000;0,66377783
0,58700000;0,66521938
0,58800000;0,66666286
0,58900000;0,66810826
0,59000000;0,66955560
0,59100000;0,67100488
0,59200000;0,67245610
0,59300000;0,67390927
0,59400000;0,67536441
0,59500000;0,67682151
0,59600000;0,67828058
0,59700000;0,67974164
0,59800000;0,68120468
0,59900000;0,68266972
0,60000000;0,68413676
0,60100000;0,68560581
0,60200000;0,68707687
0,60300000;0,68854996
0,60400000;0,69002508
0,60500000;0,69150223
0,60600000;0,69298143
0,60700000;0,69446268
0,60800000;0,69594599
0,60900000;0,69743136
0,61000000;0,69891881
0,61100000;0,70040834
0,61200000;0,70189995
0,61300000;0,70339367
0,61400000;0,70488948
0,61500000;0,70638741
0,61600000;0,70788745
0,61700000;0,70938962
0,61800000;0,71089392
0,61900000;0,71240036
0,62000000;0,71390895
0,62100000;0,71541969
0,62200000;0,71693260
0,62300000;0,71844768
0,62400000;0,71996494
0,62500000;0,72148438
0,62600000;0,72300602
0,62700000;0,72452986
0,62800000;0,72605591
0,62900000;0,72758417
0,63000000;0,72911466
0,63100000;0,73064739
0,63200000;0,73218236
0,63300000;0,73371957
0,63400000;0,73525905
0,63500000;0,73680079
0,63600000;0,73834480
0,63700000;0,73989109
0,63800000;0,74143968
0,63900000;0,74299056
0,64000000;0,74454375
0,64100000;0,74609925
0,64200000;0,74765708
0,64300000;0,74921724
0,64400000;0,75077973
0,64500000;0,75234458
0,64600000;0,75391178
0,64700000;0,75548135
0,64800000;0,75705329
0,64900000;0,75862761
0,65000000;0,76020432
0,65100000;0,76178343
0,65200000;0,76336495
0,65300000;0,76494888
0,65400000;0,76653524
0,65500000;0,76812404
0,65600000;0,76971527
0,65700000;0,77130896
0,65800000;0,77290511
0,65900000;0,77450373
0,66000000;0,77610482
0,66100000;0,77770840
0,66200000;0,77931448
0,66300000;0,78092307
0,66400000;0,78253417
0,66500000;0,78414779
0,66600000;0,78576394
0,66700000;0,78738264
0,66800000;0,78900389
0,66900000;0,79062769
0,67000000;0,79225407
0,67100000;0,79388303
0,67200000;0,79551457
0,67300000;0,79714872
0,67400000;0,79878547
0,67500000;0,80042483
0,67600000;0,80206683
0,67700000;0,80371146
0,67800000;0,80535873
0,67900000;0,80700866
0,68000000;0,80866126
0,68100000;0,81031653
0,68200000;0,81197448
0,68300000;0,81363513
0,68400000;0,81529849
0,68500000;0,81696456
0,68600000;0,81863335
0,68700000;0,82030488
0,68800000;0,82197915
0,68900000;0,82365618
0,69000000;0,82533597
0,69100000;0,82701854
0,69200000;0,82870389
0,69300000;0,83039204
0,69400000;0,83208299
0,69500000;0,83377677
0,69600000;0,83547336
0,69700000;0,83717280
0,69800000;0,83887508
0,69900000;0,84058022
0,70000000;0,84228823
0,70100000;0,84399912
0,70200000;0,84571290
0,70300000;0,84742958
0,70400000;0,84914917
0,70500000;0,85087169
0,70600000;0,85259714
0,70700000;0,85432553
0,70800000;0,85605688
0,70900000;0,85779120
0,71000000;0,85952849
0,71100000;0,86126878
0,71200000;0,86301206
0,71300000;0,86475836
0,71400000;0,86650768
0,71500000;0,86826003
0,71600000;0,87001543
0,71700000;0,87177388
0,71800000;0,87353541
0,71900000;0,87530001
0,72000000;0,87706771
0,72100000;0,87883850
0,72200000;0,88061242
0,72300000;0,88238946
0,72400000;0,88416964
0,72500000;0,88595297
0,72600000;0,88773947
0,72700000;0,88952913
0,72800000;0,89132199
0,72900000;0,89311804
0,73000000;0,89491731
0,73100000;0,89671980
0,73200000;0,89852552
0,73300000;0,90033449
0,73400000;0,90214672
0,73500000;0,90396223
0,73600000;0,90578102
0,73700000;0,90760311
0,73800000;0,90942850
0,73900000;0,91125723
0,74000000;0,91308928
0,74100000;0,91492469
0,74200000;0,91676346
0,74300000;0,91860560
0,74400000;0,92045175
0,74500000;0,92230067
0,74600000;0,92415301
0,74700000;0,92600878
0,74800000;0,92786798
0,74900000;0,92973064
0,75000000;0,93159677
0,75100000;0,93346637
0,75200000;0,93533947
0,75300000;0,93721608
0,75400000;0,93909621
0,75500000;0,94097987
0,75600000;0,94286708
0,75700000;0,94475785
0,75800000;0,94665220
0,75900000;0,94855014
0,76000000;0,95045168
0,76100000;0,95235685
0,76200000;0,95426564
0,76300000;0,95617808
0,76400000;0,95809418
0,76500000;0,96001395
0,76600000;0,96193742
0,76700000;0,96386459
0,76800000;0,96579548
0,76900000;0,96773010
0,77000000;0,96966847
0,77100000;0,97161060
0,77200000;0,97355651
0,77300000;0,97550621
0,77400000;0,97745972
0,77500000;0,97941705
0,77600000;0,98137822
0,77700000;0,98334324
0,77800000;0,98531214
0,77900000;0,98728491
0,78000000;0,98926159
0,78100000;0,99124218
0,78200000;0,99322670
0,78300000;0,99521516
0,78400000;0,99720759
0,78500000;0,99920399
0,78600000;1,00120439
0,78700000;1,00320880
0,78800000;1,00521724
0,78900000;1,00722971
0,79000000;1,00924625
0,79100000;1,01126685
0,79200000;1,01329155
0,79300000;1,01532036
0,79400000;1,01735329
0,79500000;1,01939036
0,79600000;1,02143159
0,79700000;1,02347699
0,79800000;1,02552659
0,79900000;1,02758039
0,80000000;1,02963842
0,80100000;1,03170069
0,80200000;1,03376722
0,80300000;1,03583802
0,80400000;1,03791312
0,80500000;1,03999254
0,80600000;1,04207628
0,80700000;1,04416437
0,80800000;1,04625683
0,80900000;1,04835366
0,81000000;1,05045490
0,81100000;1,05256056
0,81200000;1,05467066
0,81300000;1,05678521
0,81400000;1,05890423
0,81500000;1,06102775
0,81600000;1,06315578
0,81700000;1,06528834
0,81800000;1,06742544
0,81900000;1,06956712
0,82000000;1,07171338
0,82100000;1,07386424
0,82200000;1,07601973
0,82300000;1,07817986
0,82400000;1,08034466
0,82500000;1,08251414
0,82600000;1,08468832
0,82700000;1,08686722
0,82800000;1,08905161
0,82900000;1,09124002
0,83000000;1,09343322
0,83100000;1,09563122
0,83200000;1,09783404
0,83300000;1,10004170
0,83400000;1,10225422
0,83500000;1,10447163
0,83600000;1,10669394
0,83700000;1,10892117
0,83800000;1,11115335
0,83900000;1,11339049
0,84000000;1,11563263
0,84100000;1,11787977
0,84200000;1,12013194
0,84300000;1,12238916
0,84400000;1,12465145
0,84500000;1,12691884
0,84600000;1,12919135
0,84700000;1,13146899
0,84800000;1,13375179
0,84900000;1,13603978
0,85000000;1,13833297
0,85100000;1,14063138
0,85200000;1,14293505
0,85300000;1,14524399
0,85400000;1,14755822
0,85500000;1,14987777
0,85600000;1,15220266
0,85700000;1,15453291
0,85800000;1,15686855
0,85900000;1,15920961
0,86000000;1,16155609
0,86100000;1,16390803
0,86200000;1,16626546
0,86300000;1,16862839
0,86400000;1,17099685
0,86500000;1,17337086
0,86600000;1,17575045
0,86700000;1,17813564
0,86800000;1,18052646
0,86900000;1,18292293
0,87000000;1,18532507
0,87100000;1,18773292
0,87200000;1,19014650
0,87300000;1,19256582
0,87400000;1,19499093
0,87500000;1,19742183
0,87600000;1,19985857
0,87700000;1,20230116
0,87800000;1,20474963
0,87900000;1,20720401
0,88000000;1,20966432
0,88100000;1,21213059
0,88200000;1,21460284
0,88300000;1,21708111
0,88400000;1,21956542
0,88500000;1,22205580
0,88600000;1,22455227
0,88700000;1,22705486
0,88800000;1,22956360
0,88900000;1,23207852
0,89000000;1,23459964
0,89100000;1,23712699
0,89200000;1,23966061
0,89300000;1,24220052
0,89400000;1,24474674
0,89500000;1,24729931
0,89600000;1,24985826
0,89700000;1,25242361
0,89800000;1,25499539
0,89900000;1,25757364
0,90000000;1,26015838
0,90100000;1,26274965
0,90200000;1,26534746
0,90300000;1,26795186
0,90400000;1,27056287
0,90500000;1,27318053
0,90600000;1,27580486
0,90700000;1,27843589
0,90800000;1,28107366
0,90900000;1,28371820
0,91000000;1,28636953
0,91100000;1,28902770
0,91200000;1,29169273
0,91300000;1,29436465
0,91400000;1,29704349
0,91500000;1,29972930
0,91600000;1,30242209
0,91700000;1,30512191
0,91800000;1,30782879
0,91900000;1,31054275
0,92000000;1,31326384
0,92100000;1,31599208
0,92200000;1,31872752
0,92300000;1,32147018
0,92400000;1,32422009
0,92500000;1,32697730
0,92600000;1,32974184
0,92700000;1,33251374
0,92800000;1,33529304
0,92900000;1,33807976
0,93000000;1,34087396
0,93100000;1,34367566
0,93200000;1,34648490
0,93300000;1,34930171
0,93400000;1,35212614
0,93500000;1,35495821
0,93600000;1,35779797
0,93700000;1,36064545
0,93800000;1,36350069
0,93900000;1,36636373
0,94000000;1,36923460
0,94100000;1,37211335
0,94200000;1,37500000
0,94300000;1,37789461
0,94400000;1,38079720
0,94500000;1,38370782
0,94600000;1,38662651
0,94700000;1,38955330
0,94800000;1,39248824
0,94900000;1,39543136
0,95000000;1,39838270
0,95100000;1,40134232
0,95200000;1,40431024
0,95300000;1,40728650
0,95400000;1,41027116
0,95500000;1,41326424
0,95600000;1,41626580
0,95700000;1,41927587
0,95800000;1,42229450
0,95900000;1,42532173
0,96000000;1,42835760
0,96100000;1,43140215
0,96200000;1,43445544
0,96300000;1,43751749
0,96400000;1,44058836
0,96500000;1,44366809
0,96600000;1,44675673
0,96700000;1,44985432
0,96800000;1,45296090
0,96900000;1,45607652
0,97000000;1,45920123
0,97100000;1,46233507
0,97200000;1,46547809
0,97300000;1,46863034
0,97400000;1,47179186
0,97500000;1,47496270
0,97600000;1,47814290
0,97700000;1,48133252
0,97800000;1,48453161
0,97900000;1,48774021
0,98000000;1,49095837
0,98100000;1,49418614
0,98200000;1,49742357
0,98300000;1,50067071
0,98400000;1,50392761
0,98500000;1,50719432
0,98600000;1,51047089
0,98700000;1,51375738
0,98800000;1,51705383
0,98900000;1,52036030
0,99000000;1,52367684
0,99100000;1,52700350
0,99200000;1,53034034
0,99300000;1,53368740
0,99400000;1,53704475
0,99500000;1,54041243
0,99600000;1,54379050
0,99700000;1,54717903
0,99800000;1,55057805
0,99900000;1,55398763
1,00000000;1,55740782
1,00100000;1,56083868
1,00200000;1,56428027
1,00300000;1,56773265
1,00400000;1,57119586
1,00500000;1,57466998
1,00600000;1,57815506
1,00700000;1,58165115
1,00800000;1,58515832
1,00900000;1,58867662
1,01000000;1,59220612
1,01100000;1,59574688
1,01200000;1,59929896
1,01300000;1,60286241
1,01400000;1,60643731
1,01500000;1,61002372
1,01600000;1,61362169
1,01700000;1,61723129
1,01800000;1,62085258
1,01900000;1,62448564
1,02000000;1,62813051
1,02100000;1,63178728
1,02200000;1,63545599
1,02300000;1,63913673
1,02400000;1,64282955
1,02500000;1,64653453
1,02600000;1,65025173
1,02700000;1,65398121
1,02800000;1,65772306
1,02900000;1,66147733
1,03000000;1,66524410
1,03100000;1,66902343
1,03200000;1,67281540
1,03300000;1,67662007
1,03400000;1,68043753
1,03500000;1,68426784
1,03600000;1,68811107
1,03700000;1,69196730
1,03800000;1,69583660
1,03900000;1,69971905
1,04000000;1,70361472
1,04100000;1,70752368
1,04200000;1,71144602
1,04300000;1,71538180
1,04400000;1,71933111
1,04500000;1,72329403
1,04600000;1,72727063
1,04700000;1,73126098
1,04800000;1,73526518
1,04900000;1,73928330
1,05000000;1,74331542
1,05100000;1,74736163
1,05200000;1,75142200
1,05300000;1,75549661
1,05400000;1,75958556
1,05500000;1,76368892
1,05600000;1,76780679
1,05700000;1,77193924
1,05800000;1,77608635
1,05900000;1,78024823
1,06000000;1,78442495
1,06100000;1,78861661
1,06200000;1,79282328
1,06300000;1,79704507
1,06400000;1,80128205
1,06500000;1,80553433
1,06600000;1,80980199
1,06700000;1,81408513
1,06800000;1,81838384
1,06900000;1,82269820
1,07000000;1,82702833
1,07100000;1,83137430
1,07200000;1,83573622
1,07300000;1,84011419
1,07400000;1,84450830
1,07500000;1,84891865
1,07600000;1,85334533
1,07700000;1,85778846
1,07800000;1,86224812
1,07900000;1,86672443
1,08000000;1,87121748
1,08100000;1,87572738
1,08200000;1,88025422
1,08300000;1,88479812
1,08400000;1,88935919
1,08500000;1,89393752
1,08600000;1,89853322
1,08700000;1,90314641
1,08800000;1,90777719
1,08900000;1,91242568
1,09000000;1,91709198
1,09100000;1,92177620
1,09200000;1,92647846
1,09300000;1,93119888
1,09400000;1,93593756
1,09500000;1,94069463
1,09600000;1,94547019
1,09700000;1,95026438
1,09800000;1,95507730
1,09900000;1,95990907
1,10000000;1,96475983
1,10100000;1,96962968
1,10200000;1,97451875
1,10300000;1,97942717
1,10400000;1,98435506
1,10500000;1,98930255
1,10600000;1,99426975
1,10700000;1,99925681
1,10800000;2,00426386
1,10900000;2,00929101
1,11000000;2,01433840
1,11100000;2,01940617
1,11200000;2,02449445
1,11300000;2,02960338
1,11400000;2,03473308
1,11500000;2,03988370
1,11600000;2,04505538
1,11700000;2,05024825
1,11800000;2,05546247
1,11900000;2,06069816
1,12000000;2,06595547
1,12100000;2,07123455
1,12200000;2,07653555
1,12300000;2,08185860
1,12400000;2,08720387
1,12500000;2,09257150
1,12600000;2,09796163
1,12700000;2,10337444
1,12800000;2,10881006
1,12900000;2,11426865
1,13000000;2,11975038
1,13100000;2,12525539
1,13200000;2,13078385
1,13300000;2,13633593
1,13400000;2,14191177
1,13500000;2,14751156
1,13600000;2,15313544
1,13700000;2,15878360
1,13800000;2,16445620
1,13900000;2,17015340
1,14000000;2,17587539
1,14100000;2,18162233
1,14200000;2,18739440
1,14300000;2,19319178
1,14400000;2,19901465
1,14500000;2,20486318
1,14600000;2,21073490
1,14700000;2,21663534
1,14800000;2,22256199
1,14900000;2,22851505
1,15000000;2,23449470
1,15100000;2,24050114
1,15200000;2,24653454
1,15300000;2,25259512
1,15400000;2,25868306
1,15500000;2,26479857
1,15600000;2,27094184
1,15700000;2,27711307
1,15800000;2,28331247
1,15900000;2,28954025
1,16000000;2,29579661
1,16100000;2,30208177
1,16200000;2,30839592
1,16300000;2,31473930
1,16400000;2,32111211
1,16500000;2,32751457
1,16600000;2,33394691
1,16700000;2,34040934
1,16800000;2,34690209
1,16900000;2,35342539
1,17000000;2,35997946
1,17100000;2,36656454
1,17200000;2,37318087
1,17300000;2,37982867
1,17400000;2,38650819
1,17500000;2,39321966
1,17600000;2,39996334
1,17700000;2,40673946
1,17800000;2,41354828
1,17900000;2,42039004
1,18000000;2,42726501
1,18100000;2,43417343
1,18200000;2,44111556
1,18300000;2,44809167
1,18400000;2,45510202
1,18500000;2,46214688
1,18600000;2,46922651
1,18700000;2,47634119
1,18800000;2,48349120
1,18900000;2,49067680
1,19000000;2,49789829
1,19100000;2,50515595
1,19200000;2,51245006
1,19300000;2,51978092
1,19400000;2,52714882
1,19500000;2,53455404
1,19600000;2,54199690
1,19700000;2,54947770
1,19800000;2,55699674
1,19900000;2,56455432
1,20000000;2,57215078
1,20100000;2,57978641
1,20200000;2,58746154
1,20300000;2,59517649
1,20400000;2,60293158
1,20500000;2,61072716
1,20600000;2,61856354
1,20700000;2,62644107
1,20800000;2,63436009
1,20900000;2,64232095
1,21000000;2,65032398
1,21100000;2,65836955
1,21200000;2,66645801
1,21300000;2,67458972
1,21400000;2,68276505
1,21500000;2,69098435
1,21600000;2,69924801
1,21700000;2,70755641
1,21800000;2,71590992
1,21900000;2,72430892
1,22000000;2,73275381
1,22100000;2,74124499
1,22200000;2,74978284
1,22300000;2,75836778
1,22400000;2,76700021
1,22500000;2,77568055
1,22600000;2,78440920
1,22700000;2,79318660
1,22800000;2,80201318
1,22900000;2,81088935
1,23000000;2,81981557
1,23100000;2,82879226
1,23200000;2,83781989
1,23300000;2,84689890
1,23400000;2,85602976
1,23500000;2,86521291
1,23600000;2,87444885
1,23700000;2,88373803
1,23800000;2,89308094
1,23900000;2,90247807
1,24000000;2,91192991
1,24100000;2,92143695
1,24200000;2,93099970
1,24300000;2,94061868
1,24400000;2,95029439
1,24500000;2,96002737
1,24600000;2,96981814
1,24700000;2,97966723
1,24800000;2,98957519
1,24900000;2,99954257
1,25000000;3,00956993
1,25100000;3,01965782
1,25200000;3,02980683
1,25300000;3,04001751
1,25400000;3,05029047
1,25500000;3,06062629
1,25600000;3,07102558
1,25700000;3,08148893
1,25800000;3,09201697
1,25900000;3,10261032
1,26000000;3,11326960
1,26100000;3,12399546
1,26200000;3,13478855
1,26300000;3,14564952
1,26400000;3,15657903
1,26500000;3,16757776
1,26600000;3,17864639
1,26700000;3,18978561
1,26800000;3,20099613
1,26900000;3,21227864
1,27000000;3,22363387
1,27100000;3,23506255
1,27200000;3,24656541
1,27300000;3,25814321
1,27400000;3,26979669
1,27500000;3,28152664
1,27600000;3,29333382
1,27700000;3,30521903
1,27800000;3,31718307
1,27900000;3,32922675
1,28000000;3,34135088
1,28100000;3,35355631
1,28200000;3,36584388
1,28300000;3,37821444
1,28400000;3,39066887
1,28500000;3,40320804
1,28600000;3,41583285
1,28700000;3,42854420
1,28800000;3,44134302
1,28900000;3,45423023
1,29000000;3,46720678
1,29100000;3,48027363
1,29200000;3,49343175
1,29300000;3,50668212
1,29400000;3,52002576
1,29500000;3,53346366
1,29600000;3,54699686
1,29700000;3,56062641
1,29800000;3,57435337
1,29900000;3,58817881
1,30000000;3,60210382
1,30100000;3,61612952
1,30200000;3,63025702
1,30300000;3,64448746
1,30400000;3,65882201
1,30500000;3,67326185
1,30600000;3,68780815
1,30700000;3,70246214
1,30800000;3,71722505
1,30900000;3,73209811
1,31000000;3,74708261
1,31100000;3,76217983
1,31200000;3,77739108
1,31300000;3,79271571
1,31400000;3,80815899
1,31500000;3,82372033
1,31600000;3,83940114
1,31700000;3,85520282
1,31800000;3,87112681
1,31900000;3,88717457
1,32000000;3,90334757
1,32100000;3,91964733
1,32200000;3,93607536
1,32300000;3,95263324
1,32400000;3,96932252
1,32500000;3,98614483
1,32600000;4,00310178
1,32700000;4,02019504
1,32800000;4,03742629
1,32900000;4,05479725
1,33000000;4,07230965
1,33100000;4,08996526
1,33200000;4,10776589
1,33300000;4,12571337
1,33400000;4,14380955
1,33500000;4,16205633
1,33600000;4,18045563
1,33700000;4,19900941
1,33800000;4,21771967
1,33900000;4,23658842
1,34000000;4,25561773
1,34100000;4,27480970
1,34200000;4,29416645
1,34300000;4,31369017
1,34400000;4,33338305
1,34500000;4,35324735
1,34600000;4,37328535
1,34700000;4,39349939
1,34800000;4,41389183
1,34900000;4,43446509
1,35000000;4,45522162
1,35100000;4,47616393
1,35200000;4,49729457
1,35300000;4,51861613
1,35400000;4,54013125
1,35500000;4,56184262
1,35600000;4,58375299
1,35700000;4,60586515
1,35800000;4,62818194
1,35900000;4,65070627
1,36000000;4,67344108
1,36100000;4,69638939
1,36200000;4,71955426
1,36300000;4,74293883
1,36400000;4,76654628
1,36500000;4,79037986
1,36600000;4,81444288
1,36700000;4,83873872
1,36800000;4,86327083
1,36900000;4,88804271
1,37000000;4,91305796
1,37100000;4,93832022
1,37200000;4,96383323
1,37300000;4,98960079
1,37400000;5,01562677
1,37500000;5,04191515
1,37600000;5,06846995
1,37700000;5,09529532
1,37800000;5,12239544
1,37900000;5,14977464
1,38000000;5,17743728
1,38100000;5,20538786
1,38200000;5,23363095
1,38300000;5,26217123
1,38400000;5,29101346
1,38500000;5,32016252
1,38600000;5,34962340
1,38700000;5,37940118
1,38800000;5,40950107
1,38900000;5,43992838
1,39000000;5,47068854
1,39100000;5,50178712
1,39200000;5,53322978
1,39300000;5,56502234
1,39400000;5,59717073
1,39500000;5,62968103
1,39600000;5,66255944
1,39700000;5,69581233
1,39800000;5,72944619
1,39900000;5,76346769
1,40000000;5,79788361
1,40100000;5,83270095
1,40200000;5,86792682
1,40300000;5,90356854
1,40400000;5,93963359
1,40500000;5,97612962
1,40600000;6,01306449
1,40700000;6,05044622
1,40800000;6,08828307
1,40900000;6,12658345
1,41000000;6,16535604
1,41100000;6,20460968
1,41200000;6,24435347
1,41300000;6,28459673
1,41400000;6,32534901
1,41500000;6,36662012
1,41600000;6,40842011
1,41700000;6,45075930
1,41800000;6,49364827
1,41900000;6,53709790
1,42000000;6,58111934
1,42100000;6,62572404
1,42200000;6,67092375
1,42300000;6,71673056
1,42400000;6,76315688
1,42500000;6,81021545
1,42600000;6,85791938
1,42700000;6,90628212
1,42800000;6,95534170
1,42900000;7,00506349
1,43000000;7,05548682
1,43100000;7,10662673
1,43200000;7,15849873
1,43300000;7,21111874
1,43400000;7,26450317
1,43500000;7,31866891
1,43600000;7,37363336
1,43700000;7,42941441
1,43800000;7,48603051
1,43900000;7,54350068
1,44000000;7,60184451
1,44100000;7,66108218
1,44200000;7,72123452
1,44300000;7,78232300
1,44400000;7,84436977
1,44500000;7,90739768
1,44600000;7,97143032
1,44700000;8,03649204
1,44800000;8,10260798
1,44900000;8,16980410
1,45000000;8,23810724
1,45100000;8,30754511
1,45200000;8,37814637
1,45300000;8,44994065
1,45400000;8,52295860
1,45500000;8,59723192
1,45600000;8,67279341
1,45700000;8,74967703
1,45800000;8,82791796
1,45900000;8,90755261
1,46000000;8,98861871
1,46100000;9,07115539
1,46200000;9,15520320
1,46300000;9,24080418
1,46400000;9,32800197
1,46500000;9,41684185
1,46600000;9,50737083
1,46700000;9,59963772
1,46800000;9,69369326
1,46900000;9,78959014
1,47000000;9,88738317
1,47100000;9,98712936
1,47200000;10,08888802
1,47300000;10,19272087
1,47400000;10,29869221
1,47500000;10,40686900
1,47600000;10,51732104
1,47700000;10,63012111
1,47800000;10,74534511
1,47900000;10,86307225
1,48000000;10,98338526
1,48100000;11,10637050
1,48200000;11,23211828
1,48300000;11,36072299
1,48400000;11,49228336
1,48500000;11,62690276
1,48600000;11,76468941
1,48700000;11,90575669
1,48800000;12,05022348
1,48900000;12,19821446
1,49000000;12,34986048
1,49100000;12,50529896
1,49200000;12,66467429
1,49300000;12,82813829
1,49400000;12,99585067
1,49500000;13,16797958
1,49600000;13,34470217
1,49700000;13,52620518
1,49800000;13,71268562
1,49900000;13,90435147
1,50000000;14,10142246
1,50100000;14,30413092
1,50200000;14,51272268
1,50300000;14,72745807
1,50400000;14,94861303
1,50500000;15,17648026
1,50600000;15,41137053
1,50700000;15,65361409
1,50800000;15,90356223
1,50900000;16,16158900
1,51000000;16,42809302
1,51100000;16,70349961
1,51200000;16,98826301
1,51300000;17,28286889
1,51400000;17,58783715
1,51500000;17,90372492
1,51600000;18,23113005
1,51700000;18,57069480
1,51800000;18,92311011
1,51900000;19,28912027
1,52000000;19,66952819
1,52100000;20,06520127
1,52200000;20,47707800
1,52300000;20,90617544
1,52400000;21,35359757
1,52500000;21,82054477
1,52600000;22,30832466
1,52700000;22,81836424
1,52800000;23,35222390
1,52900000;23,91161338
1,53000000;24,49841003
1,53100000;25,11467991
1,53200000;25,76270209
1,53300000;26,44499685
1,53400000;27,16435843
1,53500000;27,92389330
1,53600000;28,72706503
1,53700000;29,57774716
1,53800000;30,48028562
1,53900000;31,43957310
1,54000000;32,46113774
1,54100000;33,55124985
1,54200000;34,71705068
1,54300000;35,96670917
1,54400000;37,30961366
1,54500000;38,75660824
1,54600000;40,32028633
1,54700000;42,01535821
1,54800000;43,85911531
1,54900000;45,87202235
1,55000000;48,07848028
1,55100000;50,50782041
1,55200000;53,19561602
1,55300000;56,18543601
1,55400000;59,53122509
1,55500000;63,30058805
1,55600000;67,57940578
1,55700000;72,47615955
1,55800000;78,14102387
1,55900000;84,76624889
1,56000000;92,61869224
1,56100000;102,07417386
1,56200000;113,67941228
1,56300000;128,26162658
1,56400000;147,13489831
1,56500000;172,52014648
1,56600000;208,49047329
1,56700000;263,41060542
1,56800000;357,61057580
1,56900000;556,69065001
1,57000000;1255,76538834
1,57100000;-4909,82563566
1,57200000;-830,78963182
1,57300000;-453,78666509
1,57400000;-312,14008000
1,57500000;-237,88507279
1,57600000;-192,16933170
1,57700000;-161,19171095
1,57800000;-138,81445833
1,57900000;-121,89250655
1,58000000;-108,64766312
1,58100000;-97,99881491
1,58200000;-89,25083404
1,58300000;-81,93643480
1,58400000;-75,72989384
1,58500000;-70,39721711
1,58600000;-65,76850683
1,58700000;-61,70899662
1,58800000;-58,12138295
1,58900000;-54,92789636
1,59000000;-52,06696628
1,59100000;-49,48921210
1,59200000;-47,15456871
1,59300000;-45,03018872
1,59400000;-43,08888722
1,59500000;-41,30797196
1,59600000;-39,66835212
1,59700000;-38,15385112
1,59800000;-36,75067093
1,59900000;-35,44697047
1,60000000;-34,23253050
1,60100000;-33,09848515
1,60200000;-32,03710509
1,60300000;-31,04162104
1,60400000;-30,10607918
1,60500000;-29,22522201
1,60600000;-28,39438937
1,60700000;-27,60943601
1,60800000;-26,86666235
1,60900000;-26,16275616
1,61000000;-25,49474319
1,61100000;-24,85994506
1,61200000;-24,25594344
1,61300000;-23,68054920
1,61400000;-23,13177588
1,61500000;-22,60781678
1,61600000;-22,10702507
1,61700000;-21,62789649
1,61800000;-21,16905426
1,61900000;-20,72923584
1,62000000;-20,30728133
1,62100000;-19,90212323
1,62200000;-19,51277746
1,62300000;-19,13833532
1,62400000;-18,77795645
1,62500000;-18,43086248
1,62600000;-18,09633145
1,62700000;-17,77369280
1,62800000;-17,46232282
1,62900000;-17,16164071
1,63000000;-16,87110488
1,63100000;-16,59020973
1,63200000;-16,31848270
1,63300000;-16,05548164
1,63400000;-15,80079235
1,63500000;-15,55402646
1,63600000;-15,31481941
1,63700000;-15,08282868
1,63800000;-14,85773213
1,63900000;-14,63922651
1,64000000;-14,42702610
1,64100000;-14,22086146
1,64200000;-14,02047830
1,64300000;-13,82563638
1,64400000;-13,63610863
1,64500000;-13,45168019
1,64600000;-13,27214765
1,64700000;-13,09731826
1,64800000;-12,92700926
1,64900000;-12,76104725
1,65000000;-12,59926758
1,65100000;-12,44151380
1,65200000;-12,28763719
1,65300000;-12,13749624
1,65400000;-11,99095626
1,65500000;-11,84788896
1,65600000;-11,70817206
1,65700000;-11,57168897
1,65800000;-11,43832843
1,65900000;-11,30798425
1,66000000;-11,18055497
1,66100000;-11,05594365
1,66200000;-10,93405760
1,66300000;-10,81480815
1,66400000;-10,69811043
1,66500000;-10,58388319
1,66600000;-10,47204856
1,66700000;-10,36253194
1,66800000;-10,25526179
1,66900000;-10,15016949
1,67000000;-10,04718916
1,67100000;-9,94625759
1,67200000;-9,84731403
1,67300000;-9,75030014
1,67400000;-9,65515982
1,67500000;-9,56183913
1,67600000;-9,47028618
1,67700000;-9,38045103
1,67800000;-9,29228562
1,67900000;-9,20574366
1,68000000;-9,12078053
1,68100000;-9,03735326
1,68200000;-8,95542043
1,68300000;-8,87494206
1,68400000;-8,79587962
1,68500000;-8,71819590
1,68600000;-8,64185502
1,68700000;-8,56682229
1,68800000;-8,49306424
1,68900000;-8,42054851
1,69000000;-8,34924384
1,69100000;-8,27912000
1,69200000;-8,21014776
1,69300000;-8,14229886
1,69400000;-8,07554593
1,69500000;-8,00986251
1,69600000;-7,94522297
1,69700000;-7,88160249
1,69800000;-7,81897705
1,69900000;-7,75732335
1,70000000;-7,69661884
1,70100000;-7,63684164
1,70200000;-7,57797054
1,70300000;-7,51998500
1,70400000;-7,46286506
1,70500000;-7,40659137
1,70600000;-7,35114515
1,70700000;-7,29650819
1,70800000;-7,24266278
1,70900000;-7,18959174
1,71000000;-7,13727838
1,71100000;-7,08570649
1,71200000;-7,03486032
1,71300000;-6,98472455
1,71400000;-6,93525992
1,71500000;-6,88650022
1,71600000;-6,83840749
1,71700000;-6,79096805
1,71800000;-6,74416858
1,71900000;-6,69799613
1,72000000;-6,65243809
1,72100000;-6,60748219
1,72200000;-6,56311649
1,72300000;-6,51932934
1,72400000;-6,47610941
1,72500000;-6,43344568
1,72600000;-6,39132739
1,72700000;-6,34974407
1,72800000;-6,30868550
1,72900000;-6,26814173
1,73000000;-6,22810307
1,73100000;-6,18856005
1,73200000;-6,14950345
1,73300000;-6,11092426
1,73400000;-6,07281373
1,73500000;-6,03516328
1,73600000;-5,99796455
1,73700000;-5,96120940
1,73800000;-5,92488986
1,73900000;-5,88899816
1,74000000;-5,85352673
1,74100000;-5,81846814
1,74200000;-5,78381516
1,74300000;-5,74956074
1,74400000;-5,71569796
1,74500000;-5,68222007
1,74600000;-5,64912050
1,74700000;-5,61639279
1,74800000;-5,58403065
1,74900000;-5,55202793
1,75000000;-5,52037860
1,75100000;-5,48907679
1,75200000;-5,45811674
1,75300000;-5,42749283
1,75400000;-5,39719954
1,75500000;-5,36723149
1,75600000;-5,33758341
1,75700000;-5,30825016
1,75800000;-5,27922667
1,75900000;-5,25050803
1,76000000;-5,22208938
1,76100000;-5,19396599
1,76200000;-5,16613325
1,76300000;-5,13858659
1,76400000;-5,11132160
1,76500000;-5,08433391
1,76600000;-5,05761925
1,76700000;-5,03117347
1,76800000;-5,00499245
1,76900000;-4,97907221
1,77000000;-4,95340880
1,77100000;-4,92799838
1,77200000;-4,90283718
1,77300000;-4,87792150
1,77400000;-4,85324771
1,77500000;-4,82881226
1,77600000;-4,80461167
1,77700000;-4,78064251
1,77800000;-4,75690144
1,77900000;-4,73338516
1,78000000;-4,71009047
1,78100000;-4,68701418
1,78200000;-4,66415320
1,78300000;-4,64150448
1,78400000;-4,61906505
1,78500000;-4,59683195
1,78600000;-4,57480233
1,78700000;-4,55297335
1,78800000;-4,53134224
1,78900000;-4,50990629
1,79000000;-4,48866281
1,79100000;-4,46760919
1,79200000;-4,44674286
1,79300000;-4,42606127
1,79400000;-4,40556196
1,79500000;-4,38524248
1,79600000;-4,36510043
1,79700000;-4,34513345
1,79800000;-4,32533925
1,79900000;-4,30571554
1,80000000;-4,28626010
1,80100000;-4,26697073
1,80200000;-4,24784527
1,80300000;-4,22888161
1,80400000;-4,21007766
1,80500000;-4,19143138
1,80600000;-4,17294076
1,80700000;-4,15460382
1,80800000;-4,13641861
1,80900000;-4,11838323
1,81000000;-4,10049579
1,81100000;-4,08275444
1,81200000;-4,06515737
1,81300000;-4,04770280
1,81400000;-4,03038895
1,81500000;-4,01321411
1,81600000;-3,99617657
1,81700000;-3,97927466
1,81800000;-3,96250673
1,81900000;-3,94587116
1,82000000;-3,92936636
1,82100000;-3,91299076
1,82200000;-3,89674281
1,82300000;-3,88062100
1,82400000;-3,86462383
1,82500000;-3,84874984
1,82600000;-3,83299756
1,82700000;-3,81736558
1,82800000;-3,80185249
1,82900000;-3,78645691
1,83000000;-3,77117748
1,83100000;-3,75601286
1,83200000;-3,74096173
1,83300000;-3,72602279
1,83400000;-3,71119477
1,83500000;-3,69647640
1,83600000;-3,68186644
1,83700000;-3,66736366
1,83800000;-3,65296688
1,83900000;-3,63867489
1,84000000;-3,62448653
1,84100000;-3,61040065
1,84200000;-3,59641612
1,84300000;-3,58253181
1,84400000;-3,56874664
1,84500000;-3,55505950
1,84600000;-3,54146934
1,84700000;-3,52797509
1,84800000;-3,51457572
1,84900000;-3,50127021
1,85000000;-3,48805755
1,85100000;-3,47493674
1,85200000;-3,46190680
1,85300000;-3,44896677
1,85400000;-3,43611569
1,85500000;-3,42335263
1,85600000;-3,41067665
1,85700000;-3,39808862
1,85800000;-3,38558409
1,85900000;-3,37316394
1,86000000;-3,36082731
1,86100000;-3,34857332
1,86200000;-3,33640112
1,86300000;-3,32430988
1,86400000;-3,31229876
1,86500000;-3,30036694
1,86600000;-3,28851363
1,86700000;-3,27673801
1,86800000;-3,26503932
1,86900000;-3,25341677
1,87000000;-3,24186961
1,87100000;-3,23039707
1,87200000;-3,21899841
1,87300000;-3,20767290
1,87400000;-3,19641982
1,87500000;-3,18523844
1,87600000;-3,17412807
1,87700000;-3,16308801
1,87800000;-3,15211757
1,87900000;-3,14121607
1,88000000;-3,13038285
1,88100000;-3,11961724
1,88200000;-3,10891859
1,88300000;-3,09828625
1,88400000;-3,08771959
1,88500000;-3,07721799
1,88600000;-3,06678082
1,88700000;-3,05640747
1,88800000;-3,04609734
1,88900000;-3,03584983
1,89000000;-3,02566435
1,89100000;-3,01554032
1,89200000;-3,00547717
1,89300000;-2,99547432
1,89400000;-2,98553122
1,89500000;-2,97564732
1,89600000;-2,96582206
1,89700000;-2,95605491
1,89800000;-2,94634533
1,89900000;-2,93669280
1,90000000;-2,92709680
1,90100000;-2,91755681
1,90200000;-2,90807232
1,90300000;-2,89864284
1,90400000;-2,88926787
1,90500000;-2,87994691
1,90600000;-2,87067949
1,90700000;-2,86146512
1,90800000;-2,85230333
1,90900000;-2,84319366
1,91000000;-2,83413564
1,91100000;-2,82512882
1,91200000;-2,81617275
1,91300000;-2,80726698
1,91400000;-2,79841108
1,91500000;-2,78960459
1,91600000;-2,78084711
1,91700000;-2,77213819
1,91800000;-2,76347743
1,91900000;-2,75486440
1,92000000;-2,74629870
1,92100000;-2,73777992
1,92200000;-2,72930765
1,92300000;-2,72088151
1,92400000;-2,71250109
1,92500000;-2,70416601
1,92600000;-2,69587589
1,92700000;-2,68763035
1,92800000;-2,67942901
1,92900000;-2,67127151
1,93000000;-2,66315747
1,93100000;-2,65508653
1,93200000;-2,64705833
1,93300000;-2,63907253
1,93400000;-2,63112877
1,93500000;-2,62322669
1,93600000;-2,61536597
1,93700000;-2,60754626
1,93800000;-2,59976722
1,93900000;-2,59202852
1,94000000;-2,58432984
1,94100000;-2,57667084
1,94200000;-2,56905122
1,94300000;-2,56147064
1,94400000;-2,55392880
1,94500000;-2,54642538
1,94600000;-2,53896008
1,94700000;-2,53153259
1,94800000;-2,52414261
1,94900000;-2,51678985
1,95000000;-2,50947400
1,95100000;-2,50219478
1,95200000;-2,49495189
1,95300000;-2,48774506
1,95400000;-2,48057399
1,95500000;-2,47343842
1,95600000;-2,46633805
1,95700000;-2,45927262
1,95800000;-2,45224186
1,95900000;-2,44524549
1,96000000;-2,43828326
1,96100000;-2,43135490
1,96200000;-2,42446014
1,96300000;-2,41759874
1,96400000;-2,41077043
1,96500000;-2,40397496
1,96600000;-2,39721209
1,96700000;-2,39048156
1,96800000;-2,38378314
1,96900000;-2,37711658
1,97000000;-2,37048163
1,97100000;-2,36387807
1,97200000;-2,35730565
1,97300000;-2,35076414
1,97400000;-2,34425332
1,97500000;-2,33777295
1,97600000;-2,33132281
1,97700000;-2,32490267
1,97800000;-2,31851232
1,97900000;-2,31215153
1,98000000;-2,30582009
1,98100000;-2,29951777
1,98200000;-2,29324438
1,98300000;-2,28699969
1,98400000;-2,28078350
1,98500000;-2,27459560
1,98600000;-2,26843579
1,98700000;-2,26230386
1,98800000;-2,25619961
1,98900000;-2,25012284
1,99000000;-2,24407336
1,99100000;-2,23805096
1,99200000;-2,23205547
1,99300000;-2,22608667
1,99400000;-2,22014440
1,99500000;-2,21422845
1,99600000;-2,20833864
1,99700000;-2,20247748
1,99800000;-2,19663943
1,99900000;-2,19082698
2,00000000;-2,18503993
2,00100000;-2,17927812
2,00200000;-2,17354137
2,00300000;-2,16782950
2,00400000;-2,16214234
2,00500000;-2,15647972
2,00600000;-2,15084148
2,00700000;-2,14522743
2,00800000;-2,13963742
2,00900000;-2,13407128
2,01000000;-2,12852885
2,01100000;-2,12300996
2,01200000;-2,11751445
2,01300000;-2,11204217
2,01400000;-2,10659296
2,01500000;-2,10116665
2,01600000;-2,09576311
2,01700000;-2,09038216
2,01800000;-2,08502366
2,01900000;-2,07968746
2,02000000;-2,07437341
2,02100000;-2,06908137
2,02200000;-2,06381117
2,02300000;-2,05856269
2,02400000;-2,05333577
2,02500000;-2,04813027
2,02600000;-2,04294604
2,02700000;-2,03778296
2,02800000;-2,03264088
2,02900000;-2,02751966
2,03000000;-2,02241917
2,03100000;-2,01733926
2,03200000;-2,01227981
2,03300000;-2,00724068
2,03400000;-2,00222173
2,03500000;-1,99722285
2,03600000;-1,99224390
2,03700000;-1,98728474
2,03800000;-1,98234525
2,03900000;-1,97742531
2,04000000;-1,97252479
2,04100000;-1,96764357
2,04200000;-1,96278151
2,04300000;-1,95793850
2,04400000;-1,95311443
2,04500000;-1,94830915
2,04600000;-1,94352257
2,04700000;-1,93875456
2,04800000;-1,93400500
2,04900000;-1,92927377
2,05000000;-1,92456076
2,05100000;-1,91986587
2,05200000;-1,91518896
2,05300000;-1,91052993
2,05400000;-1,90588867
2,05500000;-1,90126507
2,05600000;-1,89665902
2,05700000;-1,89207041
2,05800000;-1,88749913
2,05900000;-1,88294507
2,06000000;-1,87840813
2,06100000;-1,87388820
2,06200000;-1,86938518
2,06300000;-1,86489897
2,06400000;-1,86042946
2,06500000;-1,85597654
2,06600000;-1,85154013
2,06700000;-1,84712011
2,06800000;-1,84271639
2,06900000;-1,83832887
2,07000000;-1,83395745
2,07100000;-1,82960204
2,07200000;-1,82526254
2,07300000;-1,82093885
2,07400000;-1,81663087
2,07500000;-1,81233852
2,07600000;-1,80806170
2,07700000;-1,80380032
2,07800000;-1,79955428
2,07900000;-1,79532350
2,08000000;-1,79110788
2,08100000;-1,78690734
2,08200000;-1,78272178
2,08300000;-1,77855112
2,08400000;-1,77439526
2,08500000;-1,77025413
2,08600000;-1,76612764
2,08700000;-1,76201569
2,08800000;-1,75791821
2,08900000;-1,75383511
2,09000000;-1,74976631
2,09100000;-1,74571173
2,09200000;-1,74167127
2,09300000;-1,73764486
2,09400000;-1,73363243
2,09500000;-1,72963388
2,09600000;-1,72564914
2,09700000;-1,72167812
2,09800000;-1,71772076
2,09900000;-1,71377697
2,10000000;-1,70984667
2,10100000;-1,70592980
2,10200000;-1,70202626
2,10300000;-1,69813599
2,10400000;-1,69425891
2,10500000;-1,69039494
2,10600000;-1,68654401
2,10700000;-1,68270606
2,10800000;-1,67888099
2,10900000;-1,67506875
2,11000000;-1,67126926
2,11100000;-1,66748245
2,11200000;-1,66370825
2,11300000;-1,65994658
2,11400000;-1,65619738
2,11500000;-1,65246058
2,11600000;-1,64873611
2,11700000;-1,64502390
2,11800000;-1,64132388
2,11900000;-1,63763599
2,12000000;-1,63396016
2,12100000;-1,63029632
2,12200000;-1,62664441
2,12300000;-1,62300436
2,12400000;-1,61937610
2,12500000;-1,61575958
2,12600000;-1,61215473
2,12700000;-1,60856148
2,12800000;-1,60497977
2,12900000;-1,60140954
2,13000000;-1,59785073
2,13100000;-1,59430327
2,13200000;-1,59076711
2,13300000;-1,58724217
2,13400000;-1,58372841
2,13500000;-1,58022577
2,13600000;-1,57673417
2,13700000;-1,57325357
2,13800000;-1,56978390
2,13900000;-1,56632511
2,14000000;-1,56287714
2,14100000;-1,55943992
2,14200000;-1,55601342
2,14300000;-1,55259755
2,14400000;-1,54919228
2,14500000;-1,54579755
2,14600000;-1,54241329
2,14700000;-1,53903945
2,14800000;-1,53567599
2,14900000;-1,53232284
2,15000000;-1,52897995
2,15100000;-1,52564726
2,15200000;-1,52232473
2,15300000;-1,51901231
2,15400000;-1,51570992
2,15500000;-1,51241754
2,15600000;-1,50913510
2,15700000;-1,50586255
2,15800000;-1,50259984
2,15900000;-1,49934692
2,16000000;-1,49610375
2,16100000;-1,49287026
2,16200000;-1,48964641
2,16300000;-1,48643215
2,16400000;-1,48322744
2,16500000;-1,48003221
2,16600000;-1,47684643
2,16700000;-1,47367005
2,16800000;-1,47050302
2,16900000;-1,46734528
2,17000000;-1,46419680
2,17100000;-1,46105753
2,17200000;-1,45792741
2,17300000;-1,45480641
2,17400000;-1,45169448
2,17500000;-1,44859157
2,17600000;-1,44549763
2,17700000;-1,44241263
2,17800000;-1,43933651
2,17900000;-1,43626924
2,18000000;-1,43321076
2,18100000;-1,43016104
2,18200000;-1,42712003
2,18300000;-1,42408769
2,18400000;-1,42106397
2,18500000;-1,41804884
2,18600000;-1,41504224
2,18700000;-1,41204414
2,18800000;-1,40905449
2,18900000;-1,40607326
2,19000000;-1,40310040
2,19100000;-1,40013587
2,19200000;-1,39717963
2,19300000;-1,39423164
2,19400000;-1,39129186
2,19500000;-1,38836025
2,19600000;-1,38543676
2,19700000;-1,38252137
2,19800000;-1,37961402
2,19900000;-1,37671469
2,20000000;-1,37382333
2,20100000;-1,37093990
2,20200000;-1,36806437
2,20300000;-1,36519670
2,20400000;-1,36233684
2,20500000;-1,35948477
2,20600000;-1,35664044
2,20700000;-1,35380381
2,20800000;-1,35097486
2,20900000;-1,34815354
2,21000000;-1,34533982
2,21100000;-1,34253366
2,21200000;-1,33973502
2,21300000;-1,33694387
2,21400000;-1,33416017
2,21500000;-1,33138390
2,21600000;-1,32861500
2,21700000;-1,32585346
2,21800000;-1,32309922
2,21900000;-1,32035227
2,22000000;-1,31761256
2,22100000;-1,31488006
2,22200000;-1,31215473
2,22300000;-1,30943655
2,22400000;-1,30672548
2,22500000;-1,30402149
2,22600000;-1,30132453
2,22700000;-1,29863459
2,22800000;-1,29595162
2,22900000;-1,29327560
2,23000000;-1,29060650
2,23100000;-1,28794427
2,23200000;-1,28528889
2,23300000;-1,28264033
2,23400000;-1,27999856
2,23500000;-1,27736354
2,23600000;-1,27473524
2,23700000;-1,27211363
2,23800000;-1,26949869
2,23900000;-1,26689038
2,24000000;-1,26428866
2,24100000;-1,26169352
2,24200000;-1,25910492
2,24300000;-1,25652283
2,24400000;-1,25394722
2,24500000;-1,25137806
2,24600000;-1,24881532
2,24700000;-1,24625898
2,24800000;-1,24370900
2,24900000;-1,24116535
2,25000000;-1,23862801
2,25100000;-1,23609695
2,25200000;-1,23357214
2,25300000;-1,23105355
2,25400000;-1,22854115
2,25500000;-1,22603492
2,25600000;-1,22353483
2,25700000;-1,22104084
2,25800000;-1,21855294
2,25900000;-1,21607110
2,26000000;-1,21359529
2,26100000;-1,21112547
2,26200000;-1,20866164
2,26300000;-1,20620375
2,26400000;-1,20375178
2,26500000;-1,20130571
2,26600000;-1,19886551
2,26700000;-1,19643115
2,26800000;-1,19400261
2,26900000;-1,19157987
2,27000000;-1,18916289
2,27100000;-1,18675165
2,27200000;-1,18434613
2,27300000;-1,18194630
2,27400000;-1,17955214
2,27500000;-1,17716362
2,27600000;-1,17478071
2,27700000;-1,17240340
2,27800000;-1,17003165
2,27900000;-1,16766545
2,28000000;-1,16530477
2,28100000;-1,16294958
2,28200000;-1,16059987
2,28300000;-1,15825560
2,28400000;-1,15591676
2,28500000;-1,15358331
2,28600000;-1,15125525
2,28700000;-1,14893254
2,28800000;-1,14661516
2,28900000;-1,14430309
2,29000000;-1,14199630
2,29100000;-1,13969478
2,29200000;-1,13739850
2,29300000;-1,13510743
2,29400000;-1,13282156
2,29500000;-1,13054087
2,29600000;-1,12826532
2,29700000;-1,12599490
2,29800000;-1,12372959
2,29900000;-1,12146937
2,30000000;-1,11921421
2,30100000;-1,11696409
2,30200000;-1,11471900
2,30300000;-1,11247890
2,30400000;-1,11024378
2,30500000;-1,10801362
2,30600000;-1,10578840
2,30700000;-1,10356809
2,30800000;-1,10135268
2,30900000;-1,09914214
2,31000000;-1,09693645
2,31100000;-1,09473560
2,31200000;-1,09253957
2,31300000;-1,09034832
2,31400000;-1,08816185
2,31500000;-1,08598014
2,31600000;-1,08380315
2,31700000;-1,08163088
2,31800000;-1,07946331
2,31900000;-1,07730041
2,32000000;-1,07514216
2,32100000;-1,07298855
2,32200000;-1,07083956
2,32300000;-1,06869516
2,32400000;-1,06655535
2,32500000;-1,06442009
2,32600000;-1,06228937
2,32700000;-1,06016318
2,32800000;-1,05804149
2,32900000;-1,05592428
2,33000000;-1,05381154
2,33100000;-1,05170325
2,33200000;-1,04959939
2,33300000;-1,04749994
2,33400000;-1,04540488
2,33500000;-1,04331420
2,33600000;-1,04122788
2,33700000;-1,03914590
2,33800000;-1,03706824
2,33900000;-1,03499489
2,34000000;-1,03292582
2,34100000;-1,03086102
2,34200000;-1,02880048
2,34300000;-1,02674417
2,34400000;-1,02469208
2,34500000;-1,02264419
2,34600000;-1,02060049
2,34700000;-1,01856095
2,34800000;-1,01652556
2,34900000;-1,01449431
2,35000000;-1,01246717
2,35100000;-1,01044414
2,35200000;-1,00842519
2,35300000;-1,00641031
2,35400000;-1,00439947
2,35500000;-1,00239268
2,35600000;-1,00038990
2,35700000;-0,99839113
2,35800000;-0,99639634
2,35900000;-0,99440553
2,36000000;-0,99241867
2,36100000;-0,99043575
2,36200000;-0,98845675
2,36300000;-0,98648166
2,36400000;-0,98451047
2,36500000;-0,98254315
2,36600000;-0,98057970
2,36700000;-0,97862009
2,36800000;-0,97666432
2,36900000;-0,97471236
2,37000000;-0,97276420
2,37100000;-0,97081983
2,37200000;-0,96887923
2,37300000;-0,96694239
2,37400000;-0,96500928
2,37500000;-0,96307991
2,37600000;-0,96115425
2,37700000;-0,95923229
2,37800000;-0,95731401
2,37900000;-0,95539940
2,38000000;-0,95348845
2,38100000;-0,95158113
2,38200000;-0,94967745
2,38300000;-0,94777737
2,38400000;-0,94588090
2,38500000;-0,94398800
2,38600000;-0,94209868
2,38700000;-0,94021292
2,38800000;-0,93833069
2,38900000;-0,93645200
2,39000000;-0,93457682
2,39100000;-0,93270515
2,39200000;-0,93083696
2,39300000;-0,92897225
2,39400000;-0,92711100
2,39500000;-0,92525319
2,39600000;-0,92339882
2,39700000;-0,92154788
2,39800000;-0,91970034
2,39900000;-0,91785556
2,40000000;-0,91601480
2,40100000;-0,91417740
2,40200000;-0,91234336
2,40300000;-0,91051266
2,40400000;-0,90868530
2,40500000;-0,90686125
2,40600000;-0,90504051
2,40700000;-0,90322306
2,40800000;-0,90140889
2,40900000;-0,89959798
2,41000000;-0,89779034
2,41100000;-0,89598593
2,41200000;-0,89418476
2,41300000;-0,89238680
2,41400000;-0,89059205
2,41500000;-0,88880050
2,41600000;-0,88701212
2,41700000;-0,88522692
2,41800000;-0,88344487
2,41900000;-0,88166597
2,42000000;-0,87989021
2,42100000;-0,87811756
2,42200000;-0,87634803
2,42300000;-0,87458160
2,42400000;-0,87281825
2,42500000;-0,87105798
2,42600000;-0,86930077
2,42700000;-0,86754661
2,42800000;-0,86579550
2,42900000;-0,86404742
2,43000000;-0,86230235
2,43100000;-0,86056029
2,43200000;-0,85882123
2,43300000;-0,85708515
2,43400000;-0,85535204
2,43500000;-0,85362190
2,43600000;-0,85189470
2,43700000;-0,85017045
2,43800000;-0,84844913
2,43900000;-0,84673073
2,44000000;-0,84501523
2,44100000;-0,84330263
2,44200000;-0,84159226
2,44300000;-0,83988542
2,44400000;-0,83818144
2,44500000;-0,83648032
2,44600000;-0,83478204
2,44700000;-0,83308659
2,44800000;-0,83139397
2,44900000;-0,82970416
2,45000000;-0,82801715
2,45100000;-0,82633293
2,45200000;-0,82465149
2,45300000;-0,82297282
2,45400000;-0,82129692
2,45500000;-0,81962376
2,45600000;-0,81795335
2,45700000;-0,81628566
2,45800000;-0,81462070
2,45900000;-0,81295845
2,46000000;-0,81129889
2,46100000;-0,80964203
2,46200000;-0,80798785
2,46300000;-0,80633634
2,46400000;-0,80468749
2,46500000;-0,80304129
2,46600000;-0,80139774
2,46700000;-0,79975681
2,46800000;-0,79811851
2,46900000;-0,79648282
2,47000000;-0,79484974
2,47100000;-0,79321925
2,47200000;-0,79159134
2,47300000;-0,78996601
2,47400000;-0,78834324
2,47500000;-0,78672303
2,47600000;-0,78510537
2,47700000;-0,78349025
2,47800000;-0,78187766
2,47900000;-0,78026758
2,48000000;-0,77866002
2,48100000;-0,77705496
2,48200000;-0,77545239
2,48300000;-0,77385230
2,48400000;-0,77225469
2,48500000;-0,77065954
2,48600000;-0,76906685
2,48700000;-0,76747661
2,48800000;-0,76588881
2,48900000;-0,76430344
2,49000000;-0,76272048
2,49100000;-0,76113995
2,49200000;-0,75956181
2,49300000;-0,75798608
2,49400000;-0,75641272
2,49500000;-0,75484175
2,49600000;-0,75327315
2,49700000;-0,75170691
2,49800000;-0,75014302
2,49900000;-0,74858147
2,50000000;-0,74702227
2,50100000;-0,74546539
2,50200000;-0,74391083
2,50300000;-0,74235858
2,50400000;-0,74080863
2,50500000;-0,73926098
2,50600000;-0,73771561
2,50700000;-0,73617253
2,50800000;-0,73463171
2,50900000;-0,73309316
2,51000000;-0,73155686
2,51100000;-0,73002280
2,51200000;-0,72849099
2,51300000;-0,72696140
2,51400000;-0,72543404
2,51500000;-0,72390889
2,51600000;-0,72238595
2,51700000;-0,72086520
2,51800000;-0,71934665
2,51900000;-0,71783028
2,52000000;-0,71631609
2,52100000;-0,71480406
2,52200000;-0,71329419
2,52300000;-0,71178648
2,52400000;-0,71028091
2,52500000;-0,70877748
2,52600000;-0,70727618
2,52700000;-0,70577700
2,52800000;-0,70427993
2,52900000;-0,70278497
2,53000000;-0,70129211
2,53100000;-0,69980135
2,53200000;-0,69831267
2,53300000;-0,69682606
2,53400000;-0,69534153
2,53500000;-0,69385906
2,53600000;-0,69237865
2,53700000;-0,69090028
2,53800000;-0,68942396
2,53900000;-0,68794967
2,54000000;-0,68647740
2,54100000;-0,68500716
2,54200000;-0,68353893
2,54300000;-0,68207271
2,54400000;-0,68060848
2,54500000;-0,67914625
2,54600000;-0,67768600
2,54700000;-0,67622773
2,54800000;-0,67477143
2,54900000;-0,67331709
2,55000000;-0,67186471
2,55100000;-0,67041429
2,55200000;-0,66896580
2,55300000;-0,66751925
2,55400000;-0,66607463
2,55500000;-0,66463194
2,55600000;-0,66319116
2,55700000;-0,66175229
2,55800000;-0,66031532
2,55900000;-0,65888026
2,56000000;-0,65744708
2,56100000;-0,65601578
2,56200000;-0,65458636
2,56300000;-0,65315881
2,56400000;-0,65173312
2,56500000;-0,65030929
2,56600000;-0,64888732
2,56700000;-0,64746718
2,56800000;-0,64604889
2,56900000;-0,64463242
2,57000000;-0,64321778
2,57100000;-0,64180496
2,57200000;-0,64039395
2,57300000;-0,63898475
2,57400000;-0,63757734
2,57500000;-0,63617174
2,57600000;-0,63476791
2,57700000;-0,63336587
2,57800000;-0,63196561
2,57900000;-0,63056711
2,58000000;-0,62917037
2,58100000;-0,62777539
2,58200000;-0,62638217
2,58300000;-0,62499068
2,58400000;-0,62360094
2,58500000;-0,62221292
2,58600000;-0,62082664
2,58700000;-0,61944207
2,58800000;-0,61805922
2,58900000;-0,61667807
2,59000000;-0,61529863
2,59100000;-0,61392088
2,59200000;-0,61254483
2,59300000;-0,61117046
2,59400000;-0,60979777
2,59500000;-0,60842675
2,59600000;-0,60705740
2,59700000;-0,60568971
2,59800000;-0,60432368
2,59900000;-0,60295929
2,60000000;-0,60159655
2,60100000;-0,60023545
2,60200000;-0,59887598
2,60300000;-0,59751814
2,60400000;-0,59616193
2,60500000;-0,59480732
2,60600000;-0,59345433
2,60700000;-0,59210294
2,60800000;-0,59075316
2,60900000;-0,58940496
2,61000000;-0,58805836
2,61100000;-0,58671334
2,61200000;-0,58536989
2,61300000;-0,58402802
2,61400000;-0,58268771
2,61500000;-0,58134896
2,61600000;-0,58001177
2,61700000;-0,57867613
2,61800000;-0,57734204
2,61900000;-0,57600948
2,62000000;-0,57467846
2,62100000;-0,57334897
2,62200000;-0,57202100
2,62300000;-0,57069455
2,62400000;-0,56936961
2,62500000;-0,56804618
2,62600000;-0,56672426
2,62700000;-0,56540383
2,62800000;-0,56408489
2,62900000;-0,56276744
2,63000000;-0,56145147
2,63100000;-0,56013698
2,63200000;-0,55882396
2,63300000;-0,55751241
2,63400000;-0,55620232
2,63500000;-0,55489369
2,63600000;-0,55358651
2,63700000;-0,55228077
2,63800000;-0,55097647
2,63900000;-0,54967362
2,64000000;-0,54837219
2,64100000;-0,54707219
2,64200000;-0,54577361
2,64300000;-0,54447645
2,64400000;-0,54318070
2,64500000;-0,54188636
2,64600000;-0,54059341
2,64700000;-0,53930187
2,64800000;-0,53801172
2,64900000;-0,53672295
2,65000000;-0,53543557
2,65100000;-0,53414957
2,65200000;-0,53286494
2,65300000;-0,53158168
2,65400000;-0,53029978
2,65500000;-0,52901924
2,65600000;-0,52774005
2,65700000;-0,52646221
2,65800000;-0,52518572
2,65900000;-0,52391057
2,66000000;-0,52263676
2,66100000;-0,52136427
2,66200000;-0,52009311
2,66300000;-0,51882327
2,66400000;-0,51755475
2,66500000;-0,51628755
2,66600000;-0,51502164
2,66700000;-0,51375705
2,66800000;-0,51249375
2,66900000;-0,51123175
2,67000000;-0,50997103
2,67100000;-0,50871160
2,67200000;-0,50745345
2,67300000;-0,50619658
2,67400000;-0,50494098
2,67500000;-0,50368665
2,67600000;-0,50243358
2,67700000;-0,50118176
2,67800000;-0,49993121
2,67900000;-0,49868190
2,68000000;-0,49743384
2,68100000;-0,49618702
2,68200000;-0,49494143
2,68300000;-0,49369708
2,68400000;-0,49245395
2,68500000;-0,49121205
2,68600000;-0,48997137
2,68700000;-0,48873191
2,68800000;-0,48749365
2,68900000;-0,48625660
2,69000000;-0,48502076
2,69100000;-0,48378611
2,69200000;-0,48255266
2,69300000;-0,48132039
2,69400000;-0,48008932
2,69500000;-0,47885942
2,69600000;-0,47763070
2,69700000;-0,47640315
2,69800000;-0,47517678
2,69900000;-0,47395157
2,70000000;-0,47272751
2,70100000;-0,47150462
2,70200000;-0,47028288
2,70300000;-0,46906228
2,70400000;-0,46784284
2,70500000;-0,46662453
2,70600000;-0,46540736
2,70700000;-0,46419132
2,70800000;-0,46297641
2,70900000;-0,46176262
2,71000000;-0,46054995
2,71100000;-0,45933840
2,71200000;-0,45812797
2,71300000;-0,45691864
2,71400000;-0,45571041
2,71500000;-0,45450329
2,71600000;-0,45329726
2,71700000;-0,45209233
2,71800000;-0,45088849
2,71900000;-0,44968573
2,72000000;-0,44848405
2,72100000;-0,44728345
2,72200000;-0,44608392
2,72300000;-0,44488546
2,72400000;-0,44368807
2,72500000;-0,44249174
2,72600000;-0,44129647
2,72700000;-0,44010225
2,72800000;-0,43890909
2,72900000;-0,43771697
2,73000000;-0,43652589
2,73100000;-0,43533586
2,73200000;-0,43414685
2,73300000;-0,43295889
2,73400000;-0,43177194
2,73500000;-0,43058603
2,73600000;-0,42940113
2,73700000;-0,42821725
2,73800000;-0,42703439
2,73900000;-0,42585253
2,74000000;-0,42467169
2,74100000;-0,42349184
2,74200000;-0,42231299
2,74300000;-0,42113514
2,74400000;-0,41995828
2,74500000;-0,41878241
2,74600000;-0,41760752
2,74700000;-0,41643361
2,74800000;-0,41526068
2,74900000;-0,41408872
2,75000000;-0,41291774
2,75100000;-0,41174772
2,75200000;-0,41057866
2,75300000;-0,40941057
2,75400000;-0,40824343
2,75500000;-0,40707724
2,75600000;-0,40591200
2,75700000;-0,40474771
2,75800000;-0,40358435
2,75900000;-0,40242194
2,76000000;-0,40126046
2,76100000;-0,40009992
2,76200000;-0,39894030
2,76300000;-0,39778161
2,76400000;-0,39662384
2,76500000;-0,39546698
2,76600000;-0,39431105
2,76700000;-0,39315602
2,76800000;-0,39200190
2,76900000;-0,39084868
2,77000000;-0,38969637
2,77100000;-0,38854495
2,77200000;-0,38739443
2,77300000;-0,38624480
2,77400000;-0,38509606
2,77500000;-0,38394820
2,77600000;-0,38280122
2,77700000;-0,38165512
2,77800000;-0,38050990
2,77900000;-0,37936554
2,78000000;-0,37822206
2,78100000;-0,37707944
2,78200000;-0,37593768
2,78300000;-0,37479677
2,78400000;-0,37365673
2,78500000;-0,37251753
2,78600000;-0,37137919
2,78700000;-0,37024168
2,78800000;-0,36910502
2,78900000;-0,36796920
2,79000000;-0,36683422
2,79100000;-0,36570007
2,79200000;-0,36456674
2,79300000;-0,36343424
2,79400000;-0,36230257
2,79500000;-0,36117171
2,79600000;-0,36004168
2,79700000;-0,35891245
2,79800000;-0,35778404
2,79900000;-0,35665643
2,80000000;-0,35552962
2,80100000;-0,35440362
2,80200000;-0,35327842
2,80300000;-0,35215401
2,80400000;-0,35103039
2,80500000;-0,34990756
2,80600000;-0,34878551
2,80700000;-0,34766425
2,80800000;-0,34654377
2,80900000;-0,34542406
2,81000000;-0,34430513
2,81100000;-0,34318697
2,81200000;-0,34206957
2,81300000;-0,34095294
2,81400000;-0,33983707
2,81500000;-0,33872196
2,81600000;-0,33760760
2,81700000;-0,33649400
2,81800000;-0,33538114
2,81900000;-0,33426903
2,82000000;-0,33315767
2,82100000;-0,33204704
2,82200000;-0,33093715
2,82300000;-0,32982800
2,82400000;-0,32871957
2,82500000;-0,32761188
2,82600000;-0,32650491
2,82700000;-0,32539867
2,82800000;-0,32429314
2,82900000;-0,32318833
2,83000000;-0,32208423
2,83100000;-0,32098085
2,83200000;-0,31987817
2,83300000;-0,31877620
2,83400000;-0,31767493
2,83500000;-0,31657436
2,83600000;-0,31547449
2,83700000;-0,31437531
2,83800000;-0,31327682
2,83900000;-0,31217902
2,84000000;-0,31108191
2,84100000;-0,30998547
2,84200000;-0,30888972
2,84300000;-0,30779464
2,84400000;-0,30670024
2,84500000;-0,30560651
2,84600000;-0,30451345
2,84700000;-0,30342105
2,84800000;-0,30232931
2,84900000;-0,30123824
2,85000000;-0,30014782
2,85100000;-0,29905806
2,85200000;-0,29796895
2,85300000;-0,29688048
2,85400000;-0,29579267
2,85500000;-0,29470549
2,85600000;-0,29361896
2,85700000;-0,29253306
2,85800000;-0,29144780
2,85900000;-0,29036318
2,86000000;-0,28927918
2,86100000;-0,28819581
2,86200000;-0,28711306
2,86300000;-0,28603093
2,86400000;-0,28494943
2,86500000;-0,28386854
2,86600000;-0,28278826
2,86700000;-0,28170860
2,86800000;-0,28062954
2,86900000;-0,27955109
2,87000000;-0,27847324
2,87100000;-0,27739599
2,87200000;-0,27631933
2,87300000;-0,27524328
2,87400000;-0,27416781
2,87500000;-0,27309294
2,87600000;-0,27201865
2,87700000;-0,27094494
2,87800000;-0,26987182
2,87900000;-0,26879928
2,88000000;-0,26772731
2,88100000;-0,26665592
2,88200000;-0,26558510
2,88300000;-0,26451484
2,88400000;-0,26344529
2,88500000;-0,26237617
2,88600000;-0,26130761
2,88700000;-0,26023960
2,88800000;-0,25917215
2,88900000;-0,25810526
2,89000000;-0,25703891
2,89100000;-0,25597312
2,89200000;-0,25490787
2,89300000;-0,25384316
2,89400000;-0,25277899
2,89500000;-0,25171536
2,89600000;-0,25065227
2,89700000;-0,24958970
2,89800000;-0,24852767
2,89900000;-0,24746617
2,90000000;-0,24640519
2,90100000;-0,24534473
2,90200000;-0,24428480
2,90300000;-0,24322538
2,90400000;-0,24216648
2,90500000;-0,24110809
2,90600000;-0,24005021
2,90700000;-0,23899284
2,90800000;-0,23793597
2,90900000;-0,23687961
2,91000000;-0,23582374
2,91100000;-0,23476838
2,91200000;-0,23371351
2,91300000;-0,23265913
2,91400000;-0,23160524
2,91500000;-0,23055184
2,91600000;-0,22949893
2,91700000;-0,22844650
2,91800000;-0,22739455
2,91900000;-0,22634308
2,92000000;-0,22529209
2,92100000;-0,22424156
2,92200000;-0,22319151
2,92300000;-0,22214193
2,92400000;-0,22109282
2,92500000;-0,22004416
2,92600000;-0,21899597
2,92700000;-0,21794824
2,92800000;-0,21690097
2,92900000;-0,21585415
2,93000000;-0,21480778
2,93100000;-0,21376186
2,93200000;-0,21271639
2,93300000;-0,21167136
2,93400000;-0,21062677
2,93500000;-0,20958263
2,93600000;-0,20853892
2,93700000;-0,20749565
2,93800000;-0,20645281
2,93900000;-0,20541040
2,94000000;-0,20436842
2,94100000;-0,20332686
2,94200000;-0,20228573
2,94300000;-0,20124502
2,94400000;-0,20020473
2,94500000;-0,19916485
2,94600000;-0,19812539
2,94700000;-0,19708634
2,94800000;-0,19604770
2,94900000;-0,19500947
2,95000000;-0,19397164
2,95100000;-0,19293421
2,95200000;-0,19189719
2,95300000;-0,19086056
2,95400000;-0,18982433
2,95500000;-0,18878849
2,95600000;-0,18775304
2,95700000;-0,18671798
2,95800000;-0,18568331
2,95900000;-0,18464902
2,96000000;-0,18361511
2,96100000;-0,18258159
2,96200000;-0,18154844
2,96300000;-0,18051566
2,96400000;-0,17948326
2,96500000;-0,17845123
2,96600000;-0,17741957
2,96700000;-0,17638827
2,96800000;-0,17535734
2,96900000;-0,17432677
2,97000000;-0,17329655
2,97100000;-0,17226670
2,97200000;-0,17123720
2,97300000;-0,17020805
2,97400000;-0,16917925
2,97500000;-0,16815080
2,97600000;-0,16712270
2,97700000;-0,16609494
2,97800000;-0,16506752
2,97900000;-0,16404044
2,98000000;-0,16301370
2,98100000;-0,16198729
2,98200000;-0,16096121
2,98300000;-0,15993547
2,98400000;-0,15891005
2,98500000;-0,15788496
2,98600000;-0,15686019
2,98700000;-0,15583574
2,98800000;-0,15481161
2,98900000;-0,15378780
2,99000000;-0,15276431
2,99100000;-0,15174113
2,99200000;-0,15071825
2,99300000;-0,14969569
2,99400000;-0,14867343
2,99500000;-0,14765148
2,99600000;-0,14662982
2,99700000;-0,14560847
2,99800000;-0,14458742
2,99900000;-0,14356666
3,00000000;-0,14254619
3,00100000;-0,14152601
3,00200000;-0,14050612
3,00300000;-0,13948652
3,00400000;-0,13846721
3,00500000;-0,13744817
3,00600000;-0,13642942
3,00700000;-0,13541094
3,00800000;-0,13439274
3,00900000;-0,13337481
3,01000000;-0,13235716
3,01100000;-0,13133977
3,01200000;-0,13032265
3,01300000;-0,12930580
3,01400000;-0,12828921
3,01500000;-0,12727288
3,01600000;-0,12625680
3,01700000;-0,12524099
3,01800000;-0,12422543
3,01900000;-0,12321012
3,02000000;-0,12219506
3,02100000;-0,12118025
3,02200000;-0,12016569
3,02300000;-0,11915137
3,02400000;-0,11813729
3,02500000;-0,11712345
3,02600000;-0,11610985
3,02700000;-0,11509648
3,02800000;-0,11408335
3,02900000;-0,11307045
3,03000000;-0,11205777
3,03100000;-0,11104533
3,03200000;-0,11003310
3,03300000;-0,10902111
3,03400000;-0,10800933
3,03500000;-0,10699777
3,03600000;-0,10598642
3,03700000;-0,10497530
3,03800000;-0,10396438
3,03900000;-0,10295367
3,04000000;-0,10194317
3,04100000;-0,10093288
3,04200000;-0,09992279
3,04300000;-0,09891291
3,04400000;-0,09790322
3,04500000;-0,09689373
3,04600000;-0,09588444
3,04700000;-0,09487534
3,04800000;-0,09386643
3,04900000;-0,09285771
3,05000000;-0,09184918
3,05100000;-0,09084083
3,05200000;-0,08983267
3,05300000;-0,08882469
3,05400000;-0,08781688
3,05500000;-0,08680926
3,05600000;-0,08580180
3,05700000;-0,08479453
3,05800000;-0,08378792
3,05900000;-0,08278099
3,06000000;-0,08177422
3,06100000;-0,08076761
3,06200000;-0,07976117
3,06300000;-0,07875489
3,06400000;-0,07774876
3,06500000;-0,07674280
3,06600000;-0,07573698
3,06700000;-0,07473132
3,06800000;-0,07372581
3,06900000;-0,07272045
3,07000000;-0,07171524
3,07100000;-0,07071017
3,07200000;-0,06970524
3,07300000;-0,06870045
3,07400000;-0,06769580
3,07500000;-0,06669128
3,07600000;-0,06568690
3,07700000;-0,06468265
3,07800000;-0,06367853
3,07900000;-0,06267454
3,08000000;-0,06167068
3,08100000;-0,06066693
3,08200000;-0,05966332
3,08300000;-0,05865981
3,08400000;-0,05765643
3,08500000;-0,05665317
3,08600000;-0,05565001
3,08700000;-0,05464697
3,08800000;-0,05364404
3,08900000;-0,05264122
3,09000000;-0,05163850
3,09100000;-0,05063588
3,09200000;-0,04963337
3,09300000;-0,04863095
3,09400000;-0,04762864
3,09500000;-0,04662642
3,09600000;-0,04562429
3,09700000;-0,04462225
3,09800000;-0,04362031
3,09900000;-0,04261845
3,10000000;-0,04161667
3,10100000;-0,04061498
3,10200000;-0,03961337
3,10300000;-0,03861184
3,10400000;-0,03761039
3,10500000;-0,03660901
3,10600000;-0,03560771
3,10700000;-0,03460648
3,10800000;-0,03360532
3,10900000;-0,03260422
3,11000000;-0,03160319
3,11100000;-0,03060222
3,11200000;-0,02960132
3,11300000;-0,02860047
3,11400000;-0,02759968
3,11500000;-0,02659894
3,11600000;-0,02559826
3,11700000;-0,02459763
3,11800000;-0,02359705
3,11900000;-0,02259652
3,12000000;-0,02159603
3,12100000;-0,02059559
3,12200000;-0,01959518
3,12300000;-0,01859482
3,12400000;-0,01759449
3,12500000;-0,01659420
3,12600000;-0,01559394
3,12700000;-0,01459371
3,12800000;-0,01359351
3,12900000;-0,01259334
3,13000000;-0,01159319
3,13100000;-0,01059307
3,13200000;-0,00959297
3,13300000;-0,00859289
3,13400000;-0,00759282
3,13500000;-0,00659277
3,13600000;-0,00559273
3,13700000;-0,00459271
3,13800000;-0,00359269
3,13900000;-0,00259268
3,14000000;-0,00159268
3,14100000;-0,00059268
3,14200000;0,00040732
3,14300000;0,00140732
3,14400000;0,00240733
3,14500000;0,00340734
3,14600000;0,00440735
3,14700000;0,00540738
3,14800000;0,00640741
3,14900000;0,00740746
3,15000000;0,00840752
3,15100000;0,00940760
3,15200000;0,01040770
3,15300000;0,01140782
3,15400000;0,01240796
3,15500000;0,01340813
3,15600000;0,01440832
3,15700000;0,01540854
3,15800000;0,01640880
3,15900000;0,01740908
3,16000000;0,01840940
3,16100000;0,01940976
3,16200000;0,02041016
3,16300000;0,02141059
3,16400000;0,02241107
3,16500000;0,02341160
3,16600000;0,02441217
3,16700000;0,02541279
3,16800000;0,02641346
3,16900000;0,02741419
3,17000000;0,02841497
3,17100000;0,02941580
3,17200000;0,03041670
3,17300000;0,03141765
3,17400000;0,03241867
3,17500000;0,03341976
3,17600000;0,03442091
3,17700000;0,03542213
3,17800000;0,03642342
3,17900000;0,03742478
3,18000000;0,03842622
3,18100000;0,03942773
3,18200000;0,04042933
3,18300000;0,04143100
3,18400000;0,04243276
3,18500000;0,04343460
3,18600000;0,04443653
3,18700000;0,04543855
3,18800000;0,04644066
3,18900000;0,04744287
3,19000000;0,04844517
3,19100000;0,04944756
3,19200000;0,05045006
3,19300000;0,05145265
3,19400000;0,05245535
3,19500000;0,05345816
3,19600000;0,05446107
3,19700000;0,05546409
3,19800000;0,05646722
3,19900000;0,05747047
3,20000000;0,05847383
3,20100000;0,05947731
3,20200000;0,06048090
3,20300000;0,06148462
3,20400000;0,06248846
3,20500000;0,06349243
3,20600000;0,06449653
3,20700000;0,06550075
3,20800000;0,06650511
3,20900000;0,06750960
3,21000000;0,06851422
3,21100000;0,06951899
3,21200000;0,07052389
3,21300000;0,07152894
3,21400000;0,07253412
3,21500000;0,07353946
3,21600000;0,07454494
3,21700000;0,07555057
3,21800000;0,07655636
3,21900000;0,07756230
3,22000000;0,07856839
3,22100000;0,07957464
3,22200000;0,08058106
3,22300000;0,08158763
3,22400000;0,08259437
3,22500000;0,08360127
3,22600000;0,08460835
3,22700000;0,08561559
3,22800000;0,08662301
3,22900000;0,08763060
3,23000000;0,08863837
3,23100000;0,08964631
3,23200000;0,09065444
3,23300000;0,09166275
3,23400000;0,09267125
3,23500000;0,09367993
3,23600000;0,09468880
3,23700000;0,09569786
3,23800000;0,09670711
3,23900000;0,09771657
3,24000000;0,09872621
3,24100000;0,09973606
3,24200000;0,10074611
3,24300000;0,10175636
3,24400000;0,10276682
3,24500000;0,10377748
3,24600000;0,10478836
3,24700000;0,10579944
3,24800000;0,10681075
3,24900000;0,10782226
3,25000000;0,10883400
3,25100000;0,10984595
3,25200000;0,11085813
3,25300000;0,11187053
3,25400000;0,11288316
3,25500000;0,11389602
3,25600000;0,11490911
3,25700000;0,11592243
3,25800000;0,11693598
3,25900000;0,11794978
3,26000000;0,11896381
3,26100000;0,11997808
3,26200000;0,12099260
3,26300000;0,12200736
3,26400000;0,12302237
3,26500000;0,12403763
3,26600000;0,12505314
3,26700000;0,12606891
3,26800000;0,12708493
3,26900000;0,12810121
3,27000000;0,12911775
3,27100000;0,13013455
3,27200000;0,13115162
3,27300000;0,13216896
3,27400000;0,13318656
3,27500000;0,13420443
3,27600000;0,13522258
3,27700000;0,13624100
3,27800000;0,13725971
3,27900000;0,13827869
3,28000000;0,13929795
3,28100000;0,14031749
3,28200000;0,14133733
3,28300000;0,14235745
3,28400000;0,14337786
3,28500000;0,14439856
3,28600000;0,14541956
3,28700000;0,14644086
3,28800000;0,14746245
3,28900000;0,14848435
3,29000000;0,14950655
3,29100000;0,15052905
3,29200000;0,15155187
3,29300000;0,15257499
3,29400000;0,15359843
3,29500000;0,15462218
3,29600000;0,15564624
3,29700000;0,15667063
3,29800000;0,15769534
3,29900000;0,15872037
3,30000000;0,15974572
3,30100000;0,16077140
3,30200000;0,16179742
3,30300000;0,16282376
3,30400000;0,16385044
3,30500000;0,16487746
3,30600000;0,16590481
3,30700000;0,16693251
3,30800000;0,16796055
3,30900000;0,16898893
3,31000000;0,17001766
3,31100000;0,17104674
3,31200000;0,17207618
3,31300000;0,17310596
3,31400000;0,17413611
3,31500000;0,17516661
3,31600000;0,17619748
3,31700000;0,17722870
3,31800000;0,17826030
3,31900000;0,17929226
3,32000000;0,18032459
3,32100000;0,18135729
3,32200000;0,18239037
3,32300000;0,18342383
3,32400000;0,18445766
3,32500000;0,18549188
3,32600000;0,18652648
3,32700000;0,18756146
3,32800000;0,18859684
3,32900000;0,18963260
3,33000000;0,19066876
3,33100000;0,19170531
3,33200000;0,19274226
3,33300000;0,19377961
3,33400000;0,19481736
3,33500000;0,19585552
3,33600000;0,19689409
3,33700000;0,19793306
3,33800000;0,19897244
3,33900000;0,20001224
3,34000000;0,20105245
3,34100000;0,20209308
3,34200000;0,20313414
3,34300000;0,20417561
3,34400000;0,20521751
3,34500000;0,20625984
3,34600000;0,20730260
3,34700000;0,20834579
3,34800000;0,20938942
3,34900000;0,21043348
3,35000000;0,21147798
3,35100000;0,21252293
3,35200000;0,21356832
3,35300000;0,21461415
3,35400000;0,21566044
3,35500000;0,21670717
3,35600000;0,21775436
3,35700000;0,21880201
3,35800000;0,21985011
3,35900000;0,22089868
3,36000000;0,22194771
3,36100000;0,22299720
3,36200000;0,22404716
3,36300000;0,22509760
3,36400000;0,22614850
3,36500000;0,22719989
3,36600000;0,22825175
3,36700000;0,22930408
3,36800000;0,23035691
3,36900000;0,23141022
3,37000000;0,23246401
3,37100000;0,23351830
3,37200000;0,23457307
3,37300000;0,23562835
3,37400000;0,23668412
3,37500000;0,23774039
3,37600000;0,23879716
3,37700000;0,23985444
3,37800000;0,24091222
3,37900000;0,24197052
3,38000000;0,24302932
3,38100000;0,24408864
3,38200000;0,24514848
3,38300000;0,24620884
3,38400000;0,24726972
3,38500000;0,24833113
3,38600000;0,24939306
3,38700000;0,25045552
3,38800000;0,25151852
3,38900000;0,25258205
3,39000000;0,25364612
3,39100000;0,25471072
3,39200000;0,25577587
3,39300000;0,25684157
3,39400000;0,25790781
3,39500000;0,25897460
3,39600000;0,26004195
3,39700000;0,26110985
3,39800000;0,26217831
3,39900000;0,26324733
3,40000000;0,26431691
3,40100000;0,26538706
3,40200000;0,26645777
3,40300000;0,26752906
3,40400000;0,26860092
3,40500000;0,26967335
3,40600000;0,27074637
3,40700000;0,27181996
3,40800000;0,27289414
3,40900000;0,27396891
3,41000000;0,27504426
3,41100000;0,27612021
3,41200000;0,27719675
3,41300000;0,27827389
3,41400000;0,27935162
3,41500000;0,28042996
3,41600000;0,28150891
3,41700000;0,28258846
3,41800000;0,28366862
3,41900000;0,28474940
3,42000000;0,28583079
3,42100000;0,28691280
3,42200000;0,28799543
3,42300000;0,28907868
3,42400000;0,29016257
3,42500000;0,29124708
3,42600000;0,29233222
3,42700000;0,29341800
3,42800000;0,29450426
3,42900000;0,29559131
3,43000000;0,29667900
3,43100000;0,29776734
3,43200000;0,29885633
3,43300000;0,29994597
3,43400000;0,30103627
3,43500000;0,30212722
3,43600000;0,30321883
3,43700000;0,30431110
3,43800000;0,30540404
3,43900000;0,30649764
3,44000000;0,30759192
3,44100000;0,30868687
3,44200000;0,30978250
3,44300000;0,31087880
3,44400000;0,31197579
3,44500000;0,31307346
3,44600000;0,31417182
3,44700000;0,31527086
3,44800000;0,31637061
3,44900000;0,31747104
3,45000000;0,31857218
3,45100000;0,31967402
3,45200000;0,32077656
3,45300000;0,32187982
3,45400000;0,32298378
3,45500000;0,32408845
3,45600000;0,32519384
3,45700000;0,32629995
3,45800000;0,32740679
3,45900000;0,32851434
3,46000000;0,32962263
3,46100000;0,33073164
3,46200000;0,33184139
3,46300000;0,33295188
3,46400000;0,33406311
3,46500000;0,33517508
3,46600000;0,33628779
3,46700000;0,33740126
3,46800000;0,33851547
3,46900000;0,33963044
3,47000000;0,34074617
3,47100000;0,34186266
3,47200000;0,34297991
3,47300000;0,34409793
3,47400000;0,34521671
3,47500000;0,34633627
3,47600000;0,34745661
3,47700000;0,34857772
3,47800000;0,34969962
3,47900000;0,35082230
3,48000000;0,35194577
3,48100000;0,35307003
3,48200000;0,35419509
3,48300000;0,35532094
3,48400000;0,35644760
3,48500000;0,35757505
3,48600000;0,35870331
3,48700000;0,35983239
3,48800000;0,36096227
3,48900000;0,36209297
3,49000000;0,36322449
3,49100000;0,36435684
3,49200000;0,36549000
3,49300000;0,36662400
3,49400000;0,36775883
3,49500000;0,36889449
3,49600000;0,37003100
3,49700000;0,37116834
3,49800000;0,37230653
3,49900000;0,37344556
3,50000000;0,37458545
3,50100000;0,37572619
3,50200000;0,37686779
3,50300000;0,37801025
3,50400000;0,37915357
3,50500000;0,38029776
3,50600000;0,38144282
3,50700000;0,38258876
3,50800000;0,38373557
3,50900000;0,38488326
3,51000000;0,38603184
3,51100000;0,38718130
3,51200000;0,38833166
3,51300000;0,38948290
3,51400000;0,39063505
3,51500000;0,39178810
3,51600000;0,39294204
3,51700000;0,39409690
3,51800000;0,39525267
3,51900000;0,39640935
3,52000000;0,39756695
3,52100000;0,39872547
3,52200000;0,39988491
3,52300000;0,40104528
3,52400000;0,40220658
3,52500000;0,40336882
3,52600000;0,40453200
3,52700000;0,40569611
3,52800000;0,40686117
3,52900000;0,40802718
3,53000000;0,40919414
3,53100000;0,41036206
3,53200000;0,41153094
3,53300000;0,41270078
3,53400000;0,41387158
3,53500000;0,41504335
3,53600000;0,41621610
3,53700000;0,41738982
3,53800000;0,41856453
3,53900000;0,41974022
3,54000000;0,42091689
3,54100000;0,42209456
3,54200000;0,42327322
3,54300000;0,42445288
3,54400000;0,42563354
3,54500000;0,42681520
3,54600000;0,42799788
3,54700000;0,42918157
3,54800000;0,43036627
3,54900000;0,43155199
3,55000000;0,43273874
3,55100000;0,43392652
3,55200000;0,43511533
3,55300000;0,43630517
3,55400000;0,43749605
3,55500000;0,43868797
3,55600000;0,43988094
3,55700000;0,44107496
3,55800000;0,44227003
3,55900000;0,44346617
3,56000000;0,44466336
3,56100000;0,44586161
3,56200000;0,44706094
3,56300000;0,44826134
3,56400000;0,44946282
3,56500000;0,45066537
3,56600000;0,45186901
3,56700000;0,45307374
3,56800000;0,45427956
3,56900000;0,45548648
3,57000000;0,45669450
3,57100000;0,45790362
3,57200000;0,45911385
3,57300000;0,46032519
3,57400000;0,46153764
3,57500000;0,46275122
3,57600000;0,46396592
3,57700000;0,46518175
3,57800000;0,46639871
3,57900000;0,46761680
3,58000000;0,46883604
3,58100000;0,47005641
3,58200000;0,47127794
3,58300000;0,47250062
3,58400000;0,47372445
3,58500000;0,47494945
3,58600000;0,47617560
3,58700000;0,47740293
3,58800000;0,47863143
3,58900000;0,47986110
3,59000000;0,48109196
3,59100000;0,48232400
3,59200000;0,48355723
3,59300000;0,48479165
3,59400000;0,48602728
3,59500000;0,48726410
3,59600000;0,48850213
3,59700000;0,48974136
3,59800000;0,49098182
3,59900000;0,49222349
3,60000000;0,49346638
3,60100000;0,49471050
3,60200000;0,49595586
3,60300000;0,49720245
3,60400000;0,49845028
3,60500000;0,49969935
3,60600000;0,50094967
3,60700000;0,50220125
3,60800000;0,50345408
3,60900000;0,50470818
3,61000000;0,50596354
3,61100000;0,50722018
3,61200000;0,50847808
3,61300000;0,50973727
3,61400000;0,51099775
3,61500000;0,51225951
3,61600000;0,51352256
3,61700000;0,51478692
3,61800000;0,51605257
3,61900000;0,51731953
3,62000000;0,51858781
3,62100000;0,51985740
3,62200000;0,52112831
3,62300000;0,52240055
3,62400000;0,52367411
3,62500000;0,52494901
3,62600000;0,52622525
3,62700000;0,52750284
3,62800000;0,52878177
3,62900000;0,53006205
3,63000000;0,53134370
3,63100000;0,53262670
3,63200000;0,53391108
3,63300000;0,53519682
3,63400000;0,53648395
3,63500000;0,53777245
3,63600000;0,53906234
3,63700000;0,54035362
3,63800000;0,54164630
3,63900000;0,54294038
3,64000000;0,54423587
3,64100000;0,54553277
3,64200000;0,54683108
3,64300000;0,54813081
3,64400000;0,54943197
3,64500000;0,55073456
3,64600000;0,55203859
3,64700000;0,55334405
3,64800000;0,55465096
3,64900000;0,55595932
3,65000000;0,55726914
3,65100000;0,55858042
3,65200000;0,55989316
3,65300000;0,56120738
3,65400000;0,56252307
3,65500000;0,56384024
3,65600000;0,56515889
3,65700000;0,56647904
3,65800000;0,56780069
3,65900000;0,56912384
3,66000000;0,57044849
3,66100000;0,57177466
3,66200000;0,57310234
3,66300000;0,57443154
3,66400000;0,57576228
3,66500000;0,57709455
3,66600000;0,57842835
3,66700000;0,57976370
3,66800000;0,58110060
3,66900000;0,58243905
3,67000000;0,58377907
3,67100000;0,58512065
3,67200000;0,58646380
3,67300000;0,58780852
3,67400000;0,58915483
3,67500000;0,59050273
3,67600000;0,59185221
3,67700000;0,59320330
3,67800000;0,59455599
3,67900000;0,59591029
3,68000000;0,59726621
3,68100000;0,59862374
3,68200000;0,59998290
3,68300000;0,60134370
3,68400000;0,60270613
3,68500000;0,60407020
3,68600000;0,60543593
3,68700000;0,60680330
3,68800000;0,60817234
3,68900000;0,60954305
3,69000000;0,61091542
3,69100000;0,61228948
3,69200000;0,61366522
3,69300000;0,61504265
3,69400000;0,61642177
3,69500000;0,61780318
3,69600000;0,61918572
3,69700000;0,62056996
3,69800000;0,62195593
3,69900000;0,62334362
3,70000000;0,62473305
3,70100000;0,62612421
3,70200000;0,62751711
3,70300000;0,62891177
3,70400000;0,63030817
3,70500000;0,63170634
3,70600000;0,63310628
3,70700000;0,63450799
3,70800000;0,63591148
3,70900000;0,63731676
3,71000000;0,63872383
3,71100000;0,64013270
3,71200000;0,64154337
3,71300000;0,64295586
3,71400000;0,64437016
3,71500000;0,64578628
3,71600000;0,64720424
3,71700000;0,64862403
3,71800000;0,65004567
3,71900000;0,65146915
3,72000000;0,65289449
3,72100000;0,65432169
3,72200000;0,65575077
3,72300000;0,65718171
3,72400000;0,65861454
3,72500000;0,66004926
3,72600000;0,66148588
3,72700000;0,66292439
3,72800000;0,66436481
3,72900000;0,66580715
3,73000000;0,66725141
3,73100000;0,66869760
3,73200000;0,67014573
3,73300000;0,67159580
3,73400000;0,67304781
3,73500000;0,67450178
3,73600000;0,67595772
3,73700000;0,67741562
3,73800000;0,67887550
3,73900000;0,68033737
3,74000000;0,68180122
3,74100000;0,68326708
3,74200000;0,68473493
3,74300000;0,68620480
3,74400000;0,68767669
3,74500000;0,68915060
3,74600000;0,69062655
3,74700000;0,69210453
3,74800000;0,69358456
3,74900000;0,69506665
3,75000000;0,69655080
3,75100000;0,69803702
3,75200000;0,69952531
3,75300000;0,70101569
3,75400000;0,70250816
3,75500000;0,70400273
3,75600000;0,70549940
3,75700000;0,70699819
3,75800000;0,70849910
3,75900000;0,71000213
3,76000000;0,71150730
3,76100000;0,71301462
3,76200000;0,71452409
3,76300000;0,71603571
3,76400000;0,71754950
3,76500000;0,71906547
3,76600000;0,72058361
3,76700000;0,72210395
3,76800000;0,72362648
3,76900000;0,72515122
3,77000000;0,72667817
3,77100000;0,72820735
3,77200000;0,72973875
3,77300000;0,73127238
3,77400000;0,73280827
3,77500000;0,73434640
3,77600000;0,73588680
3,77700000;0,73742946
3,77800000;0,73897440
3,77900000;0,74052163
3,78000000;0,74207115
3,78100000;0,74362297
3,78200000;0,74517710
3,78300000;0,74673355
3,78400000;0,74829232
3,78500000;0,74985343
3,78600000;0,75141689
3,78700000;0,75298269
3,78800000;0,75455085
3,78900000;0,75612138
3,79000000;0,75769429
3,79100000;0,75926959
3,79200000;0,76084728
3,79300000;0,76242737
3,79400000;0,76400987
3,79500000;0,76559479
3,79600000;0,76718214
3,79700000;0,76877193
3,79800000;0,77036416
3,79900000;0,77195885
3,80000000;0,77355600
3,80100000;0,77515563
3,80200000;0,77675774
3,80300000;0,77836234
3,80400000;0,77996944
3,80500000;0,78157904
3,80600000;0,78319117
3,80700000;0,78480582
3,80800000;0,78642301
3,80900000;0,78804274
3,81000000;0,78966503
3,81100000;0,79128989
3,81200000;0,79291731
3,81300000;0,79454732
3,81400000;0,79617993
3,81500000;0,79781513
3,81600000;0,79945295
3,81700000;0,80109338
3,81800000;0,80273645
3,81900000;0,80438215
3,82000000;0,80603051
3,82100000;0,80768153
3,82200000;0,80933521
3,82300000;0,81099157
3,82400000;0,81265063
3,82500000;0,81431238
3,82600000;0,81597684
3,82700000;0,81764402
3,82800000;0,81931392
3,82900000;0,82098657
3,83000000;0,82266196
3,83100000;0,82434011
3,83200000;0,82602104
3,83300000;0,82770474
3,83400000;0,82939123
3,83500000;0,83108052
3,83600000;0,83277262
3,83700000;0,83446754
3,83800000;0,83616529
3,83900000;0,83786589
3,84000000;0,83956933
3,84100000;0,84127564
3,84200000;0,84298482
3,84300000;0,84469689
3,84400000;0,84641185
3,84500000;0,84812972
3,84600000;0,84985050
3,84700000;0,85157421
3,84800000;0,85330086
3,84900000;0,85503045
3,85000000;0,85676301
3,85100000;0,85849854
3,85200000;0,86023705
3,85300000;0,86197856
3,85400000;0,86372307
3,85500000;0,86547059
3,85600000;0,86722115
3,85700000;0,86897474
3,85800000;0,87073138
3,85900000;0,87249109
3,86000000;0,87425386
3,86100000;0,87601973
3,86200000;0,87778869
3,86300000;0,87956075
3,86400000;0,88133594
3,86500000;0,88311426
3,86600000;0,88489572
3,86700000;0,88668034
3,86800000;0,88846813
3,86900000;0,89025910
3,87000000;0,89205325
3,87100000;0,89385061
3,87200000;0,89565119
3,87300000;0,89745500
3,87400000;0,89926204
3,87500000;0,90107234
3,87600000;0,90288591
3,87700000;0,90470275
3,87800000;0,90652288
3,87900000;0,90834632
3,88000000;0,91017307
3,88100000;0,91200315
3,88200000;0,91383657
3,88300000;0,91567334
3,88400000;0,91751349
3,88500000;0,91935701
3,88600000;0,92120392
3,88700000;0,92305424
3,88800000;0,92490798
3,88900000;0,92676515
3,89000000;0,92862577
3,89100000;0,93048984
3,89200000;0,93235739
3,89300000;0,93422843
3,89400000;0,93610296
3,89500000;0,93798100
3,89600000;0,93986258
3,89700000;0,94174769
3,89800000;0,94363635
3,89900000;0,94552859
3,90000000;0,94742440
3,90100000;0,94932381
3,90200000;0,95122683
3,90300000;0,95313348
3,90400000;0,95504376
3,90500000;0,95695770
3,90600000;0,95887530
3,90700000;0,96079658
3,90800000;0,96272156
3,90900000;0,96465025
3,91000000;0,96658266
3,91100000;0,96851881
3,91200000;0,97045872
3,91300000;0,97240239
3,91400000;0,97434985
3,91500000;0,97630111
3,91600000;0,97825618
3,91700000;0,98021508
3,91800000;0,98217782
3,91900000;0,98414442
3,92000000;0,98611490
3,92100000;0,98808927
3,92200000;0,99006754
3,92300000;0,99204974
3,92400000;0,99403587
3,92500000;0,99602595
3,92600000;0,99802000
3,92700000;1,00001804
3,92800000;1,00202008
3,92900000;1,00402613
3,93000000;1,00603621
3,93100000;1,00805035
3,93200000;1,01006854
3,93300000;1,01209082
3,93400000;1,01411720
3,93500000;1,01614769
3,93600000;1,01818231
3,93700000;1,02022108
3,93800000;1,02226401
3,93900000;1,02431113
3,94000000;1,02636244
3,94100000;1,02841797
3,94200000;1,03047773
3,94300000;1,03254174
3,94400000;1,03461001
3,94500000;1,03668257
3,94600000;1,03875943
3,94700000;1,04084061
3,94800000;1,04292613
3,94900000;1,04501600
3,95000000;1,04711025
3,95100000;1,04920888
3,95200000;1,05131193
3,95300000;1,05341940
3,95400000;1,05553131
3,95500000;1,05764769
3,95600000;1,05976855
3,95700000;1,06189391
3,95800000;1,06402378
3,95900000;1,06615820
3,96000000;1,06829717
3,96100000;1,07044071
3,96200000;1,07258885
3,96300000;1,07474161
3,96400000;1,07689899
3,96500000;1,07906103
3,96600000;1,08122774
3,96700000;1,08339914
3,96800000;1,08557524
3,96900000;1,08775608
3,97000000;1,08994167
3,97100000;1,09213203
3,97200000;1,09432717
3,97300000;1,09652713
3,97400000;1,09873191
3,97500000;1,10094155
3,97600000;1,10315606
3,97700000;1,10537546
3,97800000;1,10759977
3,97900000;1,10982901
3,98000000;1,11206321
3,98100000;1,11430238
3,98200000;1,11654654
3,98300000;1,11879573
3,98400000;1,12104995
3,98500000;1,12330923
3,98600000;1,12557360
3,98700000;1,12784306
3,98800000;1,13011765
3,98900000;1,13239739
3,99000000;1,13468230
3,99100000;1,13697240
3,99200000;1,13926771
3,99300000;1,14156826
3,99400000;1,14387406
3,99500000;1,14618515
3,99600000;1,14850154
3,99700000;1,15082326
3,99800000;1,15315033
3,99900000;1,15548277
4,00000000;1,15782061
4,00100000;1,16016386
4,00200000;1,16251257
4,00300000;1,16486673
4,00400000;1,16722639
4,00500000;1,16959157
4,00600000;1,17196228
4,00700000;1,17433855
4,00800000;1,17672042
4,00900000;1,17910789
4,01000000;1,18150101
4,01100000;1,18389978
4,01200000;1,18630424
4,01300000;1,18871534
4,01400000;1,19113126
4,01500000;1,19355294
4,01600000;1,19598040
4,01700000;1,19841368
4,01800000;1,20085280
4,01900000;1,20329779
4,02000000;1,20574866
4,02100000;1,20820546
4,02200000;1,21066820
4,02300000;1,21313690
4,02400000;1,21561161
4,02500000;1,21809234
4,02600000;1,22057912
4,02700000;1,22307197
4,02800000;1,22557094
4,02900000;1,22807603
4,03000000;1,23058729
4,03100000;1,23310473
4,03200000;1,23562840
4,03300000;1,23815830
4,03400000;1,24069448
4,03500000;1,24323696
4,03600000;1,24578577
4,03700000;1,24834093
4,03800000;1,25090249
4,03900000;1,25347046
4,04000000;1,25604488
4,04100000;1,25862577
4,04200000;1,26121316
4,04300000;1,26380710
4,04400000;1,26640759
4,04500000;1,26901469
4,04600000;1,27162840
4,04700000;1,27424877
4,04800000;1,27687583
4,04900000;1,27950961
4,05000000;1,28215014
4,05100000;1,28479744
4,05200000;1,28745156
4,05300000;1,29011252
4,05400000;1,29278035
4,05500000;1,29545509
4,05600000;1,29813677
4,05700000;1,30082542
4,05800000;1,30352108
4,05900000;1,30622377
4,06000000;1,30893353
4,06100000;1,31165040
4,06200000;1,31437440
4,06300000;1,31710557
4,06400000;1,31984394
4,06500000;1,32258956
4,06600000;1,32534244
4,06700000;1,32810264
4,06800000;1,33087017
4,06900000;1,33364508
4,07000000;1,33642740
4,07100000;1,33921717
4,07200000;1,34201442
4,07300000;1,34481919
4,07400000;1,34763151
4,07500000;1,35045143
4,07600000;1,35327897
4,07700000;1,35611417
4,07800000;1,35895707
4,07900000;1,36180771
4,08000000;1,36466613
4,08100000;1,36753235
4,08200000;1,37040643
4,08300000;1,37328840
4,08400000;1,37617829
4,08500000;1,37907615
4,08600000;1,38198201
4,08700000;1,38489591
4,08800000;1,38781790
4,08900000;1,39074800
4,09000000;1,39368627
4,09100000;1,39663274
4,09200000;1,39958745
4,09300000;1,40255045
4,09400000;1,40552176
4,09500000;1,40850145
4,09600000;1,41148953
4,09700000;1,41448607
4,09800000;1,41749109
4,09900000;1,42050465
4,10000000;1,42352678
4,10100000;1,42655752
4,10200000;1,42959692
4,10300000;1,43264503
4,10400000;1,43570189
4,10500000;1,43876753
4,10600000;1,44184201
4,10700000;1,44492536
4,10800000;1,44801764
4,10900000;1,45111889
4,11000000;1,45422915
4,11100000;1,45734847
4,11200000;1,46047690
4,11300000;1,46361448
4,11400000;1,46676125
4,11500000;1,46991727
4,11600000;1,47308259
4,11700000;1,47625724
4,11800000;1,47944127
4,11900000;1,48263475
4,12000000;1,48583771
4,12100000;1,48905019
4,12200000;1,49227227
4,12300000;1,49550397
4,12400000;1,49874535
4,12500000;1,50199646
4,12600000;1,50525736
4,12700000;1,50852808
4,12800000;1,51180869
4,12900000;1,51509923
4,13000000;1,51839976
4,13100000;1,52171033
4,13200000;1,52503099
4,13300000;1,52836179
4,13400000;1,53170279
4,13500000;1,53505404
4,13600000;1,53841559
4,13700000;1,54178750
4,13800000;1,54516983
4,13900000;1,54856262
4,14000000;1,55196594
4,14100000;1,55537984
4,14200000;1,55880438
4,14300000;1,56223961
4,14400000;1,56568559
4,14500000;1,56914237
4,14600000;1,57261002
4,14700000;1,57608860
4,14800000;1,57957816
4,14900000;1,58307876
4,15000000;1,58659046
4,15100000;1,59011332
4,15200000;1,59364740
4,15300000;1,59719277
4,15400000;1,60074948
4,15500000;1,60431759
4,15600000;1,60789717
4,15700000;1,61148828
4,15800000;1,61509098
4,15900000;1,61870534
4,16000000;1,62233142
4,16100000;1,62596929
4,16200000;1,62961900
4,16300000;1,63328063
4,16400000;1,63695424
4,16500000;1,64063989
4,16600000;1,64433766
4,16700000;1,64804761
4,16800000;1,65176981
4,16900000;1,65550433
4,17000000;1,65925123
4,17100000;1,66301058
4,17200000;1,66678246
4,17300000;1,67056694
4,17400000;1,67436408
4,17500000;1,67817396
4,17600000;1,68199664
4,17700000;1,68583221
4,17800000;1,68968073
4,17900000;1,69354228
4,18000000;1,69741693
4,18100000;1,70130476
4,18200000;1,70520584
4,18300000;1,70912024
4,18400000;1,71304805
4,18500000;1,71698934
4,18600000;1,72094419
4,18700000;1,72491267
4,18800000;1,72889486
4,18900000;1,73289085
4,19000000;1,73690072
4,19100000;1,74092453
4,19200000;1,74496239
4,19300000;1,74901435
4,19400000;1,75308052
4,19500000;1,75716097
4,19600000;1,76125578
4,19700000;1,76536505
4,19800000;1,76948884
4,19900000;1,77362726
4,20000000;1,77778038
4,20100000;1,78194830
4,20200000;1,78613110
4,20300000;1,79032886
4,20400000;1,79454169
4,20500000;1,79876966
4,20600000;1,80301287
4,20700000;1,80727141
4,20800000;1,81154536
4,20900000;1,81583483
4,21000000;1,82013991
4,21100000;1,82446069
4,21200000;1,82879726
4,21300000;1,83314973
4,21400000;1,83751818
4,21500000;1,84190271
4,21600000;1,84630343
4,21700000;1,85072042
4,21800000;1,85515380
4,21900000;1,85960365
4,22000000;1,86407009
4,22100000;1,86855321
4,22200000;1,87305311
4,22300000;1,87756990
4,22400000;1,88210369
4,22500000;1,88665457
4,22600000;1,89122266
4,22700000;1,89580806
4,22800000;1,90041088
4,22900000;1,90503123
4,23000000;1,90966921
4,23100000;1,91432494
4,23200000;1,91899853
4,23300000;1,92369010
4,23400000;1,92839974
4,23500000;1,93312759
4,23600000;1,93787375
4,23700000;1,94263835
4,23800000;1,94742149
4,23900000;1,95222329
4,24000000;1,95704389
4,24100000;1,96188338
4,24200000;1,96674191
4,24300000;1,97161958
4,24400000;1,97651652
4,24500000;1,98143286
4,24600000;1,98636872
4,24700000;1,99132423
4,24800000;1,99629952
4,24900000;2,00129470
4,25000000;2,00630993
4,25100000;2,01134531
4,25200000;2,01640100
4,25300000;2,02147711
4,25400000;2,02657379
4,25500000;2,03169117
4,25600000;2,03682938
4,25700000;2,04198857
4,25800000;2,04716887
4,25900000;2,05237042
4,26000000;2,05759337
4,26100000;2,06283786
4,26200000;2,06810403
4,26300000;2,07339203
4,26400000;2,07870200
4,26500000;2,08403409
4,26600000;2,08938845
4,26700000;2,09476523
4,26800000;2,10016459
4,26900000;2,10558668
4,27000000;2,11103164
4,27100000;2,11649965
4,27200000;2,12199084
4,27300000;2,12750540
4,27400000;2,13304346
4,27500000;2,13860521
4,27600000;2,14419079
4,27700000;2,14980038
4,27800000;2,15543414
4,27900000;2,16109224
4,28000000;2,16677484
4,28100000;2,17248213
4,28200000;2,17821427
4,28300000;2,18397143
4,28400000;2,18975380
4,28500000;2,19556154
4,28600000;2,20139485
4,28700000;2,20725389
4,28800000;2,21313886
4,28900000;2,21904993
4,29000000;2,22498730
4,29100000;2,23095114
4,29200000;2,23694166
4,29300000;2,24295903
4,29400000;2,24900346
4,29500000;2,25507514
4,29600000;2,26117426
4,29700000;2,26730103
4,29800000;2,27345565
4,29900000;2,27963831
4,30000000;2,28584923
4,30100000;2,29208861
4,30200000;2,29835665
4,30300000;2,30465357
4,30400000;2,31097959
4,30500000;2,31733491
4,30600000;2,32371975
4,30700000;2,33013434
4,30800000;2,33657889
4,30900000;2,34305363
4,31000000;2,34955878
4,31100000;2,35609457
4,31200000;2,36266123
4,31300000;2,36925899
4,31400000;2,37588810
4,31500000;2,38254877
4,31600000;2,38924126
4,31700000;2,39596581
4,31800000;2,40272266
4,31900000;2,40951206
4,32000000;2,41633425
4,32100000;2,42318950
4,32200000;2,43007805
4,32300000;2,43700016
4,32400000;2,44395609
4,32500000;2,45094610
4,32600000;2,45797046
4,32700000;2,46502944
4,32800000;2,47212330
4,32900000;2,47925233
4,33000000;2,48641679
4,33100000;2,49361697
4,33200000;2,50085315
4,33300000;2,50812562
4,33400000;2,51543465
4,33500000;2,52278055
4,33600000;2,53016361
4,33700000;2,53758412
4,33800000;2,54504239
4,33900000;2,55253872
4,34000000;2,56007341
4,34100000;2,56764679
4,34200000;2,57525915
4,34300000;2,58291083
4,34400000;2,59060213
4,34500000;2,59833339
4,34600000;2,60610493
4,34700000;2,61391708
4,34800000;2,62177018
4,34900000;2,62966457
4,35000000;2,63759917
4,35100000;2,64557715
4,35200000;2,65359745
4,35300000;2,66166043
4,35400000;2,66976645
4,35500000;2,67791587
4,35600000;2,68610905
4,35700000;2,69434637
4,35800000;2,70262819
4,35900000;2,71095490
4,36000000;2,71932688
4,36100000;2,72774452
4,36200000;2,73620820
4,36300000;2,74471833
4,36400000;2,75327531
4,36500000;2,76187953
4,36600000;2,77053141
4,36700000;2,77923137
4,36800000;2,78797982
4,36900000;2,79677718
4,37000000;2,80562390
4,37100000;2,81452039
4,37200000;2,82346711
4,37300000;2,83246449
4,37400000;2,84151298
4,37500000;2,85061304
4,37600000;2,85976514
4,37700000;2,86896972
4,37800000;2,87822728
4,37900000;2,88753828
4,38000000;2,89690321
4,38100000;2,90632255
4,38200000;2,91579681
4,38300000;2,92532648
4,38400000;2,93491206
4,38500000;2,94455408
4,38600000;2,95425305
4,38700000;2,96400949
4,38800000;2,97382395
4,38900000;2,98369695
4,39000000;2,99362904
4,39100000;3,00362078
4,39200000;3,01367272
4,39300000;3,02378543
4,39400000;3,03395948
4,39500000;3,04419546
4,39600000;3,05449394
4,39700000;3,06485554
4,39800000;3,07528084
4,39900000;3,08577046
4,40000000;3,09632502
4,40100000;3,10694515
4,40200000;3,11763147
4,40300000;3,12838463
4,40400000;3,13920528
4,40500000;3,15009409
4,40600000;3,16105171
4,40700000;3,17207883
4,40800000;3,18317613
4,40900000;3,19434430
4,41000000;3,20558405
4,41100000;3,21689610
4,41200000;3,22828116
4,41300000;3,23973996
4,41400000;3,25127325
4,41500000;3,26288179
4,41600000;3,27456632
4,41700000;3,28632764
4,41800000;3,29816651
4,41900000;3,31008373
4,42000000;3,32208010
4,42100000;3,33415645
4,42200000;3,34631360
4,42300000;3,35855239
4,42400000;3,37087366
4,42500000;3,38327828
4,42600000;3,39576712
4,42700000;3,40834106
4,42800000;3,42100102
4,42900000;3,43374789
4,43000000;3,44658260
4,43100000;3,45950609
4,43200000;3,47251931
4,43300000;3,48562322
4,43400000;3,49881880
4,43500000;3,51210704
4,43600000;3,52548896
4,43700000;3,53896556
4,43800000;3,55253788
4,43900000;3,56620699
4,44000000;3,57997393
4,44100000;3,59383980
4,44200000;3,60780570
4,44300000;3,62187273
4,44400000;3,63604203
4,44500000;3,65031475
4,44600000;3,66469205
4,44700000;3,67917511
4,44800000;3,69376514
4,44900000;3,70846335
4,45000000;3,72327098
4,45100000;3,73818930
4,45200000;3,75321956
4,45300000;3,76836308
4,45400000;3,78362116
4,45500000;3,79899514
4,45600000;3,81448637
4,45700000;3,83009625
4,45800000;3,84582615
4,45900000;3,86167752
4,46000000;3,87765178
4,46100000;3,89375041
4,46200000;3,90997490
4,46300000;3,92632676
4,46400000;3,94280754
4,46500000;3,95941879
4,46600000;3,97616210
4,46700000;3,99303910
4,46800000;4,01005142
4,46900000;4,02720072
4,47000000;4,04448872
4,47100000;4,06191712
4,47200000;4,07948769
4,47300000;4,09720220
4,47400000;4,11506247
4,47500000;4,13307034
4,47600000;4,15122769
4,47700000;4,16953641
4,47800000;4,18799845
4,47900000;4,20661578
4,48000000;4,22539040
4,48100000;4,24432436
4,48200000;4,26341973
4,48300000;4,28267861
4,48400000;4,30210317
4,48500000;4,32169558
4,48600000;4,34145807
4,48700000;4,36139291
4,48800000;4,38150240
4,48900000;4,40178888
4,49000000;4,42225474
4,49100000;4,44290242
4,49200000;4,46373439
4,49300000;4,48475317
4,49400000;4,50596133
4,49500000;4,52736149
4,49600000;4,54895629
4,49700000;4,57074846
4,49800000;4,59274076
4,49900000;4,61493601
4,50000000;4,63733706
4,50100000;4,65994684
4,50200000;4,68276833
4,50300000;4,70580456
4,50400000;4,72905863
4,50500000;4,75253368
4,50600000;4,77623293
4,50700000;4,80015965
4,50800000;4,82431719
4,50900000;4,84870894
4,51000000;4,87333839
4,51100000;4,89820906
4,51200000;4,92332458
4,51300000;4,94868863
4,51400000;4,97430496
4,51500000;5,00017741
4,51600000;5,02630990
4,51700000;5,05270642
4,51800000;5,07937104
4,51900000;5,10630792
4,52000000;5,13352132
4,52100000;5,16101555
4,52200000;5,18879506
4,52300000;5,21686435
4,52400000;5,24522805
4,52500000;5,27389086
4,52600000;5,30285761
4,52700000;5,33213321
4,52800000;5,36172269
4,52900000;5,39163118
4,53000000;5,42186393
4,53100000;5,45242630
4,53200000;5,48332378
4,53300000;5,51456197
4,53400000;5,54614660
4,53500000;5,57808354
4,53600000;5,61037876
4,53700000;5,64303841
4,53800000;5,67606875
4,53900000;5,70947620
4,54000000;5,74326732
4,54100000;5,77744882
4,54200000;5,81202759
4,54300000;5,84701065
4,54400000;5,88240521
4,54500000;5,91821864
4,54600000;5,95445851
4,54700000;5,99113253
4,54800000;6,02824865
4,54900000;6,06581497
4,55000000;6,10383981
4,55100000;6,14233171
4,55200000;6,18129938
4,55300000;6,22075180
4,55400000;6,26069814
4,55500000;6,30114781
4,55600000;6,34211047
4,55700000;6,38359604
4,55800000;6,42561466
4,55900000;6,46817677
4,56000000;6,51129306
4,56100000;6,55497452
4,56200000;6,59923242
4,56300000;6,64407834
4,56400000;6,68952417
4,56500000;6,73558211
4,56600000;6,78226472
4,56700000;6,82958488
4,56800000;6,87755585
4,56900000;6,92619123
4,57000000;6,97550503
4,57100000;7,02551164
4,57200000;7,07622587
4,57300000;7,12766294
4,57400000;7,17983854
4,57500000;7,23276878
4,57600000;7,28647026
4,57700000;7,34096008
4,57800000;7,39625584
4,57900000;7,45237565
4,58000000;7,50933820
4,58100000;7,56716273
4,58200000;7,62586907
4,58300000;7,68547767
4,58400000;7,74600960
4,58500000;7,80748662
4,58600000;7,86993117
4,58700000;7,93336637
4,58800000;7,99781615
4,58900000;8,06330515
4,59000000;8,12985885
4,59100000;8,19750358
4,59200000;8,26626651
4,59300000;8,33617574
4,59400000;8,40726033
4,59500000;8,47955031
4,59600000;8,55307675
4,59700000;8,62787180
4,59800000;8,70396873
4,59900000;8,78140199
4,60000000;8,86020724
4,60100000;8,94042145
4,60200000;9,02208290
4,60300000;9,10523128
4,60400000;9,18990775
4,60500000;9,27615500
4,60600000;9,36401732
4,60700000;9,45354069
4,60800000;9,54477284
4,60900000;9,63776337
4,61000000;9,73256379
4,61100000;9,82922765
4,61200000;9,92781064
4,61300000;10,02837070
4,61400000;10,13096810
4,61500000;10,23566561
4,61600000;10,34252859
4,61700000;10,45162514
4,61800000;10,56302626
4,61900000;10,67680598
4,62000000;10,79304154
4,62100000;10,91181355
4,62200000;11,03320620
4,62300000;11,15730745
4,62400000;11,28420923
4,62500000;11,41400768
4,62600000;11,54680339
4,62700000;11,68270167
4,62800000;11,82174261
4,62900000;11,96418011
4,63000000;12,11006718
4,63100000;12,25953096
4,63200000;12,41270495
4,63300000;12,56972934
4,63400000;12,73075149
4,63500000;12,89592637
4,63600000;13,06541707
4,63700000;13,23939535
4,63800000;13,41804216
4,63900000;13,60154837
4,64000000;13,79011534
4,64100000;13,98395576
4,64200000;14,18329438
4,64300000;14,38836892
4,64400000;14,59943098
4,64500000;14,81674712
4,64600000;15,04059995
4,64700000;15,27128937
4,64800000;15,50913392
4,64900000;15,75447221
4,65000000;16,00766459
4,65100000;16,26909488
4,65200000;16,53917233
4,65300000;16,81833373
4,65400000;17,10704582
4,65500000;17,40580786
4,65600000;17,71515453
4,65700000;18,03565911
4,65800000;18,36793706
4,65900000;18,71264994
4,66000000;19,07050982
4,66100000;19,44228421
4,66200000;19,82880151
4,66300000;20,23095727
4,66400000;20,64972102
4,66500000;21,08614414
4,66600000;21,54136869
4,66700000;22,01663733
4,66800000;22,51330474
4,66900000;23,03285048
4,67000000;23,57689371
4,67100000;24,14721009
4,67200000;24,74575112
4,67300000;25,37466649
4,67400000;26,03632988
4,67500000;26,73336890
4,67600000;27,46870001
4,67700000;28,24556931
4,67800000;29,06760049
4,67900000;29,93885132
4,68000000;30,86388073
4,68100000;31,84782862
4,68200000;32,89651139
4,68300000;34,01653713
4,68400000;35,21544498
4,68500000;36,50187515
4,68600000;37,88577749
4,68700000;39,37866945
4,68800000;40,99395745
4,68900000;42,74734064
4,69000000;44,65732302
4,69100000;46,74586903
4,69200000;49,03925219
4,69300000;51,56916632
4,69400000;54,37419931
4,69500000;57,50181544
4,69600000;61,01106342
4,69700000;64,97634025
4,69800000;69,49272455
4,69900000;74,68369994
4,70000000;80,71261879
4,70100000;87,80020549
4,70200000;96,25216825
4,70300000;106,50445625
4,70400000;119,20088569
4,70500000;135,33379943
4,70600000;156,51682222
4,70700000;185,56129552
4,70800000;227,84072958
4,70900000;295,07092538
4,71000000;418,58390354
4,71100000;719,94050366
4,71200000;2570,67548041
4,71300000;-1636,66855445
4,71400000;-620,73302100
4,71500000;-382,99457013
4,71600000;-276,93061506
4,71700000;-216,87129510
4,71800000;-178,21957330
4,71900000;-151,26090999
4,72000000;-131,38629344
4,72100000;-116,12770050
4,72200000;-104,04427436
4,72300000;-94,23831424
4,72400000;-86,12137817
4,72500000;-79,29166826
4,72600000;-73,46546698
4,72700000;-68,43672912
4,72800000;-64,05220437
4,72900000;-60,19554574
4,73000000;-56,77683225
4,73100000;-53,72546932
4,73200000;-50,98526135
4,73300000;-48,51091869
4,73400000;-46,26553439
4,73500000;-44,21873054
4,73600000;-42,34527561
4,73700000;-40,62403893
4,73800000;-39,03719009
4,73900000;-37,56957882
4,74000000;-36,20824969
4,74100000;-34,94205850
4,74200000;-33,76136648
4,74300000;-32,65779436
4,74400000;-31,62402317
4,74500000;-30,65363170
4,74600000;-29,74096288
4,74700000;-28,88101345
4,74800000;-28,06934214
4,74900000;-27,30199291
4,75000000;-26,57543045
4,75100000;-25,88648573
4,75200000;-25,23230969
4,75300000;-24,61033391
4,75400000;-24,01823689
4,75500000;-23,45391502
4,75600000;-22,91545764
4,75700000;-22,40112543
4,75800000;-21,90933158
4,75900000;-21,43862547
4,76000000;-20,98767834
4,76100000;-20,55527079
4,76200000;-20,14028171
4,76300000;-19,74167860
4,76400000;-19,35850901
4,76500000;-18,98989288
4,76600000;-18,63501580
4,76700000;-18,29312305
4,76800000;-17,96351416
4,76900000;-17,64553818
4,77000000;-17,33858934
4,77100000;-17,04210321
4,77200000;-16,75555324
4,77300000;-16,47844764
4,77400000;-16,21032653
4,77500000;-15,95075942
4,77600000;-15,69934290
4,77700000;-15,45569850
4,77800000;-15,21947087
4,77900000;-14,99032596
4,78000000;-14,76794950
4,78100000;-14,55204556
4,78200000;-14,34233517
4,78300000;-14,13855520
4,78400000;-13,94045721
4,78500000;-13,74780643
4,78600000;-13,56038088
4,78700000;-13,37797044
4,78800000;-13,20037613
4,78900000;-13,02740937
4,79000000;-12,85889127
4,79100000;-12,69465206
4,79200000;-12,53453050
4,79300000;-12,37837335
4,79400000;-12,22603487
4,79500000;-12,07737639
4,79600000;-11,93226587
4,79700000;-11,79057751
4,79800000;-11,65219140
4,79900000;-11,51699314
4,80000000;-11,38487358
4,80100000;-11,25572849
4,80200000;-11,12945828
4,80300000;-11,00596778
4,80400000;-10,88516595
4,80500000;-10,76696570
4,80600000;-10,65128365
4,80700000;-10,53803996
4,80800000;-10,42715811
4,80900000;-10,31856476
4,81000000;-10,21218958
4,81100000;-10,10796509
4,81200000;-10,00582650
4,81300000;-9,90571164
4,81400000;-9,80756073
4,81500000;-9,71131637
4,81600000;-9,61692335
4,81700000;-9,52432858
4,81800000;-9,43348097
4,81900000;-9,34433136
4,82000000;-9,25683242
4,82100000;-9,17093855
4,82200000;-9,08660581
4,82300000;-9,00379187
4,82400000;-8,92245590
4,82500000;-8,84255854
4,82600000;-8,76406178
4,82700000;-8,68692896
4,82800000;-8,61112471
4,82900000;-8,53661482
4,83000000;-8,46336630
4,83100000;-8,39134722
4,83200000;-8,32052677
4,83300000;-8,25087511
4,83400000;-8,18236343
4,83500000;-8,11496382
4,83600000;-8,04864929
4,83700000;-7,98339373
4,83800000;-7,91917184
4,83900000;-7,85595912
4,84000000;-7,79373186
4,84100000;-7,73246706
4,84200000;-7,67214245
4,84300000;-7,61273642
4,84400000;-7,55422805
4,84500000;-7,49659703
4,84600000;-7,43982364
4,84700000;-7,38388879
4,84800000;-7,32877392
4,84900000;-7,27446101
4,85000000;-7,22093260
4,85100000;-7,16817169
4,85200000;-7,11616180
4,85300000;-7,06488690
4,85400000;-7,01433142
4,85500000;-6,96448023
4,85600000;-6,91531861
4,85700000;-6,86683226
4,85800000;-6,81900726
4,85900000;-6,77183008
4,86000000;-6,72528755
4,86100000;-6,67936687
4,86200000;-6,63405556
4,86300000;-6,58934148
4,86400000;-6,54521282
4,86500000;-6,50165807
4,86600000;-6,45866601
4,86700000;-6,41622573
4,86800000;-6,37432660
4,86900000;-6,33295824
4,87000000;-6,29211054
4,87100000;-6,25177368
4,87200000;-6,21193803
4,87300000;-6,17259424
4,87400000;-6,13373317
4,87500000;-6,09534593
4,87600000;-6,05742382
4,87700000;-6,01995837
4,87800000;-5,98294129
4,87900000;-5,94636452
4,88000000;-5,91022018
4,88100000;-5,87450058
4,88200000;-5,83919819
4,88300000;-5,80430568
4,88400000;-5,76981589
4,88500000;-5,73572181
4,88600000;-5,70201662
4,88700000;-5,66869362
4,88800000;-5,63574628
4,88900000;-5,60316823
4,89000000;-5,57095323
4,89100000;-5,53909517
4,89200000;-5,50758811
4,89300000;-5,47642619
4,89400000;-5,44560373
4,89500000;-5,41511514
4,89600000;-5,38495498
4,89700000;-5,35511789
4,89800000;-5,32559867
4,89900000;-5,29639220
4,90000000;-5,26749347
4,90100000;-5,23889760
4,90200000;-5,21059979
4,90300000;-5,18259534
4,90400000;-5,15487967
4,90500000;-5,12744828
4,90600000;-5,10029676
4,90700000;-5,07342080
4,90800000;-5,04681616
4,90900000;-5,02047871
4,91000000;-4,99440440
4,91100000;-4,96858924
4,91200000;-4,94302935
4,91300000;-4,91772090
4,91400000;-4,89266015
4,91500000;-4,86784343
4,91600000;-4,84326715
4,91700000;-4,81892778
4,91800000;-4,79482187
4,91900000;-4,77094602
4,92000000;-4,74729691
4,92100000;-4,72387128
4,92200000;-4,70066593
4,92300000;-4,67767772
4,92400000;-4,65490356
4,92500000;-4,63234045
4,92600000;-4,60998542
4,92700000;-4,58783555
4,92800000;-4,56588800
4,92900000;-4,54413995
4,93000000;-4,52258866
4,93100000;-4,50123143
4,93200000;-4,48006561
4,93300000;-4,45908859
4,93400000;-4,43829782
4,93500000;-4,41769078
4,93600000;-4,39726501
4,93700000;-4,37701809
4,93800000;-4,35694764
4,93900000;-4,33705132
4,94000000;-4,31732684
4,94100000;-4,29777195
4,94200000;-4,27838441
4,94300000;-4,25916207
4,94400000;-4,24010277
4,94500000;-4,22120442
4,94600000;-4,20246495
4,94700000;-4,18388232
4,94800000;-4,16545454
4,94900000;-4,14717964
4,95000000;-4,12905569
4,95100000;-4,11108080
4,95200000;-4,09325309
4,95300000;-4,07557074
4,95400000;-4,05803193
4,95500000;-4,04063490
4,95600000;-4,02337789
4,95700000;-4,00625918
4,95800000;-3,98927709
4,95900000;-3,97242996
4,96000000;-3,95571614
4,96100000;-3,93913404
4,96200000;-3,92268206
4,96300000;-3,90635864
4,96400000;-3,89016226
4,96500000;-3,87409141
4,96600000;-3,85814459
4,96700000;-3,84232036
4,96800000;-3,82661726
4,96900000;-3,81103388
4,97000000;-3,79556883
4,97100000;-3,78022073
4,97200000;-3,76498823
4,97300000;-3,74987001
4,97400000;-3,73486474
4,97500000;-3,71997114
4,97600000;-3,70518794
4,97700000;-3,69051388
4,97800000;-3,67594774
4,97900000;-3,66148829
4,98000000;-3,64713434
4,98100000;-3,63288471
4,98200000;-3,61873824
4,98300000;-3,60469379
4,98400000;-3,59075022
4,98500000;-3,57690644
4,98600000;-3,56316133
4,98700000;-3,54951383
4,98800000;-3,53596287
4,98900000;-3,52250741
4,99000000;-3,50914640
4,99100000;-3,49587884
4,99200000;-3,48270372
4,99300000;-3,46962006
4,99400000;-3,45662687
4,99500000;-3,44372319
4,99600000;-3,43090808
4,99700000;-3,41818061
4,99800000;-3,40553985
4,99900000;-3,39298490
5,00000000;-3,38051485
5,00100000;-3,36812883
5,00200000;-3,35582597
5,00300000;-3,34360540
5,00400000;-3,33146628
5,00500000;-3,31940778
5,00600000;-3,30742907
5,00700000;-3,29552933
5,00800000;-3,28370776
5,00900000;-3,27196358
5,01000000;-3,26029600
5,01100000;-3,24870426
5,01200000;-3,23718758
5,01300000;-3,22574523
5,01400000;-3,21437646
5,01500000;-3,20308055
5,01600000;-3,19185676
5,01700000;-3,18070440
5,01800000;-3,16962442
5,01900000;-3,15861281
5,02000000;-3,14767054
5,02100000;-3,13679694
5,02200000;-3,12599135
5,02300000;-3,11525310
5,02400000;-3,10458154
5,02500000;-3,09397605
5,02600000;-3,08343597
5,02700000;-3,07296070
5,02800000;-3,06254961
5,02900000;-3,05220209
5,03000000;-3,04191755
5,03100000;-3,03169539
5,03200000;-3,02153502
5,03300000;-3,01143586
5,03400000;-3,00139735
5,03500000;-2,99141892
5,03600000;-2,98150001
5,03700000;-2,97164007
5,03800000;-2,96183855
5,03900000;-2,95209493
5,04000000;-2,94240866
5,04100000;-2,93277923
5,04200000;-2,92320612
5,04300000;-2,91368881
5,04400000;-2,90422680
5,04500000;-2,89481959
5,04600000;-2,88546669
5,04700000;-2,87616761
5,04800000;-2,86692187
5,04900000;-2,85772898
5,05000000;-2,84858849
5,05100000;-2,83949993
5,05200000;-2,83046284
5,05300000;-2,82147676
5,05400000;-2,81254124
5,05500000;-2,80365585
5,05600000;-2,79482014
5,05700000;-2,78603368
5,05800000;-2,77729604
5,05900000;-2,76860681
5,06000000;-2,75996555
5,06100000;-2,75137187
5,06200000;-2,74282534
5,06300000;-2,73432556
5,06400000;-2,72587215
5,06500000;-2,71746469
5,06600000;-2,70910280
5,06700000;-2,70078610
5,06800000;-2,69251420
5,06900000;-2,68428672
5,07000000;-2,67610330
5,07100000;-2,66796356
5,07200000;-2,65986713
5,07300000;-2,65181367
5,07400000;-2,64380280
5,07500000;-2,63583418
5,07600000;-2,62790745
5,07700000;-2,62002228
5,07800000;-2,61217832
5,07900000;-2,60437523
5,08000000;-2,59661269
5,08100000;-2,58889034
5,08200000;-2,58120788
5,08300000;-2,57356498
5,08400000;-2,56596132
5,08500000;-2,55839658
5,08600000;-2,55087044
5,08700000;-2,54338261
5,08800000;-2,53593277
5,08900000;-2,52852061
5,09000000;-2,52114585
5,09100000;-2,51380818
5,09200000;-2,50650730
5,09300000;-2,49924294
5,09400000;-2,49201479
5,09500000;-2,48482258
5,09600000;-2,47766602
5,09700000;-2,47054484
5,09800000;-2,46345876
5,09900000;-2,45640751
5,10000000;-2,44939081
5,10100000;-2,44240841
5,10200000;-2,43546002
5,10300000;-2,42854540
5,10400000;-2,42166428
5,10500000;-2,41481641
5,10600000;-2,40800154
5,10700000;-2,40121940
5,10800000;-2,39446976
5,10900000;-2,38775236
5,11000000;-2,38106697
5,11100000;-2,37441334
5,11200000;-2,36779123
5,11300000;-2,36120040
5,11400000;-2,35464063
5,11500000;-2,34811168
5,11600000;-2,34161331
5,11700000;-2,33514531
5,11800000;-2,32870744
5,11900000;-2,32229949
5,12000000;-2,31592123
5,12100000;-2,30957245
5,12200000;-2,30325293
5,12300000;-2,29696245
5,12400000;-2,29070080
5,12500000;-2,28446777
5,12600000;-2,27826316
5,12700000;-2,27208675
5,12800000;-2,26593835
5,12900000;-2,25981774
5,13000000;-2,25372474
5,13100000;-2,24765914
5,13200000;-2,24162075
5,13300000;-2,23560937
5,13400000;-2,22962480
5,13500000;-2,22366686
5,13600000;-2,21773536
5,13700000;-2,21183011
5,13800000;-2,20595093
5,13900000;-2,20009763
5,14000000;-2,19427003
5,14100000;-2,18846794
5,14200000;-2,18269120
5,14300000;-2,17693961
5,14400000;-2,17121302
5,14500000;-2,16551124
5,14600000;-2,15983410
5,14700000;-2,15418143
5,14800000;-2,14855306
5,14900000;-2,14294883
5,15000000;-2,13736856
5,15100000;-2,13181210
5,15200000;-2,12627928
5,15300000;-2,12076993
5,15400000;-2,11528391
5,15500000;-2,10982104
5,15600000;-2,10438118
5,15700000;-2,09896416
5,15800000;-2,09356984
5,15900000;-2,08819806
5,16000000;-2,08284866
5,16100000;-2,07752151
5,16200000;-2,07221644
5,16300000;-2,06693331
5,16400000;-2,06167198
5,16500000;-2,05643229
5,16600000;-2,05121411
5,16700000;-2,04601730
5,16800000;-2,04084171
5,16900000;-2,03568720
5,17000000;-2,03055363
5,17100000;-2,02544087
5,17200000;-2,02034878
5,17300000;-2,01527722
5,17400000;-2,01022606
5,17500000;-2,00519517
5,17600000;-2,00018442
5,17700000;-1,99519367
5,17800000;-1,99022280
5,17900000;-1,98527167
5,18000000;-1,98034016
5,18100000;-1,97542815
5,18200000;-1,97053550
5,18300000;-1,96566210
5,18400000;-1,96080782
5,18500000;-1,95597254
5,18600000;-1,95115614
5,18700000;-1,94635849
5,18800000;-1,94157949
5,18900000;-1,93681901
5,19000000;-1,93207693
5,19100000;-1,92735314
5,19200000;-1,92264752
5,19300000;-1,91795997
5,19400000;-1,91329036
5,19500000;-1,90863859
5,19600000;-1,90400453
5,19700000;-1,89938810
5,19800000;-1,89478916
5,19900000;-1,89020762
5,20000000;-1,88564337
5,20100000;-1,88109630
5,20200000;-1,87656630
5,20300000;-1,87205328
5,20400000;-1,86755712
5,20500000;-1,86307772
5,20600000;-1,85861498
5,20700000;-1,85416880
5,20800000;-1,84973908
5,20900000;-1,84532571
5,21000000;-1,84092860
5,21100000;-1,83654766
5,21200000;-1,83218277
5,21300000;-1,82783385
5,21400000;-1,82350080
5,21500000;-1,81918353
5,21600000;-1,81488193
5,21700000;-1,81059592
5,21800000;-1,80632540
5,21900000;-1,80207028
5,22000000;-1,79783047
5,22100000;-1,79360587
5,22200000;-1,78939641
5,22300000;-1,78520198
5,22400000;-1,78102250
5,22500000;-1,77685788
5,22600000;-1,77270804
5,22700000;-1,76857288
5,22800000;-1,76445232
5,22900000;-1,76034628
5,23000000;-1,75625467
5,23100000;-1,75217741
5,23200000;-1,74811441
5,23300000;-1,74406559
5,23400000;-1,74003087
5,23500000;-1,73601016
5,23600000;-1,73200339
5,23700000;-1,72801048
5,23800000;-1,72403134
5,23900000;-1,72006590
5,24000000;-1,71611407
5,24100000;-1,71217579
5,24200000;-1,70825097
5,24300000;-1,70433954
5,24400000;-1,70044141
5,24500000;-1,69655653
5,24600000;-1,69268480
5,24700000;-1,68882615
5,24800000;-1,68498052
5,24900000;-1,68114782
5,25000000;-1,67732799
5,25100000;-1,67352096
5,25200000;-1,66972664
5,25300000;-1,66594497
5,25400000;-1,66217589
5,25500000;-1,65841931
5,25600000;-1,65467517
5,25700000;-1,65094340
5,25800000;-1,64722393
5,25900000;-1,64351670
5,26000000;-1,63982163
5,26100000;-1,63613866
5,26200000;-1,63246772
5,26300000;-1,62880875
5,26400000;-1,62516168
5,26500000;-1,62152645
5,26600000;-1,61790144
5,26700000;-1,61428967
5,26800000;-1,61068955
5,26900000;-1,60710101
5,27000000;-1,60352399
5,27100000;-1,59995841
5,27200000;-1,59640423
5,27300000;-1,59286138
5,27400000;-1,58932980
5,27500000;-1,58580943
5,27600000;-1,58230020
5,27700000;-1,57880206
5,27800000;-1,57531495
5,27900000;-1,57183881
5,28000000;-1,56837357
5,28100000;-1,56491920
5,28200000;-1,56147561
5,28300000;-1,55804277
5,28400000;-1,55462060
5,28500000;-1,55120906
5,28600000;-1,54780808
5,28700000;-1,54441762
5,28800000;-1,54103761
5,28900000;-1,53766801
5,29000000;-1,53430875
5,29100000;-1,53095979
5,29200000;-1,52762106
5,29300000;-1,52429252
5,29400000;-1,52097411
5,29500000;-1,51766578
5,29600000;-1,51436747
5,29700000;-1,51107914
5,29800000;-1,50780074
5,29900000;-1,50453220
5,30000000;-1,50127349
5,30100000;-1,49802454
5,30200000;-1,49478532
5,30300000;-1,49155576
5,30400000;-1,48833582
5,30500000;-1,48512546
5,30600000;-1,48192461
5,30700000;-1,47873324
5,30800000;-1,47555129
5,30900000;-1,47237872
5,31000000;-1,46921548
5,31100000;-1,46606152
5,31200000;-1,46291679
5,31300000;-1,45978126
5,31400000;-1,45665486
5,31500000;-1,45353756
5,31600000;-1,45042930
5,31700000;-1,44733005
5,31800000;-1,44423976
5,31900000;-1,44115838
5,32000000;-1,43808587
5,32100000;-1,43502219
5,32200000;-1,43196728
5,32300000;-1,42892111
5,32400000;-1,42588364
5,32500000;-1,42285481
5,32600000;-1,41983459
5,32700000;-1,41682294
5,32800000;-1,41381980
5,32900000;-1,41082515
5,33000000;-1,40783894
5,33100000;-1,40486112
5,33200000;-1,40189165
5,33300000;-1,39893051
5,33400000;-1,39597763
5,33500000;-1,39303299
5,33600000;-1,39009654
5,33700000;-1,38716824
5,33800000;-1,38424805
5,33900000;-1,38133594
5,34000000;-1,37843186
5,34100000;-1,37553578
5,34200000;-1,37264765
5,34300000;-1,36976745
5,34400000;-1,36689512
5,34500000;-1,36403063
5,34600000;-1,36117395
5,34700000;-1,35832503
5,34800000;-1,35548384
5,34900000;-1,35265035
5,35000000;-1,34982451
5,35100000;-1,34700628
5,35200000;-1,34419564
5,35300000;-1,34139255
5,35400000;-1,33859696
5,35500000;-1,33580885
5,35600000;-1,33302818
5,35700000;-1,33025492
5,35800000;-1,32748902
5,35900000;-1,32473045
5,36000000;-1,32197919
5,36100000;-1,31923518
5,36200000;-1,31649841
5,36300000;-1,31376884
5,36400000;-1,31104643
5,36500000;-1,30833114
5,36600000;-1,30562296
5,36700000;-1,30292183
5,36800000;-1,30022774
5,36900000;-1,29754064
5,37000000;-1,29486050
5,37100000;-1,29218730
5,37200000;-1,28952100
5,37300000;-1,28686156
5,37400000;-1,28420896
5,37500000;-1,28156317
5,37600000;-1,27892415
5,37700000;-1,27629187
5,37800000;-1,27366630
5,37900000;-1,27104741
5,38000000;-1,26843516
5,38100000;-1,26582954
5,38200000;-1,26323051
5,38300000;-1,26063803
5,38400000;-1,25805208
5,38500000;-1,25547263
5,38600000;-1,25289965
5,38700000;-1,25033311
5,38800000;-1,24777298
5,38900000;-1,24521923
5,39000000;-1,24267183
5,39100000;-1,24013075
5,39200000;-1,23759597
5,39300000;-1,23506746
5,39400000;-1,23254518
5,39500000;-1,23002911
5,39600000;-1,22751923
5,39700000;-1,22501550
5,39800000;-1,22251790
5,39900000;-1,22002639
5,40000000;-1,21754096
5,40100000;-1,21506157
5,40200000;-1,21258820
5,40300000;-1,21012082
5,40400000;-1,20765941
5,40500000;-1,20520394
5,40600000;-1,20275437
5,40700000;-1,20031069
5,40800000;-1,19787287
5,40900000;-1,19544089
5,41000000;-1,19301471
5,41100000;-1,19059431
5,41200000;-1,18817967
5,41300000;-1,18577076
5,41400000;-1,18336756
5,41500000;-1,18097004
5,41600000;-1,17857817
5,41700000;-1,17619194
5,41800000;-1,17381131
5,41900000;-1,17143627
5,42000000;-1,16906678
5,42100000;-1,16670283
5,42200000;-1,16434438
5,42300000;-1,16199142
5,42400000;-1,15964393
5,42500000;-1,15730187
5,42600000;-1,15496523
5,42700000;-1,15263398
5,42800000;-1,15030809
5,42900000;-1,14798755
5,43000000;-1,14567233
5,43100000;-1,14336242
5,43200000;-1,14105777
5,43300000;-1,13875839
5,43400000;-1,13646423
5,43500000;-1,13417528
5,43600000;-1,13189151
5,43700000;-1,12961292
5,43800000;-1,12733946
5,43900000;-1,12507112
5,44000000;-1,12280788
5,44100000;-1,12054972
5,44200000;-1,11829661
5,44300000;-1,11604854
5,44400000;-1,11380548
5,44500000;-1,11156741
5,44600000;-1,10933431
5,44700000;-1,10710616
5,44800000;-1,10488294
5,44900000;-1,10266462
5,45000000;-1,10045120
5,45100000;-1,09824263
5,45200000;-1,09603892
5,45300000;-1,09384003
5,45400000;-1,09164594
5,45500000;-1,08945664
5,45600000;-1,08727210
5,45700000;-1,08509231
5,45800000;-1,08291725
5,45900000;-1,08074689
5,46000000;-1,07858122
5,46100000;-1,07642021
5,46200000;-1,07426385
5,46300000;-1,07211212
5,46400000;-1,06996500
5,46500000;-1,06782247
5,46600000;-1,06568450
5,46700000;-1,06355110
5,46800000;-1,06142222
5,46900000;-1,05929786
5,47000000;-1,05717799
5,47100000;-1,05506260
5,47200000;-1,05295167
5,47300000;-1,05084518
5,47400000;-1,04874312
5,47500000;-1,04664546
5,47600000;-1,04455218
5,47700000;-1,04246327
5,47800000;-1,04037872
5,47900000;-1,03829849
5,48000000;-1,03622259
5,48100000;-1,03415098
5,48200000;-1,03208365
5,48300000;-1,03002058
5,48400000;-1,02796176
5,48500000;-1,02590716
5,48600000;-1,02385678
5,48700000;-1,02181060
5,48800000;-1,01976859
5,48900000;-1,01773074
5,49000000;-1,01569703
5,49100000;-1,01366745
5,49200000;-1,01164198
5,49300000;-1,00962061
5,49400000;-1,00760331
5,49500000;-1,00559008
5,49600000;-1,00358089
5,49700000;-1,00157573
5,49800000;-0,99957458
5,49900000;-0,99757742
5,50000000;-0,99558425
5,50100000;-0,99359505
5,50200000;-0,99160979
5,50300000;-0,98962846
5,50400000;-0,98765106
5,50500000;-0,98567755
5,50600000;-0,98370793
5,50700000;-0,98174219
5,50800000;-0,97978030
5,50900000;-0,97782224
5,51000000;-0,97586802
5,51100000;-0,97391761
5,51200000;-0,97197099
5,51300000;-0,97002815
5,51400000;-0,96808907
5,51500000;-0,96615375
5,51600000;-0,96422217
5,51700000;-0,96229430
5,51800000;-0,96037014
5,51900000;-0,95844968
5,52000000;-0,95653289
5,52100000;-0,95461976
5,52200000;-0,95271029
5,52300000;-0,95080445
5,52400000;-0,94890223
5,52500000;-0,94700362
5,52600000;-0,94510860
5,52700000;-0,94321715
5,52800000;-0,94132928
5,52900000;-0,93944495
5,53000000;-0,93756416
5,53100000;-0,93568690
5,53200000;-0,93381314
5,53300000;-0,93194288
5,53400000;-0,93007610
5,53500000;-0,92821279
5,53600000;-0,92635294
5,53700000;-0,92449653
5,53800000;-0,92264355
5,53900000;-0,92079399
5,54000000;-0,91894783
5,54100000;-0,91710506
5,54200000;-0,91526566
5,54300000;-0,91342963
5,54400000;-0,91159695
5,54500000;-0,90976761
5,54600000;-0,90794160
5,54700000;-0,90611890
5,54800000;-0,90429949
5,54900000;-0,90248338
5,55000000;-0,90067054
5,55100000;-0,89886096
5,55200000;-0,89705464
5,55300000;-0,89525155
5,55400000;-0,89345169
5,55500000;-0,89165504
5,55600000;-0,88986159
5,55700000;-0,88807133
5,55800000;-0,88628424
5,55900000;-0,88450033
5,56000000;-0,88271956
5,56100000;-0,88094194
5,56200000;-0,87916744
5,56300000;-0,87739607
5,56400000;-0,87562780
5,56500000;-0,87386262
5,56600000;-0,87210052
5,56700000;-0,87034150
5,56800000;-0,86858553
5,56900000;-0,86683262
5,57000000;-0,86508273
5,57100000;-0,86333588
5,57200000;-0,86159204
5,57300000;-0,85985120
5,57400000;-0,85811335
5,57500000;-0,85637848
5,57600000;-0,85464658
5,57700000;-0,85291764
5,57800000;-0,85119164
5,57900000;-0,84946858
5,58000000;-0,84774845
5,58100000;-0,84603123
5,58200000;-0,84431691
5,58300000;-0,84260548
5,58400000;-0,84089694
5,58500000;-0,83919127
5,58600000;-0,83748846
5,58700000;-0,83578849
5,58800000;-0,83409137
5,58900000;-0,83239708
5,59000000;-0,83070560
5,59100000;-0,82901693
5,59200000;-0,82733106
5,59300000;-0,82564798
5,59400000;-0,82396767
5,59500000;-0,82229013
5,59600000;-0,82061535
5,59700000;-0,81894332
5,59800000;-0,81727402
5,59900000;-0,81560744
5,60000000;-0,81394358
5,60100000;-0,81228243
5,60200000;-0,81062398
5,60300000;-0,80896821
5,60400000;-0,80731512
5,60500000;-0,80566470
5,60600000;-0,80401693
5,60700000;-0,80237181
5,60800000;-0,80072933
5,60900000;-0,79908948
5,61000000;-0,79745224
5,61100000;-0,79581762
5,61200000;-0,79418559
5,61300000;-0,79255615
5,61400000;-0,79092930
5,61500000;-0,78930502
5,61600000;-0,78768330
5,61700000;-0,78606413
5,61800000;-0,78444750
5,61900000;-0,78283341
5,62000000;-0,78122185
5,62100000;-0,77961280
5,62200000;-0,77800626
5,62300000;-0,77640221
5,62400000;-0,77480066
5,62500000;-0,77320158
5,62600000;-0,77160497
5,62700000;-0,77001083
5,62800000;-0,76841914
5,62900000;-0,76682990
5,63000000;-0,76524309
5,63100000;-0,76365870
5,63200000;-0,76207674
5,63300000;-0,76049718
5,63400000;-0,75892003
5,63500000;-0,75734526
5,63600000;-0,75577289
5,63700000;-0,75420288
5,63800000;-0,75263524
5,63900000;-0,75106996
5,64000000;-0,74950703
5,64100000;-0,74794644
5,64200000;-0,74638818
5,64300000;-0,74483225
5,64400000;-0,74327864
5,64500000;-0,74172733
5,64600000;-0,74017832
5,64700000;-0,73863160
5,64800000;-0,73708717
5,64900000;-0,73554501
5,65000000;-0,73400511
5,65100000;-0,73246748
5,65200000;-0,73093210
5,65300000;-0,72939896
5,65400000;-0,72786805
5,65500000;-0,72633938
5,65600000;-0,72481292
5,65700000;-0,72328867
5,65800000;-0,72176663
5,65900000;-0,72024678
5,66000000;-0,71872912
5,66100000;-0,71721364
5,66200000;-0,71570033
5,66300000;-0,71418919
5,66400000;-0,71268020
5,66500000;-0,71117336
5,66600000;-0,70966867
5,66700000;-0,70816610
5,66800000;-0,70666567
5,66900000;-0,70516735
5,67000000;-0,70367115
5,67100000;-0,70217705
5,67200000;-0,70068505
5,67300000;-0,69919513
5,67400000;-0,69770730
5,67500000;-0,69622154
5,67600000;-0,69473785
5,67700000;-0,69325622
5,67800000;-0,69177665
5,67900000;-0,69029912
5,68000000;-0,68882362
5,68100000;-0,68735016
5,68200000;-0,68587872
5,68300000;-0,68440930
5,68400000;-0,68294189
5,68500000;-0,68147649
5,68600000;-0,68001308
5,68700000;-0,67855165
5,68800000;-0,67709221
5,68900000;-0,67563475
5,69000000;-0,67417925
5,69100000;-0,67272572
5,69200000;-0,67127413
5,69300000;-0,66982450
5,69400000;-0,66837681
5,69500000;-0,66693105
5,69600000;-0,66548722
5,69700000;-0,66404470
5,69800000;-0,66260470
5,69900000;-0,66116661
5,70000000;-0,65973042
5,70100000;-0,65829612
5,70200000;-0,65686371
5,70300000;-0,65543317
5,70400000;-0,65400452
5,70500000;-0,65257773
5,70600000;-0,65115280
5,70700000;-0,64972972
5,70800000;-0,64830850
5,70900000;-0,64688911
5,71000000;-0,64547156
5,71100000;-0,64405584
5,71200000;-0,64264194
5,71300000;-0,64122986
5,71400000;-0,63981959
5,71500000;-0,63841112
5,71600000;-0,63700445
5,71700000;-0,63559957
5,71800000;-0,63419647
5,71900000;-0,63279515
5,72000000;-0,63139561
5,72100000;-0,62999783
5,72200000;-0,62860181
5,72300000;-0,62720755
5,72400000;-0,62581503
5,72500000;-0,62442425
5,72600000;-0,62303521
5,72700000;-0,62164790
5,72800000;-0,62026232
5,72900000;-0,61887845
5,73000000;-0,61749629
5,73100000;-0,61611584
5,73200000;-0,61473709
5,73300000;-0,61336004
5,73400000;-0,61198467
5,73500000;-0,61061098
5,73600000;-0,60923897
5,73700000;-0,60786864
5,73800000;-0,60649996
5,73900000;-0,60513295
5,74000000;-0,60376759
5,74100000;-0,60240387
5,74200000;-0,60104180
5,74300000;-0,59968137
5,74400000;-0,59832256
5,74500000;-0,59696539
5,74600000;-0,59560983
5,74700000;-0,59425588
5,74800000;-0,59290354
5,74900000;-0,59155281
5,75000000;-0,59020367
5,75100000;-0,58885612
5,75200000;-0,58751016
5,75300000;-0,58616578
5,75400000;-0,58482298
5,75500000;-0,58348175
5,75600000;-0,58214208
5,75700000;-0,58080396
5,75800000;-0,57946741
5,75900000;-0,57813240
5,76000000;-0,57679893
5,76100000;-0,57546700
5,76200000;-0,57413660
5,76300000;-0,57280773
5,76400000;-0,57148038
5,76500000;-0,57015455
5,76600000;-0,56883023
5,76700000;-0,56750741
5,76800000;-0,56618609
5,76900000;-0,56486627
5,77000000;-0,56354794
5,77100000;-0,56223110
5,77200000;-0,56091573
5,77300000;-0,55960184
5,77400000;-0,55828942
5,77500000;-0,55697846
5,77600000;-0,55566897
5,77700000;-0,55436092
5,77800000;-0,55305433
5,77900000;-0,55174918
5,78000000;-0,55044547
5,78100000;-0,54914320
5,78200000;-0,54784235
5,78300000;-0,54654293
5,78400000;-0,54524493
5,78500000;-0,54394835
5,78600000;-0,54265317
5,78700000;-0,54135940
5,78800000;-0,54006703
5,78900000;-0,53877605
5,79000000;-0,53748647
5,79100000;-0,53619827
5,79200000;-0,53491145
5,79300000;-0,53362600
5,79400000;-0,53234193
5,79500000;-0,53105922
5,79600000;-0,52977788
5,79700000;-0,52849789
5,79800000;-0,52721926
5,79900000;-0,52594197
5,80000000;-0,52466602
5,80100000;-0,52339142
5,80200000;-0,52211814
5,80300000;-0,52084620
5,80400000;-0,51957558
5,80500000;-0,51830628
5,80600000;-0,51703829
5,80700000;-0,51577162
5,80800000;-0,51450625
5,80900000;-0,51324218
5,81000000;-0,51197941
5,81100000;-0,51071793
5,81200000;-0,50945774
5,81300000;-0,50819884
5,81400000;-0,50694121
5,81500000;-0,50568485
5,81600000;-0,50442977
5,81700000;-0,50317595
5,81800000;-0,50192339
5,81900000;-0,50067209
5,82000000;-0,49942205
5,82100000;-0,49817325
5,82200000;-0,49692569
5,82300000;-0,49567937
5,82400000;-0,49443429
5,82500000;-0,49319044
5,82600000;-0,49194782
5,82700000;-0,49070641
5,82800000;-0,48946623
5,82900000;-0,48822726
5,83000000;-0,48698949
5,83100000;-0,48575293
5,83200000;-0,48451758
5,83300000;-0,48328342
5,83400000;-0,48205045
5,83500000;-0,48081867
5,83600000;-0,47958807
5,83700000;-0,47835866
5,83800000;-0,47713042
5,83900000;-0,47590335
5,84000000;-0,47467745
5,84100000;-0,47345271
5,84200000;-0,47222913
5,84300000;-0,47100670
5,84400000;-0,46978543
5,84500000;-0,46856530
5,84600000;-0,46734632
5,84700000;-0,46612848
5,84800000;-0,46491177
5,84900000;-0,46369619
5,85000000;-0,46248174
5,85100000;-0,46126841
5,85200000;-0,46005620
5,85300000;-0,45884510
5,85400000;-0,45763511
5,85500000;-0,45642624
5,85600000;-0,45521846
5,85700000;-0,45401179
5,85800000;-0,45280621
5,85900000;-0,45160172
5,86000000;-0,45039832
5,86100000;-0,44919600
5,86200000;-0,44799476
5,86300000;-0,44679460
5,86400000;-0,44559550
5,86500000;-0,44439748
5,86600000;-0,44320052
5,86700000;-0,44200463
5,86800000;-0,44080978
5,86900000;-0,43961600
5,87000000;-0,43842326
5,87100000;-0,43723156
5,87200000;-0,43604091
5,87300000;-0,43485130
5,87400000;-0,43366272
5,87500000;-0,43247517
5,87600000;-0,43128865
5,87700000;-0,43010315
5,87800000;-0,42891867
5,87900000;-0,42773520
5,88000000;-0,42655275
5,88100000;-0,42537130
5,88200000;-0,42419086
5,88300000;-0,42301143
5,88400000;-0,42183298
5,88500000;-0,42065554
5,88600000;-0,41947908
5,88700000;-0,41830361
5,88800000;-0,41712912
5,88900000;-0,41595561
5,89000000;-0,41478308
5,89100000;-0,41361152
5,89200000;-0,41244093
5,89300000;-0,41127130
5,89400000;-0,41010264
5,89500000;-0,40893493
5,89600000;-0,40776818
5,89700000;-0,40660238
5,89800000;-0,40543753
5,89900000;-0,40427362
5,90000000;-0,40311065
5,90100000;-0,40194862
5,90200000;-0,40078752
5,90300000;-0,39962735
5,90400000;-0,39846811
5,90500000;-0,39730980
5,90600000;-0,39615240
5,90700000;-0,39499592
5,90800000;-0,39384035
5,90900000;-0,39268570
5,91000000;-0,39153195
5,91100000;-0,39037910
5,91200000;-0,38922715
5,91300000;-0,38807610
5,91400000;-0,38692594
5,91500000;-0,38577668
5,91600000;-0,38462829
5,91700000;-0,38348080
5,91800000;-0,38233418
5,91900000;-0,38118843
5,92000000;-0,38004357
5,92100000;-0,37889977
5,92200000;-0,37775664
5,92300000;-0,37661437
5,92400000;-0,37547296
5,92500000;-0,37433241
5,92600000;-0,37319271
5,92700000;-0,37205386
5,92800000;-0,37091586
5,92900000;-0,36977870
5,93000000;-0,36864238
5,93100000;-0,36750690
5,93200000;-0,36637226
5,93300000;-0,36523844
5,93400000;-0,36410546
5,93500000;-0,36297330
5,93600000;-0,36184196
5,93700000;-0,36071144
5,93800000;-0,35958173
5,93900000;-0,35845284
5,94000000;-0,35732475
5,94100000;-0,35619747
5,94200000;-0,35507100
5,94300000;-0,35394532
5,94400000;-0,35282044
5,94500000;-0,35169635
5,94600000;-0,35057306
5,94700000;-0,34945055
5,94800000;-0,34832882
5,94900000;-0,34720788
5,95000000;-0,34608772
5,95100000;-0,34496833
5,95200000;-0,34384971
5,95300000;-0,34273186
5,95400000;-0,34161478
5,95500000;-0,34049846
5,95600000;-0,33938290
5,95700000;-0,33826809
5,95800000;-0,33715404
5,95900000;-0,33604075
5,96000000;-0,33492820
5,96100000;-0,33381639
5,96200000;-0,33270533
5,96300000;-0,33159500
5,96400000;-0,33048541
5,96500000;-0,32937656
5,96600000;-0,32826844
5,96700000;-0,32716104
5,96800000;-0,32605436
5,96900000;-0,32494841
5,97000000;-0,32384318
5,97100000;-0,32273866
5,97200000;-0,32163486
5,97300000;-0,32053176
5,97400000;-0,31942938
5,97500000;-0,31832769
5,97600000;-0,31722671
5,97700000;-0,31612642
5,97800000;-0,31502683
5,97900000;-0,31392794
5,98000000;-0,31282973
5,98100000;-0,31173221
5,98200000;-0,31063538
5,98300000;-0,30953922
5,98400000;-0,30844374
5,98500000;-0,30734894
5,98600000;-0,30625482
5,98700000;-0,30516136
5,98800000;-0,30406857
5,98900000;-0,30297644
5,99000000;-0,30188498
5,99100000;-0,30079417
5,99200000;-0,29970402
5,99300000;-0,29861452
5,99400000;-0,29752568
5,99500000;-0,29643748
5,99600000;-0,29534993
5,99700000;-0,29426301
5,99800000;-0,29317674
5,99900000;-0,29209111
6,00000000;-0,29100611
6,00100000;-0,28992174
6,00200000;-0,28883799
6,00300000;-0,28775488
6,00400000;-0,28667239
6,00500000;-0,28559052
6,00600000;-0,28450926
6,00700000;-0,28342862
6,00800000;-0,28234860
6,00900000;-0,28126918
6,01000000;-0,28019037
6,01100000;-0,27911216
6,01200000;-0,27803456
6,01300000;-0,27695756
6,01400000;-0,27588115
6,01500000;-0,27480533
6,01600000;-0,27373011
6,01700000;-0,27265548
6,01800000;-0,27158143
6,01900000;-0,27050796
6,02000000;-0,26943508
6,02100000;-0,26836277
6,02200000;-0,26729104
6,02300000;-0,26621988
6,02400000;-0,26514929
6,02500000;-0,26407927
6,02600000;-0,26300981
6,02700000;-0,26194092
6,02800000;-0,26087258
6,02900000;-0,25980481
6,03000000;-0,25873758
6,03100000;-0,25767091
6,03200000;-0,25660479
6,03300000;-0,25553922
6,03400000;-0,25447419
6,03500000;-0,25340970
6,03600000;-0,25234576
6,03700000;-0,25128235
6,03800000;-0,25021947
6,03900000;-0,24915712
6,04000000;-0,24809531
6,04100000;-0,24703402
6,04200000;-0,24597326
6,04300000;-0,24491301
6,04400000;-0,24385329
6,04500000;-0,24279408
6,04600000;-0,24173539
6,04700000;-0,24067721
6,04800000;-0,23961954
6,04900000;-0,23856237
6,05000000;-0,23750571
6,05100000;-0,23644955
6,05200000;-0,23539389
6,05300000;-0,23433873
6,05400000;-0,23328406
6,05500000;-0,23222988
6,05600000;-0,23117620
6,05700000;-0,23012300
6,05800000;-0,22907028
6,05900000;-0,22801805
6,06000000;-0,22696630
6,06100000;-0,22591502
6,06200000;-0,22486422
6,06300000;-0,22381389
6,06400000;-0,22276403
6,06500000;-0,22171464
6,06600000;-0,22066571
6,06700000;-0,21961725
6,06800000;-0,21856925
6,06900000;-0,21752170
6,07000000;-0,21647462
6,07100000;-0,21542798
6,07200000;-0,21438180
6,07300000;-0,21333606
6,07400000;-0,21229077
6,07500000;-0,21124592
6,07600000;-0,21020152
6,07700000;-0,20915755
6,07800000;-0,20811402
6,07900000;-0,20707093
6,08000000;-0,20602826
6,08100000;-0,20498603
6,08200000;-0,20394422
6,08300000;-0,20290284
6,08400000;-0,20186188
6,08500000;-0,20082134
6,08600000;-0,19978122
6,08700000;-0,19874151
6,08800000;-0,19770222
6,08900000;-0,19666334
6,09000000;-0,19562487
6,09100000;-0,19458680
6,09200000;-0,19354914
6,09300000;-0,19251188
6,09400000;-0,19147501
6,09500000;-0,19043855
6,09600000;-0,18940248
6,09700000;-0,18836680
6,09800000;-0,18733151
6,09900000;-0,18629661
6,10000000;-0,18526210
6,10100000;-0,18422797
6,10200000;-0,18319421
6,10300000;-0,18216084
6,10400000;-0,18112785
6,10500000;-0,18009523
6,10600000;-0,17906298
6,10700000;-0,17803110
6,10800000;-0,17699958
6,10900000;-0,17596844
6,11000000;-0,17493765
6,11100000;-0,17390723
6,11200000;-0,17287716
6,11300000;-0,17184745
6,11400000;-0,17081810
6,11500000;-0,16978909
6,11600000;-0,16876044
6,11700000;-0,16773213
6,11800000;-0,16670417
6,11900000;-0,16567655
6,12000000;-0,16464927
6,12100000;-0,16362233
6,12200000;-0,16259572
6,12300000;-0,16156945
6,12400000;-0,16054351
6,12500000;-0,15951790
6,12600000;-0,15849262
6,12700000;-0,15746766
6,12800000;-0,15644302
6,12900000;-0,15541871
6,13000000;-0,15439471
6,13100000;-0,15337103
6,13200000;-0,15234766
6,13300000;-0,15132461
6,13400000;-0,15030186
6,13500000;-0,14927942
6,13600000;-0,14825729
6,13700000;-0,14723546
6,13800000;-0,14621393
6,13900000;-0,14519270
6,14000000;-0,14417177
6,14100000;-0,14315113
6,14200000;-0,14213078
6,14300000;-0,14111072
6,14400000;-0,14009095
6,14500000;-0,13907147
6,14600000;-0,13805227
6,14700000;-0,13703335
6,14800000;-0,13601471
6,14900000;-0,13499635
6,15000000;-0,13397826
6,15100000;-0,13296045
6,15200000;-0,13194290
6,15300000;-0,13092563
6,15400000;-0,12990862
6,15500000;-0,12889187
6,15600000;-0,12787539
6,15700000;-0,12685916
6,15800000;-0,12584320
6,15900000;-0,12482749
6,16000000;-0,12381203
6,16100000;-0,12279683
6,16200000;-0,12178187
6,16300000;-0,12076716
6,16400000;-0,11975270
6,16500000;-0,11873848
6,16600000;-0,11772450
6,16700000;-0,11671076
6,16800000;-0,11569726
6,16900000;-0,11468399
6,17000000;-0,11367095
6,17100000;-0,11265814
6,17200000;-0,11164556
6,17300000;-0,11063321
6,17400000;-0,10962108
6,17500000;-0,10860917
6,17600000;-0,10759749
6,17700000;-0,10658602
6,17800000;-0,10557476
6,17900000;-0,10456372
6,18000000;-0,10355289
6,18100000;-0,10254227
6,18200000;-0,10153186
6,18300000;-0,10052165
6,18400000;-0,09951165
6,18500000;-0,09850184
6,18600000;-0,09749224
6,18700000;-0,09648283
6,18800000;-0,09547362
6,18900000;-0,09446460
6,19000000;-0,09345577
6,19100000;-0,09244713
6,19200000;-0,09143867
6,19300000;-0,09043040
6,19400000;-0,08942232
6,19500000;-0,08841441
6,19600000;-0,08740668
6,19700000;-0,08639913
6,19800000;-0,08539175
6,19900000;-0,08438454
6,20000000;-0,08337750
6,20100000;-0,08237063
6,20200000;-0,08136393
6,20300000;-0,08035739
6,20400000;-0,07935101
6,20500000;-0,07834479
6,20600000;-0,07733873
6,20700000;-0,07633283
6,20800000;-0,07532708
6,20900000;-0,07432148
6,21000000;-0,07331603
6,21100000;-0,07231073
6,21200000;-0,07130557
6,21300000;-0,07030055
6,21400000;-0,06929568
6,21500000;-0,06829095
6,21600000;-0,06728635
6,21700000;-0,06628189
6,21800000;-0,06527756
6,21900000;-0,06427336
6,22000000;-0,06326930
6,22100000;-0,06226536
6,22200000;-0,06126154
6,22300000;-0,06025785
6,22400000;-0,05925427
6,22500000;-0,05825082
6,22600000;-0,05724748
6,22700000;-0,05624426
6,22800000;-0,05524116
6,22900000;-0,05423816
6,23000000;-0,05323527
6,23100000;-0,05223249
6,23200000;-0,05122981
6,23300000;-0,05022723
6,23400000;-0,04922476
6,23500000;-0,04822239
6,23600000;-0,04722011
6,23700000;-0,04621792
6,23800000;-0,04521583
6,23900000;-0,04421383
6,24000000;-0,04321192
6,24100000;-0,04221009
6,24200000;-0,04120835
6,24300000;-0,04020669
6,24400000;-0,03920512
6,24500000;-0,03820362
6,24600000;-0,03720219
6,24700000;-0,03620085
6,24800000;-0,03519957
6,24900000;-0,03419836
6,25000000;-0,03319723
6,25100000;-0,03219616
6,25200000;-0,03119515
6,25300000;-0,03019421
6,25400000;-0,02919332
6,25500000;-0,02819250
6,25600000;-0,02719173
6,25700000;-0,02619102
6,25800000;-0,02519036
6,25900000;-0,02418975
6,26000000;-0,02318918
6,26100000;-0,02218867
6,26200000;-0,02118820
6,26300000;-0,02018777
6,26400000;-0,01918738
6,26500000;-0,01818703
6,26600000;-0,01718671
6,26700000;-0,01618643
6,26800000;-0,01518618
6,26900000;-0,01418597
6,27000000;-0,01318578
6,27100000;-0,01218562
6,27200000;-0,01118548
6,27300000;-0,01018536
6,27400000;-0,00918527
6,27500000;-0,00818519
6,27600000;-0,00718513
6,27700000;-0,00618508
6,27800000;-0,00518505
6,27900000;-0,00418503
6,28000000;-0,00318501
6,28100000;-0,00218500
6,28200000;-0,00118500
6,28300000;-0,00018500
6,28400000;0,00081469
6,28500000;0,00181470
6,28600000;0,00281470
6,28700000;0,00381472
6,28800000;0,00481475
6,28900000;0,00581479
6,29000000;0,00681485
6,29100000;0,00781493
6,29200000;0,00881504
6,29300000;0,00981517
6,29400000;0,01081533
6,29500000;0,01181552
6,29600000;0,01281575
6,29700000;0,01381601
6,29800000;0,01481578
6,29900000;0,01581601
6,30000000;0,01681628
6,30100000;0,01781658
6,30200000;0,01881692
6,30300000;0,01981729
6,30400000;0,02081770
6,30500000;0,02181816
6,30600000;0,02281865
6,30700000;0,02381920
6,30800000;0,02481979
6,30900000;0,02582043
6,31000000;0,02682112
6,31100000;0,02782187
6,31200000;0,02882267
6,31300000;0,02982353
6,31400000;0,03082445
6,31500000;0,03182544
6,31600000;0,03282648
6,31700000;0,03382759
6,31800000;0,03482877
6,31900000;0,03583002
6,32000000;0,03683134
6,32100000;0,03783273
6,32200000;0,03883420
6,32300000;0,03983575
6,32400000;0,04083738
6,32500000;0,04183909
6,32600000;0,04284088
6,32700000;0,04384276
6,32800000;0,04484472
6,32900000;0,04584678
6,33000000;0,04684893
6,33100000;0,04785117
6,33200000;0,04885351
6,33300000;0,04985594
6,33400000;0,05085848
6,33500000;0,05186112
6,33600000;0,05286386
6,33700000;0,05386671
6,33800000;0,05486966
6,33900000;0,05587273
6,34000000;0,05687591
6,34100000;0,05787920
6,34200000;0,05888261
6,34300000;0,05988613
6,34400000;0,06088978
6,34500000;0,06189355
6,34600000;0,06289744
6,34700000;0,06390146
6,34800000;0,06490561
6,34900000;0,06590988
6,35000000;0,06691429
6,35100000;0,06791884
6,35200000;0,06892352
6,35300000;0,06992834
6,35400000;0,07093330
6,35500000;0,07193840
6,35600000;0,07294365
6,35700000;0,07394904
6,35800000;0,07495458
6,35900000;0,07596028
6,36000000;0,07696612
6,36100000;0,07797212
6,36200000;0,07897828
6,36300000;0,07998460
6,36400000;0,08099107
6,36500000;0,08199771
6,36600000;0,08300452
6,36700000;0,08401149
6,36800000;0,08501863
6,36900000;0,08602594
6,37000000;0,08703343
6,37100000;0,08804109
6,37200000;0,08904893
6,37300000;0,09005694
6,37400000;0,09106514
6,37500000;0,09207352
6,37600000;0,09308209
6,37700000;0,09409085
6,37800000;0,09509979
6,37900000;0,09610893
6,38000000;0,09711826
6,38100000;0,09812779
6,38200000;0,09913751
6,38300000;0,10014744
6,38400000;0,10115757
6,38500000;0,10216790
6,38600000;0,10317843
6,38700000;0,10418918
6,38800000;0,10520014
6,38900000;0,10621131
6,39000000;0,10722269
6,39100000;0,10823429
6,39200000;0,10924611
6,39300000;0,11025815
6,39400000;0,11127041
6,39500000;0,11228290
6,39600000;0,11329561
6,39700000;0,11430856
6,39800000;0,11532173
6,39900000;0,11633514
6,40000000;0,11734879
6,40100000;0,11836267
6,40200000;0,11937679
6,40300000;0,12039116
6,40400000;0,12140577
6,40500000;0,12242062
6,40600000;0,12343572
6,40700000;0,12445107
6,40800000;0,12546668
6,40900000;0,12648254
6,41000000;0,12749866
6,41100000;0,12851503
6,41200000;0,12953167
6,41300000;0,13054857
6,41400000;0,13156573
6,41500000;0,13258316
6,41600000;0,13360086
6,41700000;0,13461884
6,41800000;0,13563708
6,41900000;0,13665560
6,42000000;0,13767440
6,42100000;0,13869349
6,42200000;0,13971285
6,42300000;0,14073249
6,42400000;0,14175243
6,42500000;0,14277265
6,42600000;0,14379316
6,42700000;0,14481449
6,42800000;0,14583561
6,42900000;0,14685703
6,43000000;0,14787874
6,43100000;0,14890076
6,43200000;0,14992309
6,43300000;0,15094572
6,43400000;0,15196866
6,43500000;0,15299191
6,43600000;0,15401547
6,43700000;0,15503935
6,43800000;0,15606355
6,43900000;0,15708807
6,44000000;0,15811290
6,44100000;0,15913807
6,44200000;0,16016356
6,44300000;0,16118937
6,44400000;0,16221552
6,44500000;0,16324200
6,44600000;0,16426882
6,44700000;0,16529597
6,44800000;0,16632347
6,44900000;0,16735130
6,45000000;0,16837948
6,45100000;0,16940801
6,45200000;0,17043688
6,45300000;0,17146611
6,45400000;0,17249568
6,45500000;0,17352562
6,45600000;0,17455591
6,45700000;0,17558656
6,45800000;0,17661757
6,45900000;0,17764895
6,46000000;0,17868069
6,46100000;0,17971280
6,46200000;0,18074529
6,46300000;0,18177814
6,46400000;0,18281138
6,46500000;0,18384498
6,46600000;0,18487897
6,46700000;0,18591335
6,46800000;0,18694810
6,46900000;0,18798325
6,47000000;0,18901878
6,47100000;0,19005471
6,47200000;0,19109103
6,47300000;0,19212774
6,47400000;0,19316485
6,47500000;0,19420237
6,47600000;0,19524028
6,47700000;0,19627861
6,47800000;0,19731734
6,47900000;0,19835648
6,48000000;0,19939603
6,48100000;0,20043600
6,48200000;0,20147638
6,48300000;0,20251718
6,48400000;0,20355841
6,48500000;0,20460006
6,48600000;0,20564213
6,48700000;0,20668464
6,48800000;0,20772757
6,48900000;0,20877094
6,49000000;0,20981475
6,49100000;0,21085899
6,49200000;0,21190367
6,49300000;0,21294880
6,49400000;0,21399437
6,49500000;0,21504039
6,49600000;0,21608686
6,49700000;0,21713378
6,49800000;0,21818115
6,49900000;0,21922898
6,50000000;0,22027728
6,50100000;0,22132603
6,50200000;0,22237525
6,50300000;0,22342494
6,50400000;0,22447509
6,50500000;0,22552572
6,50600000;0,22657682
6,50700000;0,22762839
6,50800000;0,22868045
6,50900000;0,22973298
6,51000000;0,23078600
6,51100000;0,23183951
6,51200000;0,23289351
6,51300000;0,23394799
6,51400000;0,23500297
6,51500000;0,23605845
6,51600000;0,23711442
6,51700000;0,23817090
6,51800000;0,23922788
6,51900000;0,24028536
6,52000000;0,24134335
6,52100000;0,24240186
6,52200000;0,24346087
6,52300000;0,24452041
6,52400000;0,24558046
6,52500000;0,24664103
6,52600000;0,24770212
6,52700000;0,24876374
6,52800000;0,24982589
6,52900000;0,25088857
6,53000000;0,25195179
6,53100000;0,25301554
6,53200000;0,25407982
6,53300000;0,25514465
6,53400000;0,25621002
6,53500000;0,25727594
6,53600000;0,25834241
6,53700000;0,25940943
6,53800000;0,26047700
6,53900000;0,26154513
6,54000000;0,26261381
6,54100000;0,26368306
6,54200000;0,26475287
6,54300000;0,26582325
6,54400000;0,26689420
6,54500000;0,26796572
6,54600000;0,26903782
6,54700000;0,27011049
6,54800000;0,27118374
6,54900000;0,27225757
6,55000000;0,27333199
6,55100000;0,27440700
6,55200000;0,27548259
6,55300000;0,27655878
6,55400000;0,27763557
6,55500000;0,27871295
6,55600000;0,27979093
6,55700000;0,28086952
6,55800000;0,28194871
6,55900000;0,28302851
6,56000000;0,28410893
6,56100000;0,28518995
6,56200000;0,28627160
6,56300000;0,28735386
6,56400000;0,28843675
6,56500000;0,28952026
6,56600000;0,29060440
6,56700000;0,29168916
6,56800000;0,29277457
6,56900000;0,29386060
6,57000000;0,29494728
6,57100000;0,29603460
6,57200000;0,29712256
6,57300000;0,29821116
6,57400000;0,29930042
6,57500000;0,30039033
6,57600000;0,30148089
6,57700000;0,30257212
6,57800000;0,30366400
6,57900000;0,30475655
6,58000000;0,30584976
6,58100000;0,30694364
6,58200000;0,30803819
6,58300000;0,30913342
6,58400000;0,31022932
6,58500000;0,31132591
6,58600000;0,31242318
6,58700000;0,31352113
6,58800000;0,31461977
6,58900000;0,31571894
6,59000000;0,31681897
6,59100000;0,31791969
6,59200000;0,31902112
6,59300000;0,32012325
6,59400000;0,32122608
6,59500000;0,32232962
6,59600000;0,32343388
6,59700000;0,32453884
6,59800000;0,32564453
6,59900000;0,32675094
6,60000000;0,32785807
6,60100000;0,32896592
6,60200000;0,33007451
6,60300000;0,33118382
6,60400000;0,33229388
6,60500000;0,33340467
6,60600000;0,33451620
6,60700000;0,33562847
6,60800000;0,33674150
6,60900000;0,33785527
6,61000000;0,33896979
6,61100000;0,34008507
6,61200000;0,34120111
6,61300000;0,34231791
6,61400000;0,34343548
6,61500000;0,34455381
6,61600000;0,34567292
6,61700000;0,34679280
6,61800000;0,34791345
6,61900000;0,34903489
6,62000000;0,35015711
6,62100000;0,35128012
6,62200000;0,35240391
6,62300000;0,35352850
6,62400000;0,35465388
6,62500000;0,35578006
6,62600000;0,35690705
6,62700000;0,35803483
6,62800000;0,35916343
6,62900000;0,36029284
6,63000000;0,36142306
6,63100000;0,36255409
6,63200000;0,36368595
6,63300000;0,36481864
6,63400000;0,36595214
6,63500000;0,36708648
6,63600000;0,36822166
6,63700000;0,36935766
6,63800000;0,37049451
6,63900000;0,37163220
6,64000000;0,37277074
6,64100000;0,37391013
6,64200000;0,37505037
6,64300000;0,37619146
6,64400000;0,37733341
6,64500000;0,37847623
6,64600000;0,37961991
6,64700000;0,38076446
6,64800000;0,38190988
6,64900000;0,38305618
6,65000000;0,38420335
6,65100000;0,38535141
6,65200000;0,38650035
6,65300000;0,38765018
6,65400000;0,38880090
6,65500000;0,38995252
6,65600000;0,39110504
6,65700000;0,39225846
6,65800000;0,39341278
6,65900000;0,39456801
6,66000000;0,39572416
6,66100000;0,39688122
6,66200000;0,39803920
6,66300000;0,39919810
6,66400000;0,40035793
6,66500000;0,40151868
6,66600000;0,40268037
6,66700000;0,40384299
6,66800000;0,40500656
6,66900000;0,40617107
6,67000000;0,40733652
6,67100000;0,40850292
6,67200000;0,40967028
6,67300000;0,41083859
6,67400000;0,41200787
6,67500000;0,41317811
6,67600000;0,41434931
6,67700000;0,41552149
6,67800000;0,41669464
6,67900000;0,41786877
6,68000000;0,41904388
6,68100000;0,42021998
6,68200000;0,42139706
6,68300000;0,42257514
6,68400000;0,42375421
6,68500000;0,42493429
6,68600000;0,42611537
6,68700000;0,42729745
6,68800000;0,42848055
6,68900000;0,42966466
6,69000000;0,43084978
6,69100000;0,43203593
6,69200000;0,43322311
6,69300000;0,43441131
6,69400000;0,43560055
6,69500000;0,43679082
6,69600000;0,43798214
6,69700000;0,43917450
6,69800000;0,44036790
6,69900000;0,44156236
6,70000000;0,44275787
6,70100000;0,44395445
6,70200000;0,44515208
6,70300000;0,44635078
6,70400000;0,44755056
6,70500000;0,44875140
6,70600000;0,44995333
6,70700000;0,45115634
6,70800000;0,45236043
6,70900000;0,45356506
6,71000000;0,45477133
6,71100000;0,45597870
6,71200000;0,45718717
6,71300000;0,45839674
6,71400000;0,45960742
6,71500000;0,46081922
6,71600000;0,46203213
6,71700000;0,46324617
6,71800000;0,46446133
6,71900000;0,46567762
6,72000000;0,46689504
6,72100000;0,46811360
6,72200000;0,46933330
6,72300000;0,47055415
6,72400000;0,47177614
6,72500000;0,47299929
6,72600000;0,47422360
6,72700000;0,47544907
6,72800000;0,47667571
6,72900000;0,47790351
6,73000000;0,47913249
6,73100000;0,48036265
6,73200000;0,48159399
6,73300000;0,48282651
6,73400000;0,48406023
6,73500000;0,48529514
6,73600000;0,48653126
6,73700000;0,48776857
6,73800000;0,48900709
6,73900000;0,49024683
6,74000000;0,49148778
6,74100000;0,49272995
6,74200000;0,49397334
6,74300000;0,49521797
6,74400000;0,49646383
6,74500000;0,49771092
6,74600000;0,49895926
6,74700000;0,50020884
6,74800000;0,50145968
6,74900000;0,50271177
6,75000000;0,50396512
6,75100000;0,50521973
6,75200000;0,50647561
6,75300000;0,50773277
6,75400000;0,50899120
6,75500000;0,51025091
6,75600000;0,51151191
6,75700000;0,51277420
6,75800000;0,51403779
6,75900000;0,51530267
6,76000000;0,51656886
6,76100000;0,51783636
6,76200000;0,51910517
6,76300000;0,52037530
6,76400000;0,52164676
6,76500000;0,52291953
6,76600000;0,52419365
6,76700000;0,52546909
6,76800000;0,52674588
6,76900000;0,52802402
6,77000000;0,52930350
6,77100000;0,53058434
6,77200000;0,53186654
6,77300000;0,53315011
6,77400000;0,53443504
6,77500000;0,53572135
6,77600000;0,53700904
6,77700000;0,53829811
6,77800000;0,53958857
6,77900000;0,54088042
6,78000000;0,54217367
6,78100000;0,54346833
6,78200000;0,54476439
6,78300000;0,54606186
6,78400000;0,54736076
6,78500000;0,54866107
6,78600000;0,54996282
6,78700000;0,55126599
6,78800000;0,55257061
6,78900000;0,55387666
6,79000000;0,55518417
6,79100000;0,55649312
6,79200000;0,55780354
6,79300000;0,55911541
6,79400000;0,56042876
6,79500000;0,56174357
6,79600000;0,56305987
6,79700000;0,56437765
6,79800000;0,56569691
6,79900000;0,56701767
6,80000000;0,56833993
6,80100000;0,56966370
6,80200000;0,57098897
6,80300000;0,57231575
6,80400000;0,57364406
6,80500000;0,57497389
6,80600000;0,57630525
6,80700000;0,57763815
6,80800000;0,57897258
6,80900000;0,58030857
6,81000000;0,58164610
6,81100000;0,58298519
6,81200000;0,58432584
6,81300000;0,58566807
6,81400000;0,58701186
6,81500000;0,58835723
6,81600000;0,58970419
6,81700000;0,59105274
6,81800000;0,59240288
6,81900000;0,59375462
6,82000000;0,59510797
6,82100000;0,59646293
6,82200000;0,59781950
6,82300000;0,59917770
6,82400000;0,60053753
6,82500000;0,60189900
6,82600000;0,60326210
6,82700000;0,60462685
6,82800000;0,60599325
6,82900000;0,60736130
6,83000000;0,60873102
6,83100000;0,61010241
6,83200000;0,61147547
6,83300000;0,61285022
6,83400000;0,61422664
6,83500000;0,61560477
6,83600000;0,61698458
6,83700000;0,61836611
6,83800000;0,61974934
6,83900000;0,62113429
6,84000000;0,62252095
6,84100000;0,62390935
6,84200000;0,62529948
6,84300000;0,62669135
6,84400000;0,62808497
6,84500000;0,62948033
6,84600000;0,63087746
6,84700000;0,63227635
6,84800000;0,63367701
6,84900000;0,63507944
6,85000000;0,63648366
6,85100000;0,63788966
6,85200000;0,63929747
6,85300000;0,64070707
6,85400000;0,64211848
6,85500000;0,64353170
6,85600000;0,64494674
6,85700000;0,64636361
6,85800000;0,64778232
6,85900000;0,64920286
6,86000000;0,65062525
6,86100000;0,65204949
6,86200000;0,65347558
6,86300000;0,65490355
6,86400000;0,65633338
6,86500000;0,65776509
6,86600000;0,65919869
6,86700000;0,66063418
6,86800000;0,66207157
6,86900000;0,66351086
6,87000000;0,66495206
6,87100000;0,66639518
6,87200000;0,66784023
6,87300000;0,66928720
6,87400000;0,67073612
6,87500000;0,67218698
6,87600000;0,67363979
6,87700000;0,67509456
6,87800000;0,67655130
6,87900000;0,67801000
6,88000000;0,67947069
6,88100000;0,68093337
6,88200000;0,68239803
6,88300000;0,68386470
6,88400000;0,68533338
6,88500000;0,68680407
6,88600000;0,68827678
6,88700000;0,68975152
6,88800000;0,69122829
6,88900000;0,69270711
6,89000000;0,69418798
6,89100000;0,69567090
6,89200000;0,69715589
6,89300000;0,69864296
6,89400000;0,70013210
6,89500000;0,70162333
6,89600000;0,70311665
6,89700000;0,70461207
6,89800000;0,70610961
6,89900000;0,70760926
6,90000000;0,70911103
6,90100000;0,71061493
6,90200000;0,71212098
6,90300000;0,71362917
6,90400000;0,71513951
6,90500000;0,71665201
6,90600000;0,71816669
6,90700000;0,71968354
6,90800000;0,72120258
6,90900000;0,72272381
6,91000000;0,72424724
6,91100000;0,72577288
6,91200000;0,72730073
6,91300000;0,72883081
6,91400000;0,73036312
6,91500000;0,73189767
6,91600000;0,73343447
6,91700000;0,73497352
6,91800000;0,73651484
6,91900000;0,73805843
6,92000000;0,73960430
6,92100000;0,74115246
6,92200000;0,74270292
6,92300000;0,74425568
6,92400000;0,74581075
6,92500000;0,74736814
6,92600000;0,74892787
6,92700000;0,75048993
6,92800000;0,75205434
6,92900000;0,75362110
6,93000000;0,75519023
6,93100000;0,75676172
6,93200000;0,75833560
6,93300000;0,75991187
6,93400000;0,76149053
6,93500000;0,76307161
6,93600000;0,76465509
6,93700000;0,76624100
6,93800000;0,76782934
6,93900000;0,76942012
6,94000000;0,77101336
6,94100000;0,77260905
6,94200000;0,77420720
6,94300000;0,77580784
6,94400000;0,77741096
6,94500000;0,77901657
6,94600000;0,78062469
6,94700000;0,78223532
6,94800000;0,78384848
6,94900000;0,78546416
6,95000000;0,78708238
6,95100000;0,78870316
6,95200000;0,79032649
6,95300000;0,79195239
6,95400000;0,79358087
6,95500000;0,79521193
6,95600000;0,79684559
6,95700000;0,79848185
6,95800000;0,80012073
6,95900000;0,80176224
6,96000000;0,80340638
6,96100000;0,80505316
6,96200000;0,80670260
6,96300000;0,80835470
6,96400000;0,81000947
6,96500000;0,81166693
6,96600000;0,81332708
6,96700000;0,81498993
6,96800000;0,81665549
6,96900000;0,81832378
6,97000000;0,81999480
6,97100000;0,82166856
6,97200000;0,82334508
6,97300000;0,82502436
6,97400000;0,82670641
6,97500000;0,82839124
6,97600000;0,83007887
6,97700000;0,83176930
6,97800000;0,83346255
6,97900000;0,83515862
6,98000000;0,83685753
6,98100000;0,83855928
6,98200000;0,84026389
6,98300000;0,84197137
6,98400000;0,84368172
6,98500000;0,84539496
6,98600000;0,84711110
6,98700000;0,84883015
6,98800000;0,85055213
6,98900000;0,85227703
6,99000000;0,85400488
6,99100000;0,85573568
6,99200000;0,85746944
6,99300000;0,85920618
6,99400000;0,86094591
6,99500000;0,86268864
6,99600000;0,86443437
6,99700000;0,86618313
6,99800000;0,86793492
6,99900000;0,86968975
7,00000000;0,87144763
7,00100000;0,87320859
7,00200000;0,87497262
7,00300000;0,87673974
7,00400000;0,87850996
7,00500000;0,88028330
7,00600000;0,88205976
7,00700000;0,88383935
7,00800000;0,88562210
7,00900000;0,88740800
7,01000000;0,88919708
7,01100000;0,89098934
7,01200000;0,89278480
7,01300000;0,89458347
7,01400000;0,89638536
7,01500000;0,89819048
7,01600000;0,89999885
7,01700000;0,90181047
7,01800000;0,90362537
7,01900000;0,90544355
7,02000000;0,90726502
7,02100000;0,90908980
7,02200000;0,91091791
7,02300000;0,91274934
7,02400000;0,91458412
7,02500000;0,91642227
7,02600000;0,91826378
7,02700000;0,92010868
7,02800000;0,92195698
7,02900000;0,92380869
7,03000000;0,92566382
7,03100000;0,92752239
7,03200000;0,92938441
7,03300000;0,93124990
7,03400000;0,93311886
7,03500000;0,93499131
7,03600000;0,93686727
7,03700000;0,93874675
7,03800000;0,94062976
7,03900000;0,94251631
7,04000000;0,94440643
7,04100000;0,94630012
7,04200000;0,94819739
7,04300000;0,95009827
7,04400000;0,95200276
7,04500000;0,95391088
7,04600000;0,95582265
7,04700000;0,95773807
7,04800000;0,95965717
7,04900000;0,96157995
7,05000000;0,96350643
7,05100000;0,96543663
7,05200000;0,96737056
7,05300000;0,96930824
7,05400000;0,97124967
7,05500000;0,97319488
7,05600000;0,97514388
7,05700000;0,97709669
7,05800000;0,97905331
7,05900000;0,98101377
7,06000000;0,98297808
7,06100000;0,98494626
7,06200000;0,98691832
7,06300000;0,98889427
7,06400000;0,99087413
7,06500000;0,99285793
7,06600000;0,99484566
7,06700000;0,99683735
7,06800000;0,99883302
7,06900000;1,00083268
7,07000000;1,00283635
7,07100000;1,00484404
7,07200000;1,00685576
7,07300000;1,00887155
7,07400000;1,01089140
7,07500000;1,01291534
7,07600000;1,01494339
7,07700000;1,01697555
7,07800000;1,01901186
7,07900000;1,02105232
7,08000000;1,02309695
7,08100000;1,02514576
7,08200000;1,02719879
7,08300000;1,02925603
7,08400000;1,03131751
7,08500000;1,03338325
7,08600000;1,03545327
7,08700000;1,03752757
7,08800000;1,03960618
7,08900000;1,04168912
7,09000000;1,04377641
7,09100000;1,04586805
7,09200000;1,04796408
7,09300000;1,05006450
7,09400000;1,05216934
7,09500000;1,05427861
7,09600000;1,05639234
7,09700000;1,05851053
7,09800000;1,06063322
7,09900000;1,06276041
7,10000000;1,06489213
7,10100000;1,06702839
7,10200000;1,06916921
7,10300000;1,07131462
7,10400000;1,07346463
7,10500000;1,07561926
7,10600000;1,07777854
7,10700000;1,07994247
7,10800000;1,08211108
7,10900000;1,08428438
7,11000000;1,08646241
7,11100000;1,08864592
7,11200000;1,09083345
7,11300000;1,09302575
7,11400000;1,09522286
7,11500000;1,09742478
7,11600000;1,09963154
7,11700000;1,10184316
7,11800000;1,10405966
7,11900000;1,10628106
7,12000000;1,10850738
7,12100000;1,11073864
7,12200000;1,11297487
7,12300000;1,11521607
7,12400000;1,11746228
7,12500000;1,11971352
7,12600000;1,12196980
7,12700000;1,12423115
7,12800000;1,12649760
7,12900000;1,12876915
7,13000000;1,13104584
7,13100000;1,13332768
7,13200000;1,13561470
7,13300000;1,13790693
7,13400000;1,14020437
7,13500000;1,14250706
7,13600000;1,14481502
7,13700000;1,14712827
7,13800000;1,14944683
7,13900000;1,15177072
7,14000000;1,15409998
7,14100000;1,15643462
7,14200000;1,15877467
7,14300000;1,16112014
7,14400000;1,16347107
7,14500000;1,16582747
7,14600000;1,16818938
7,14700000;1,17055681
7,14800000;1,17292979
7,14900000;1,17530834
7,15000000;1,17769249
7,15100000;1,18008226
7,15200000;1,18247768
7,15300000;1,18487877
7,15400000;1,18728556
7,15500000;1,18969807
7,15600000;1,19211633
7,15700000;1,19454036
7,15800000;1,19697018
7,15900000;1,19940583
7,16000000;1,20184733
7,16100000;1,20429471
7,16200000;1,20674799
7,16300000;1,20920720
7,16400000;1,21167236
7,16500000;1,21414350
7,16600000;1,21662065
7,16700000;1,21910383
7,16800000;1,22159308
7,16900000;1,22408842
7,17000000;1,22658987
7,17100000;1,22909746
7,17200000;1,23161123
7,17300000;1,23413120
7,17400000;1,23665739
7,17500000;1,23918985
7,17600000;1,24172858
7,17700000;1,24427363
7,17800000;1,24682502
7,17900000;1,24938278
7,18000000;1,25194694
7,18100000;1,25451752
7,18200000;1,25709457
7,18300000;1,25967810
7,18400000;1,26226815
7,18500000;1,26486474
7,18600000;1,26746792
7,18700000;1,27007770
7,18800000;1,27269411
7,18900000;1,27531720
7,19000000;1,27794699
7,19100000;1,28058350
7,19200000;1,28322678
7,19300000;1,28587685
7,19400000;1,28853374
7,19500000;1,29119749
7,19600000;1,29386812
7,19700000;1,29654568
7,19800000;1,29923019
7,19900000;1,30192168
7,20000000;1,30462019
7,20100000;1,30732575
7,20200000;1,31003840
7,20300000;1,31275816
7,20400000;1,31548507
7,20500000;1,31821916
7,20600000;1,32096048
7,20700000;1,32370904
7,20800000;1,32646489
7,20900000;1,32922806
7,21000000;1,33199859
7,21100000;1,33477651
7,21200000;1,33756185
7,21300000;1,34035465
7,21400000;1,34315495
7,21500000;1,34596279
7,21600000;1,34877819
7,21700000;1,35160120
7,21800000;1,35443184
7,21900000;1,35727017
7,22000000;1,36011621
7,22100000;1,36297001
7,22200000;1,36583159
7,22300000;1,36870100
7,22400000;1,37157828
7,22500000;1,37446346
7,22600000;1,37735658
7,22700000;1,38025769
7,22800000;1,38316681
7,22900000;1,38608399
7,23000000;1,38900927
7,23100000;1,39194269
7,23200000;1,39488428
7,23300000;1,39783410
7,23400000;1,40079217
7,23500000;1,40375854
7,23600000;1,40673325
7,23700000;1,40971634
7,23800000;1,41270785
7,23900000;1,41570783
7,24000000;1,41871631
7,24100000;1,42173335
7,24200000;1,42475897
7,24300000;1,42779323
7,24400000;1,43083616
7,24500000;1,43388781
7,24600000;1,43694823
7,24700000;1,44001746
7,24800000;1,44309554
7,24900000;1,44618251
7,25000000;1,44927843
7,25100000;1,45238333
7,25200000;1,45549727
7,25300000;1,45862028
7,25400000;1,46175242
7,25500000;1,46489373
7,25600000;1,46804425
7,25700000;1,47120404
7,25800000;1,47437314
7,25900000;1,47755159
7,26000000;1,48073946
7,26100000;1,48393678
7,26200000;1,48714360
7,26300000;1,49035997
7,26400000;1,49358595
7,26500000;1,49682158
7,26600000;1,50006690
7,26700000;1,50332334
7,26800000;1,50658823
7,26900000;1,50986297
7,27000000;1,51314762
7,27100000;1,51644222
7,27200000;1,51974683
7,27300000;1,52306150
7,27400000;1,52638629
7,27500000;1,52972123
7,27600000;1,53306640
7,27700000;1,53642184
7,27800000;1,53978760
7,27900000;1,54316375
7,28000000;1,54655033
7,28100000;1,54994741
7,28200000;1,55335503
7,28300000;1,55677325
7,28400000;1,56020213
7,28500000;1,56364173
7,28600000;1,56709210
7,28700000;1,57055331
7,28800000;1,57402540
7,28900000;1,57750844
7,29000000;1,58100249
7,29100000;1,58450760
7,29200000;1,58802384
7,29300000;1,59155126
7,29400000;1,59508993
7,29500000;1,59863991
7,29600000;1,60220125
7,29700000;1,60577403
7,29800000;1,60935830
7,29900000;1,61295412
7,30000000;1,61656156
7,30100000;1,62018068
7,30200000;1,62381155
7,30300000;1,62745424
7,30400000;1,63110879
7,30500000;1,63477529
7,30600000;1,63845380
7,30700000;1,64214438
7,30800000;1,64584710
7,30900000;1,64956203
7,31000000;1,65328923
7,31100000;1,65702878
7,31200000;1,66078075
7,31300000;1,66454519
7,31400000;1,66832219
7,31500000;1,67211182
7,31600000;1,67591414
7,31700000;1,67972922
7,31800000;1,68355714
7,31900000;1,68739798
7,32000000;1,69125179
7,32100000;1,69511867
7,32200000;1,69899867
7,32300000;1,70289189
7,32400000;1,70679838
7,32500000;1,71071824
7,32600000;1,71465153
7,32700000;1,71859833
7,32800000;1,72255871
7,32900000;1,72653277
7,33000000;1,73052057
7,33100000;1,73452220
7,33200000;1,73853774
7,33300000;1,74256726
7,33400000;1,74661085
7,33500000;1,75066859
7,33600000;1,75474056
7,33700000;1,75882685
7,33800000;1,76292754
7,33900000;1,76704271
7,34000000;1,77117245
7,34100000;1,77531684
7,34200000;1,77947598
7,34300000;1,78364994
7,34400000;1,78783882
7,34500000;1,79204271
7,34600000;1,79626169
7,34700000;1,80049586
7,34800000;1,80474530
7,34900000;1,80901010
7,35000000;1,81329036
7,35100000;1,81758618
7,35200000;1,82189764
7,35300000;1,82622484
7,35400000;1,83056787
7,35500000;1,83492683
7,35600000;1,83930182
7,35700000;1,84369293
7,35800000;1,84810026
7,35900000;1,85252391
7,36000000;1,85696399
7,36100000;1,86142058
7,36200000;1,86589380
7,36300000;1,87038374
7,36400000;1,87489050
7,36500000;1,87941420
7,36600000;1,88395494
7,36700000;1,88851281
7,36800000;1,89308794
7,36900000;1,89768042
7,37000000;1,90229036
7,37100000;1,90691788
7,37200000;1,91156307
7,37300000;1,91622606
7,37400000;1,92090696
7,37500000;1,92560587
7,37600000;1,93032292
7,37700000;1,93505821
7,37800000;1,93981186
7,37900000;1,94458399
7,38000000;1,94937472
7,38100000;1,95418416
7,38200000;1,95901243
7,38300000;1,96385966
7,38400000;1,96872597
7,38500000;1,97361147
7,38600000;1,97851630
7,38700000;1,98344057
7,38800000;1,98838442
7,38900000;1,99334796
7,39000000;1,99833134
7,39100000;2,00333467
7,39200000;2,00835808
7,39300000;2,01340172
7,39400000;2,01846571
7,39500000;2,02355018
7,39600000;2,02865527
7,39700000;2,03378111
7,39800000;2,03892785
7,39900000;2,04409562
7,40000000;2,04928455
7,40100000;2,05449480
7,40200000;2,05972650
7,40300000;2,06497980
7,40400000;2,07025484
7,40500000;2,07555177
7,40600000;2,08087073
7,40700000;2,08621187
7,40800000;2,09157534
7,40900000;2,09696130
7,41000000;2,10236989
7,41100000;2,10780127
7,41200000;2,11325560
7,41300000;2,11873303
7,41400000;2,12423372
7,41500000;2,12975783
7,41600000;2,13530551
7,41700000;2,14087695
7,41800000;2,14647228
7,41900000;2,15209169
7,42000000;2,15773534
7,42100000;2,16340340
7,42200000;2,16909603
7,42300000;2,17481342
7,42400000;2,18055573
7,42500000;2,18632313
7,42600000;2,19211581
7,42700000;2,19793394
7,42800000;2,20377770
7,42900000;2,20964728
7,43000000;2,21554285
7,43100000;2,22146461
7,43200000;2,22741273
7,43300000;2,23338741
7,43400000;2,23938884
7,43500000;2,24541721
7,43600000;2,25147271
7,43700000;2,25755554
7,43800000;2,26366590
7,43900000;2,26980398
7,44000000;2,27596999
7,44100000;2,28216413
7,44200000;2,28838661
7,44300000;2,29463764
7,44400000;2,30091742
7,44500000;2,30722616
7,44600000;2,31356408
7,44700000;2,31993140
7,44800000;2,32632832
7,44900000;2,33275508
7,45000000;2,33921190
7,45100000;2,34569899
7,45200000;2,35221659
7,45300000;2,35876492
7,45400000;2,36534422
7,45500000;2,37195472
7,45600000;2,37859665
7,45700000;2,38527025
7,45800000;2,39197576
7,45900000;2,39871343
7,46000000;2,40548351
7,46100000;2,41228623
7,46200000;2,41912185
7,46300000;2,42599062
7,46400000;2,43289280
7,46500000;2,43982865
7,46600000;2,44679843
7,46700000;2,45380239
7,46800000;2,46084082
7,46900000;2,46791397
7,47000000;2,47502212
7,47100000;2,48216554
7,47200000;2,48934451
7,47300000;2,49655932
7,47400000;2,50381023
7,47500000;2,51109755
7,47600000;2,51842156
7,47700000;2,52578256
7,47800000;2,53318083
7,47900000;2,54061668
7,48000000;2,54809041
7,48100000;2,55560232
7,48200000;2,56315273
7,48300000;2,57074194
7,48400000;2,57837027
7,48500000;2,58603804
7,48600000;2,59374558
7,48700000;2,60149320
7,48800000;2,60928123
7,48900000;2,61711002
7,49000000;2,62497989
7,49100000;2,63289118
7,49200000;2,64084424
7,49300000;2,64883943
7,49400000;2,65687707
7,49500000;2,66495755
7,49600000;2,67308120
7,49700000;2,68124841
7,49800000;2,68945953
7,49900000;2,69771493
7,50000000;2,70601500
7,50100000;2,71436011
7,50200000;2,72275064
7,50300000;2,73118699
7,50400000;2,73966955
7,50500000;2,74819872
7,50600000;2,75677489
7,50700000;2,76539848
7,50800000;2,77406990
7,50900000;2,78278956
7,51000000;2,79155789
7,51100000;2,80037531
7,51200000;2,80924225
7,51300000;2,81815916
7,51400000;2,82712646
7,51500000;2,83614461
7,51600000;2,84521406
7,51700000;2,85433526
7,51800000;2,86350869
7,51900000;2,87273480
7,52000000;2,88201407
7,52100000;2,89134699
7,52200000;2,90073402
7,52300000;2,91017568
7,52400000;2,91967245
7,52500000;2,92922484
7,52600000;2,93883336
7,52700000;2,94849851
7,52800000;2,95822083
7,52900000;2,96800085
7,53000000;2,97783909
7,53100000;2,98773610
7,53200000;2,99769242
7,53300000;3,00770862
7,53400000;3,01778525
7,53500000;3,02792289
7,53600000;3,03812210
7,53700000;3,04838347
7,53800000;3,05870760
7,53900000;3,06909507
7,54000000;3,07954651
7,54100000;3,09006251
7,54200000;3,10064371
7,54300000;3,11129073
7,54400000;3,12200420
7,54500000;3,13278478
7,54600000;3,14363312
7,54700000;3,15454988
7,54800000;3,16553574
7,54900000;3,17659136
7,55000000;3,18771745
7,55100000;3,19891470
7,55200000;3,21018382
7,55300000;3,22152553
7,55400000;3,23294054
7,55500000;3,24442960
7,55600000;3,25599346
7,55700000;3,26763287
7,55800000;3,27934859
7,55900000;3,29114140
7,56000000;3,30301210
7,56100000;3,31496147
7,56200000;3,32699033
7,56300000;3,33909950
7,56400000;3,35128981
7,56500000;3,36356209
7,56600000;3,37591722
7,56700000;3,38835604
7,56800000;3,40087945
7,56900000;3,41348833
7,57000000;3,42618358
7,57100000;3,43896613
7,57200000;3,45183689
7,57300000;3,46479683
7,57400000;3,47784688
7,57500000;3,49098801
7,57600000;3,50422123
7,57700000;3,51754751
7,57800000;3,53096787
7,57900000;3,54448335
7,58000000;3,55809498
7,58100000;3,57180381
7,58200000;3,58561093
7,58300000;3,59951742
7,58400000;3,61352438
7,58500000;3,62763294
7,58600000;3,64184423
7,58700000;3,65615941
7,58800000;3,67057966
7,58900000;3,68510615
7,59000000;3,69974011
7,59100000;3,71448275
7,59200000;3,72933532
7,59300000;3,74429909
7,59400000;3,75937533
7,59500000;3,77456536
7,59600000;3,78986854
7,59700000;3,80529010
7,59800000;3,82082948
7,59900000;3,83648805
7,60000000;3,85226724
7,60100000;3,86816848
7,60200000;3,88419320
7,60300000;3,90034290
7,60400000;3,91661907
7,60500000;3,93302324
7,60600000;3,94955695
7,60700000;3,96622178
7,60800000;3,98301933
7,60900000;3,99995123
7,61000000;4,01701913
7,61100000;4,03422470
7,61200000;4,05156965
7,61300000;4,06905573
7,61400000;4,08668469
7,61500000;4,10445833
7,61600000;4,12237848
7,61700000;4,14044698
7,61800000;4,15866573
7,61900000;4,17703665
7,62000000;4,19556168
7,62100000;4,21424281
7,62200000;4,23308206
7,62300000;4,25208149
7,62400000;4,27124318
7,62500000;4,29056926
7,62600000;4,31006190
7,62700000;4,32972329
7,62800000;4,34955568
7,62900000;4,36956134
7,63000000;4,38974261
7,63100000;4,41010184
7,63200000;4,43064144
7,63300000;4,45136385
7,63400000;4,47227158
7,63500000;4,49336716
7,63600000;4,51465317
7,63700000;4,53613225
7,63800000;4,55780709
7,63900000;4,57968040
7,64000000;4,60175499
7,64100000;4,62403368
7,64200000;4,64651936
7,64300000;4,66921498
7,64400000;4,69212354
7,64500000;4,71524808
7,64600000;4,73859174
7,64700000;4,76215768
7,64800000;4,78594915
7,64900000;4,80996944
7,65000000;4,83422192
7,65100000;4,85871002
7,65200000;4,88343725
7,65300000;4,90840717
7,65400000;4,93362343
7,65500000;4,95908973
7,65600000;4,98480988
7,65700000;5,01078772
7,65800000;5,03702722
7,65900000;5,06353240
7,66000000;5,09030736
7,66100000;5,11735630
7,66200000;5,14468351
7,66300000;5,17229334
7,66400000;5,20019028
7,66500000;5,22837887
7,66600000;5,25686377
7,66700000;5,28564974
7,66800000;5,31474163
7,66900000;5,34414441
7,67000000;5,37386314
7,67100000;5,40390300
7,67200000;5,43426929
7,67300000;5,46496743
7,67400000;5,49600293
7,67500000;5,52738147
7,67600000;5,55910881
7,67700000;5,59119088
7,67800000;5,62363373
7,67900000;5,65644352
7,68000000;5,68962661
7,68100000;5,72318945
7,68200000;5,75713868
7,68300000;5,79148108
7,68400000;5,82622357
7,68500000;5,86137328
7,68600000;5,89693747
7,68700000;5,93292358
7,68800000;5,96933925
7,68900000;6,00619229
7,69000000;6,04349070
7,69100000;6,08124267
7,69200000;6,11945661
7,69300000;6,15814112
7,69400000;6,19730504
7,69500000;6,23695741
7,69600000;6,27710750
7,69700000;6,31776484
7,69800000;6,35893916
7,69900000;6,40064049
7,70000000;6,44287908
7,70100000;6,48566549
7,70200000;6,52901051
7,70300000;6,57292526
7,70400000;6,61742112
7,70500000;6,66250980
7,70600000;6,70820332
7,70700000;6,75451402
7,70800000;6,80145459
7,70900000;6,84903806
7,71000000;6,89727783
7,71100000;6,94618767
7,71200000;6,99578174
7,71300000;7,04607459
7,71400000;7,09708121
7,71500000;7,14881700
7,71600000;7,20129782
7,71700000;7,25453998
7,71800000;7,30856028
7,71900000;7,36337602
7,72000000;7,41900501
7,72100000;7,47546559
7,72200000;7,53277666
7,72300000;7,59095772
7,72400000;7,65002883
7,72500000;7,71001070
7,72600000;7,77092468
7,72700000;7,83279279
7,72800000;7,89563776
7,72900000;7,95948303
7,73000000;8,02435280
7,73100000;8,09027207
7,73200000;8,15726666
7,73300000;8,22536322
7,73400000;8,29458931
7,73500000;8,36497341
7,73600000;8,43654496
7,73700000;8,50933443
7,73800000;8,58337331
7,73900000;8,65869421
7,74000000;8,73533085
7,74100000;8,81331820
7,74200000;8,89269242
7,74300000;8,97349101
7,74400000;9,05575282
7,74500000;9,13951814
7,74600000;9,22482873
7,74700000;9,31172793
7,74800000;9,40026071
7,74900000;9,49047375
7,75000000;9,58241552
7,75100000;9,67613640
7,75200000;9,77168871
7,75300000;9,86912686
7,75400000;9,96850745
7,75500000;10,06988934
7,75600000;10,17333381
7,75700000;10,27890467
7,75800000;10,38666838
7,75900000;10,49669420
7,76000000;10,60905434
7,76100000;10,72382412
7,76200000;10,84108212
7,76300000;10,96091040
7,76400000;11,08339466
7,76500000;11,20862442
7,76600000;11,33669332
7,76700000;11,46769928
7,76800000;11,60174477
7,76900000;11,73893710
7,77000000;11,87938868
7,77100000;12,02321734
7,77200000;12,17054666
7,77300000;12,32150632
7,77400000;12,47623251
7,77500000;12,63486827
7,77600000;12,79756402
7,77700000;12,96447798
7,77800000;13,13577669
7,77900000;13,31163560
7,78000000;13,49223962
7,78100000;13,67778380
7,78200000;13,86847405
7,78300000;14,06452785
7,78400000;14,26617514
7,78500000;14,47365918
7,78600000;14,68723754
7,78700000;14,90718319
7,78800000;15,13378561
7,78900000;15,36735214
7,79000000;15,60820933
7,79100000;15,85670443
7,79200000;16,11320715
7,79300000;16,37811142
7,79400000;16,65183746
7,79500000;16,93483396
7,79600000;17,22758059
7,79700000;17,53059068
7,79800000;17,84441425
7,79900000;18,16964131
7,80000000;18,50690563
7,80100000;18,85688880
7,80200000;19,22032485
7,80300000;19,59800542
7,80400000;19,99078551
7,80500000;20,39958993
7,80600000;20,82542059
7,80700000;21,26936471
7,80800000;21,73260407
7,80900000;22,21642556
7,81000000;22,72223311
7,81100000;23,25156129
7,81200000;23,80609090
7,81300000;24,38766678
7,81400000;24,99831835
7,81500000;25,64028328
7,81600000;26,31603488
7,81700000;27,02831402
7,81800000;27,78016621
7,81900000;28,57498526
7,82000000;29,41656444
7,82100000;30,30915708
7,82200000;31,25754849
7,82300000;32,26714180
7,82400000;33,34406101
7,82500000;34,49527537
7,82600000;35,72875037
7,82700000;37,05363243
7,82800000;38,48047608
7,82900000;40,02152588
7,83000000;41,69106871
7,83100000;43,50587814
7,83200000;45,48578010
7,83300000;47,65438022
7,83400000;50,04000970
7,83500000;52,67697003
7,83600000;55,60719321
7,83700000;58,88248842
7,83800000;62,56763230
7,83900000;66,74469676
7,84000000;71,51923417
7,84100000;77,02932129
7,84200000;83,45913220
7,84300000;91,05992728
7,84400000;100,18365914
7,84500000;111,33902906
7,84600000;125,28968416
7,84700000;143,23680880
7,84800000;167,18487745
7,84900000;200,74795669
7,85000000;251,17113413
7,85100000;335,42013258
7,85200000;504,71198133
7,85300000;1019,03103564
7,85400000;-54448,35607462
7,85500000;-981,96463632
7,85600000;-495,44923608
7,85700000;-331,30355243
7,85800000;-248,85534609
7,85900000;-199,26552669
7,86000000;-166,15503713
7,86100000;-142,47978917
7,86200000;-124,70967148
7,86300000;-110,88031593
7,86400000;-99,81166119
7,86500000;-90,75204385
7,86600000;-83,19997211
7,86700000;-76,80804163
7,86800000;-71,32797641
7,86900000;-66,58012930
7,87000000;-62,42299645
7,87100000;-58,75437107
7,87200000;-55,49291824
7,87300000;-52,57440965
7,87400000;-49,94745085
7,87500000;-47,57042826
7,87600000;-45,40928811
7,87700000;-43,43589427
7,87800000;-41,62679642
7,87900000;-39,96229350
7,88000000;-38,42571325
7,88100000;-37,00285172
7,88200000;-35,68153273
7,88300000;-34,45125854
7,88400000;-33,30293023
7,88500000;-32,22862225
7,88600000;-31,22139919
7,88700000;-30,27516579
7,88800000;-29,38454353
7,88900000;-28,54476824
7,89000000;-27,75160482
7,89100000;-27,00127582
7,89200000;-26,29040119
7,89300000;-25,61594743
7,89400000;-24,97518421
7,89500000;-24,36564747
7,89600000;-23,78510774
7,89700000;-23,23154282
7,89800000;-22,70311430
7,89900000;-22,19814709
7,90000000;-21,71511171
7,90100000;-21,25260882
7,90200000;-20,80935562
7,90300000;-20,38417400
7,90400000;-19,97598007
7,90500000;-19,58377490
7,90600000;-19,20663640
7,90700000;-18,84371202
7,90800000;-18,49421237
7,90900000;-18,15740543
7,91000000;-17,83261145
7,91100000;-17,51919838
7,91200000;-17,21657774
7,91300000;-16,92420092
7,91400000;-16,64155590
7,91500000;-16,36816420
7,91600000;-16,10357823
7,91700000;-15,84737876
7,91800000;-15,59917281
7,91900000;-15,35859155
7,92000000;-15,12528849
7,92100000;-14,89893783
7,92200000;-14,67923293
7,92300000;-14,46588493
7,92400000;-14,25862145
7,92500000;-14,05718548
7,92600000;-13,86133425
7,92700000;-13,67083831
7,92800000;-13,48548062
7,92900000;-13,30505569
7,93000000;-13,12936886
7,93100000;-12,95823556
7,93200000;-12,79148071
7,93300000;-12,62893806
7,93400000;-12,47044971
7,93500000;-12,31586552
7,93600000;-12,16504269
7,93700000;-12,01784529
7,93800000;-11,87414389
7,93900000;-11,73381510
7,94000000;-11,59674132
7,94100000;-11,46281031
7,94200000;-11,33191497
7,94300000;-11,20395298
7,94400000;-11,07882660
7,94500000;-10,95644235
7,94600000;-10,83671084
7,94700000;-10,71954650
7,94800000;-10,60486743
7,94900000;-10,49259516
7,95000000;-10,38265449
7,95100000;-10,27497332
7,95200000;-10,16948250
7,95300000;-10,06611566
7,95400000;-9,96480909
7,95500000;-9,86550161
7,95600000;-9,76813444
7,95700000;-9,67265107
7,95800000;-9,57899716
7,95900000;-9,48712046
7,96000000;-9,39697068
7,96100000;-9,30849941
7,96200000;-9,22166002
7,96300000;-9,13640761
7,96400000;-9,05269891
7,96500000;-8,97049221
7,96600000;-8,88974727
7,96700000;-8,81042529
7,96800000;-8,73248884
7,96900000;-8,65590177
7,97000000;-8,58062920
7,97100000;-8,50663741
7,97200000;-8,43389386
7,97300000;-8,36236709
7,97400000;-8,29202666
7,97500000;-8,22284319
7,97600000;-8,15478821
7,97700000;-8,08783422
7,97800000;-8,02195457
7,97900000;-7,95712349
7,98000000;-7,89331601
7,98100000;-7,83050796
7,98200000;-7,76867591
7,98300000;-7,70779718
7,98400000;-7,64784976
7,98500000;-7,58881233
7,98600000;-7,53066421
7,98700000;-7,47338535
7,98800000;-7,41695627
7,98900000;-7,36135811
7,99000000;-7,30657254
7,99100000;-7,25258176
7,99200000;-7,19936850
7,99300000;-7,14691597
7,99400000;-7,09520789
7,99500000;-7,04422840
7,99600000;-6,99396213
7,99700000;-6,94439411
7,99800000;-6,89548498
7,99900000;-6,84726970
8,00000000;-6,79971022
8,00100000;-6,75279315
8,00200000;-6,70650547
8,00300000;-6,66083451
8,00400000;-6,61576794
8,00500000;-6,57129376
8,00600000;-6,52740026
8,00700000;-6,48407607
8,00800000;-6,44131009
8,00900000;-6,39909152
8,01000000;-6,35740985
8,01100000;-6,31625479
8,01200000;-6,27561637
8,01300000;-6,23548483
8,01400000;-6,19585066
8,01500000;-6,15670461
8,01600000;-6,11803763
8,01700000;-6,07984090
8,01800000;-6,04210583
8,01900000;-6,00482402
8,02000000;-5,96798727
8,02100000;-5,93158761
8,02200000;-5,89561721
8,02300000;-5,86006846
8,02400000;-5,82493391
8,02500000;-5,79020632
8,02600000;-5,75587856
8,02700000;-5,72194372
8,02800000;-5,68839501
8,02900000;-5,65522583
8,03000000;-5,62242969
8,03100000;-5,59000028
8,03200000;-5,55793141
8,03300000;-5,52621705
8,03400000;-5,49485128
8,03500000;-5,46382832
8,03600000;-5,43314254
8,03700000;-5,40278839
8,03800000;-5,37276047
8,03900000;-5,34305350
8,04000000;-5,31366229
8,04100000;-5,28458178
8,04200000;-5,25580701
8,04300000;-5,22733313
8,04400000;-5,19915538
8,04500000;-5,17126912
8,04600000;-5,14366979
8,04700000;-5,11635294
8,04800000;-5,08931418
8,04900000;-5,06254925
8,05000000;-5,03605395
8,05100000;-5,00982418
8,05200000;-4,98385591
8,05300000;-4,95814520
8,05400000;-4,93268819
8,05500000;-4,90748109
8,05600000;-4,88252019
8,05700000;-4,85780185
8,05800000;-4,83332250
8,05900000;-4,80907864
8,06000000;-4,78506685
8,06100000;-4,76128376
8,06200000;-4,73772608
8,06300000;-4,71439056
8,06400000;-4,69127404
8,06500000;-4,66837339
8,06600000;-4,64568557
8,06700000;-4,62320757
8,06800000;-4,60093646
8,06900000;-4,57886935
8,07000000;-4,55700340
8,07100000;-4,53533583
8,07200000;-4,51386392
8,07300000;-4,49258497
8,07400000;-4,47149637
8,07500000;-4,45059552
8,07600000;-4,42987989
8,07700000;-4,40934698
8,07800000;-4,38899436
8,07900000;-4,36881961
8,08000000;-4,34882037
8,08100000;-4,32899432
8,08200000;-4,30933919
8,08300000;-4,28985273
8,08400000;-4,27053275
8,08500000;-4,25137708
8,08600000;-4,23238359
8,08700000;-4,21355021
8,08800000;-4,19487486
8,08900000;-4,17635555
8,09000000;-4,15799027
8,09100000;-4,13977709
8,09200000;-4,12171409
8,09300000;-4,10379937
8,09400000;-4,08603109
8,09500000;-4,06840743
8,09600000;-4,05092658
8,09700000;-4,03358679
8,09800000;-4,01638632
8,09900000;-3,99932346
8,10000000;-3,98239654
8,10100000;-3,96560391
8,10200000;-3,94894393
8,10300000;-3,93241502
8,10400000;-3,91601559
8,10500000;-3,89974411
8,10600000;-3,88359904
8,10700000;-3,86757888
8,10800000;-3,85168217
8,10900000;-3,83590745
8,11000000;-3,82025328
8,11100000;-3,80471826
8,11200000;-3,78930101
8,11300000;-3,77400016
8,11400000;-3,75881437
8,11500000;-3,74374231
8,11600000;-3,72878268
8,11700000;-3,71393419
8,11800000;-3,69919560
8,11900000;-3,68456564
8,12000000;-3,67004309
8,12100000;-3,65562676
8,12200000;-3,64131544
8,12300000;-3,62710796
8,12400000;-3,61300318
8,12500000;-3,59899996
8,12600000;-3,58509716
8,12700000;-3,57129370
8,12800000;-3,55758847
8,12900000;-3,54398042
8,13000000;-3,53046848
8,13100000;-3,51705161
8,13200000;-3,50372878
8,13300000;-3,49049899
8,13400000;-3,47736123
8,13500000;-3,46431453
8,13600000;-3,45135791
8,13700000;-3,43849042
8,13800000;-3,42571111
8,13900000;-3,41301906
8,14000000;-3,40041513
8,14100000;-3,38789487
8,14200000;-3,37545916
8,14300000;-3,36310711
8,14400000;-3,35083787
8,14500000;-3,33865058
8,14600000;-3,32654440
8,14700000;-3,31451849
8,14800000;-3,30257204
8,14900000;-3,29070424
8,15000000;-3,27891429
8,15100000;-3,26720140
8,15200000;-3,25556480
8,15300000;-3,24400372
8,15400000;-3,23251741
8,15500000;-3,22110512
8,15600000;-3,20976611
8,15700000;-3,19849966
8,15800000;-3,18730505
8,15900000;-3,17618158
8,16000000;-3,16512854
8,16100000;-3,15414525
8,16200000;-3,14323103
8,16300000;-3,13238520
8,16400000;-3,12160711
8,16500000;-3,11089610
8,16600000;-3,10025152
8,16700000;-3,08967274
8,16800000;-3,07915913
8,16900000;-3,06871007
8,17000000;-3,05832494
8,17100000;-3,04800314
8,17200000;-3,03774407
8,17300000;-3,02754714
8,17400000;-3,01741177
8,17500000;-3,00733737
8,17600000;-2,99732339
8,17700000;-2,98736926
8,17800000;-2,97747443
8,17900000;-2,96763835
8,18000000;-2,95786047
8,18100000;-2,94814026
8,18200000;-2,93847720
8,18300000;-2,92887076
8,18400000;-2,91932043
8,18500000;-2,90982570
8,18600000;-2,90038606
8,18700000;-2,89100103
8,18800000;-2,88167009
8,18900000;-2,87239279
8,19000000;-2,86316862
8,19100000;-2,85399713
8,19200000;-2,84487783
8,19300000;-2,83581028
8,19400000;-2,82679401
8,19500000;-2,81782857
8,19600000;-2,80891351
8,19700000;-2,80004839
8,19800000;-2,79123279
8,19900000;-2,78246625
8,20000000;-2,77374837
8,20100000;-2,76507872
8,20200000;-2,75645688
8,20300000;-2,74788243
8,20400000;-2,73935499
8,20500000;-2,73087413
8,20600000;-2,72243947
8,20700000;-2,71405061
8,20800000;-2,70570716
8,20900000;-2,69740874
8,21000000;-2,68915496
8,21100000;-2,68094546
8,21200000;-2,67277986
8,21300000;-2,66465779
8,21400000;-2,65657889
8,21500000;-2,64854281
8,21600000;-2,64054917
8,21700000;-2,63259764
8,21800000;-2,62468787
8,21900000;-2,61681951
8,22000000;-2,60899222
8,22100000;-2,60120567
8,22200000;-2,59345953
8,22300000;-2,58575345
8,22400000;-2,57808713
8,22500000;-2,57046023
8,22600000;-2,56287244
8,22700000;-2,55532345
8,22800000;-2,54781293
8,22900000;-2,54034059
8,23000000;-2,53290612
8,23100000;-2,52550921
8,23200000;-2,51814957
8,23300000;-2,51082691
8,23400000;-2,50354092
8,23500000;-2,49629132
8,23600000;-2,48907783
8,23700000;-2,48190016
8,23800000;-2,47475802
8,23900000;-2,46765115
8,24000000;-2,46057927
8,24100000;-2,45354210
8,24200000;-2,44653939
8,24300000;-2,43957085
8,24400000;-2,43263623
8,24500000;-2,42573526
8,24600000;-2,41886770
8,24700000;-2,41203327
8,24800000;-2,40523174
8,24900000;-2,39846285
8,25000000;-2,39172635
8,25100000;-2,38502199
8,25200000;-2,37834954
8,25300000;-2,37170876
8,25400000;-2,36509940
8,25500000;-2,35852122
8,25600000;-2,35197401
8,25700000;-2,34545751
8,25800000;-2,33897152
8,25900000;-2,33251580
8,26000000;-2,32609012
8,26100000;-2,31969426
8,26200000;-2,31332801
8,26300000;-2,30699114
8,26400000;-2,30068345
8,26500000;-2,29440471
8,26600000;-2,28815472
8,26700000;-2,28193326
8,26800000;-2,27574014
8,26900000;-2,26957513
8,27000000;-2,26343805
8,27100000;-2,25732869
8,27200000;-2,25124684
8,27300000;-2,24519232
8,27400000;-2,23916492
8,27500000;-2,23316445
8,27600000;-2,22719073
8,27700000;-2,22124355
8,27800000;-2,21532274
8,27900000;-2,20942810
8,28000000;-2,20356214
8,28100000;-2,19771933
8,28200000;-2,19190214
8,28300000;-2,18611040
8,28400000;-2,18034393
8,28500000;-2,17460254
8,28600000;-2,16888608
8,28700000;-2,16319435
8,28800000;-2,15752720
8,28900000;-2,15188445
8,29000000;-2,14626594
8,29100000;-2,14067148
8,29200000;-2,13510093
8,29300000;-2,12955412
8,29400000;-2,12403088
8,29500000;-2,11853105
8,29600000;-2,11305448
8,29700000;-2,10760100
8,29800000;-2,10217047
8,29900000;-2,09676271
8,30000000;-2,09137759
8,30100000;-2,08601494
8,30200000;-2,08067462
8,30300000;-2,07535648
8,30400000;-2,07006037
8,30500000;-2,06478613
8,30600000;-2,05953364
8,30700000;-2,05430273
8,30800000;-2,04909327
8,30900000;-2,04390512
8,31000000;-2,03873813
8,31100000;-2,03359217
8,31200000;-2,02846709
8,31300000;-2,02336277
8,31400000;-2,01827905
8,31500000;-2,01321582
8,31600000;-2,00817294
8,31700000;-2,00315026
8,31800000;-1,99814767
8,31900000;-1,99316503
8,32000000;-1,98820222
8,32100000;-1,98325910
8,32200000;-1,97833554
8,32300000;-1,97343143
8,32400000;-1,96854664
8,32500000;-1,96368104
8,32600000;-1,95883452
8,32700000;-1,95400694
8,32800000;-1,94919819
8,32900000;-1,94440815
8,33000000;-1,93963671
8,33100000;-1,93488374
8,33200000;-1,93014912
8,33300000;-1,92543275
8,33400000;-1,92073450
8,33500000;-1,91605427
8,33600000;-1,91139194
8,33700000;-1,90674740
8,33800000;-1,90212053
8,33900000;-1,89751124
8,34000000;-1,89291940
8,34100000;-1,88834492
8,34200000;-1,88378767
8,34300000;-1,87924757
8,34400000;-1,87472450
8,34500000;-1,87021835
8,34600000;-1,86572903
8,34700000;-1,86125643
8,34800000;-1,85680045
8,34900000;-1,85236099
8,35000000;-1,84793794
8,35100000;-1,84353121
8,35200000;-1,83914069
8,35300000;-1,83476630
8,35400000;-1,83040793
8,35500000;-1,82606548
8,35600000;-1,82173887
8,35700000;-1,81742799
8,35800000;-1,81313275
8,35900000;-1,80885306
8,36000000;-1,80458882
8,36100000;-1,80033995
8,36200000;-1,79610635
8,36300000;-1,79188792
8,36400000;-1,78768459
8,36500000;-1,78349627
8,36600000;-1,77932285
8,36700000;-1,77516426
8,36800000;-1,77102041
8,36900000;-1,76689121
8,37000000;-1,76277657
8,37100000;-1,75867642
8,37200000;-1,75459066
8,37300000;-1,75051922
8,37400000;-1,74646200
8,37500000;-1,74241893
8,37600000;-1,73838993
8,37700000;-1,73437491
8,37800000;-1,73037379
8,37900000;-1,72638650
8,38000000;-1,72241295
8,38100000;-1,71845306
8,38200000;-1,71450676
8,38300000;-1,71057397
8,38400000;-1,70665461
8,38500000;-1,70274861
8,38600000;-1,69885588
8,38700000;-1,69497636
8,38800000;-1,69110997
8,38900000;-1,68725664
8,39000000;-1,68341628
8,39100000;-1,67958883
8,39200000;-1,67577422
8,39300000;-1,67197238
8,39400000;-1,66818322
8,39500000;-1,66440668
8,39600000;-1,66064270
8,39700000;-1,65689120
8,39800000;-1,65315210
8,39900000;-1,64942535
8,40000000;-1,64571088
8,40100000;-1,64200860
8,40200000;-1,63831847
8,40300000;-1,63464041
8,40400000;-1,63097435
8,40500000;-1,62732024
8,40600000;-1,62367799
8,40700000;-1,62004756
8,40800000;-1,61642887
8,40900000;-1,61282186
8,41000000;-1,60922646
8,41100000;-1,60564262
8,41200000;-1,60207027
8,41300000;-1,59850934
8,41400000;-1,59495978
8,41500000;-1,59142153
8,41600000;-1,58789452
8,41700000;-1,58437870
8,41800000;-1,58087400
8,41900000;-1,57738036
8,42000000;-1,57389772
8,42100000;-1,57042603
8,42200000;-1,56696523
8,42300000;-1,56351526
8,42400000;-1,56007605
8,42500000;-1,55664757
8,42600000;-1,55322974
8,42700000;-1,54982251
8,42800000;-1,54642582
8,42900000;-1,54303963
8,43000000;-1,53966386
8,43100000;-1,53629848
8,43200000;-1,53294342
8,43300000;-1,52959864
8,43400000;-1,52626407
8,43500000;-1,52293966
8,43600000;-1,51962536
8,43700000;-1,51632112
8,43800000;-1,51302689
8,43900000;-1,50974261
8,44000000;-1,50646823
8,44100000;-1,50320370
8,44200000;-1,49994898
8,44300000;-1,49670400
8,44400000;-1,49346872
8,44500000;-1,49024309
8,44600000;-1,48702706
8,44700000;-1,48382058
8,44800000;-1,48062360
8,44900000;-1,47743607
8,45000000;-1,47425795
8,45100000;-1,47108919
8,45200000;-1,46792973
8,45300000;-1,46477954
8,45400000;-1,46163856
8,45500000;-1,45850675
8,45600000;-1,45538407
8,45700000;-1,45227046
8,45800000;-1,44916588
8,45900000;-1,44607028
8,46000000;-1,44298363
8,46100000;-1,43990587
8,46200000;-1,43683696
8,46300000;-1,43377686
8,46400000;-1,43072552
8,46500000;-1,42768290
8,46600000;-1,42464895
8,46700000;-1,42162364
8,46800000;-1,41860692
8,46900000;-1,41559874
8,47000000;-1,41259907
8,47100000;-1,40960786
8,47200000;-1,40662507
8,47300000;-1,40365066
8,47400000;-1,40068459
8,47500000;-1,39772682
8,47600000;-1,39477730
8,47700000;-1,39183600
8,47800000;-1,38890288
8,47900000;-1,38597789
8,48000000;-1,38306100
8,48100000;-1,38015217
8,48200000;-1,37725136
8,48300000;-1,37435852
8,48400000;-1,37147363
8,48500000;-1,36859663
8,48600000;-1,36572751
8,48700000;-1,36286620
8,48800000;-1,36001269
8,48900000;-1,35716693
8,49000000;-1,35432888
8,49100000;-1,35149851
8,49200000;-1,34867578
8,49300000;-1,34586065
8,49400000;-1,34305309
8,49500000;-1,34025306
8,49600000;-1,33746053
8,49700000;-1,33467545
8,49800000;-1,33189780
8,49900000;-1,32912754
8,50000000;-1,32636464
8,50100000;-1,32360905
8,50200000;-1,32086075
8,50300000;-1,31811970
8,50400000;-1,31538587
8,50500000;-1,31265922
8,50600000;-1,30993971
8,50700000;-1,30722733
8,50800000;-1,30452202
8,50900000;-1,30182377
8,51000000;-1,29913253
8,51100000;-1,29644827
8,51200000;-1,29377097
8,51300000;-1,29110058
8,51400000;-1,28843708
8,51500000;-1,28578044
8,51600000;-1,28313062
8,51700000;-1,28048759
8,51800000;-1,27785132
8,51900000;-1,27522177
8,52000000;-1,27259893
8,52100000;-1,26998275
8,52200000;-1,26737322
8,52300000;-1,26477028
8,52400000;-1,26217393
8,52500000;-1,25958411
8,52600000;-1,25700082
8,52700000;-1,25442401
8,52800000;-1,25185366
8,52900000;-1,24928973
8,53000000;-1,24673220
8,53100000;-1,24418105
8,53200000;-1,24163623
8,53300000;-1,23909772
8,53400000;-1,23656550
8,53500000;-1,23403953
8,53600000;-1,23151979
8,53700000;-1,22900625
8,53800000;-1,22649888
8,53900000;-1,22399765
8,54000000;-1,22150254
8,54100000;-1,21901351
8,54200000;-1,21653055
8,54300000;-1,21405362
8,54400000;-1,21158270
8,54500000;-1,20911775
8,54600000;-1,20665876
8,54700000;-1,20420570
8,54800000;-1,20175854
8,54900000;-1,19931725
8,55000000;-1,19688182
8,55100000;-1,19445220
8,55200000;-1,19202839
8,55300000;-1,18961034
8,55400000;-1,18719804
8,55500000;-1,18479146
8,55600000;-1,18239058
8,55700000;-1,17999537
8,55800000;-1,17760580
8,55900000;-1,17522186
8,56000000;-1,17284351
8,56100000;-1,17047073
8,56200000;-1,16810351
8,56300000;-1,16574180
8,56400000;-1,16338560
8,56500000;-1,16103487
8,56600000;-1,15868960
8,56700000;-1,15634975
8,56800000;-1,15401531
8,56900000;-1,15168625
8,57000000;-1,14936255
8,57100000;-1,14704419
8,57200000;-1,14473113
8,57300000;-1,14242337
8,57400000;-1,14012087
8,57500000;-1,13782362
8,57600000;-1,13553159
8,57700000;-1,13324476
8,57800000;-1,13096311
8,57900000;-1,12868661
8,58000000;-1,12641524
8,58100000;-1,12414899
8,58200000;-1,12188782
8,58300000;-1,11963173
8,58400000;-1,11738068
8,58500000;-1,11513465
8,58600000;-1,11289363
8,58700000;-1,11065759
8,58800000;-1,10842651
8,58900000;-1,10620038
8,59000000;-1,10397916
8,59100000;-1,10176284
8,59200000;-1,09955140
8,59300000;-1,09734482
8,59400000;-1,09514307
8,59500000;-1,09294615
8,59600000;-1,09075402
8,59700000;-1,08856666
8,59800000;-1,08638407
8,59900000;-1,08420621
8,60000000;-1,08203307
8,60100000;-1,07986462
8,60200000;-1,07770086
8,60300000;-1,07554175
8,60400000;-1,07338728
8,60500000;-1,07123743
8,60600000;-1,06909219
8,60700000;-1,06695152
8,60800000;-1,06481542
8,60900000;-1,06268387
8,61000000;-1,06055684
8,61100000;-1,05843431
8,61200000;-1,05631628
8,61300000;-1,05420271
8,61400000;-1,05209360
8,61500000;-1,04998891
8,61600000;-1,04788865
8,61700000;-1,04579278
8,61800000;-1,04370129
8,61900000;-1,04161416
8,62000000;-1,03953138
8,62100000;-1,03745292
8,62200000;-1,03537877
8,62300000;-1,03330891
8,62400000;-1,03124332
8,62500000;-1,02918199
8,62600000;-1,02712490
8,62700000;-1,02507203
8,62800000;-1,02302336
8,62900000;-1,02097888
8,63000000;-1,01893858
8,63100000;-1,01690242
8,63200000;-1,01487040
8,63300000;-1,01284251
8,63400000;-1,01081871
8,63500000;-1,00879901
8,63600000;-1,00678337
8,63700000;-1,00477179
8,63800000;-1,00276425
8,63900000;-1,00076073
8,64000000;-0,99876121
8,64100000;-0,99676569
8,64200000;-0,99477414
8,64300000;-0,99278655
8,64400000;-0,99080290
8,64500000;-0,98882318
8,64600000;-0,98684737
8,64700000;-0,98487545
8,64800000;-0,98290742
8,64900000;-0,98094325
8,65000000;-0,97898293
8,65100000;-0,97702645
8,65200000;-0,97507378
8,65300000;-0,97312492
8,65400000;-0,97117985
8,65500000;-0,96923855
8,65600000;-0,96730101
8,65700000;-0,96536722
8,65800000;-0,96343716
8,65900000;-0,96151081
8,66000000;-0,95958816
8,66100000;-0,95766920
8,66200000;-0,95575392
8,66300000;-0,95384228
8,66400000;-0,95193430
8,66500000;-0,95002994
8,66600000;-0,94812920
8,66700000;-0,94623206
8,66800000;-0,94433850
8,66900000;-0,94244852
8,67000000;-0,94056210
8,67100000;-0,93867922
8,67200000;-0,93679987
8,67300000;-0,93492404
8,67400000;-0,93305172
8,67500000;-0,93118289
8,67600000;-0,92931753
8,67700000;-0,92745564
8,67800000;-0,92559720
8,67900000;-0,92374219
8,68000000;-0,92189061
8,68100000;-0,92004244
8,68200000;-0,91819704
8,68300000;-0,91635565
8,68400000;-0,91451763
8,68500000;-0,91268297
8,68600000;-0,91085165
8,68700000;-0,90902367
8,68800000;-0,90719901
8,68900000;-0,90537765
8,69000000;-0,90355959
8,69100000;-0,90174482
8,69200000;-0,89993331
8,69300000;-0,89812506
8,69400000;-0,89632006
8,69500000;-0,89451828
8,69600000;-0,89271973
8,69700000;-0,89092439
8,69800000;-0,88913224
8,69900000;-0,88734328
8,70000000;-0,88555749
8,70100000;-0,88377486
8,70200000;-0,88199538
8,70300000;-0,88021903
8,70400000;-0,87844581
8,70500000;-0,87667570
8,70600000;-0,87490870
8,70700000;-0,87314478
8,70800000;-0,87138394
8,70900000;-0,86962616
8,71000000;-0,86787144
8,71100000;-0,86611977
8,71200000;-0,86437112
8,71300000;-0,86262549
8,71400000;-0,86088288
8,71500000;-0,85914326
8,71600000;-0,85740663
8,71700000;-0,85567297
8,71800000;-0,85394228
8,71900000;-0,85221454
8,72000000;-0,85048975
8,72100000;-0,84876788
8,72200000;-0,84704894
8,72300000;-0,84533290
8,72400000;-0,84361977
8,72500000;-0,84190887
8,72600000;-0,84020149
8,72700000;-0,83849699
8,72800000;-0,83679533
8,72900000;-0,83509653
8,73000000;-0,83340056
8,73100000;-0,83170741
8,73200000;-0,83001708
8,73300000;-0,82832955
8,73400000;-0,82664482
8,73500000;-0,82496286
8,73600000;-0,82328369
8,73700000;-0,82160727
8,73800000;-0,81993360
8,73900000;-0,81826268
8,74000000;-0,81659449
8,74100000;-0,81492903
8,74200000;-0,81326627
8,74300000;-0,81160622
8,74400000;-0,80994886
8,74500000;-0,80829418
8,74600000;-0,80664217
8,74700000;-0,80499283
8,74800000;-0,80334614
8,74900000;-0,80170210
8,75000000;-0,80006069
8,75100000;-0,79842190
8,75200000;-0,79678573
8,75300000;-0,79515216
8,75400000;-0,79352119
8,75500000;-0,79189281
8,75600000;-0,79026700
8,75700000;-0,78864376
8,75800000;-0,78702308
8,75900000;-0,78540495
8,76000000;-0,78378935
8,76100000;-0,78217629
8,76200000;-0,78056575
8,76300000;-0,77895772
8,76400000;-0,77735220
8,76500000;-0,77574917
8,76600000;-0,77414862
8,76700000;-0,77255055
8,76800000;-0,77095495
8,76900000;-0,76936180
8,77000000;-0,76777111
8,77100000;-0,76618285
8,77200000;-0,76459703
8,77300000;-0,76301363
8,77400000;-0,76143265
8,77500000;-0,75985407
8,77600000;-0,75827789
8,77700000;-0,75670410
8,77800000;-0,75513268
8,77900000;-0,75356364
8,78000000;-0,75199696
8,78100000;-0,75043264
8,78200000;-0,74887066
8,78300000;-0,74731102
8,78400000;-0,74575371
8,78500000;-0,74419872
8,78600000;-0,74264605
8,78700000;-0,74109567
8,78800000;-0,73954760
8,78900000;-0,73800181
8,79000000;-0,73645830
8,79100000;-0,73491706
8,79200000;-0,73337809
8,79300000;-0,73184137
8,79400000;-0,73030690
8,79500000;-0,72877467
8,79600000;-0,72724468
8,79700000;-0,72571690
8,79800000;-0,72419134
8,79900000;-0,72266799
8,80000000;-0,72114684
8,80100000;-0,71962788
8,80200000;-0,71811111
8,80300000;-0,71659651
8,80400000;-0,71508409
8,80500000;-0,71357382
8,80600000;-0,71206571
8,80700000;-0,71055974
8,80800000;-0,70905591
8,80900000;-0,70755422
8,81000000;-0,70605464
8,81100000;-0,70455719
8,81200000;-0,70306184
8,81300000;-0,70156859
8,81400000;-0,70007744
8,81500000;-0,69858837
8,81600000;-0,69710139
8,81700000;-0,69561647
8,81800000;-0,69413362
8,81900000;-0,69265282
8,82000000;-0,69117408
8,82100000;-0,68969738
8,82200000;-0,68822271
8,82300000;-0,68675007
8,82400000;-0,68527946
8,82500000;-0,68381085
8,82600000;-0,68234426
8,82700000;-0,68087966
8,82800000;-0,67941706
8,82900000;-0,67795645
8,83000000;-0,67649781
8,83100000;-0,67504114
8,83200000;-0,67358644
8,83300000;-0,67213370
8,83400000;-0,67068291
8,83500000;-0,66923407
8,83600000;-0,66778716
8,83700000;-0,66634219
8,83800000;-0,66489914
8,83900000;-0,66345800
8,84000000;-0,66201878
8,84100000;-0,66058146
8,84200000;-0,65914604
8,84300000;-0,65771251
8,84400000;-0,65628087
8,84500000;-0,65485110
8,84600000;-0,65342320
8,84700000;-0,65199717
8,84800000;-0,65057300
8,84900000;-0,64915068
8,85000000;-0,64773020
8,85100000;-0,64631157
8,85200000;-0,64489476
8,85300000;-0,64347979
8,85400000;-0,64206663
8,85500000;-0,64065528
8,85600000;-0,63924575
8,85700000;-0,63783801
8,85800000;-0,63643207
8,85900000;-0,63502792
8,86000000;-0,63362555
8,86100000;-0,63222495
8,86200000;-0,63082613
8,86300000;-0,62942907
8,86400000;-0,62803376
8,86500000;-0,62664021
8,86600000;-0,62524840
8,86700000;-0,62385834
8,86800000;-0,62247000
8,86900000;-0,62108339
8,87000000;-0,61969851
8,87100000;-0,61831534
8,87200000;-0,61693388
8,87300000;-0,61555412
8,87400000;-0,61417606
8,87500000;-0,61279969
8,87600000;-0,61142501
8,87700000;-0,61005201
8,87800000;-0,60868068
8,87900000;-0,60731102
8,88000000;-0,60594303
8,88100000;-0,60457669
8,88200000;-0,60321200
8,88300000;-0,60184895
8,88400000;-0,60048755
8,88500000;-0,59912778
8,88600000;-0,59776964
8,88700000;-0,59641312
8,88800000;-0,59505822
8,88900000;-0,59370493
8,89000000;-0,59235325
8,89100000;-0,59100316
8,89200000;-0,58965467
8,89300000;-0,58830777
8,89400000;-0,58696246
8,89500000;-0,58561872
8,89600000;-0,58427656
8,89700000;-0,58293596
8,89800000;-0,58159693
8,89900000;-0,58025945
8,90000000;-0,57892352
8,90100000;-0,57758914
8,90200000;-0,57625630
8,90300000;-0,57492499
8,90400000;-0,57359522
8,90500000;-0,57226697
8,90600000;-0,57094024
8,90700000;-0,56961502
8,90800000;-0,56829131
8,90900000;-0,56696911
8,91000000;-0,56564840
8,91100000;-0,56432919
8,91200000;-0,56301146
8,91300000;-0,56169522
8,91400000;-0,56038046
8,91500000;-0,55906717
8,91600000;-0,55775534
8,91700000;-0,55644498
8,91800000;-0,55513608
8,91900000;-0,55382863
8,92000000;-0,55252262
8,92100000;-0,55121806
8,92200000;-0,54991494
8,92300000;-0,54861325
8,92400000;-0,54731298
8,92500000;-0,54601414
8,92600000;-0,54471672
8,92700000;-0,54342070
8,92800000;-0,54212610
8,92900000;-0,54083290
8,93000000;-0,53954110
8,93100000;-0,53825069
8,93200000;-0,53696167
8,93300000;-0,53567403
8,93400000;-0,53438777
8,93500000;-0,53310289
8,93600000;-0,53181937
8,93700000;-0,53053722
8,93800000;-0,52925643
8,93900000;-0,52797699
8,94000000;-0,52669891
8,94100000;-0,52542216
8,94200000;-0,52414677
8,94300000;-0,52287270
8,94400000;-0,52159997
8,94500000;-0,52032857
8,94600000;-0,51905848
8,94700000;-0,51778972
8,94800000;-0,51652227
8,94900000;-0,51525613
8,95000000;-0,51399129
8,95100000;-0,51272775
8,95200000;-0,51146551
8,95300000;-0,51020455
8,95400000;-0,50894489
8,95500000;-0,50768650
8,95600000;-0,50642939
8,95700000;-0,50517356
8,95800000;-0,50391899
8,95900000;-0,50266568
8,96000000;-0,50141364
8,96100000;-0,50016285
8,96200000;-0,49891331
8,96300000;-0,49766502
8,96400000;-0,49641797
8,96500000;-0,49517215
8,96600000;-0,49392757
8,96700000;-0,49268422
8,96800000;-0,49144209
8,96900000;-0,49020119
8,97000000;-0,48896150
8,97100000;-0,48772302
8,97200000;-0,48648575
8,97300000;-0,48524968
8,97400000;-0,48401481
8,97500000;-0,48278114
8,97600000;-0,48154865
8,97700000;-0,48031735
8,97800000;-0,47908724
8,97900000;-0,47785830
8,98000000;-0,47663054
8,98100000;-0,47540395
8,98200000;-0,47417852
8,98300000;-0,47295425
8,98400000;-0,47173114
8,98500000;-0,47050919
8,98600000;-0,46928838
8,98700000;-0,46806872
8,98800000;-0,46685020
8,98900000;-0,46563282
8,99000000;-0,46441657
8,99100000;-0,46320145
8,99200000;-0,46198746
8,99300000;-0,46077458
8,99400000;-0,45956283
8,99500000;-0,45835219
8,99600000;-0,45714265
8,99700000;-0,45593422
8,99800000;-0,45472690
8,99900000;-0,45352067
9,00000000;-0,45231553
9,00100000;-0,45111149
9,00200000;-0,44990853
9,00300000;-0,44870665
9,00400000;-0,44750585
9,00500000;-0,44630612
9,00600000;-0,44510747
9,00700000;-0,44390988
9,00800000;-0,44271335
9,00900000;-0,44151788
9,01000000;-0,44032347
9,01100000;-0,43913011
9,01200000;-0,43793780
9,01300000;-0,43674653
9,01400000;-0,43555630
9,01500000;-0,43436711
9,01600000;-0,43317895
9,01700000;-0,43199182
9,01800000;-0,43080571
9,01900000;-0,42962063
9,02000000;-0,42843656
9,02100000;-0,42725351
9,02200000;-0,42607146
9,02300000;-0,42489043
9,02400000;-0,42371040
9,02500000;-0,42253137
9,02600000;-0,42135333
9,02700000;-0,42017628
9,02800000;-0,41900023
9,02900000;-0,41782516
9,03000000;-0,41665107
9,03100000;-0,41547796
9,03200000;-0,41430582
9,03300000;-0,41313466
9,03400000;-0,41196446
9,03500000;-0,41079523
9,03600000;-0,40962695
9,03700000;-0,40845963
9,03800000;-0,40729327
9,03900000;-0,40612785
9,04000000;-0,40496339
9,04100000;-0,40379986
9,04200000;-0,40263727
9,04300000;-0,40147562
9,04400000;-0,40031491
9,04500000;-0,39915512
9,04600000;-0,39799625
9,04700000;-0,39683831
9,04800000;-0,39568129
9,04900000;-0,39452518
9,05000000;-0,39336998
9,05100000;-0,39221570
9,05200000;-0,39106231
9,05300000;-0,38990983
9,05400000;-0,38875825
9,05500000;-0,38760756
9,05600000;-0,38645777
9,05700000;-0,38530886
9,05800000;-0,38416084
9,05900000;-0,38301370
9,06000000;-0,38186744
9,06100000;-0,38072205
9,06200000;-0,37957754
9,06300000;-0,37843389
9,06400000;-0,37729111
9,06500000;-0,37614919
9,06600000;-0,37500813
9,06700000;-0,37386792
9,06800000;-0,37272857
9,06900000;-0,37159007
9,07000000;-0,37045241
9,07100000;-0,36931559
9,07200000;-0,36817962
9,07300000;-0,36704448
9,07400000;-0,36591017
9,07500000;-0,36477669
9,07600000;-0,36364404
9,07700000;-0,36251221
9,07800000;-0,36138121
9,07900000;-0,36025102
9,08000000;-0,35912164
9,08100000;-0,35799308
9,08200000;-0,35686532
9,08300000;-0,35573837
9,08400000;-0,35461222
9,08500000;-0,35348687
9,08600000;-0,35236231
9,08700000;-0,35123854
9,08800000;-0,35011557
9,08900000;-0,34899338
9,09000000;-0,34787197
9,09100000;-0,34675134
9,09200000;-0,34563149
9,09300000;-0,34451242
9,09400000;-0,34339411
9,09500000;-0,34227658
9,09600000;-0,34115980
9,09700000;-0,34004379
9,09800000;-0,33892854
9,09900000;-0,33781404
9,10000000;-0,33670030
9,10100000;-0,33558730
9,10200000;-0,33447506
9,10300000;-0,33336355
9,10400000;-0,33225279
9,10500000;-0,33114277
9,10600000;-0,33003348
9,10700000;-0,32892492
9,10800000;-0,32781709
9,10900000;-0,32670999
9,11000000;-0,32560361
9,11100000;-0,32449795
9,11200000;-0,32339300
9,11300000;-0,32228878
9,11400000;-0,32118526
9,11500000;-0,32008245
9,11600000;-0,31898035
9,11700000;-0,31787895
9,11800000;-0,31677825
9,11900000;-0,31567825
9,12000000;-0,31457894
9,12100000;-0,31348033
9,12200000;-0,31238240
9,12300000;-0,31128516
9,12400000;-0,31018860
9,12500000;-0,30909272
9,12600000;-0,30799752
9,12700000;-0,30690299
9,12800000;-0,30580914
9,12900000;-0,30471595
9,13000000;-0,30362343
9,13100000;-0,30253157
9,13200000;-0,30144037
9,13300000;-0,30034983
9,13400000;-0,29925995
9,13500000;-0,29817072
9,13600000;-0,29708213
9,13700000;-0,29599420
9,13800000;-0,29490690
9,13900000;-0,29382025
9,14000000;-0,29273424
9,14100000;-0,29164886
9,14200000;-0,29056412
9,14300000;-0,28948000
9,14400000;-0,28839652
9,14500000;-0,28731365
9,14600000;-0,28623141
9,14700000;-0,28514979
9,14800000;-0,28406879
9,14900000;-0,28298840
9,15000000;-0,28190862
9,15100000;-0,28082945
9,15200000;-0,27975088
9,15300000;-0,27867292
9,15400000;-0,27759556
9,15500000;-0,27651880
9,15600000;-0,27544263
9,15700000;-0,27436706
9,15800000;-0,27329207
9,15900000;-0,27221768
9,16000000;-0,27114387
9,16100000;-0,27007064
9,16200000;-0,26899798
9,16300000;-0,26792591
9,16400000;-0,26685441
9,16500000;-0,26578348
9,16600000;-0,26471313
9,16700000;-0,26364347
9,16800000;-0,26257424
9,16900000;-0,26150558
9,17000000;-0,26043747
9,17100000;-0,25936992
9,17200000;-0,25830292
9,17300000;-0,25723647
9,17400000;-0,25617058
9,17500000;-0,25510522
9,17600000;-0,25404042
9,17700000;-0,25297615
9,17800000;-0,25191242
9,17900000;-0,25084922
9,18000000;-0,24978656
9,18100000;-0,24872444
9,18200000;-0,24766283
9,18300000;-0,24660176
9,18400000;-0,24554121
9,18500000;-0,24448117
9,18600000;-0,24342166
9,18700000;-0,24236266
9,18800000;-0,24130418
9,18900000;-0,24024620
9,19000000;-0,23918874
9,19100000;-0,23813178
9,19200000;-0,23707532
9,19300000;-0,23601936
9,19400000;-0,23496391
9,19500000;-0,23390895
9,19600000;-0,23285448
9,19700000;-0,23180050
9,19800000;-0,23074701
9,19900000;-0,22969401
9,20000000;-0,22864149
9,20100000;-0,22758945
9,20200000;-0,22653789
9,20300000;-0,22548681
9,20400000;-0,22443620
9,20500000;-0,22338606
9,20600000;-0,22233639
9,20700000;-0,22128719
9,20800000;-0,22023845
9,20900000;-0,21919018
9,21000000;-0,21814236
9,21100000;-0,21709500
9,21200000;-0,21604810
9,21300000;-0,21500164
9,21400000;-0,21395564
9,21500000;-0,21291009
9,21600000;-0,21186498
9,21700000;-0,21082031
9,21800000;-0,20977608
9,21900000;-0,20873229
9,22000000;-0,20768894
9,22100000;-0,20664602
9,22200000;-0,20560353
9,22300000;-0,20456147
9,22400000;-0,20351984
9,22500000;-0,20247863
9,22600000;-0,20143784
9,22700000;-0,20039747
9,22800000;-0,19935751
9,22900000;-0,19831798
9,23000000;-0,19727885
9,23100000;-0,19624014
9,23200000;-0,19520183
9,23300000;-0,19416392
9,23400000;-0,19312642
9,23500000;-0,19208932
9,23600000;-0,19105262
9,23700000;-0,19001632
9,23800000;-0,18898041
9,23900000;-0,18794489
9,24000000;-0,18690976
9,24100000;-0,18587501
9,24200000;-0,18484065
9,24300000;-0,18380668
9,24400000;-0,18277308
9,24500000;-0,18173986
9,24600000;-0,18070702
9,24700000;-0,17967455
9,24800000;-0,17864245
9,24900000;-0,17761071
9,25000000;-0,17657935
9,25100000;-0,17554835
9,25200000;-0,17451771
9,25300000;-0,17348743
9,25400000;-0,17245751
9,25500000;-0,17142795
9,25600000;-0,17039873
9,25700000;-0,16936987
9,25800000;-0,16834136
9,25900000;-0,16731319
9,26000000;-0,16628536
9,26100000;-0,16525788
9,26200000;-0,16423074
9,26300000;-0,16320393
9,26400000;-0,16217746
9,26500000;-0,16115133
9,26600000;-0,16012552
9,26700000;-0,15910004
9,26800000;-0,15807489
9,26900000;-0,15705006
9,27000000;-0,15602556
9,27100000;-0,15500137
9,27200000;-0,15397750
9,27300000;-0,15295395
9,27400000;-0,15193071
9,27500000;-0,15090778
9,27600000;-0,14988515
9,27700000;-0,14886284
9,27800000;-0,14784083
9,27900000;-0,14681912
9,28000000;-0,14579771
9,28100000;-0,14477660
9,28200000;-0,14375579
9,28300000;-0,14273527
9,28400000;-0,14171504
9,28500000;-0,14069509
9,28600000;-0,13967544
9,28700000;-0,13865607
9,28800000;-0,13763698
9,28900000;-0,13661818
9,29000000;-0,13559965
9,29100000;-0,13458140
9,29200000;-0,13356342
9,29300000;-0,13254572
9,29400000;-0,13152828
9,29500000;-0,13051111
9,29600000;-0,12949421
9,29700000;-0,12847757
9,29800000;-0,12746119
9,29900000;-0,12644507
9,30000000;-0,12542921
9,30100000;-0,12441360
9,30200000;-0,12339825
9,30300000;-0,12238314
9,30400000;-0,12136829
9,30500000;-0,12035368
9,30600000;-0,11933931
9,30700000;-0,11832519
9,30800000;-0,11731130
9,30900000;-0,11629766
9,31000000;-0,11528425
9,31100000;-0,11427107
9,31200000;-0,11325813
9,31300000;-0,11224541
9,31400000;-0,11123292
9,31500000;-0,11022066
9,31600000;-0,10920862
9,31700000;-0,10819680
9,31800000;-0,10718520
9,31900000;-0,10617382
9,32000000;-0,10516265
9,32100000;-0,10415169
9,32200000;-0,10314095
9,32300000;-0,10213041
9,32400000;-0,10112008
9,32500000;-0,10010996
9,32600000;-0,09910003
9,32700000;-0,09809031
9,32800000;-0,09708078
9,32900000;-0,09607145
9,33000000;-0,09506232
9,33100000;-0,09405337
9,33200000;-0,09304462
9,33300000;-0,09203605
9,33400000;-0,09102767
9,33500000;-0,09001947
9,33600000;-0,08901146
9,33700000;-0,08800362
9,33800000;-0,08699596
9,33900000;-0,08598848
9,34000000;-0,08498117
9,34100000;-0,08397453
9,34200000;-0,08296757
9,34300000;-0,08196077
9,34400000;-0,08095413
9,34500000;-0,07994766
9,34600000;-0,07894135
9,34700000;-0,07793519
9,34800000;-0,07692920
9,34900000;-0,07592336
9,35000000;-0,07491767
9,35100000;-0,07391213
9,35200000;-0,07290674
9,35300000;-0,07190150
9,35400000;-0,07089640
9,35500000;-0,06989145
9,35600000;-0,06888663
9,35700000;-0,06788196
9,35800000;-0,06687742
9,35900000;-0,06587301
9,36000000;-0,06486874
9,36100000;-0,06386459
9,36200000;-0,06286058
9,36300000;-0,06185669
9,36400000;-0,06085293
9,36500000;-0,05984928
9,36600000;-0,05884576
9,36700000;-0,05784236
9,36800000;-0,05683907
9,36900000;-0,05583590
9,37000000;-0,05483283
9,37100000;-0,05382988
9,37200000;-0,05282704
9,37300000;-0,05182430
9,37400000;-0,05082167
9,37500000;-0,04981913
9,37600000;-0,04881670
9,37700000;-0,04781437
9,37800000;-0,04681213
9,37900000;-0,04580998
9,38000000;-0,04480793
9,38100000;-0,04380597
9,38200000;-0,04280409
9,38300000;-0,04180230
9,38400000;-0,04080060
9,38500000;-0,03979897
9,38600000;-0,03879743
9,38700000;-0,03779596
9,38800000;-0,03679457
9,38900000;-0,03579325
9,39000000;-0,03479201
9,39100000;-0,03379083
9,39200000;-0,03278972
9,39300000;-0,03178868
9,39400000;-0,03078770
9,39500000;-0,02978679
9,39600000;-0,02878593
9,39700000;-0,02778513
9,39800000;-0,02678438
9,39900000;-0,02578369
9,40000000;-0,02478305
9,40100000;-0,02378246
9,40200000;-0,02278192
9,40300000;-0,02178143
9,40400000;-0,02078097
9,40500000;-0,01978056
9,40600000;-0,01878019
9,40700000;-0,01777985
9,40800000;-0,01677956
9,40900000;-0,01577929
9,41000000;-0,01477906
9,41100000;-0,01377885
9,41200000;-0,01277868
9,41300000;-0,01177853
9,41400000;-0,01077840
9,41500000;-0,00977829
9,41600000;-0,00877821
9,41700000;-0,00777814
9,41800000;-0,00677809
9,41900000;-0,00577805
9,42000000;-0,00477802
9,42100000;-0,00377800
9,42200000;-0,00277799
9,42300000;-0,00177798
9,42400000;-0,00077798
9,42500000;0,00022202
9,42600000;0,00122202
9,42700000;0,00222202
9,42800000;0,00322203
9,42900000;0,00422204
9,43000000;0,00522206
9,43100000;0,00622210
9,43200000;0,00722214
9,43300000;0,00822220
9,43400000;0,00922228
9,43500000;0,01022237
9,43600000;0,01122249
9,43700000;0,01222262
9,43800000;0,01322279
9,43900000;0,01422297
9,44000000;0,01522319
9,44100000;0,01622344
9,44200000;0,01722372
9,44300000;0,01822403
9,44400000;0,01922438
9,44500000;0,02022477
9,44600000;0,02122520
9,44700000;0,02222567
9,44800000;0,02322619
9,44900000;0,02422675
9,45000000;0,02522736
9,45100000;0,02622803
9,45200000;0,02722874
9,45300000;0,02822951
9,45400000;0,02923034
9,45500000;0,03023122
9,45600000;0,03123216
9,45700000;0,03223317
9,45800000;0,03323424
9,45900000;0,03423538
9,46000000;0,03523659
9,46100000;0,03623786
9,46200000;0,03723921
9,46300000;0,03824064
9,46400000;0,03924214
9,46500000;0,04024372
9,46600000;0,04124538
9,46700000;0,04224712
9,46800000;0,04324895
9,46900000;0,04425086
9,47000000;0,04525287
9,47100000;0,04625496
9,47200000;0,04725715
9,47300000;0,04825943
9,47400000;0,04926180
9,47500000;0,05026428
9,47600000;0,05126686
9,47700000;0,05226954
9,47800000;0,05327232
9,47900000;0,05427521
9,48000000;0,05527821
9,48100000;0,05628133
9,48200000;0,05728455
9,48300000;0,05828789
9,48400000;0,05929135
9,48500000;0,06029492
9,48600000;0,06129862
9,48700000;0,06230244
9,48800000;0,06330638
9,48900000;0,06431045
9,49000000;0,06531465
9,49100000;0,06631898
9,49200000;0,06732345
9,49300000;0,06832805
9,49400000;0,06933279
9,49500000;0,07033766
9,49600000;0,07134268
9,49700000;0,07234785
9,49800000;0,07335315
9,49900000;0,07435861
9,50000000;0,07536421
9,50100000;0,07636997
9,50200000;0,07737588
9,50300000;0,07838194
9,50400000;0,07938816
9,50500000;0,08039455
9,50600000;0,08140109
9,50700000;0,08240780
9,50800000;0,08341467
9,50900000;0,08442172
9,51000000;0,08542893
9,51100000;0,08643631
9,51200000;0,08744387
9,51300000;0,08845161
9,51400000;0,08945952
9,51500000;0,09046761
9,51600000;0,09147589
9,51700000;0,09248435
9,51800000;0,09349300
9,51900000;0,09450183
9,52000000;0,09551086
9,52100000;0,09652008
9,52200000;0,09752949
9,52300000;0,09853910
9,52400000;0,09954891
9,52500000;0,10055892
9,52600000;0,10156914
9,52700000;0,10257956
9,52800000;0,10359018
9,52900000;0,10460102
9,53000000;0,10561207
9,53100000;0,10662333
9,53200000;0,10763480
9,53300000;0,10864650
9,53400000;0,10965841
9,53500000;0,11067055
9,53600000;0,11168291
9,53700000;0,11269550
9,53800000;0,11370831
9,53900000;0,11472136
9,54000000;0,11573463
9,54100000;0,11674815
9,54200000;0,11776189
9,54300000;0,11877588
9,54400000;0,11979011
9,54500000;0,12080458
9,54600000;0,12181930
9,54700000;0,12283426
9,54800000;0,12384948
9,54900000;0,12486494
9,55000000;0,12588066
9,55100000;0,12689663
9,55200000;0,12791287
9,55300000;0,12892936
9,55400000;0,12994611
9,55500000;0,13096313
9,55600000;0,13198042
9,55700000;0,13299797
9,55800000;0,13401579
9,55900000;0,13503389
9,56000000;0,13605226
9,56100000;0,13707091
9,56200000;0,13808984
9,56300000;0,13910905
9,56400000;0,14012854
9,56500000;0,14114832
9,56600000;0,14216839
9,56700000;0,14318875
9,56800000;0,14420940
9,56900000;0,14523034
9,57000000;0,14625158
9,57100000;0,14727312
9,57200000;0,14829496
9,57300000;0,14931711
9,57400000;0,15033955
9,57500000;0,15136231
9,57600000;0,15238538
9,57700000;0,15340875
9,57800000;0,15443245
9,57900000;0,15545645
9,58000000;0,15648078
9,58100000;0,15750543
9,58200000;0,15853040
9,58300000;0,15955569
9,58400000;0,16058131
9,58500000;0,16160726
9,58600000;0,16263355
9,58700000;0,16366017
9,58800000;0,16468712
9,58900000;0,16571441
9,59000000;0,16674204
9,59100000;0,16777002
9,59200000;0,16879834
9,59300000;0,16982700
9,59400000;0,17085602
9,59500000;0,17188539
9,59600000;0,17291511
9,59700000;0,17394519
9,59800000;0,17497563
9,59900000;0,17600642
9,60000000;0,17703758
9,60100000;0,17806911
9,60200000;0,17910100
9,60300000;0,18013326
9,60400000;0,18116590
9,60500000;0,18219891
9,60600000;0,18323229
9,60700000;0,18426606
9,60800000;0,18530020
9,60900000;0,18633473
9,61000000;0,18736964
9,61100000;0,18840495
9,61200000;0,18944064
9,61300000;0,19047672
9,61400000;0,19151320
9,61500000;0,19255008
9,61600000;0,19358735
9,61700000;0,19462503
9,61800000;0,19566311
9,61900000;0,19670160
9,62000000;0,19774050
9,62100000;0,19877980
9,62200000;0,19981953
9,62300000;0,20085966
9,62400000;0,20190022
9,62500000;0,20294119
9,62600000;0,20398259
9,62700000;0,20502441
9,62800000;0,20606666
9,62900000;0,20710934
9,63000000;0,20815245
9,63100000;0,20919599
9,63200000;0,21023998
9,63300000;0,21128440
9,63400000;0,21232926
9,63500000;0,21337457
9,63600000;0,21442032
9,63700000;0,21546652
9,63800000;0,21651317
9,63900000;0,21756028
9,64000000;0,21860784
9,64100000;0,21965586
9,64200000;0,22070434
9,64300000;0,22175328
9,64400000;0,22280269
9,64500000;0,22385256
9,64600000;0,22490291
9,64700000;0,22595373
9,64800000;0,22700502
9,64900000;0,22805679
9,65000000;0,22910904
9,65100000;0,23016178
9,65200000;0,23121499
9,65300000;0,23226870
9,65400000;0,23332289
9,65500000;0,23437758
9,65600000;0,23543276
9,65700000;0,23648844
9,65800000;0,23754461
9,65900000;0,23860129
9,66000000;0,23965848
9,66100000;0,24071617
9,66200000;0,24177437
9,66300000;0,24283308
9,66400000;0,24389231
9,66500000;0,24495205
9,66600000;0,24601231
9,66700000;0,24707309
9,66800000;0,24813440
9,66900000;0,24919624
9,67000000;0,25025860
9,67100000;0,25132150
9,67200000;0,25238493
9,67300000;0,25344890
9,67400000;0,25451340
9,67500000;0,25557845
9,67600000;0,25664405
9,67700000;0,25771019
9,67800000;0,25877688
9,67900000;0,25984412
9,68000000;0,26091192
9,68100000;0,26198027
9,68200000;0,26304919
9,68300000;0,26411866
9,68400000;0,26518871
9,68500000;0,26625932
9,68600000;0,26733050
9,68700000;0,26840225
9,68800000;0,26947458
9,68900000;0,27054749
9,69000000;0,27162097
9,69100000;0,27269504
9,69200000;0,27376970
9,69300000;0,27484495
9,69400000;0,27592078
9,69500000;0,27699721
9,69600000;0,27807424
9,69700000;0,27915187
9,69800000;0,28023009
9,69900000;0,28130893
9,70000000;0,28238837
9,70100000;0,28346841
9,70200000;0,28454908
9,70300000;0,28563035
9,70400000;0,28671225
9,70500000;0,28779476
9,70600000;0,28887790
9,70700000;0,28996167
9,70800000;0,29104606
9,70900000;0,29213109
9,71000000;0,29321674
9,71100000;0,29430289
9,71200000;0,29538982
9,71300000;0,29647740
9,71400000;0,29756562
9,71500000;0,29865449
9,71600000;0,29974401
9,71700000;0,30083418
9,71800000;0,30192501
9,71900000;0,30301650
9,72000000;0,30410865
9,72100000;0,30520146
9,72200000;0,30629494
9,72300000;0,30738909
9,72400000;0,30848392
9,72500000;0,30957942
9,72600000;0,31067560
9,72700000;0,31177246
9,72800000;0,31287000
9,72900000;0,31396823
9,73000000;0,31506715
9,73100000;0,31616676
9,73200000;0,31726707
9,73300000;0,31836808
9,73400000;0,31946979
9,73500000;0,32057220
9,73600000;0,32167532
9,73700000;0,32277915
9,73800000;0,32388369
9,73900000;0,32498895
9,74000000;0,32609493
9,74100000;0,32720163
9,74200000;0,32830905
9,74300000;0,32941720
9,74400000;0,33052608
9,74500000;0,33163569
9,74600000;0,33274604
9,74700000;0,33385713
9,74800000;0,33496896
9,74900000;0,33608154
9,75000000;0,33719487
9,75100000;0,33830894
9,75200000;0,33942377
9,75300000;0,34053936
9,75400000;0,34165570
9,75500000;0,34277281
9,75600000;0,34389069
9,75700000;0,34500934
9,75800000;0,34612875
9,75900000;0,34724894
9,76000000;0,34836992
9,76100000;0,34949167
9,76200000;0,35061420
9,76300000;0,35173753
9,76400000;0,35286164
9,76500000;0,35398655
9,76600000;0,35511225
9,76700000;0,35623876
9,76800000;0,35736606
9,76900000;0,35849418
9,77000000;0,35962310
9,77100000;0,36075283
9,77200000;0,36188338
9,77300000;0,36301475
9,77400000;0,36414694
9,77500000;0,36527996
9,77600000;0,36641380
9,77700000;0,36754848
9,77800000;0,36868398
9,77900000;0,36982033
9,78000000;0,37095752
9,78100000;0,37209555
9,78200000;0,37323443
9,78300000;0,37437416
9,78400000;0,37551474
9,78500000;0,37665618
9,78600000;0,37779848
9,78700000;0,37894164
9,78800000;0,38008567
9,78900000;0,38123057
9,79000000;0,38237634
9,79100000;0,38352299
9,79200000;0,38467052
9,79300000;0,38581893
9,79400000;0,38696823
9,79500000;0,38811842
9,79600000;0,38926950
9,79700000;0,39042148
9,79800000;0,39157436
9,79900000;0,39272814
9,80000000;0,39388283
9,80100000;0,39503843
9,80200000;0,39619494
9,80300000;0,39735237
9,80400000;0,39851072
9,80500000;0,39966999
9,80600000;0,40083019
9,80700000;0,40199132
9,80800000;0,40315338
9,80900000;0,40431638
9,81000000;0,40548032
9,81100000;0,40664521
9,81200000;0,40781104
9,81300000;0,40897783
9,81400000;0,41014557
9,81500000;0,41131426
9,81600000;0,41248392
9,81700000;0,41365455
9,81800000;0,41482614
9,81900000;0,41599871
9,82000000;0,41717225
9,82100000;0,41834677
9,82200000;0,41952228
9,82300000;0,42069877
9,82400000;0,42187625
9,82500000;0,42305473
9,82600000;0,42423420
9,82700000;0,42541468
9,82800000;0,42659616
9,82900000;0,42777864
9,83000000;0,42896214
9,83100000;0,43014666
9,83200000;0,43133219
9,83300000;0,43251875
9,83400000;0,43370634
9,83500000;0,43489495
9,83600000;0,43608460
9,83700000;0,43727529
9,83800000;0,43846702
9,83900000;0,43965980
9,84000000;0,44085362
9,84100000;0,44204850
9,84200000;0,44324443
9,84300000;0,44444143
9,84400000;0,44563949
9,84500000;0,44683862
9,84600000;0,44803882
9,84700000;0,44924009
9,84800000;0,45044245
9,84900000;0,45164589
9,85000000;0,45285041
9,85100000;0,45405603
9,85200000;0,45526275
9,85300000;0,45647056
9,85400000;0,45767948
9,85500000;0,45888950
9,85600000;0,46010063
9,85700000;0,46131288
9,85800000;0,46252625
9,85900000;0,46374074
9,86000000;0,46495636
9,86100000;0,46617311
9,86200000;0,46739099
9,86300000;0,46861002
9,86400000;0,46983018
9,86500000;0,47105150
9,86600000;0,47227396
9,86700000;0,47349758
9,86800000;0,47472236
9,86900000;0,47594830
9,87000000;0,47717541
9,87100000;0,47840369
9,87200000;0,47963315
9,87300000;0,48086378
9,87400000;0,48209561
9,87500000;0,48332861
9,87600000;0,48456282
9,87700000;0,48579822
9,87800000;0,48703481
9,87900000;0,48827262
9,88000000;0,48951163
9,88100000;0,49075186
9,88200000;0,49199331
9,88300000;0,49323597
9,88400000;0,49447987
9,88500000;0,49572499
9,88600000;0,49697135
9,88700000;0,49821895
9,88800000;0,49946779
9,88900000;0,50071788
9,89000000;0,50196923
9,89100000;0,50322183
9,89200000;0,50447569
9,89300000;0,50573082
9,89400000;0,50698722
9,89500000;0,50824489
9,89600000;0,50950384
9,89700000;0,51076407
9,89800000;0,51202560
9,89900000;0,51328841
9,90000000;0,51455252
9,90100000;0,51581794
9,90200000;0,51708466
9,90300000;0,51835269
9,90400000;0,51962204
9,90500000;0,52089270
9,90600000;0,52216469
9,90700000;0,52343801
9,90800000;0,52471266
9,90900000;0,52598866
9,91000000;0,52726599
9,91100000;0,52854467
9,91200000;0,52982471
9,91300000;0,53110610
9,91400000;0,53238885
9,91500000;0,53367297
9,91600000;0,53495846
9,91700000;0,53624533
9,91800000;0,53753358
9,91900000;0,53882321
9,92000000;0,54011424
9,92100000;0,54140666
9,92200000;0,54270048
9,92300000;0,54399570
9,92400000;0,54529234
9,92500000;0,54659039
9,92600000;0,54788985
9,92700000;0,54919075
9,92800000;0,55049307
9,92900000;0,55179683
9,93000000;0,55310203
9,93100000;0,55440867
9,93200000;0,55571676
9,93300000;0,55702631
9,93400000;0,55833732
9,93500000;0,55964979
9,93600000;0,56096373
9,93700000;0,56227915
9,93800000;0,56359604
9,93900000;0,56491443
9,94000000;0,56623430
9,94100000;0,56755566
9,94200000;0,56887853
9,94300000;0,57020291
9,94400000;0,57152879
9,94500000;0,57285619
9,94600000;0,57418512
9,94700000;0,57551557
9,94800000;0,57684755
9,94900000;0,57818107
9,95000000;0,57951613
9,95100000;0,58085275
9,95200000;0,58219091
9,95300000;0,58353064
9,95400000;0,58487192
9,95500000;0,58621478
9,95600000;0,58755922
9,95700000;0,58890523
9,95800000;0,59025283
9,95900000;0,59160202
9,96000000;0,59295281
9,96100000;0,59430521
9,96200000;0,59565921
9,96300000;0,59701482
9,96400000;0,59837206
9,96500000;0,59973092
9,96600000;0,60109141
9,96700000;0,60245354
9,96800000;0,60381731
9,96900000;0,60518272
9,97000000;0,60654979
9,97100000;0,60791852
9,97200000;0,60928892
9,97300000;0,61066099
9,97400000;0,61203473
9,97500000;0,61341016
9,97600000;0,61478727
9,97700000;0,61616608
9,97800000;0,61754718
9,97900000;0,61892939
9,98000000;0,62031332
9,98100000;0,62169897
9,98200000;0,62308634
9,98300000;0,62447545
9,98400000;0,62586629
9,98500000;0,62725887
9,98600000;0,62865319
9,98700000;0,63004928
9,98800000;0,63144712
9,98900000;0,63284673
9,99000000;0,63424811
9,99100000;0,63565127
9,99200000;0,63705622
9,99300000;0,63846295
9,99400000;0,63987149
9,99500000;0,64128183
9,99600000;0,64269397
9,99700000;0,64410794
9,99800000;0,64552373
9,99900000;0,64694134
10,00000000;0,64836079
